This is XeTeX, Version 3.141592653-2.6-0.999997 (TeX Live 2025) (preloaded format=xelatex 2025.9.28)  24 OCT 2025 23:25
entering extended mode
 restricted \write18 enabled.
 file:line:error style messages enabled.
 %&-line parsing enabled.
**"/Users/aliasgar/Desktop/Ali Asgar/Stony Brook/Advanced Project/local/files/d
ata-science/manual_images/data-science_final.tex"

(/Users/aliasgar/Desktop/Ali Asgar/Stony Brook/Advanced Project/local/files/dat
a-science/manual_images/data-science_final.tex
LaTeX2e <2025-06-01> patch level 1
L3 programming layer <2025-09-02>
(/usr/local/texlive/2025/texmf-dist/tex/latex/base/book.cls
Document Class: book 2025/01/22 v1.4n Standard LaTeX document class
(/usr/local/texlive/2025/texmf-dist/tex/latex/base/bk10.clo
File: bk10.clo 2025/01/22 v1.4n Standard LaTeX file (size option)
)
\c@part=\count271
\c@chapter=\count272
\c@section=\count273
\c@subsection=\count274
\c@subsubsection=\count275
\c@paragraph=\count276
\c@subparagraph=\count277
\c@figure=\count278
\c@table=\count279
\abovecaptionskip=\skip49
\belowcaptionskip=\skip50
\bibindent=\dimen148
)
(/usr/local/texlive/2025/texmf-dist/tex/latex/base/inputenc.sty
Package: inputenc 2024/02/08 v1.3d Input encoding file
\inpenc@prehook=\toks17
\inpenc@posthook=\toks18


Package inputenc Warning: inputenc package ignored with utf8 based engines.

) (/usr/local/texlive/2025/texmf-dist/tex/xelatex/ucharclasses/ucharclasses.sty
Package: ucharclasses 2022/10/20 v2.6.0 Unicode block character classes for XeL
aTeX
(/usr/local/texlive/2025/texmf-dist/tex/generic/iftex/ifxetex.sty
Package: ifxetex 2019/10/25 v0.7 ifxetex legacy package. Use iftex instead.

(/usr/local/texlive/2025/texmf-dist/tex/generic/iftex/iftex.sty
Package: iftex 2024/12/12 v1.0g TeX engine tests
))
\AegeanNumbersClass=\XeTeXcharclass1
\AlphabeticPresentationFormsClass=\XeTeXcharclass2
\AncientGreekMusicalNotationClass=\XeTeXcharclass3
\AncientGreekNumbersClass=\XeTeXcharclass4
\AncientSymbolsClass=\XeTeXcharclass5
\ArabicClass=\XeTeXcharclass6
\ArabicPresentationFormsAClass=\XeTeXcharclass7
\ArabicPresentationFormsBClass=\XeTeXcharclass8
\ArabicSupplementClass=\XeTeXcharclass9
\ArmenianClass=\XeTeXcharclass10
\ArrowsClass=\XeTeXcharclass11
\BalineseClass=\XeTeXcharclass12
\BasicLatinClass=\XeTeXcharclass13
\BengaliClass=\XeTeXcharclass14
\BlockElementsClass=\XeTeXcharclass15
\BopomofoClass=\XeTeXcharclass16
\BopomofoExtendedClass=\XeTeXcharclass17
\BoxDrawingClass=\XeTeXcharclass18
\BraillePatternsClass=\XeTeXcharclass19
\BugineseClass=\XeTeXcharclass20
\BuhidClass=\XeTeXcharclass21
\ByzantineMusicalSymbolsClass=\XeTeXcharclass22
\ChamClass=\XeTeXcharclass23
\CherokeeClass=\XeTeXcharclass24
\CJKCompatibilityClass=\XeTeXcharclass25
\CJKCompatibilityFormsClass=\XeTeXcharclass26
\CJKCompatibilityIdeographsClass=\XeTeXcharclass27
\CJKCompatibilityIdeographsSupplementClass=\XeTeXcharclass28
\CJKRadicalsSupplementClass=\XeTeXcharclass29
\CJKStrokesClass=\XeTeXcharclass30
\CJKSymbolsAndPunctuationClass=\XeTeXcharclass31
\CJKUnifiedIdeographsClass=\XeTeXcharclass32
\CJKUnifiedIdeographsExtensionAClass=\XeTeXcharclass33
\CJKUnifiedIdeographsExtensionBClass=\XeTeXcharclass34
\CombiningDiacriticalMarksClass=\XeTeXcharclass35
\CombiningDiacriticalMarksForSymbolsClass=\XeTeXcharclass36
\CombiningDiacriticalMarksSupplementClass=\XeTeXcharclass37
\CombiningHalfMarksClass=\XeTeXcharclass38
\ControlPicturesClass=\XeTeXcharclass39
\CopticClass=\XeTeXcharclass40
\CountingRodNumeralsClass=\XeTeXcharclass41
\CuneiformClass=\XeTeXcharclass42
\CuneiformNumbersAndPunctuationClass=\XeTeXcharclass43
\CurrencySymbolsClass=\XeTeXcharclass44
\CypriotSyllabaryClass=\XeTeXcharclass45
\CyrillicClass=\XeTeXcharclass46
\CyrillicExtendedAClass=\XeTeXcharclass47
\CyrillicExtendedBClass=\XeTeXcharclass48
\CyrillicSupplementClass=\XeTeXcharclass49
\DeseretClass=\XeTeXcharclass50
\DevanagariDanDaClass=\XeTeXcharclass51
\DevanagariMarksClass=\XeTeXcharclass52
\DevanagariPostDanDaClass=\XeTeXcharclass53
\DevanagariPostMarksClass=\XeTeXcharclass54
\DevanagariPreMarksClass=\XeTeXcharclass55
\DingbatsClass=\XeTeXcharclass56
\DominoTilesClass=\XeTeXcharclass57
\EnclosedAlphanumericsClass=\XeTeXcharclass58
\EnclosedCJKLettersAndMonthsClass=\XeTeXcharclass59
\EthiopicClass=\XeTeXcharclass60
\EthiopicExtendedClass=\XeTeXcharclass61
\EthiopicSupplementClass=\XeTeXcharclass62
\GeneralPunctuationClass=\XeTeXcharclass63
\GeometricShapesClass=\XeTeXcharclass64
\GeorgianClass=\XeTeXcharclass65
\GeorgianSupplementClass=\XeTeXcharclass66
\GlagoliticClass=\XeTeXcharclass67
\GreekAndCopticClass=\XeTeXcharclass68
\GreekExtendedClass=\XeTeXcharclass69
\GujaratiClass=\XeTeXcharclass70
\GurmukhiClass=\XeTeXcharclass71
\HalfwidthAndFullwidthFormsClass=\XeTeXcharclass72
\HangulCompatibilityJamoClass=\XeTeXcharclass73
\HangulJamoClass=\XeTeXcharclass74
\HangulSyllablesClass=\XeTeXcharclass75
\HanunooClass=\XeTeXcharclass76
\HebrewClass=\XeTeXcharclass77
\HiraganaClass=\XeTeXcharclass78
\IdeographicDescriptionCharactersClass=\XeTeXcharclass79
\IPAExtensionsClass=\XeTeXcharclass80
\KanbunClass=\XeTeXcharclass81
\KangxiRadicalsClass=\XeTeXcharclass82
\KannadaClass=\XeTeXcharclass83
\KatakanaClass=\XeTeXcharclass84
\KatakanaPhoneticExtensionsClass=\XeTeXcharclass85
\KayahLiClass=\XeTeXcharclass86
\KhmerClass=\XeTeXcharclass87
\KhmerSymbolsClass=\XeTeXcharclass88
\LaoClass=\XeTeXcharclass89
\LatinExtendedAdditionalClass=\XeTeXcharclass90
\LatinExtendedAClass=\XeTeXcharclass91
\LatinExtendedBClass=\XeTeXcharclass92
\LatinExtendedCClass=\XeTeXcharclass93
\LatinExtendedDClass=\XeTeXcharclass94
\LatinSupplementClass=\XeTeXcharclass95
\LepchaClass=\XeTeXcharclass96
\LetterlikeSymbolsClass=\XeTeXcharclass97
\LimbuClass=\XeTeXcharclass98
\LinearBIdeogramsClass=\XeTeXcharclass99
\LinearBSyllabaryClass=\XeTeXcharclass100
\MahjongTilesClass=\XeTeXcharclass101
\MalayalamClass=\XeTeXcharclass102
\MathematicalAlphanumericSymbolsClass=\XeTeXcharclass103
\MathematicalOperatorsClass=\XeTeXcharclass104
\MiscellaneousMathematicalSymbolsAClass=\XeTeXcharclass105
\MiscellaneousMathematicalSymbolsBClass=\XeTeXcharclass106
\MiscellaneousSymbolsClass=\XeTeXcharclass107
\MiscellaneousSymbolsAndArrowsClass=\XeTeXcharclass108
\MiscellaneousTechnicalClass=\XeTeXcharclass109
\ModifierToneLettersClass=\XeTeXcharclass110
\MongolianClass=\XeTeXcharclass111
\MusicalSymbolsClass=\XeTeXcharclass112
\MyanmarClass=\XeTeXcharclass113
\NewTaiLueClass=\XeTeXcharclass114
\NKoClass=\XeTeXcharclass115
\NumberFormsClass=\XeTeXcharclass116
\OghamClass=\XeTeXcharclass117
\OlChikiClass=\XeTeXcharclass118
\OldPersianClass=\XeTeXcharclass119
\OpticalCharacterRecognitionClass=\XeTeXcharclass120
\OriyaClass=\XeTeXcharclass121
\OsmanyaClass=\XeTeXcharclass122
\PhagsPaClass=\XeTeXcharclass123
\PhoenicianClass=\XeTeXcharclass124
\PhoneticExtensionsClass=\XeTeXcharclass125
\PhoneticExtensionsSupplementClass=\XeTeXcharclass126
\PrivateUseAreaClass=\XeTeXcharclass127
\RejangClass=\XeTeXcharclass128
\RunicClass=\XeTeXcharclass129
\SaurashtraClass=\XeTeXcharclass130
\ShavianClass=\XeTeXcharclass131
\SinhalaClass=\XeTeXcharclass132
\SmallFormVariantsClass=\XeTeXcharclass133
\SpacingModifierLettersClass=\XeTeXcharclass134
\SundaneseClass=\XeTeXcharclass135
\SuperscriptsAndSubscriptsClass=\XeTeXcharclass136
\SupplementalArrowsAClass=\XeTeXcharclass137
\SupplementalArrowsBClass=\XeTeXcharclass138
\SupplementalMathematicalOperatorsClass=\XeTeXcharclass139
\SupplementalPunctuationClass=\XeTeXcharclass140
\SylotiNagriClass=\XeTeXcharclass141
\SyriacClass=\XeTeXcharclass142
\TagalogClass=\XeTeXcharclass143
\TagbanwaClass=\XeTeXcharclass144
\TagsClass=\XeTeXcharclass145
\TaiLeClass=\XeTeXcharclass146
\TaiXuanJingSymbolsClass=\XeTeXcharclass147
\TamilClass=\XeTeXcharclass148
\TeluguClass=\XeTeXcharclass149
\ThaanaClass=\XeTeXcharclass150
\ThaiClass=\XeTeXcharclass151
\TibetanClass=\XeTeXcharclass152
\TifinaghClass=\XeTeXcharclass153
\UgariticClass=\XeTeXcharclass154
\UnifiedCanadianAboriginalSyllabicsClass=\XeTeXcharclass155
\VaiClass=\XeTeXcharclass156
\VerticalFormsClass=\XeTeXcharclass157
\YiRadicalsClass=\XeTeXcharclass158
\YiSyllablesClass=\XeTeXcharclass159
\YijingHexagramSymbolsClass=\XeTeXcharclass160
\AvestanClass=\XeTeXcharclass161
\BamumClass=\XeTeXcharclass162
\CJKUnifiedIdeographsExtensionCClass=\XeTeXcharclass163
\CommonIndicNumberFormsClass=\XeTeXcharclass164
\DevanagariExtendedClass=\XeTeXcharclass165
\EgyptianHieroglyphsClass=\XeTeXcharclass166
\EnclosedAlphanumericSupplementClass=\XeTeXcharclass167
\EnclosedIdeographicSupplementClass=\XeTeXcharclass168
\HangulJamoExtendedAClass=\XeTeXcharclass169
\HangulJamoExtendedBClass=\XeTeXcharclass170
\ImperialAramaicClass=\XeTeXcharclass171
\InscriptionalPahlaviClass=\XeTeXcharclass172
\InscriptionalParthianClass=\XeTeXcharclass173
\JavaneseClass=\XeTeXcharclass174
\KaithiClass=\XeTeXcharclass175
\LisuClass=\XeTeXcharclass176
\MeeteiMayekClass=\XeTeXcharclass177
\MyanmarExtendedAClass=\XeTeXcharclass178
\RumiNumeralSymbolsClass=\XeTeXcharclass179
\SamaritanClass=\XeTeXcharclass180
\TaiThamClass=\XeTeXcharclass181
\TaiVietClass=\XeTeXcharclass182
\UnifiedCanadianAboriginalSyllabicsExtendedClass=\XeTeXcharclass183
\VedicExtensionsClass=\XeTeXcharclass184
\AlchemicalSymbolsClass=\XeTeXcharclass185
\BamumSupplementClass=\XeTeXcharclass186
\BatakClass=\XeTeXcharclass187
\BrahmiClass=\XeTeXcharclass188
\CJKUnifiedIdeographsExtensionDClass=\XeTeXcharclass189
\EmoticonsClass=\XeTeXcharclass190
\EthiopicExtendedAClass=\XeTeXcharclass191
\KanaSupplementClass=\XeTeXcharclass192
\MandaicClass=\XeTeXcharclass193
\MiscellaneousSymbolsAndPictographsClass=\XeTeXcharclass194
\PlayingCardsClass=\XeTeXcharclass195
\TransportAndMapSymbolsClass=\XeTeXcharclass196
\ArabicExtendedAClass=\XeTeXcharclass197
\ArabicMathematicalAlphabeticSymbolsClass=\XeTeXcharclass198
\ChakmaClass=\XeTeXcharclass199
\MeeteiMayekExtensionsClass=\XeTeXcharclass200
\MeroiticCursiveClass=\XeTeXcharclass201
\MeroiticHieroglyphsClass=\XeTeXcharclass202
\MiaoClass=\XeTeXcharclass203
\SharadaClass=\XeTeXcharclass204
\SoraSompengClass=\XeTeXcharclass205
\SundaneseSupplementClass=\XeTeXcharclass206
\TakriClass=\XeTeXcharclass207
\BassaVahClass=\XeTeXcharclass208
\CaucasianAlbanianClass=\XeTeXcharclass209
\CombiningDiacriticalMarksExtendedClass=\XeTeXcharclass210
\CopticEpactNumbersClass=\XeTeXcharclass211
\ElbasanClass=\XeTeXcharclass212
\GeometricShapesExtendedClass=\XeTeXcharclass213
\GranthaClass=\XeTeXcharclass214
\KhojkiClass=\XeTeXcharclass215
\KhudawadiClass=\XeTeXcharclass216
\LatinExtendedEClass=\XeTeXcharclass217
\LinearAClass=\XeTeXcharclass218
\MahajaniClass=\XeTeXcharclass219
\MendeKikakuiClass=\XeTeXcharclass220
\ModiClass=\XeTeXcharclass221
\MroClass=\XeTeXcharclass222
\MyanmarExtendedBClass=\XeTeXcharclass223
\OrnamentalDingbatsClass=\XeTeXcharclass224
\PahawhHmongClass=\XeTeXcharclass225
\PauCinHauClass=\XeTeXcharclass226
\SiddhamClass=\XeTeXcharclass227
\SinhalaArchaicNumbersClass=\XeTeXcharclass228
\SupplementalArrowsCClass=\XeTeXcharclass229
\TirhutaClass=\XeTeXcharclass230
\WarangCitiClass=\XeTeXcharclass231
\CherokeeSupplementClass=\XeTeXcharclass232
\CJKUnifiedIdeographsExtensionEClass=\XeTeXcharclass233
\SupplementalSymbolsAndPictographsClass=\XeTeXcharclass234
\CyrillicExtendedCClass=\XeTeXcharclass235
\GlagoliticSupplementClass=\XeTeXcharclass236
\IdeographicSymbolsAndPunctuationClass=\XeTeXcharclass237
\MongolianSupplementClass=\XeTeXcharclass238
\CJKUnifiedIdeographsExtensionFClass=\XeTeXcharclass239
\KanaExtendedAClass=\XeTeXcharclass240
\SyriacSupplementClass=\XeTeXcharclass241
\GeorgianExtendedClass=\XeTeXcharclass242
\SmallKanaExtensionClass=\XeTeXcharclass243
\SymbolsAndPictographsExtendedAClass=\XeTeXcharclass244
\CJKUnifiedIdeographsExtensionGClass=\XeTeXcharclass245
\ArabicExtendedBClass=\XeTeXcharclass246
\EthiopicExtendedBClass=\XeTeXcharclass247
\KanaExtendedBClass=\XeTeXcharclass248
\LatinExtendedFClass=\XeTeXcharclass249
\LatinExtendedGClass=\XeTeXcharclass250
\UnifiedCanadianAboriginalSyllabicsExtendedAClass=\XeTeXcharclass251
\ArabicExtendedCClass=\XeTeXcharclass252
\CJKUnifiedIdeographsExtensionHClass=\XeTeXcharclass253
\CyrillicExtendedDClass=\XeTeXcharclass254
\DevanagariExtendedAClass=\XeTeXcharclass255
\CarianClass=\XeTeXcharclass256
\GothicClass=\XeTeXcharclass257
\KharoshthiClass=\XeTeXcharclass258
\LycianClass=\XeTeXcharclass259
\LydianClass=\XeTeXcharclass260
\OldItalicClass=\XeTeXcharclass261
\PhaistosDiscClass=\XeTeXcharclass262
\SupplementaryPrivateUseAreaAClass=\XeTeXcharclass263
\SupplementaryPrivateUseAreaBClass=\XeTeXcharclass264
\OldSouthArabianClass=\XeTeXcharclass265
\OldTurkicClass=\XeTeXcharclass266
\DuployanClass=\XeTeXcharclass267
\ManichaeanClass=\XeTeXcharclass268
\NabataeanClass=\XeTeXcharclass269
\OldNorthArabianClass=\XeTeXcharclass270
\OldPermicClass=\XeTeXcharclass271
\PalmyreneClass=\XeTeXcharclass272
\PsalterPahlaviClass=\XeTeXcharclass273
\ShorthandFormatControlsClass=\XeTeXcharclass274
\AhomClass=\XeTeXcharclass275
\AnatolianHieroglyphsClass=\XeTeXcharclass276
\EarlyDynasticCuneiformClass=\XeTeXcharclass277
\HatranClass=\XeTeXcharclass278
\MultaniClass=\XeTeXcharclass279
\OldHungarianClass=\XeTeXcharclass280
\SuttonSignWritingClass=\XeTeXcharclass281
\AdlamClass=\XeTeXcharclass282
\BhaiksukiClass=\XeTeXcharclass283
\MarchenClass=\XeTeXcharclass284
\NewaClass=\XeTeXcharclass285
\OsageClass=\XeTeXcharclass286
\TangutClass=\XeTeXcharclass287
\TangutComponentsClass=\XeTeXcharclass288
\MasaramGondiClass=\XeTeXcharclass289
\NushuClass=\XeTeXcharclass290
\SoyomboClass=\XeTeXcharclass291
\ZanabazarSquareClass=\XeTeXcharclass292
\ChessSymbolsClass=\XeTeXcharclass293
\DograClass=\XeTeXcharclass294
\GunjalaGondiClass=\XeTeXcharclass295
\HanifiRohingyaClass=\XeTeXcharclass296
\IndicSiyaqNumbersClass=\XeTeXcharclass297
\MakasarClass=\XeTeXcharclass298
\MayanNumeralsClass=\XeTeXcharclass299
\MedefaidrinClass=\XeTeXcharclass300
\OldSogdianClass=\XeTeXcharclass301
\SogdianClass=\XeTeXcharclass302
\EgyptianHieroglyphFormatControlsClass=\XeTeXcharclass303
\ElymaicClass=\XeTeXcharclass304
\NandinagariClass=\XeTeXcharclass305
\NyiakengPuachueHmongClass=\XeTeXcharclass306
\OttomanSiyaqNumbersClass=\XeTeXcharclass307
\TamilSupplementClass=\XeTeXcharclass308
\WanchoClass=\XeTeXcharclass309
\ChorasmianClass=\XeTeXcharclass310
\DivesAkuruClass=\XeTeXcharclass311
\KhitanSmallScriptClass=\XeTeXcharclass312
\LisuSupplementClass=\XeTeXcharclass313
\SymbolsForLegacyComputingClass=\XeTeXcharclass314
\TangutSupplementClass=\XeTeXcharclass315
\YezidiClass=\XeTeXcharclass316
\CyproMinoanClass=\XeTeXcharclass317
\OldUighurClass=\XeTeXcharclass318
\TangsaClass=\XeTeXcharclass319
\TotoClass=\XeTeXcharclass320
\VithkuqiClass=\XeTeXcharclass321
\ZnamennyMusicalNotationClass=\XeTeXcharclass322
\KaktovikNumeralsClass=\XeTeXcharclass323
\KawiClass=\XeTeXcharclass324
\NagMundariClass=\XeTeXcharclass325
)
(/usr/local/texlive/2025/texmf-dist/tex/latex/graphics/graphicx.sty
Package: graphicx 2024/12/31 v1.2e Enhanced LaTeX Graphics (DPC,SPQR)

(/usr/local/texlive/2025/texmf-dist/tex/latex/graphics/keyval.sty
Package: keyval 2022/05/29 v1.15 key=value parser (DPC)
\KV@toks@=\toks19
)
(/usr/local/texlive/2025/texmf-dist/tex/latex/graphics/graphics.sty
Package: graphics 2024/08/06 v1.4g Standard LaTeX Graphics (DPC,SPQR)

(/usr/local/texlive/2025/texmf-dist/tex/latex/graphics/trig.sty
Package: trig 2023/12/02 v1.11 sin cos tan (DPC)
)
(/usr/local/texlive/2025/texmf-dist/tex/latex/graphics-cfg/graphics.cfg
File: graphics.cfg 2016/06/04 v1.11 sample graphics configuration
)
Package graphics Info: Driver file: xetex.def on input line 106.

(/usr/local/texlive/2025/texmf-dist/tex/latex/graphics-def/xetex.def
File: xetex.def 2022/09/22 v5.0n Graphics/color driver for xetex
))
\Gin@req@height=\dimen149
\Gin@req@width=\dimen150
)
(/usr/local/texlive/2025/texmf-dist/tex/latex/adjustbox/adjustbox.sty
Package: adjustbox 2025/02/26 v1.3c Adjusting TeX boxes (trim, clip, ...)

(/usr/local/texlive/2025/texmf-dist/tex/latex/xkeyval/xkeyval.sty
Package: xkeyval 2022/06/16 v2.9 package option processing (HA)

(/usr/local/texlive/2025/texmf-dist/tex/generic/xkeyval/xkeyval.tex
(/usr/local/texlive/2025/texmf-dist/tex/generic/xkeyval/xkvutils.tex
\XKV@toks=\toks20
\XKV@tempa@toks=\toks21
)
\XKV@depth=\count280
File: xkeyval.tex 2014/12/03 v2.7a key=value parser (HA)
))
(/usr/local/texlive/2025/texmf-dist/tex/latex/adjustbox/adjcalc.sty
Package: adjcalc 2012/05/16 v1.1 Provides advanced setlength with multiple back
-ends (calc, etex, pgfmath)
)
(/usr/local/texlive/2025/texmf-dist/tex/latex/adjustbox/trimclip.sty
Package: trimclip 2025/02/21 v1.2a Trim and clip general TeX material

(/usr/local/texlive/2025/texmf-dist/tex/latex/collectbox/collectbox.sty
Package: collectbox 2022/10/17 v0.4c Collect macro arguments as boxes
\collectedbox=\box53
)
\tc@llx=\dimen151
\tc@lly=\dimen152
\tc@urx=\dimen153
\tc@ury=\dimen154
Package trimclip Info: Using driver 'tc-xetex.def'.

(/usr/local/texlive/2025/texmf-dist/tex/latex/adjustbox/tc-xetex.def
File: tc-xetex.def 2019/01/04 v2.2 Clipping driver for xetex
))
\adjbox@Width=\dimen155
\adjbox@Height=\dimen156
\adjbox@Depth=\dimen157
\adjbox@Totalheight=\dimen158
\adjbox@pwidth=\dimen159
\adjbox@pheight=\dimen160
\adjbox@pdepth=\dimen161
\adjbox@ptotalheight=\dimen162

(/usr/local/texlive/2025/texmf-dist/tex/latex/ifoddpage/ifoddpage.sty
Package: ifoddpage 2022/10/18 v1.2 Conditionals for odd/even page detection
\c@checkoddpage=\count281
)
(/usr/local/texlive/2025/texmf-dist/tex/latex/varwidth/varwidth.sty
Package: varwidth 2009/03/30 ver 0.92;  Variable-width minipages
\@vwid@box=\box54
\sift@deathcycles=\count282
\@vwid@loff=\dimen163
\@vwid@roff=\dimen164
)
==> First Aid for varwidth.sty applied!
) (/usr/local/texlive/2025/texmf-dist/tex/latex/hyperref/hyperref.sty
Package: hyperref 2025-07-12 v7.01o Hypertext links for LaTeX

(/usr/local/texlive/2025/texmf-dist/tex/latex/kvsetkeys/kvsetkeys.sty
Package: kvsetkeys 2022-10-05 v1.19 Key value parser (HO)
)
(/usr/local/texlive/2025/texmf-dist/tex/generic/kvdefinekeys/kvdefinekeys.sty
Package: kvdefinekeys 2019-12-19 v1.6 Define keys (HO)
)
(/usr/local/texlive/2025/texmf-dist/tex/generic/pdfescape/pdfescape.sty
Package: pdfescape 2019/12/09 v1.15 Implements pdfTeX's escape features (HO)

(/usr/local/texlive/2025/texmf-dist/tex/generic/ltxcmds/ltxcmds.sty
Package: ltxcmds 2023-12-04 v1.26 LaTeX kernel commands for general use (HO)
)
(/usr/local/texlive/2025/texmf-dist/tex/generic/pdftexcmds/pdftexcmds.sty
Package: pdftexcmds 2020-06-27 v0.33 Utility functions of pdfTeX for LuaTeX (HO
)

(/usr/local/texlive/2025/texmf-dist/tex/generic/infwarerr/infwarerr.sty
Package: infwarerr 2019/12/03 v1.5 Providing info/warning/error messages (HO)
)
Package pdftexcmds Info: \pdf@primitive is available.
Package pdftexcmds Info: \pdf@ifprimitive is available.
Package pdftexcmds Info: \pdfdraftmode not found.
))
(/usr/local/texlive/2025/texmf-dist/tex/latex/hycolor/hycolor.sty
Package: hycolor 2020-01-27 v1.10 Color options for hyperref/bookmark (HO)
)
(/usr/local/texlive/2025/texmf-dist/tex/latex/hyperref/nameref.sty
Package: nameref 2025-06-21 v2.57 Cross-referencing by name of section

(/usr/local/texlive/2025/texmf-dist/tex/latex/refcount/refcount.sty
Package: refcount 2019/12/15 v3.6 Data extraction from label references (HO)
)
(/usr/local/texlive/2025/texmf-dist/tex/generic/gettitlestring/gettitlestring.s
ty
Package: gettitlestring 2019/12/15 v1.6 Cleanup title references (HO)
 (/usr/local/texlive/2025/texmf-dist/tex/latex/kvoptions/kvoptions.sty
Package: kvoptions 2022-06-15 v3.15 Key value format for package options (HO)
))
\c@section@level=\count283
)
(/usr/local/texlive/2025/texmf-dist/tex/latex/etoolbox/etoolbox.sty
Package: etoolbox 2025/02/11 v2.5l e-TeX tools for LaTeX (JAW)
\etb@tempcnta=\count284
)
(/usr/local/texlive/2025/texmf-dist/tex/generic/stringenc/stringenc.sty
Package: stringenc 2019/11/29 v1.12 Convert strings between diff. encodings (HO
)
)
\@linkdim=\dimen165
\Hy@linkcounter=\count285
\Hy@pagecounter=\count286

(/usr/local/texlive/2025/texmf-dist/tex/latex/hyperref/pd1enc.def
File: pd1enc.def 2025-07-12 v7.01o Hyperref: PDFDocEncoding definition (HO)
)
(/usr/local/texlive/2025/texmf-dist/tex/generic/intcalc/intcalc.sty
Package: intcalc 2019/12/15 v1.3 Expandable calculations with integers (HO)
)
\Hy@SavedSpaceFactor=\count287

(/usr/local/texlive/2025/texmf-dist/tex/latex/hyperref/puenc.def
File: puenc.def 2025-07-12 v7.01o Hyperref: PDF Unicode definition (HO)
)
Package hyperref Info: Hyper figures OFF on input line 4195.
Package hyperref Info: Link nesting OFF on input line 4200.
Package hyperref Info: Hyper index ON on input line 4203.
Package hyperref Info: Plain pages OFF on input line 4210.
Package hyperref Info: Backreferencing OFF on input line 4215.
Package hyperref Info: Implicit mode ON; LaTeX internals redefined.
Package hyperref Info: Bookmarks ON on input line 4462.
\c@Hy@tempcnt=\count288

(/usr/local/texlive/2025/texmf-dist/tex/latex/url/url.sty
\Urlmuskip=\muskip17
Package: url 2013/09/16  ver 3.4  Verb mode for urls, etc.
)
LaTeX Info: Redefining \url on input line 4801.
\XeTeXLinkMargin=\dimen166

(/usr/local/texlive/2025/texmf-dist/tex/generic/bitset/bitset.sty
Package: bitset 2019/12/09 v1.3 Handle bit-vector datatype (HO)

(/usr/local/texlive/2025/texmf-dist/tex/generic/bigintcalc/bigintcalc.sty
Package: bigintcalc 2019/12/15 v1.5 Expandable calculations on big integers (HO
)
))
\Fld@menulength=\count289
\Field@Width=\dimen167
\Fld@charsize=\dimen168
Package hyperref Info: Hyper figures OFF on input line 6078.
Package hyperref Info: Link nesting OFF on input line 6083.
Package hyperref Info: Hyper index ON on input line 6086.
Package hyperref Info: backreferencing OFF on input line 6093.
Package hyperref Info: Link coloring OFF on input line 6098.
Package hyperref Info: Link coloring with OCG OFF on input line 6103.
Package hyperref Info: PDF/A mode OFF on input line 6108.
\Hy@abspage=\count290
\c@Item=\count291
\c@Hfootnote=\count292
)
Package hyperref Info: Driver (autodetected): hxetex.

(/usr/local/texlive/2025/texmf-dist/tex/latex/hyperref/hxetex.def
File: hxetex.def 2025-07-12 v7.01o Hyperref driver for XeTeX
\pdfm@box=\box55
\c@Hy@AnnotLevel=\count293
\HyField@AnnotCount=\count294
\Fld@listcount=\count295
\c@bookmark@seq@number=\count296

(/usr/local/texlive/2025/texmf-dist/tex/latex/rerunfilecheck/rerunfilecheck.sty
Package: rerunfilecheck 2025-06-21 v1.11 Rerun checks for auxiliary files (HO)

(/usr/local/texlive/2025/texmf-dist/tex/generic/uniquecounter/uniquecounter.sty
Package: uniquecounter 2019/12/15 v1.4 Provide unlimited unique counter (HO)
)
Package uniquecounter Info: New unique counter `rerunfilecheck' on input line 2
84.
)
\Hy@SectionHShift=\skip51
)
Package hyperref Info: Option `colorlinks' set `true' on input line 9.
 (/usr/local/texlive/2025/texmf-dist/tex/latex/amsmath/amsmath.sty
Package: amsmath 2025/06/16 v2.17y AMS math features
\@mathmargin=\skip52

For additional information on amsmath, use the `?' option.
(/usr/local/texlive/2025/texmf-dist/tex/latex/amsmath/amstext.sty
Package: amstext 2024/11/17 v2.01 AMS text

(/usr/local/texlive/2025/texmf-dist/tex/latex/amsmath/amsgen.sty
File: amsgen.sty 1999/11/30 v2.0 generic functions
\@emptytoks=\toks22
\ex@=\dimen169
))
(/usr/local/texlive/2025/texmf-dist/tex/latex/amsmath/amsbsy.sty
Package: amsbsy 1999/11/29 v1.2d Bold Symbols
\pmbraise@=\dimen170
)
(/usr/local/texlive/2025/texmf-dist/tex/latex/amsmath/amsopn.sty
Package: amsopn 2022/04/08 v2.04 operator names
)
\inf@bad=\count297
LaTeX Info: Redefining \frac on input line 233.
\uproot@=\count298
\leftroot@=\count299
LaTeX Info: Redefining \overline on input line 398.
LaTeX Info: Redefining \colon on input line 409.
\classnum@=\count300
\DOTSCASE@=\count301
LaTeX Info: Redefining \ldots on input line 495.
LaTeX Info: Redefining \dots on input line 498.
LaTeX Info: Redefining \cdots on input line 619.
\Mathstrutbox@=\box56
\strutbox@=\box57
LaTeX Info: Redefining \big on input line 721.
LaTeX Info: Redefining \Big on input line 722.
LaTeX Info: Redefining \bigg on input line 723.
LaTeX Info: Redefining \Bigg on input line 724.
\big@size=\dimen171
LaTeX Font Info:    Redeclaring font encoding OML on input line 742.
LaTeX Font Info:    Redeclaring font encoding OMS on input line 743.
\macc@depth=\count302
LaTeX Info: Redefining \bmod on input line 904.
LaTeX Info: Redefining \pmod on input line 909.
LaTeX Info: Redefining \smash on input line 939.
LaTeX Info: Redefining \relbar on input line 969.
LaTeX Info: Redefining \Relbar on input line 970.
\c@MaxMatrixCols=\count303
\dotsspace@=\muskip18
\c@parentequation=\count304
\dspbrk@lvl=\count305
\tag@help=\toks23
\row@=\count306
\column@=\count307
\maxfields@=\count308
\andhelp@=\toks24
\eqnshift@=\dimen172
\alignsep@=\dimen173
\tagshift@=\dimen174
\tagwidth@=\dimen175
\totwidth@=\dimen176
\lineht@=\dimen177
\@envbody=\toks25
\multlinegap=\skip53
\multlinetaggap=\skip54
\mathdisplay@stack=\toks26
LaTeX Info: Redefining \[ on input line 2949.
LaTeX Info: Redefining \] on input line 2950.
)
(/usr/local/texlive/2025/texmf-dist/tex/latex/amsfonts/amsfonts.sty
Package: amsfonts 2013/01/14 v3.01 Basic AMSFonts support
\symAMSa=\mathgroup4
\symAMSb=\mathgroup5
LaTeX Font Info:    Redeclaring math symbol \hbar on input line 98.
LaTeX Font Info:    Overwriting math alphabet `\mathfrak' in version `bold'
(Font)                  U/euf/m/n --> U/euf/b/n on input line 106.
)
(/usr/local/texlive/2025/texmf-dist/tex/latex/amsfonts/amssymb.sty
Package: amssymb 2013/01/14 v3.01 AMS font symbols
)
(/usr/local/texlive/2025/texmf-dist/tex/latex/mhchem/mhchem.sty
Package: mhchem 2024/01/29 v4.10 for typesetting chemical formulae

(/usr/local/texlive/2025/texmf-dist/tex/latex/l3kernel/expl3.sty
Package: expl3 2025-09-02 L3 programming layer (loader) 

(/usr/local/texlive/2025/texmf-dist/tex/latex/l3backend/l3backend-xetex.def
File: l3backend-xetex.def 2025-06-09 L3 backend support: XeTeX
\g__graphics_track_int=\count309
\g__pdfannot_backend_int=\count310
\g__pdfannot_backend_link_int=\count311
))
(/usr/local/texlive/2025/texmf-dist/tex/latex/l3packages/l3keys2e/l3keys2e.sty
Package: l3keys2e 2024-08-16 LaTeX2e option processing using LaTeX3 keys
) (/usr/local/texlive/2025/texmf-dist/tex/latex/tools/calc.sty
Package: calc 2025/03/01 v4.3b Infix arithmetic (KKT,FJ)
\calc@Acount=\count312
\calc@Bcount=\count313
\calc@Adimen=\dimen178
\calc@Bdimen=\dimen179
\calc@Askip=\skip55
\calc@Bskip=\skip56
LaTeX Info: Redefining \setlength on input line 86.
LaTeX Info: Redefining \addtolength on input line 87.
\calc@Ccount=\count314
\calc@Cskip=\skip57
)
(/usr/local/texlive/2025/texmf-dist/tex/latex/chemgreek/chemgreek.sty
(/usr/local/texlive/2025/texmf-dist/tex/latex/l3packages/xparse/xparse.sty
Package: xparse 2024-08-16 L3 Experimental document command parser
)
Package: chemgreek 2020/01/16 v1.1a interface for upright Greek letters for use
 in chemistry (CN)
\l__chemgreek_tmpa_int=\count315
\g__chemgreek_tmpa_int=\count316
)
\l__mhchem_ce_distanceFromLastComma_int=\count317
\__mhchem_arrow_extPgfLength_skip=\skip58
\mhchem@minispace@tmp=\skip59
\mhchem@minibackspace@tmp=\skip60
\mhchem@bondwidth=\skip61
\mhchem@bondheight=\skip62
\mhchem@smallbondwidth@tmpA=\skip63
\mhchem@smallbondwidth@tmpB=\skip64
\mhchem@smallbondwidth=\skip65
\mhchem@bondtmp@minussidebearingleft=\skip66
\mhchem@bondtmp@minussidebearingright=\skip67
\l__mhchem_option_version_int=\count318
\mhchem@option@minusmathsidebearingleft=\dimen180
\mhchem@option@minusmathsidebearingright=\dimen181
\mhchem@option@minustextsidebearingleft=\dimen182
\mhchem@option@minustextsidebearingright=\dimen183
)
(/usr/local/texlive/2025/texmf-dist/tex/latex/stmaryrd/stmaryrd.sty
Package: stmaryrd 1994/03/03 St Mary's Road symbol package
\symstmry=\mathgroup6
LaTeX Font Info:    Overwriting symbol font `stmry' in version `bold'
(Font)                  U/stmry/m/n --> U/stmry/b/n on input line 89.
)
(/usr/local/texlive/2025/texmf-dist/tex/latex/underscore/underscore.sty
Package: underscore 2006/09/13
LaTeX Info: Redefining \_ on input line 42.
)
==> First Aid for underscore.sty applied!
(/usr/local/texlive/2025/texmf-dist/tex/latex/firstaid/underscore-ltx.sty
Package: underscore-ltx 2023/09/20 LaTeX firstaid to make underscore protected 

)
(/usr/local/texlive/2025/texmf-dist/tex/latex/fvextra/fvextra.sty
Package: fvextra 2025/05/29 v1.13.2 fvextra - extensions and patches for fancyv
rb

(/usr/local/texlive/2025/texmf-dist/tex/latex/fancyvrb/fancyvrb.sty
Package: fancyvrb 2025/07/28 4.6 verbatim text (tvz,hv)
\FV@CodeLineNo=\count319
\FV@InFile=\read2
\FV@TabBox=\box58
\c@FancyVerbLine=\count320
\FV@StepNumber=\count321
\FV@OutFile=\write3
)
(/usr/local/texlive/2025/texmf-dist/tex/latex/upquote/upquote.sty
Package: upquote 2012/04/19 v1.3 upright-quote and grave-accent glyphs in verba
tim

(/usr/local/texlive/2025/texmf-dist/tex/latex/base/textcomp.sty
Package: textcomp 2024/04/24 v2.1b Standard LaTeX package
))
(/usr/local/texlive/2025/texmf-dist/tex/latex/lineno/lineno.sty
Package: lineno 2025/05/13 line numbers on paragraphs v5.5
\linenopenalty=\count322
\output=\toks27
\linenoprevgraf=\count323
\linenumbersep=\dimen184
\linenumberwidth=\dimen185
\c@linenumber=\count324
\c@pagewiselinenumber=\count325
\c@LN@truepage=\count326
\c@internallinenumber=\count327
\c@internallinenumbers=\count328
\quotelinenumbersep=\dimen186
\bframerule=\dimen187
\bframesep=\dimen188
\bframebox=\box59
\@LN@amsmath@ams@eqpen=\count329
)
\c@FancyVerbWriteLine=\count330
\c@FancyVerbBufferLine=\count331
\c@FV@TrueTabGroupLevel=\count332
\c@FV@TrueTabCounter=\count333
\FV@TabBox@Group=\box60
\FV@bgcolorstructbox=\box61
\FV@TmpLength=\skip68
\c@FV@HighlightLinesStart=\count334
\c@FV@HighlightLinesStop=\count335
\FV@LoopCount=\count336
\FV@NCharsBox=\box62
\FV@BreakIndent=\dimen189
\FV@BreakIndentNChars=\count337
\FV@BreakSymbolSepLeft=\dimen190
\FV@BreakSymbolSepLeftNChars=\count338
\FV@BreakSymbolSepRight=\dimen191
\FV@BreakSymbolSepRightNChars=\count339
\FV@BreakSymbolIndentLeft=\dimen192
\FV@BreakSymbolIndentLeftNChars=\count340
\FV@BreakSymbolIndentRight=\dimen193
\FV@BreakSymbolIndentRightNChars=\count341
\c@FancyVerbLineBreakLast=\count342
\FV@LineBox=\box63
\FV@LineIndentBox=\box64
\c@FV@BreakBufferDepth=\count343
\FV@LineWidth=\dimen194
)
(/usr/local/texlive/2025/texmf-dist/tex/latex/csquotes/csquotes.sty
Package: csquotes 2024-04-04 v5.2o context-sensitive quotations (JAW)
\csq@reset=\count344
\csq@gtype=\count345
\csq@glevel=\count346
\csq@qlevel=\count347
\csq@maxlvl=\count348
\csq@tshold=\count349
\csq@ltx@everypar=\toks28

(/usr/local/texlive/2025/texmf-dist/tex/latex/csquotes/csquotes.def
File: csquotes.def 2024-04-04 v5.2o csquotes generic definitions (JAW)
)
Package csquotes Info: Trying to load configuration file 'csquotes.cfg'...
Package csquotes Info: ... configuration file loaded successfully.

(/usr/local/texlive/2025/texmf-dist/tex/latex/csquotes/csquotes.cfg
File: csquotes.cfg 
))
(/usr/local/texlive/2025/texmf-dist/tex/latex/multirow/multirow.sty
Package: multirow 2024/11/12 v2.9 Span multiple rows of a table
\multirow@colwidth=\skip69
\multirow@cntb=\count350
\multirow@dima=\skip70
\bigstrutjot=\dimen195
)
(/usr/local/texlive/2025/texmf-dist/tex/latex/polyglossia/polyglossia.sty
Package: polyglossia 2025/09/22 v2.8 Modern multilingual typesetting with XeLaT
eX and LuaLaTeX

(/usr/local/texlive/2025/texmf-dist/tex/latex/fontspec/fontspec.sty
Package: fontspec 2024/05/11 v2.9e Font selection for XeLaTeX and LuaLaTeX

(/usr/local/texlive/2025/texmf-dist/tex/latex/fontspec/fontspec-xetex.sty
Package: fontspec-xetex 2024/05/11 v2.9e Font selection for XeLaTeX and LuaLaTe
X
\l__fontspec_script_int=\count351
\l__fontspec_language_int=\count352
\l__fontspec_strnum_int=\count353
\l__fontspec_tmp_int=\count354
\l__fontspec_tmpa_int=\count355
\l__fontspec_tmpb_int=\count356
\l__fontspec_tmpc_int=\count357
\l__fontspec_em_int=\count358
\l__fontspec_emdef_int=\count359
\l__fontspec_strong_int=\count360
\l__fontspec_strongdef_int=\count361
\l__fontspec_tmpa_dim=\dimen196
\l__fontspec_tmpb_dim=\dimen197
\l__fontspec_tmpc_dim=\dimen198

(/usr/local/texlive/2025/texmf-dist/tex/latex/base/fontenc.sty
Package: fontenc 2024/12/21 v2.1c Standard LaTeX package
)
(/usr/local/texlive/2025/texmf-dist/tex/latex/fontspec/fontspec.cfg)))
\l_xpg_alias_keyvals_int=\count362

(/usr/local/texlive/2025/texmf-dist/tex/latex/polyglossia/gloss-latex.ldf
File: gloss-latex.ldf polyglossia: module for default language
))
(/usr/local/texlive/2025/texmf-dist/tex/latex/polyglossia/gloss-english.ldf
File: gloss-english.ldf polyglossia: module for English
)

Package polyglossia Info: Default language is english


(/usr/local/texlive/2025/texmf-dist/tex/latex/polyglossia/gloss-bengali.ldf
File: gloss-bengali.ldf polyglossia: module for Bengali

(/usr/local/texlive/2025/texmf-dist/tex/latex/polyglossia/devanagaridigits.sty
Package: devanagaridigits 2010/04/01 v0.1 Formatting of Devanagari digits
) (/usr/local/texlive/2025/texmf-dist/tex/latex/polyglossia/bengalidigits.sty
Package: bengalidigits 2015/08/07 v.02Formatting of Bengali digits
))

Package fontspec Info: 
(fontspec)             Could not resolve font "Kohinoor Bangla/I" (it probably
(fontspec)             doesn't exist).


Package fontspec Info: 
(fontspec)             Font family 'KohinoorBangla(0)' created for font
(fontspec)             'Kohinoor Bangla' with options [].
(fontspec)              
(fontspec)              This font family consists of the following NFSS
(fontspec)             series/shapes:
(fontspec)              
(fontspec)             - 'normal' (m/n) with NFSS spec.: <->"Kohinoor
(fontspec)             Bangla/OT:script=DFLT;language=dflt;"
(fontspec)             - 'bold' (b/n) with NFSS spec.: <->"Kohinoor
(fontspec)             Bangla/B/OT:script=DFLT;language=dflt;"
(fontspec)             - 'bold italic' (b/it) with NFSS spec.: <->"Kohinoor
(fontspec)             Bangla/BI/OT:script=DFLT;language=dflt;"


Package fontspec Info: 
(fontspec)             Font family 'Georgia(0)' created for font 'Georgia'
(fontspec)             with options [].
(fontspec)              
(fontspec)              This font family consists of the following NFSS
(fontspec)             series/shapes:
(fontspec)              
(fontspec)             - 'normal' (m/n) with NFSS spec.:
(fontspec)             <->"Georgia/OT:script=latn;language=dflt;"
(fontspec)             - 'bold' (b/n) with NFSS spec.:
(fontspec)             <->"Georgia/B/OT:script=latn;language=dflt;"
(fontspec)             - 'italic' (m/it) with NFSS spec.:
(fontspec)             <->"Georgia/I/OT:script=latn;language=dflt;"
(fontspec)             - 'bold italic' (b/it) with NFSS spec.:
(fontspec)             <->"Georgia/BI/OT:script=latn;language=dflt;"

Package csquotes Info: Checking for multilingual support...
Package csquotes Info: ... found 'polyglossia' package.
Package csquotes Info: Adjusting default style.
Package csquotes Info: Redefining alias 'default' -> 'american'.

(./data-science_final.aux)
\openout1 = `data-science_final.aux'.

LaTeX Font Info:    Checking defaults for OML/cmm/m/it on input line 69.
LaTeX Font Info:    ... okay on input line 69.
LaTeX Font Info:    Checking defaults for OMS/cmsy/m/n on input line 69.
LaTeX Font Info:    ... okay on input line 69.
LaTeX Font Info:    Checking defaults for OT1/cmr/m/n on input line 69.
LaTeX Font Info:    ... okay on input line 69.
LaTeX Font Info:    Checking defaults for T1/cmr/m/n on input line 69.
LaTeX Font Info:    ... okay on input line 69.
LaTeX Font Info:    Checking defaults for TS1/cmr/m/n on input line 69.
LaTeX Font Info:    ... okay on input line 69.
LaTeX Font Info:    Checking defaults for TU/lmr/m/n on input line 69.
LaTeX Font Info:    ... okay on input line 69.
LaTeX Font Info:    Checking defaults for OMX/cmex/m/n on input line 69.
LaTeX Font Info:    ... okay on input line 69.
LaTeX Font Info:    Checking defaults for U/cmr/m/n on input line 69.
LaTeX Font Info:    ... okay on input line 69.
LaTeX Font Info:    Checking defaults for PD1/pdf/m/n on input line 69.
LaTeX Font Info:    ... okay on input line 69.
LaTeX Font Info:    Checking defaults for PU/pdf/m/n on input line 69.
LaTeX Font Info:    ... okay on input line 69.

(/usr/local/texlive/2025/texmf-dist/tex/latex/graphics/color.sty
Package: color 2025/01/14 v1.3e Standard LaTeX Color (DPC)

(/usr/local/texlive/2025/texmf-dist/tex/latex/graphics-cfg/color.cfg
File: color.cfg 2016/01/02 v1.6 sample color configuration
)
Package color Info: Driver file: xetex.def on input line 149.

(/usr/local/texlive/2025/texmf-dist/tex/latex/graphics/mathcolor.ltx))
Package hyperref Info: Link coloring ON on input line 69.

(./data-science_final.out) (./data-science_final.out)
\@outlinefile=\write4
\openout4 = `data-science_final.out'.


Package chemgreek Info: Activating mapping `fontspec' on line 69.


Package fontspec Info: 
(fontspec)             Adjusting the maths setup (use [no-math] to avoid
(fontspec)             this).

\symlegacymaths=\mathgroup7
LaTeX Font Info:    Overwriting symbol font `legacymaths' in version `bold'
(Font)                  OT1/cmr/m/n --> OT1/cmr/bx/n on input line 69.
LaTeX Font Info:    Redeclaring math accent \acute on input line 69.
LaTeX Font Info:    Redeclaring math accent \grave on input line 69.
LaTeX Font Info:    Redeclaring math accent \ddot on input line 69.
LaTeX Font Info:    Redeclaring math accent \tilde on input line 69.
LaTeX Font Info:    Redeclaring math accent \bar on input line 69.
LaTeX Font Info:    Redeclaring math accent \breve on input line 69.
LaTeX Font Info:    Redeclaring math accent \check on input line 69.
LaTeX Font Info:    Redeclaring math accent \hat on input line 69.
LaTeX Font Info:    Redeclaring math accent \dot on input line 69.
LaTeX Font Info:    Redeclaring math accent \mathring on input line 69.
LaTeX Font Info:    Redeclaring math symbol \Gamma on input line 69.
LaTeX Font Info:    Redeclaring math symbol \Delta on input line 69.
LaTeX Font Info:    Redeclaring math symbol \Theta on input line 69.
LaTeX Font Info:    Redeclaring math symbol \Lambda on input line 69.
LaTeX Font Info:    Redeclaring math symbol \Xi on input line 69.
LaTeX Font Info:    Redeclaring math symbol \Pi on input line 69.
LaTeX Font Info:    Redeclaring math symbol \Sigma on input line 69.
LaTeX Font Info:    Redeclaring math symbol \Upsilon on input line 69.
LaTeX Font Info:    Redeclaring math symbol \Phi on input line 69.
LaTeX Font Info:    Redeclaring math symbol \Psi on input line 69.
LaTeX Font Info:    Redeclaring math symbol \Omega on input line 69.
LaTeX Font Info:    Redeclaring math symbol \mathdollar on input line 69.
LaTeX Font Info:    Redeclaring symbol font `operators' on input line 69.
LaTeX Font Info:    Encoding `OT1' has changed to `TU' for symbol font
(Font)              `operators' in the math version `normal' on input line 69.
LaTeX Font Info:    Overwriting symbol font `operators' in version `normal'
(Font)                  OT1/cmr/m/n --> TU/lmr/m/n on input line 69.
LaTeX Font Info:    Encoding `OT1' has changed to `TU' for symbol font
(Font)              `operators' in the math version `bold' on input line 69.
LaTeX Font Info:    Overwriting symbol font `operators' in version `bold'
(Font)                  OT1/cmr/bx/n --> TU/lmr/m/n on input line 69.
LaTeX Font Info:    Overwriting symbol font `operators' in version `normal'
(Font)                  TU/lmr/m/n --> TU/lmr/m/n on input line 69.
LaTeX Font Info:    Overwriting math alphabet `\mathit' in version `normal'
(Font)                  OT1/cmr/m/it --> TU/lmr/m/it on input line 69.
LaTeX Font Info:    Overwriting math alphabet `\mathbf' in version `normal'
(Font)                  OT1/cmr/bx/n --> TU/lmr/b/n on input line 69.
LaTeX Font Info:    Overwriting math alphabet `\mathsf' in version `normal'
(Font)                  OT1/cmss/m/n --> TU/lmss/m/n on input line 69.
LaTeX Font Info:    Overwriting math alphabet `\mathtt' in version `normal'
(Font)                  OT1/cmtt/m/n --> TU/lmtt/m/n on input line 69.
LaTeX Font Info:    Overwriting symbol font `operators' in version `bold'
(Font)                  TU/lmr/m/n --> TU/lmr/b/n on input line 69.
LaTeX Font Info:    Overwriting math alphabet `\mathit' in version `bold'
(Font)                  OT1/cmr/bx/it --> TU/lmr/b/it on input line 69.
LaTeX Font Info:    Overwriting math alphabet `\mathsf' in version `bold'
(Font)                  OT1/cmss/bx/n --> TU/lmss/b/n on input line 69.
LaTeX Font Info:    Overwriting math alphabet `\mathtt' in version `bold'
(Font)                  OT1/cmtt/m/n --> TU/lmtt/b/n on input line 69.
LaTeX Font Info:    Font shape `TU/Georgia(0)/bx/n' in size <24.88> not availab
le
(Font)              Font shape `TU/Georgia(0)/b/n' tried instead on input line 
70.
 (./data-science_final.toc
LaTeX Font Info:    Trying to load font information for U+msa on input line 2.
(/usr/local/texlive/2025/texmf-dist/tex/latex/amsfonts/umsa.fd
File: umsa.fd 2013/01/14 v3.01 AMS symbols A
)
LaTeX Font Info:    Trying to load font information for U+msb on input line 2.

(/usr/local/texlive/2025/texmf-dist/tex/latex/amsfonts/umsb.fd
File: umsb.fd 2013/01/14 v3.01 AMS symbols B
)
LaTeX Font Info:    Trying to load font information for U+stmry on input line 2
.

(/usr/local/texlive/2025/texmf-dist/tex/latex/stmaryrd/Ustmry.fd)
LaTeX Font Info:    Font shape `TU/Georgia(0)/bx/n' in size <10> not available
(Font)              Font shape `TU/Georgia(0)/b/n' tried instead on input line 
5.


[1


]
Overfull \hbox (1.07224pt too wide) detected at line 78
 []\TU/Georgia(0)/m/n/10 100
 []



LaTeX Font Info:    Font shape `TU/Georgia(0)/m/sl' in size <10> not available
(Font)              Font shape `TU/Georgia(0)/m/it' tried instead on input line
 79.
[2]
Overfull \hbox (0.52048pt too wide) detected at line 80
 []\TU/Georgia(0)/m/n/10 102
 []


Overfull \hbox (0.45212pt too wide) detected at line 81
 []\TU/Georgia(0)/m/n/10 103
 []


Overfull \hbox (0.21774pt too wide) detected at line 82
 []\TU/Georgia(0)/m/n/10 105
 []


Overfull \hbox (0.59372pt too wide) detected at line 83
 []\TU/Georgia(0)/m/n/10 106
 []


Overfull \hbox (0.89645pt too wide) detected at line 84
 []\TU/Georgia(0)/m/n/10 108
 []


Overfull \hbox (0.59372pt too wide) detected at line 85
 []\TU/Georgia(0)/m/n/10 109
 []


Overfull \hbox (0.52048pt too wide) detected at line 92
 []\TU/Georgia(0)/m/n/10 120
 []


Overfull \hbox (0.3447pt too wide) detected at line 99
 []\TU/Georgia(0)/m/n/10 128
 []


Overfull \hbox (0.45212pt too wide) detected at line 100
 []\TU/Georgia(0)/m/n/10 130
 []


Overfull \hbox (0.27634pt too wide) detected at line 106
 []\TU/Georgia(0)/m/n/10 138
 []


Overfull \hbox (0.58395pt too wide) detected at line 109
 []\TU/Georgia(0)/m/n/10 140
 []


Overfull \hbox (0.10544pt too wide) detected at line 113
 []\TU/Georgia(0)/m/n/10 146
 []


Overfull \hbox (0.10544pt too wide) detected at line 114
 []\TU/Georgia(0)/m/n/10 149
 []


Overfull \hbox (0.59372pt too wide) detected at line 121
 []\TU/Georgia(0)/m/n/10 160
 []



[3]
Overfull \hbox (0.10544pt too wide) detected at line 125
 []\TU/Georgia(0)/m/n/10 164
 []


Overfull \hbox (0.41794pt too wide) detected at line 126
 []\TU/Georgia(0)/m/n/10 168
 []


Overfull \hbox (0.1152pt too wide) detected at line 127
 []\TU/Georgia(0)/m/n/10 169
 []


Overfull \hbox (0.27634pt too wide) detected at line 138
 []\TU/Georgia(0)/m/n/10 183
 []


Overfull \hbox (0.40817pt too wide) detected at line 139
 []\TU/Georgia(0)/m/n/10 184
 []


Overfull \hbox (0.41794pt too wide) detected at line 141
 []\TU/Georgia(0)/m/n/10 186
 []


Overfull \hbox (0.72067pt too wide) detected at line 143
 []\TU/Georgia(0)/m/n/10 188
 []


Overfull \hbox (0.72067pt too wide) detected at line 144
 []\TU/Georgia(0)/m/n/10 188
 []


Overfull \hbox (0.41794pt too wide) detected at line 145
 []\TU/Georgia(0)/m/n/10 189
 []


Overfull \hbox (0.41794pt too wide) detected at line 146
 []\TU/Georgia(0)/m/n/10 189
 []


Overfull \hbox (0.59372pt too wide) detected at line 147
 []\TU/Georgia(0)/m/n/10 190
 []


Overfull \hbox (1.87302pt too wide) detected at line 149
 []\TU/Georgia(0)/m/n/10 204
 []


Overfull \hbox (1.5068pt too wide) detected at line 150
 []\TU/Georgia(0)/m/n/10 205
 []


Overfull \hbox (2.18552pt too wide) detected at line 151
 []\TU/Georgia(0)/m/n/10 208
 []


Overfull \hbox (1.88278pt too wide) detected at line 152
 []\TU/Georgia(0)/m/n/10 209
 []


Overfull \hbox (0.3447pt too wide) detected at line 158
 []\TU/Georgia(0)/m/n/10 218
 []


Overfull \hbox (1.80954pt too wide) detected at line 159
 []\TU/Georgia(0)/m/n/10 220
 []


Overfull \hbox (1.80954pt too wide) detected at line 160
 []\TU/Georgia(0)/m/n/10 220
 []


Overfull \hbox (1.32126pt too wide) detected at line 162
 []\TU/Georgia(0)/m/n/10 224
 []


Overfull \hbox (1.33102pt too wide) detected at line 163
 []\TU/Georgia(0)/m/n/10 226
 []



[4]
Overfull \hbox (1.33102pt too wide) detected at line 164
 []\TU/Georgia(0)/m/n/10 229
 []


Overfull \hbox (1.74118pt too wide) detected at line 165
 []\TU/Georgia(0)/m/n/10 230
 []


Overfull \hbox (1.18942pt too wide) detected at line 167
 []\TU/Georgia(0)/m/n/10 232
 []


Overfull \hbox (1.2529pt too wide) detected at line 168
 []\TU/Georgia(0)/m/n/10 234
 []


Overfull \hbox (1.2529pt too wide) detected at line 169
 []\TU/Georgia(0)/m/n/10 234
 []


Overfull \hbox (0.88669pt too wide) detected at line 170
 []\TU/Georgia(0)/m/n/10 235
 []


Overfull \hbox (1.26266pt too wide) detected at line 171
 []\TU/Georgia(0)/m/n/10 236
 []


Overfull \hbox (1.26266pt too wide) detected at line 172
 []\TU/Georgia(0)/m/n/10 236
 []


Overfull \hbox (0.6279pt too wide) detected at line 173
 []\TU/Georgia(0)/m/n/10 237
 []


Overfull \hbox (0.6279pt too wide) detected at line 174
 []\TU/Georgia(0)/m/n/10 237
 []


Overfull \hbox (1.5654pt too wide) detected at line 175
 []\TU/Georgia(0)/m/n/10 238
 []


Overfull \hbox (1.26266pt too wide) detected at line 176
 []\TU/Georgia(0)/m/n/10 239
 []


Overfull \hbox (1.32126pt too wide) detected at line 178
 []\TU/Georgia(0)/m/n/10 242
 []


Overfull \hbox (1.2529pt too wide) detected at line 179
 []\TU/Georgia(0)/m/n/10 243
 []


Overfull \hbox (1.2529pt too wide) detected at line 180
 []\TU/Georgia(0)/m/n/10 243
 []


Overfull \hbox (1.2529pt too wide) detected at line 181
 []\TU/Georgia(0)/m/n/10 243
 []


Overfull \hbox (1.38474pt too wide) detected at line 182
 []\TU/Georgia(0)/m/n/10 244
 []


Overfull \hbox (1.02829pt too wide) detected at line 184
 []\TU/Georgia(0)/m/n/10 259
 []


Overfull \hbox (1.88278pt too wide) detected at line 185
 []\TU/Georgia(0)/m/n/10 260
 []


Overfull \hbox (1.3945pt too wide) detected at line 188
 []\TU/Georgia(0)/m/n/10 264
 []


Overfull \hbox (1.02829pt too wide) detected at line 189
 []\TU/Georgia(0)/m/n/10 265
 []


Overfull \hbox (1.02829pt too wide) detected at line 190
 []\TU/Georgia(0)/m/n/10 265
 []


Overfull \hbox (0.7695pt too wide) detected at line 191
 []\TU/Georgia(0)/m/n/10 267
 []


Overfull \hbox (1.707pt too wide) detected at line 192
 []\TU/Georgia(0)/m/n/10 268
 []


Overfull \hbox (1.40427pt too wide) detected at line 193
 []\TU/Georgia(0)/m/n/10 269
 []


Overfull \hbox (1.24802pt too wide) detected at line 194
 []\TU/Georgia(0)/m/n/10 270
 []


Overfull \hbox (1.24802pt too wide) detected at line 195
 []\TU/Georgia(0)/m/n/10 270
 []


Overfull \hbox (0.69626pt too wide) detected at line 196
 []\TU/Georgia(0)/m/n/10 272
 []


Overfull \hbox (0.6279pt too wide) detected at line 197
 []\TU/Georgia(0)/m/n/10 273
 []


Overfull \hbox (0.75974pt too wide) detected at line 198
 []\TU/Georgia(0)/m/n/10 274
 []


Overfull \hbox (0.7695pt too wide) detected at line 199
 []\TU/Georgia(0)/m/n/10 276
 []


Overfull \hbox (0.3447pt too wide) detected at line 200
 []\TU/Georgia(0)/m/n/10 281
 []


Overfull \hbox (1.63376pt too wide) detected at line 201
 []\TU/Georgia(0)/m/n/10 282
 []


Overfull \hbox (1.33102pt too wide) detected at line 202
 []\TU/Georgia(0)/m/n/10 285
 []


Overfull \hbox (1.33102pt too wide) detected at line 203
 []\TU/Georgia(0)/m/n/10 285
 []


Overfull \hbox (2.00974pt too wide) detected at line 204
 []\TU/Georgia(0)/m/n/10 288
 []


Overfull \hbox (1.707pt too wide) detected at line 205
 []\TU/Georgia(0)/m/n/10 289
 []


Overfull \hbox (1.26266pt too wide) detected at line 207
 []\TU/Georgia(0)/m/n/10 293
 []


Overfull \hbox (1.3945pt too wide) detected at line 208
 []\TU/Georgia(0)/m/n/10 294
 []



[5]
Overfull \hbox (1.40427pt too wide) detected at line 209
 []\TU/Georgia(0)/m/n/10 296
 []


Overfull \hbox (1.40427pt too wide) detected at line 210
 []\TU/Georgia(0)/m/n/10 299
 []


Overfull \hbox (2.29294pt too wide) detected at line 211
 []\TU/Georgia(0)/m/n/10 300
 []


Overfull \hbox (1.74118pt too wide) detected at line 212
 []\TU/Georgia(0)/m/n/10 302
 []


Overfull \hbox (1.74118pt too wide) detected at line 213
 []\TU/Georgia(0)/m/n/10 302
 []


Overfull \hbox (1.67282pt too wide) detected at line 214
 []\TU/Georgia(0)/m/n/10 303
 []


Overfull \hbox (1.43845pt too wide) detected at line 216
 []\TU/Georgia(0)/m/n/10 305
 []


Overfull \hbox (1.17966pt too wide) detected at line 217
 []\TU/Georgia(0)/m/n/10 307
 []


Overfull \hbox (1.81442pt too wide) detected at line 218
 []\TU/Georgia(0)/m/n/10 309
 []


Overfull \hbox (0.27634pt too wide) detected at line 226
 []\TU/Georgia(0)/m/n/10 318
 []


Overfull \hbox (1.18942pt too wide) detected at line 229
 []\TU/Georgia(0)/m/n/10 322
 []


Overfull \hbox (1.12106pt too wide) detected at line 230
 []\TU/Georgia(0)/m/n/10 323
 []


Overfull \hbox (1.2529pt too wide) detected at line 231
 []\TU/Georgia(0)/m/n/10 324
 []


Overfull \hbox (0.88669pt too wide) detected at line 232
 []\TU/Georgia(0)/m/n/10 325
 []


Overfull \hbox (1.26266pt too wide) detected at line 233
 []\TU/Georgia(0)/m/n/10 326
 []


Overfull \hbox (0.6279pt too wide) detected at line 234
 []\TU/Georgia(0)/m/n/10 327
 []


Overfull \hbox (0.6279pt too wide) detected at line 235
 []\TU/Georgia(0)/m/n/10 327
 []


Overfull \hbox (1.5654pt too wide) detected at line 236
 []\TU/Georgia(0)/m/n/10 328
 []


Overfull \hbox (1.67282pt too wide) detected at line 237
 []\TU/Georgia(0)/m/n/10 330
 []


Overfull \hbox (1.12106pt too wide) detected at line 238
 []\TU/Georgia(0)/m/n/10 332
 []


Overfull \hbox (0.56442pt too wide) detected at line 239
\TU/Georgia(0)/m/n/10 10.10 
 []


Overfull \hbox (1.0527pt too wide) detected at line 239
 []\TU/Georgia(0)/m/n/10 333
 []


Overfull \hbox (0.81833pt too wide) detected at line 240
 []\TU/Georgia(0)/m/n/10 335
 []


Overfull \hbox (0.81833pt too wide) detected at line 241
 []\TU/Georgia(0)/m/n/10 335
 []


Overfull \hbox (1.1943pt too wide) detected at line 242
 []\TU/Georgia(0)/m/n/10 336
 []


Overfull \hbox (1.1943pt too wide) detected at line 243
 []\TU/Georgia(0)/m/n/10 336
 []


Overfull \hbox (1.1943pt too wide) detected at line 244
 []\TU/Georgia(0)/m/n/10 336
 []


Overfull \hbox (1.1943pt too wide) detected at line 246
 []\TU/Georgia(0)/m/n/10 339
 []


Overfull \hbox (1.80466pt too wide) detected at line 247
 []\TU/Georgia(0)/m/n/10 340
 []


Overfull \hbox (1.2529pt too wide) detected at line 248
 []\TU/Georgia(0)/m/n/10 342
 []


Overfull \hbox (1.18454pt too wide) detected at line 249
 []\TU/Georgia(0)/m/n/10 343
 []


Overfull \hbox (1.31638pt too wide) detected at line 250
 []\TU/Georgia(0)/m/n/10 344
 []


Overfull \hbox (0.95016pt too wide) detected at line 251
 []\TU/Georgia(0)/m/n/10 345
 []


Overfull \hbox (0.95016pt too wide) detected at line 252
 []\TU/Georgia(0)/m/n/10 345
 []



[6]
Overfull \hbox (1.32614pt too wide) detected at line 253
 []\TU/Georgia(0)/m/n/10 346
 []


Overfull \hbox (1.62888pt too wide) detected at line 254
 []\TU/Georgia(0)/m/n/10 348
 []


Overfull \hbox (1.62888pt too wide) detected at line 255
 []\TU/Georgia(0)/m/n/10 348
 []


Overfull \hbox (1.32614pt too wide) detected at line 256
 []\TU/Georgia(0)/m/n/10 349
 []


Overfull \hbox (1.32614pt too wide) detected at line 257
 []\TU/Georgia(0)/m/n/10 349
 []


Overfull \hbox (1.43845pt too wide) detected at line 258
 []\TU/Georgia(0)/m/n/10 350
 []


Overfull \hbox (0.88669pt too wide) detected at line 259
 []\TU/Georgia(0)/m/n/10 352
 []


Overfull \hbox (0.81833pt too wide) detected at line 260
 []\TU/Georgia(0)/m/n/10 353
 []


Overfull \hbox (0.58395pt too wide) detected at line 261
 []\TU/Georgia(0)/m/n/10 355
 []


Overfull \hbox (0.95993pt too wide) detected at line 262
 []\TU/Georgia(0)/m/n/10 356
 []


Overfull \hbox (0.95993pt too wide) detected at line 263
 []\TU/Georgia(0)/m/n/10 356
 []


Overfull \hbox (1.26266pt too wide) detected at line 264
 []\TU/Georgia(0)/m/n/10 358
 []


Overfull \hbox (1.26266pt too wide) detected at line 265
 []\TU/Georgia(0)/m/n/10 358
 []


Overfull \hbox (0.95993pt too wide) detected at line 266
 []\TU/Georgia(0)/m/n/10 359
 []


Overfull \hbox (1.81442pt too wide) detected at line 267
 []\TU/Georgia(0)/m/n/10 360
 []


Overfull \hbox (1.26266pt too wide) detected at line 269
 []\TU/Georgia(0)/m/n/10 362
 []


Overfull \hbox (1.26266pt too wide) detected at line 270
 []\TU/Georgia(0)/m/n/10 362
 []


Overfull \hbox (1.1943pt too wide) detected at line 271
 []\TU/Georgia(0)/m/n/10 363
 []


Overfull \hbox (1.32614pt too wide) detected at line 272
 []\TU/Georgia(0)/m/n/10 364
 []


Overfull \hbox (1.3359pt too wide) detected at line 273
 []\TU/Georgia(0)/m/n/10 366
 []


Overfull \hbox (1.3359pt too wide) detected at line 274
 []\TU/Georgia(0)/m/n/10 366
 []


Overfull \hbox (0.70114pt too wide) detected at line 275
 []\TU/Georgia(0)/m/n/10 367
 []


Overfull \hbox (1.63864pt too wide) detected at line 276
 []\TU/Georgia(0)/m/n/10 368
 []


Overfull \hbox (1.3359pt too wide) detected at line 277
 []\TU/Georgia(0)/m/n/10 369
 []


Overfull \hbox (1.17966pt too wide) detected at line 278
 []\TU/Georgia(0)/m/n/10 370
 []


Overfull \hbox (0.6279pt too wide) detected at line 281
 []\TU/Georgia(0)/m/n/10 372
 []


Overfull \hbox (0.6279pt too wide) detected at line 282
 []\TU/Georgia(0)/m/n/10 372
 []


Overfull \hbox (0.27634pt too wide) detected at line 284
 []\TU/Georgia(0)/m/n/10 381
 []


Overfull \hbox (1.5654pt too wide) detected at line 285
 []\TU/Georgia(0)/m/n/10 382
 []


Overfull \hbox (1.5654pt too wide) detected at line 286
 []\TU/Georgia(0)/m/n/10 382
 []


Overfull \hbox (1.26266pt too wide) detected at line 287
 []\TU/Georgia(0)/m/n/10 385
 []


Overfull \hbox (1.63864pt too wide) detected at line 288
 []\TU/Georgia(0)/m/n/10 386
 []


Overfull \hbox (1.00388pt too wide) detected at line 289
 []\TU/Georgia(0)/m/n/10 387
 []


Overfull \hbox (1.94138pt too wide) detected at line 290
 []\TU/Georgia(0)/m/n/10 388
 []


Overfull \hbox (1.63864pt too wide) detected at line 291
 []\TU/Georgia(0)/m/n/10 389
 []


Overfull \hbox (1.81442pt too wide) detected at line 292
 []\TU/Georgia(0)/m/n/10 390
 []


Overfull \hbox (1.26266pt too wide) detected at line 294
 []\TU/Georgia(0)/m/n/10 392
 []


Overfull \hbox (1.1943pt too wide) detected at line 295
 []\TU/Georgia(0)/m/n/10 393
 []


Overfull \hbox (0.95993pt too wide) detected at line 296
 []\TU/Georgia(0)/m/n/10 395
 []


Overfull \hbox (1.3359pt too wide) detected at line 297
 []\TU/Georgia(0)/m/n/10 396
 []



[7]
Overfull \hbox (0.70114pt too wide) detected at line 298
 []\TU/Georgia(0)/m/n/10 397
 []


Overfull \hbox (1.63864pt too wide) detected at line 299
 []\TU/Georgia(0)/m/n/10 398
 []


Overfull \hbox (2.42477pt too wide) detected at line 300
 []\TU/Georgia(0)/m/n/10 400
 []


Overfull \hbox (1.87302pt too wide) detected at line 301
 []\TU/Georgia(0)/m/n/10 402
 []


Overfull \hbox (1.9365pt too wide) detected at line 302
 []\TU/Georgia(0)/m/n/10 404
 []


Overfull \hbox (1.57028pt too wide) detected at line 303
 []\TU/Georgia(0)/m/n/10 405
 []


Overfull \hbox (1.94626pt too wide) detected at line 304
 []\TU/Georgia(0)/m/n/10 406
 []


Overfull \hbox (1.3115pt too wide) detected at line 305
 []\TU/Georgia(0)/m/n/10 407
 []


Overfull \hbox (2.249pt too wide) detected at line 306
 []\TU/Georgia(0)/m/n/10 408
 []


Overfull \hbox (1.94626pt too wide) detected at line 307
 []\TU/Georgia(0)/m/n/10 409
 []


Overfull \hbox (0.58395pt too wide) detected at line 308
 []\TU/Georgia(0)/m/n/10 410
 []


Overfull \hbox (0.10544pt too wide) detected at line 313
 []\TU/Georgia(0)/m/n/10 416
 []


Overfull \hbox (0.40817pt too wide) detected at line 315
 []\TU/Georgia(0)/m/n/10 418
 []


Overfull \hbox (0.10544pt too wide) detected at line 316
 []\TU/Georgia(0)/m/n/10 419
 []


Overfull \hbox (0.10544pt too wide) detected at line 317
 []\TU/Georgia(0)/m/n/10 419
 []


Overfull \hbox (1.32614pt too wide) detected at line 319
 []\TU/Georgia(0)/m/n/10 436
 []


Overfull \hbox (1.32614pt too wide) detected at line 320
 []\TU/Georgia(0)/m/n/10 436
 []


Overfull \hbox (1.62888pt too wide) detected at line 321
 []\TU/Georgia(0)/m/n/10 438
 []


Overfull \hbox (1.9365pt too wide) detected at line 322
 []\TU/Georgia(0)/m/n/10 440
 []


Overfull \hbox (1.38474pt too wide) detected at line 323
 []\TU/Georgia(0)/m/n/10 442
 []


Overfull \hbox (1.44821pt too wide) detected at line 324
 []\TU/Georgia(0)/m/n/10 444
 []


Overfull \hbox (1.082pt too wide) detected at line 325
 []\TU/Georgia(0)/m/n/10 445
 []


Overfull \hbox (1.082pt too wide) detected at line 326
 []\TU/Georgia(0)/m/n/10 445
 []


Overfull \hbox (1.45798pt too wide) detected at line 327
 []\TU/Georgia(0)/m/n/10 446
 []


Overfull \hbox (0.82321pt too wide) detected at line 328
 []\TU/Georgia(0)/m/n/10 447
 []


Overfull \hbox (0.82321pt too wide) detected at line 329
 []\TU/Georgia(0)/m/n/10 447
 []


Overfull \hbox (1.45798pt too wide) detected at line 330
 []\TU/Georgia(0)/m/n/10 449
 []


Overfull \hbox (1.57028pt too wide) detected at line 331
 []\TU/Georgia(0)/m/n/10 450
 []


Overfull \hbox (1.01852pt too wide) detected at line 333
 []\TU/Georgia(0)/m/n/10 452
 []


Overfull \hbox (0.95016pt too wide) detected at line 334
 []\TU/Georgia(0)/m/n/10 453
 []


Overfull \hbox (0.95016pt too wide) detected at line 335
 []\TU/Georgia(0)/m/n/10 453
 []


Overfull \hbox (1.082pt too wide) detected at line 336
 []\TU/Georgia(0)/m/n/10 454
 []


Overfull \hbox (1.082pt too wide) detected at line 337
 []\TU/Georgia(0)/m/n/10 454
 []


Overfull \hbox (0.71579pt too wide) detected at line 338
 []\TU/Georgia(0)/m/n/10 455
 []


Overfull \hbox (1.09177pt too wide) detected at line 339
 []\TU/Georgia(0)/m/n/10 456
 []


Overfull \hbox (1.3945pt too wide) detected at line 340
 []\TU/Georgia(0)/m/n/10 458
 []


Overfull \hbox (1.09177pt too wide) detected at line 341
 []\TU/Georgia(0)/m/n/10 459
 []


Overfull \hbox (1.94626pt too wide) detected at line 342
 []\TU/Georgia(0)/m/n/10 460
 []



[8]
Overfull \hbox (0.10544pt too wide) detected at line 343
 []\TU/Georgia(0)/m/n/10 461
 []


Overfull \hbox (1.3945pt too wide) detected at line 344
 []\TU/Georgia(0)/m/n/10 462
 []


Overfull \hbox (1.32614pt too wide) detected at line 345
 []\TU/Georgia(0)/m/n/10 463
 []


Overfull \hbox (1.09177pt too wide) detected at line 346
 []\TU/Georgia(0)/m/n/10 465
 []


Overfull \hbox (1.09177pt too wide) detected at line 347
 []\TU/Georgia(0)/m/n/10 465
 []


Overfull \hbox (0.83298pt too wide) detected at line 348
 []\TU/Georgia(0)/m/n/10 467
 []


Overfull \hbox (1.77048pt too wide) detected at line 349
 []\TU/Georgia(0)/m/n/10 468
 []


Overfull \hbox (1.77048pt too wide) detected at line 350
 []\TU/Georgia(0)/m/n/10 468
 []


Overfull \hbox (1.46774pt too wide) detected at line 351
 []\TU/Georgia(0)/m/n/10 469
 []


Overfull \hbox (1.46774pt too wide) detected at line 352
 []\TU/Georgia(0)/m/n/10 469
 []


Overfull \hbox (1.46774pt too wide) detected at line 353
 []\TU/Georgia(0)/m/n/10 469
 []


Overfull \hbox (1.46774pt too wide) detected at line 354
 []\TU/Georgia(0)/m/n/10 469
 []


Overfull \hbox (1.13571pt too wide) detected at line 356
 []\TU/Georgia(0)/m/n/10 478
 []


Overfull \hbox (1.13571pt too wide) detected at line 357
 []\TU/Georgia(0)/m/n/10 478
 []


Overfull \hbox (2.249pt too wide) detected at line 358
 []\TU/Georgia(0)/m/n/10 480
 []


Overfull \hbox (0.40817pt too wide) detected at line 359
 []\TU/Georgia(0)/m/n/10 481
 []


Overfull \hbox (1.69724pt too wide) detected at line 360
 []\TU/Georgia(0)/m/n/10 482
 []


Overfull \hbox (1.62888pt too wide) detected at line 361
 []\TU/Georgia(0)/m/n/10 483
 []


Overfull \hbox (1.76071pt too wide) detected at line 362
 []\TU/Georgia(0)/m/n/10 484
 []


Overfull \hbox (1.77048pt too wide) detected at line 363
 []\TU/Georgia(0)/m/n/10 486
 []


Overfull \hbox (2.07321pt too wide) detected at line 364
 []\TU/Georgia(0)/m/n/10 488
 []


Overfull \hbox (1.77048pt too wide) detected at line 365
 []\TU/Georgia(0)/m/n/10 489
 []


Overfull \hbox (1.94626pt too wide) detected at line 366
 []\TU/Georgia(0)/m/n/10 490
 []


Overfull \hbox (0.10544pt too wide) detected at line 367
 []\TU/Georgia(0)/m/n/10 491
 []


Overfull \hbox (1.3945pt too wide) detected at line 368
 []\TU/Georgia(0)/m/n/10 492
 []


Overfull \hbox (1.3945pt too wide) detected at line 369
 []\TU/Georgia(0)/m/n/10 492
 []


Overfull \hbox (1.45798pt too wide) detected at line 370
 []\TU/Georgia(0)/m/n/10 494
 []


Overfull \hbox (1.45798pt too wide) detected at line 371
 []\TU/Georgia(0)/m/n/10 494
 []


Overfull \hbox (1.09177pt too wide) detected at line 372
 []\TU/Georgia(0)/m/n/10 495
 []


Overfull \hbox (1.46774pt too wide) detected at line 373
 []\TU/Georgia(0)/m/n/10 496
 []


Overfull \hbox (0.83298pt too wide) detected at line 374
 []\TU/Georgia(0)/m/n/10 497
 []


Overfull \hbox (1.46774pt too wide) detected at line 375
 []\TU/Georgia(0)/m/n/10 499
 []


Overfull \hbox (1.46774pt too wide) detected at line 376
 []\TU/Georgia(0)/m/n/10 499
 []


Overfull \hbox (2.05856pt too wide) detected at line 377
 []\TU/Georgia(0)/m/n/10 500
 []


Overfull \hbox (0.21774pt too wide) detected at line 378
 []\TU/Georgia(0)/m/n/10 501
 []


Overfull \hbox (0.21774pt too wide) detected at line 379
 []\TU/Georgia(0)/m/n/10 501
 []


Overfull \hbox (1.57028pt too wide) detected at line 380
 []\TU/Georgia(0)/m/n/10 504
 []


Overfull \hbox (1.57028pt too wide) detected at line 381
 []\TU/Georgia(0)/m/n/10 504
 []


Overfull \hbox (1.20407pt too wide) detected at line 382
 []\TU/Georgia(0)/m/n/10 505
 []


Overfull \hbox (1.20407pt too wide) detected at line 383
 []\TU/Georgia(0)/m/n/10 505
 []


Overfull \hbox (1.20407pt too wide) detected at line 384
 []\TU/Georgia(0)/m/n/10 505
 []


Overfull \hbox (1.58005pt too wide) detected at line 385
 []\TU/Georgia(0)/m/n/10 506
 []



[9]
Overfull \hbox (0.94528pt too wide) detected at line 387
 []\TU/Georgia(0)/m/n/10 507
 []


Overfull \hbox (1.88278pt too wide) detected at line 388
 []\TU/Georgia(0)/m/n/10 508
 []


Overfull \hbox (1.58005pt too wide) detected at line 389
 []\TU/Georgia(0)/m/n/10 509
 []

)
\tf@toc=\write5
\openout5 = `data-science_final.toc'.



[10]

[1

]
LaTeX Font Info:    Font shape `TU/Georgia(0)/bx/n' in size <14.4> not availabl
e
(Font)              Font shape `TU/Georgia(0)/b/n' tried instead on input line 
74.
File: ./images/2025_03_17_ca60ec0bfd96dcf8e028g-001.jpg Graphic file (type bmp)

<./images/2025_03_17_ca60ec0bfd96dcf8e028g-001.jpg>

Overfull \hbox (6.75647pt too wide) in paragraph at lines 92--104
\TU/Georgia(0)/m/n/10 This work is subject to copyright. All rights are reserve
d by the Publisher, whether
 []



[2]

[3]

[4

]
Chapter 1.
LaTeX Font Info:    Font shape `TU/Georgia(0)/bx/n' in size <20.74> not availab
le
(Font)              Font shape `TU/Georgia(0)/b/n' tried instead on input line 
110.

Overfull \hbox (5.70091pt too wide) in paragraph at lines 115--116
\TU/Georgia(0)/m/n/10 video streams, social media interactions, and the positio
n of anything that moves.
 []


LaTeX Warning: Citation `skiena2008algorithm' on page 5 undefined on input line
 122.


Underfull \vbox (badness 10000) has occurred while \output is active []



[5]

[6]
Overfull \hbox (19.86006pt too wide) in paragraph at lines 152--153
[]\TU/Georgia(0)/m/n/10 Take-Home Lessons: Highlighted "take-home" lesson boxes
 scattered through
 []


Overfull \hbox (1.57036pt too wide) in paragraph at lines 153--156
\TU/Georgia(0)/m/n/10 questions, reflecting the questions students might encoun
ter when search-
 []


Underfull \hbox (badness 10000) in paragraph at lines 153--156

 []



[7]
Overfull \hbox (3.54497pt too wide) in paragraph at lines 159--162
[]\TU/Georgia(0)/m/n/10 Data Science Television: Data science remains mysteriou
s and even threat-
 []


Overfull \hbox (1.0873pt too wide) in paragraph at lines 166--167
\TU/Georgia(0)/m/n/10 meaning that they don't always process statistical eviden
ce with as much alacrity
 []



[8]

[9]

[10]
Chapter 2.

Underfull \hbox (badness 10000) in paragraph at lines 203--237

 []



[11

]
Underfull \hbox (badness 10000) in paragraph at lines 238--283

 []



[12]
Underfull \hbox (badness 10000) in paragraph at lines 284--329

 []



[13]
Underfull \hbox (badness 10000) in paragraph at lines 330--375

 []


Underfull \hbox (badness 10000) in paragraph at lines 376--422

 []



[14]
Underfull \hbox (badness 10000) in paragraph at lines 423--468

 []



[15]

[16]

[17]

[18

]
Chapter 3.

Overfull \hbox (1.56245pt too wide) in paragraph at lines 521--522
\TU/Georgia(0)/m/n/10 amounts of social media, logging, and sensor data. After 
you have amassed
 []


LaTeX Warning: Citation `lewis2004moneyball' on page 19 undefined on input line
 523.


LaTeX Warning: Citation `silver2012signal' on page 19 undefined on input line 5
23.



[19]
LaTeX Font Info:    Font shape `TU/Georgia(0)/bx/n' in size <12> not available
(Font)              Font shape `TU/Georgia(0)/b/n' tried instead on input line 
528.


Package hyperref Warning: Difference (2) between bookmark levels is greater 
(hyperref)                than one, level fixed on input line 528.


Overfull \hbox (2.29301pt too wide) in paragraph at lines 538--540
\TU/Georgia(0)/m/n/10 By contrast, bad computer scientists worry about producin
g plausiblelook-
 []


Underfull \hbox (badness 10000) in paragraph at lines 540--542

 []



[20]
Underfull \hbox (badness 10000) in paragraph at lines 561--563

 []



[21]
Overfull \hbox (0.49648pt too wide) in paragraph at lines 569--570
\TU/Georgia(0)/m/n/10 Good data scientists develop an inherent curiosity about 
the world around them,
 []


Underfull \hbox (badness 10000) in paragraph at lines 583--585

 []

File: ./images/2025_03_17_ca60ec0bfd96dcf8e028g-023.jpg Graphic file (type bmp)

<./images/2025_03_17_ca60ec0bfd96dcf8e028g-023.jpg>
/Users/aliasgar/Desktop/Ali Asgar/Stony Brook/Advanced Project/local/files/data
-science/manual_images/data-science_final.tex:590: Extra }, or forgotten \endgr
oup.
\@endfloatbox ...pagefalse \outer@nobreak \egroup 
                                                  \color@endbox 
l.590 \end{figure}
                  
I've deleted a group-closing symbol because it seems to be
spurious, as in `$x}$'. But perhaps the } is legitimate and
you forgot something else, as in `\hbox{$x}'. In such cases
the way to recover is to insert both the forgotten and the
deleted material, e.g., by typing `I$}'.


LaTeX Warning: `h' float specifier changed to `ht'.



[22]
File: ./images/2025_03_17_ca60ec0bfd96dcf8e028g-024.jpg Graphic file (type bmp)

<./images/2025_03_17_ca60ec0bfd96dcf8e028g-024.jpg>

/Users/aliasgar/Desktop/Ali Asgar/Stony Brook/Advanced Project/local/files/data
-science/manual_images/data-science_final.tex:604: Extra }, or forgotten \endgr
oup.
\@endfloatbox ...pagefalse \outer@nobreak \egroup 
                                                  \color@endbox 
l.604 \end{figure}
                  
I've deleted a group-closing symbol because it seems to be
spurious, as in `$x}$'. But perhaps the } is legitimate and
you forgot something else, as in `\hbox{$x}'. In such cases
the way to recover is to insert both the forgotten and the
deleted material, e.g., by typing `I$}'.


Overfull \hbox (1.49472pt too wide) in paragraph at lines 599--606
[]\TU/Georgia(0)/m/n/10 This historical baseball record is available at [][]htt
p://www[][]. baseball-reference
 []


LaTeX Warning: `h' float specifier changed to `ht'.



[23]
Underfull \hbox (badness 10000) in paragraph at lines 623--625

 []



[24]

LaTeX Warning: Citation `halpern1988do' on page 25 undefined on input line 629.



Underfull \hbox (badness 10000) in paragraph at lines 644--646

 []



[25]
File: ./images/2025_03_17_ca60ec0bfd96dcf8e028g-026.jpg Graphic file (type bmp)

<./images/2025_03_17_ca60ec0bfd96dcf8e028g-026.jpg>
File: ./images/2025_03_17_ca60ec0bfd96dcf8e028g-026(1).jpg Graphic file (type b
mp)
<./images/2025_03_17_ca60ec0bfd96dcf8e028g-026(1).jpg>


LaTeX Warning: `h' float specifier changed to `ht'.



[26]

[27]

LaTeX Warning: Citation `bell2007lessons' on page 28 undefined on input line 68
5.


Underfull \hbox (badness 10000) in paragraph at lines 685--687

 []

File: ./images/2025_03_17_ca60ec0bfd96dcf8e028g-028.jpg Graphic file (type bmp)

<./images/2025_03_17_ca60ec0bfd96dcf8e028g-028.jpg>


[28]

[29]
/Users/aliasgar/Desktop/Ali Asgar/Stony Brook/Advanced Project/local/files/data
-science/manual_images/data-science_final.tex:735: Misplaced \noalign.
\hline ->\noalign 
                  {\ifnum 0=`}\fi \hrule \@height \arrayrulewidth \futurelet...
l.735 \hline
            
I expect to see \noalign only after the \cr of
an alignment. Proceed, and I'll ignore this case.

/Users/aliasgar/Desktop/Ali Asgar/Stony Brook/Advanced Project/local/files/data
-science/manual_images/data-science_final.tex:735: You can't use `\hrule' here 
except with leaders.
\hline ->\noalign {\ifnum 0=`}\fi \hrule 
                                         \@height \arrayrulewidth \futurelet...
l.735 \hline
            
To put a horizontal rule in an hbox or an alignment,
you should use \leaders or \hrulefill (see The TeXbook).

/Users/aliasgar/Desktop/Ali Asgar/Stony Brook/Advanced Project/local/files/data
-science/manual_images/data-science_final.tex:735: Missing number, treated as z
ero.
<to be read again> 
                   \futurelet 
l.735 \hline
            
A number should have been here; I inserted `0'.
(If you can't figure out why I needed to see a number,
look up `weird error' in the index to The TeXbook.)

/Users/aliasgar/Desktop/Ali Asgar/Stony Brook/Advanced Project/local/files/data
-science/manual_images/data-science_final.tex:735: Illegal unit of measure (pt 
inserted).
<to be read again> 
                   \futurelet 
l.735 \hline
            
Dimensions can be in units of em, ex, in, pt, pc,
cm, mm, dd, cc, bp, or sp; but yours is a new one!
I'll assume that you meant to say pt, for printer's points.
To recover gracefully from this error, it's best to
delete the erroneous units; e.g., type `2' to delete
two letters. (See Chapter 27 of The TeXbook.)

/Users/aliasgar/Desktop/Ali Asgar/Stony Brook/Advanced Project/local/files/data
-science/manual_images/data-science_final.tex:736: Extra alignment tab has been
 changed to \cr.
<recently read> \endtemplate 
                             
l.736 ...& 7.22 & -73.9998 & 40.74334 & -73.9428 &
                                                   40.80662 & 2 & 0 & 30.8 \\
You have given more \span or & marks than there were
in the preamble to the \halign or \valign now in progress.
So I'll assume that you meant to type \cr instead.


Overfull \hbox (312.57634pt too wide) in paragraph at lines 729--757
 [] 
 []


Underfull \hbox (badness 10000) in paragraph at lines 770--772

 []



[30]
File: ./images/2025_03_17_ca60ec0bfd96dcf8e028g-031.jpg Graphic file (type bmp)

<./images/2025_03_17_ca60ec0bfd96dcf8e028g-031.jpg>

Overfull \hbox (0.2979pt too wide) in paragraph at lines 783--784
[]\TU/Georgia(0)/m/n/10 Which drivers take their unsuspecting out-of-town passe
ngers for a "ride,"
 []


LaTeX Warning: Citation `starov2015gis' on page 31 undefined on input line 785.




[31]

[32]

[33]

[34]
Underfull \hbox (badness 10000) in paragraph at lines 849--851

 []


Overfull \hbox (2.02252pt too wide) in paragraph at lines 870--871
\TU/Georgia(0)/m/n/10 data sets, building their own evaluation environments, an
d devising their model.
 []



[35]
Underfull \hbox (badness 10000) in paragraph at lines 881--883

 []

File: ./images/2025_03_17_ca60ec0bfd96dcf8e028g-036.jpg Graphic file (type bmp)

<./images/2025_03_17_ca60ec0bfd96dcf8e028g-036.jpg>

LaTeX Warning: `h' float specifier changed to `ht'.



[36]
Overfull \hbox (11.48767pt too wide) in paragraph at lines 901--902
\TU/Georgia(0)/m/n/10 Another source of inspiration are challenges from Kaggle 
([][]www.kaggle.com[][]),
 []



[37]
Overfull \hbox (0.27443pt too wide) in paragraph at lines 917--918
\TU/Georgia(0)/m/n/10 ysis, deep learning approaches to natural language proces
sing (NLP),
 []



[38]

LaTeX Warning: Citation `skiena2001calculated' on page 39 undefined on input li
ne 921.


LaTeX Warning: Citation `zhang2009improving' on page 39 undefined on input line
 921.


LaTeX Warning: Citation `zhang2010trading' on page 39 undefined on input line 9
21.


LaTeX Warning: Citation `hong2010wisdom' on page 39 undefined on input line 921
.


Overfull \hbox (3.43314pt too wide) in paragraph at lines 921--922
[]\TU/Georgia(0)/m/n/10 Building gambling systems: A particularly amusing proje
ct was build-
 []


Underfull \hbox (badness 10000) in paragraph at lines 922--924

 []


LaTeX Warning: Citation `skiena2013whos' on page 39 undefined on input line 925
.


Overfull \hbox (3.43484pt too wide) in paragraph at lines 931--932
\TU/Georgia(0)/m/n/10 sion. Counting the number of mentions each name receives 
in a text stream
 []



[39]
Underfull \hbox (badness 10000) in paragraph at lines 941--943

 []



[40]

LaTeX Warning: Citation `halpern1991handedness' on page 41 undefined on input l
ine 960.


LaTeX Warning: Citation `mcmanus2004right' on page 41 undefined on input line 9
60.


LaTeX Warning: Citation `james2010new' on page 41 undefined on input line 962.


LaTeX Warning: Citation `godbole2007large' on page 41 undefined on input line 9
68.


LaTeX Warning: Citation `kulkarni2015statistically' on page 41 undefined on inp
ut line 968.



[41]
Underfull \hbox (badness 10000) in paragraph at lines 994--997

 []



[42]
Underfull \hbox (badness 10000) in paragraph at lines 1014--1026

 []



[43]

[44]
Chapter 4.


[45

]
Overfull \hbox (28.37482pt too wide) detected at line 1078
[][]
 []


Overfull \hbox (13.05107pt too wide) in paragraph at lines 1113--1114
\TU/Georgia(0)/m/n/10 probability space. The function "sum the values of two di
ce" $\OT1/cmr/m/n/10 (\OML/cmm/m/it/10 V\OT1/cmr/m/n/10 ((\OML/cmm/m/it/10 a; b
\OT1/cmr/m/n/10 )) =
 []



[46]

[47]
File: ./images/2025_03_17_ca60ec0bfd96dcf8e028g-047.jpg Graphic file (type bmp)

<./images/2025_03_17_ca60ec0bfd96dcf8e028g-047.jpg>

Underfull \hbox (badness 10000) in paragraph at lines 1154--1154

 []



[48]

[49]
Overfull \hbox (6.45598pt too wide) in paragraph at lines 1226--1228
\TU/Georgia(0)/m/n/10 other, as in this problem. By Bayes theorem $\OML/cmm/m/i
t/10 P\OT1/cmr/m/n/10 (\OML/cmm/m/it/10 B \OMS/cmsy/m/n/10 j \OML/cmm/m/it/10 A
\OT1/cmr/m/n/10 ) = (1 \OMS/cmsy/m/n/10 ^^A \OT1/cmr/m/n/10 9/36)/(25/36) =
 []


Underfull \hbox (badness 10000) in paragraph at lines 1226--1228

 []

File: ./images/2025_03_17_ca60ec0bfd96dcf8e028g-049.jpg Graphic file (type bmp)

<./images/2025_03_17_ca60ec0bfd96dcf8e028g-049.jpg>

Underfull \hbox (badness 10000) in paragraph at lines 1232--1232

 []


LaTeX Warning: `h' float specifier changed to `ht'.



[50]
File: ./images/2025_03_17_ca60ec0bfd96dcf8e028g-050.jpg Graphic file (type bmp)

<./images/2025_03_17_ca60ec0bfd96dcf8e028g-050.jpg>

Underfull \hbox (badness 10000) in paragraph at lines 1250--1250

 []


LaTeX Warning: `h' float specifier changed to `ht'.



[51]

[52]

[53]
Overfull \hbox (1.7188pt too wide) in paragraph at lines 1303--1306
\TU/Georgia(0)/m/n/10 The mean is very meaningful to characterize symmetric dis
tributions with-
 []


Underfull \hbox (badness 10000) in paragraph at lines 1303--1306

 []


Underfull \hbox (badness 10000) in paragraph at lines 1321--1326

 []



[54]
File: ./images/2025_03_17_ca60ec0bfd96dcf8e028g-053.jpg Graphic file (type bmp)

<./images/2025_03_17_ca60ec0bfd96dcf8e028g-053.jpg>

Missing character: There is no ∗ (U+2217) in font Georgia/OT:script=latn;langua
ge=dflt;!

Overfull \hbox (0.25368pt too wide) in paragraph at lines 1334--1336
\TU/Georgia(0)/m/n/10 histogram) is meaningful, but interesting peaks only get 
revealed
 []


Overfull \hbox (5.1212pt too wide) in paragraph at lines 1334--1336
\TU/Georgia(0)/m/n/10 distribution in the United States lies between $\OT1/cmr/
m/n/10 $30\OML/cmm/m/it/10 ; \OT1/cmr/m/n/10 000$ \TU/Georgia(0)/m/n/10 and $\O
T1/cmr/m/n/10 $40\OML/cmm/m/it/10 ; \OT1/cmr/m/n/10 000$
 []


Underfull \vbox (badness 10000) has occurred while \output is active []



[55]
Underfull \hbox (badness 10000) in paragraph at lines 1347--1349

 []


Overfull \hbox (1.61916pt too wide) in paragraph at lines 1350--1351
[]\TU/Georgia(0)/m/n/10 cartridge bulb," where the evil manufacturer builds ver
y robust bulbs,
 []



[56]
Missing character: There is no ∗ (U+2217) in font Georgia/OT:script=latn;langua
ge=dflt;!

Overfull \hbox (1.37175pt too wide) in paragraph at lines 1373--1373
 []\TU/Georgia(0)/m/n/10 In[29]:= Histogram[d = Table[Season[0.300, 500], {100 
000}], 100][] 
 []

File: ./images/2025_03_17_ca60ec0bfd96dcf8e028g-055.jpg Graphic file (type bmp)

<./images/2025_03_17_ca60ec0bfd96dcf8e028g-055.jpg>

Underfull \hbox (badness 10000) in paragraph at lines 1379--1379

 []


LaTeX Warning: `h' float specifier changed to `ht'.

Missing character: There is no ∗ (U+2217) in font Georgia/OT:script=latn;langua
ge=dflt;!

Overfull \hbox (27.754pt too wide) in paragraph at lines 1386--1386
[]\TU/Georgia(0)/m/n/10 Sports performance: Students have good semesters and ba
d semesters,
 []



[57]
Missing character: There is no ∗ (U+2217) in font Georgia/OT:script=latn;langua
ge=dflt;!


[58]
Underfull \vbox (badness 2644) has occurred while \output is active []



[59]
Missing character: There is no ∗ (U+2217) in font Georgia/OT:script=latn;langua
ge=dflt;!
Missing character: There is no ∗ (U+2217) in font Georgia/OT:script=latn;langua
ge=dflt;!
Missing character: There is no ∗ (U+2217) in font Georgia/OT:script=latn;langua
ge=dflt;!
Missing character: There is no ∗ (U+2217) in font Georgia/OT:script=latn;langua
ge=dflt;!

Underfull \hbox (badness 10000) in paragraph at lines 1437--1437
[][]$ [][]\TU/Georgia(0)/m/n/8 https://research.collegeboard.org/sites/default/
files/publications/2012/9/[][] researchreport-
 []

Missing character: There is no ∗ (U+2217) in font Georgia/OT:script=latn;langua
ge=dflt;!


[60]

[61]
File: ./images/2025_03_17_ca60ec0bfd96dcf8e028g-059.jpg Graphic file (type bmp)

<./images/2025_03_17_ca60ec0bfd96dcf8e028g-059.jpg>


[62]
File: ./images/2025_03_17_ca60ec0bfd96dcf8e028g-060(2).jpg Graphic file (type b
mp)
<./images/2025_03_17_ca60ec0bfd96dcf8e028g-060(2).jpg>
File: ./images/2025_03_17_ca60ec0bfd96dcf8e028g-060.jpg Graphic file (type bmp)

<./images/2025_03_17_ca60ec0bfd96dcf8e028g-060.jpg>
File: ./images/2025_03_17_ca60ec0bfd96dcf8e028g-060(1).jpg Graphic file (type b
mp)
<./images/2025_03_17_ca60ec0bfd96dcf8e028g-060(1).jpg>

Underfull \hbox (badness 10000) in paragraph at lines 1496--1496

 []


LaTeX Warning: Float too large for page by 615.25603pt on input line 1497.


LaTeX Warning: `h' float specifier changed to `ht'.



[63]
Missing character: There is no ∗ (U+2217) in font Georgia/OT:script=latn;langua
ge=dflt;!
File: ./images/2025_03_17_ca60ec0bfd96dcf8e028g-061(1).jpg Graphic file (type b
mp)
<./images/2025_03_17_ca60ec0bfd96dcf8e028g-061(1).jpg>

LaTeX Warning: `h' float specifier changed to `ht'.

File: ./images/2025_03_17_ca60ec0bfd96dcf8e028g-061.jpg Graphic file (type bmp)

<./images/2025_03_17_ca60ec0bfd96dcf8e028g-061.jpg>

Underfull \hbox (badness 10000) in paragraph at lines 1522--1522

 []


LaTeX Warning: `h' float specifier changed to `ht'.

Missing character: There is no ∗ (U+2217) in font Georgia/OT:script=latn;langua
ge=dflt;!


[64]
Missing character: There is no ∗ (U+2217) in font Georgia/OT:script=latn;langua
ge=dflt;!
Missing character: There is no ∗ (U+2217) in font Georgia/OT:script=latn;langua
ge=dflt;!
File: ./images/2025_03_17_ca60ec0bfd96dcf8e028g-063(2).jpg Graphic file (type b
mp)
<./images/2025_03_17_ca60ec0bfd96dcf8e028g-063(2).jpg>
/Users/aliasgar/Desktop/Ali Asgar/Stony Brook/Advanced Project/local/files/data
-science/manual_images/data-science_final.tex:1554: Extra }, or forgotten \endg
roup.
\@endfloatbox ...pagefalse \outer@nobreak \egroup 
                                                  \color@endbox 
l.1554 \end{figure}
                   
I've deleted a group-closing symbol because it seems to be
spurious, as in `$x}$'. But perhaps the } is legitimate and
you forgot something else, as in `\hbox{$x}'. In such cases
the way to recover is to insert both the forgotten and the
deleted material, e.g., by typing `I$}'.


LaTeX Warning: `h' float specifier changed to `ht'.

File: ./images/2025_03_17_ca60ec0bfd96dcf8e028g-063.jpg Graphic file (type bmp)

<./images/2025_03_17_ca60ec0bfd96dcf8e028g-063.jpg>
File: ./images/2025_03_17_ca60ec0bfd96dcf8e028g-063(1).jpg Graphic file (type b
mp)
<./images/2025_03_17_ca60ec0bfd96dcf8e028g-063(1).jpg>
/Users/aliasgar/Desktop/Ali Asgar/Stony Brook/Advanced Project/local/files/data
-science/manual_images/data-science_final.tex:1562: Extra }, or forgotten \endg
roup.
\@endfloatbox ...pagefalse \outer@nobreak \egroup 
                                                  \color@endbox 
l.1562 \end{figure}
                   
I've deleted a group-closing symbol because it seems to be
spurious, as in `$x}$'. But perhaps the } is legitimate and
you forgot something else, as in `\hbox{$x}'. In such cases
the way to recover is to insert both the forgotten and the
deleted material, e.g., by typing `I$}'.


LaTeX Warning: `h' float specifier changed to `ht'.



[65]

[66]

[67]
File: ./images/2025_03_17_ca60ec0bfd96dcf8e028g-066.jpg Graphic file (type bmp)

<./images/2025_03_17_ca60ec0bfd96dcf8e028g-066.jpg>


LaTeX Warning: `h' float specifier changed to `ht'.



[68]
File: ./images/2025_03_17_ca60ec0bfd96dcf8e028g-067.jpg Graphic file (type bmp)

<./images/2025_03_17_ca60ec0bfd96dcf8e028g-067.jpg>

Underfull \hbox (badness 10000) in paragraph at lines 1646--1646

 []


LaTeX Warning: `h' float specifier changed to `ht'.



[69]

[70]

LaTeX Warning: Citation `tijms2012understanding' on page 71 undefined on input 
line 1727.


LaTeX Warning: Citation `bertsekas2008introduction' on page 71 undefined on inp
ut line 1727.


LaTeX Warning: Citation `james2013introduction' on page 71 undefined on input l
ine 1727.


LaTeX Warning: Citation `wheelan2013naked' on page 71 undefined on input line 1
727.


LaTeX Warning: Citation `weaver1982lady' on page 71 undefined on input line 172
7.


LaTeX Warning: Citation `malkiel1999random' on page 71 undefined on input line 
1729.



[71]

LaTeX Warning: Citation `bracewell1999fourier' on page 72 undefined on input li
ne 1733.


LaTeX Warning: Citation `brigham1988fast' on page 72 undefined on input line 17
33.


LaTeX Warning: Citation `press2007numerical' on page 72 undefined on input line
 1733.


LaTeX Warning: Citation `skiena2012redesigning' on page 72 undefined on input l
ine 1737.

Missing character: There is no ∗ (U+2217) in font Georgia/OT:script=latn;langua
ge=dflt;!
Missing character: There is no ∗ (U+2217) in font Georgia/OT:script=latn;langua
ge=dflt;!
Missing character: There is no ∗ (U+2217) in font Georgia/OT:script=latn;langua
ge=dflt;!


[72]

[73]

[74]

[75]

[76]

[77]

[78]

[79]

[80]
Chapter 5.
Missing character: There is no ∗ (U+2217) in font Georgia/OT:script=latn;langua
ge=dflt;!

Underfull \vbox (badness 1975) has occurred while \output is active []



[81

]
Missing character: There is no ∗ (U+2217) in font Georgia/OT:script=latn;langua
ge=dflt;!

Overfull \hbox (1.06616pt too wide) in paragraph at lines 1873--1874
[]\TU/Georgia(0)/m/n/10 Python: This is today's bread-and-butter programming la
nguage
 []


Overfull \hbox (6.17978pt too wide) in paragraph at lines 1873--1874
\TU/Georgia(0)/m/n/10 an interpreted language, making the development process q
uicker
 []

Missing character: There is no ∗ (U+2217) in font Georgia/OT:script=latn;langua
ge=dflt;!

Overfull \hbox (6.546pt too wide) in paragraph at lines 1879--1880
\TU/Georgia(0)/m/n/10 index[][]), Python first exceeded Perl in popularity in 2
008 and hasn't
 []


Overfull \hbox (4.90103pt too wide) in paragraph at lines 1879--1880
\TU/Georgia(0)/m/n/10 looked back. There are several reasons for this, includin
g stronger
 []

Missing character: There is no ∗ (U+2217) in font Georgia/OT:script=latn;langua
ge=dflt;!
Missing character: There is no ∗ (U+2217) in font Georgia/OT:script=latn;langua
ge=dflt;!


[82]
Missing character: There is no ∗ (U+2217) in font Georgia/OT:script=latn;langua
ge=dflt;!
Missing character: There is no ∗ (U+2217) in font Georgia/OT:script=latn;langua
ge=dflt;!

Overfull \hbox (1.04663pt too wide) in paragraph at lines 1895--1895
[]\TU/Georgia(0)/m/n/10 Mathematica/Wolfram Alpha: Mathematica is a proprietary
 sys-
 []


Overfull \hbox (0.97557pt too wide) in paragraph at lines 1895--1895
\TU/Georgia(0)/m/n/10 Wolfram programming language. It is the foundation of the
 Wol-
 []

Missing character: There is no ∗ (U+2217) in font Georgia/OT:script=latn;langua
ge=dflt;!


[83]
LaTeX Font Info:    Font shape `TU/Georgia(0)/bx/n' in size <8> not available
(Font)              Font shape `TU/Georgia(0)/b/n' tried instead on input line 
1909.


LaTeX Warning: Citation `barron2010apples' on page 84 undefined on input line 1
909.


Overfull \hbox (5.54492pt too wide) in paragraph at lines 1921--1921
 []\TU/Georgia(0)/m/n/10 plt.plot(degrees, errors[:, 0], marker=[]^[], c=[]r[],
 label=[]Testing samples[] 
 []


Overfull \hbox (5.21289pt too wide) in paragraph at lines 1921--1921
 []\TU/Georgia(0)/m/n/10 plt.plot(degrees, errors[:, 1], marker=[]o[], c=[]b[],
 label=[]Training sample[] 
 []

File: ./images/2025_03_17_ca60ec0bfd96dcf8e028g-077.jpg Graphic file (type bmp)

<./images/2025_03_17_ca60ec0bfd96dcf8e028g-077.jpg>


[84]
Missing character: There is no ∗ (U+2217) in font Georgia/OT:script=latn;langua
ge=dflt;!
Missing character: There is no ∗ (U+2217) in font Georgia/OT:script=latn;langua
ge=dflt;!
Missing character: There is no ∗ (U+2217) in font Georgia/OT:script=latn;langua
ge=dflt;!
Missing character: There is no ∗ (U+2217) in font Georgia/OT:script=latn;langua
ge=dflt;!

Overfull \hbox (0.95766pt too wide) in paragraph at lines 1943--1944
[]\TU/Georgia(0)/m/n/10 Computations must be tweakable. Often reconsideration o
r eval-
 []

Missing character: There is no ∗ (U+2217) in font Georgia/OT:script=latn;langua
ge=dflt;!
Missing character: There is no ∗ (U+2217) in font Georgia/OT:script=latn;langua
ge=dflt;!


[85]
Missing character: There is no ∗ (U+2217) in font Georgia/OT:script=latn;langua
ge=dflt;!
Missing character: There is no ∗ (U+2217) in font Georgia/OT:script=latn;langua
ge=dflt;!
Missing character: There is no ∗ (U+2217) in font Georgia/OT:script=latn;langua
ge=dflt;!


[86]
Missing character: There is no ∗ (U+2217) in font Georgia/OT:script=latn;langua
ge=dflt;!

Overfull \hbox (4.21478pt too wide) in paragraph at lines 1972--1972
[]\TU/Georgia(0)/m/n/10 XML (eXtensible Markup Language): Structured but non-ta
bular
 []

Missing character: There is no ∗ (U+2217) in font Georgia/OT:script=latn;langua
ge=dflt;!
Missing character: There is no ∗ (U+2217) in font Georgia/OT:script=latn;langua
ge=dflt;!

Overfull \hbox (0.66904pt too wide) in paragraph at lines 1985--1986
\TU/Georgia(0)/m/n/10 communicate the state of variables/data structures from o
ne sys-
 []


Overfull \hbox (0.3229pt too wide) in paragraph at lines 1985--1986
\TU/Georgia(0)/m/n/10 tem to another. This representation is basically a list o
f attribute-
 []



[87]
Missing character: There is no ∗ (U+2217) in font Georgia/OT:script=latn;langua
ge=dflt;!

Overfull \hbox (5.73576pt too wide) in paragraph at lines 1999--2000
\TU/Georgia(0)/m/n/10 serializing structured data for communications and storag
e across
 []


Overfull \hbox (9.34254pt too wide) in paragraph at lines 1999--2000
\TU/Georgia(0)/m/n/10 to communicate small amounts of data across programs like
 JSON.
 []

Missing character: There is no ∗ (U+2217) in font Georgia/OT:script=latn;langua
ge=dflt;!
Missing character: There is no ∗ (U+2217) in font Georgia/OT:script=latn;langua
ge=dflt;!
Missing character: There is no ∗ (U+2217) in font Georgia/OT:script=latn;langua
ge=dflt;!


[88]
Missing character: There is no ∗ (U+2217) in font Georgia/OT:script=latn;langua
ge=dflt;!
Missing character: There is no ∗ (U+2217) in font Georgia/OT:script=latn;langua
ge=dflt;!
Missing character: There is no ∗ (U+2217) in font Georgia/OT:script=latn;langua
ge=dflt;!

Overfull \hbox (1.56422pt too wide) in paragraph at lines 2035--2036
[]\TU/Georgia(0)/m/n/10 Providing customers and third parties with data that ca
n increase
 []

Missing character: There is no ∗ (U+2217) in font Georgia/OT:script=latn;langua
ge=dflt;!


[89]

[90]

[91]
Missing character: There is no ∗ (U+2217) in font Georgia/OT:script=latn;langua
ge=dflt;!
Missing character: There is no ∗ (U+2217) in font Georgia/OT:script=latn;langua
ge=dflt;!


[92]

[93]
Missing character: There is no ∗ (U+2217) in font Georgia/OT:script=latn;langua
ge=dflt;!
Missing character: There is no ∗ (U+2217) in font Georgia/OT:script=latn;langua
ge=dflt;!
Missing character: There is no ∗ (U+2217) in font Georgia/OT:script=latn;langua
ge=dflt;!


[94]
File: ./images/2025_03_17_ca60ec0bfd96dcf8e028g-087.jpg Graphic file (type bmp)

<./images/2025_03_17_ca60ec0bfd96dcf8e028g-087.jpg>


[95]
File: ./images/2025_03_17_ca60ec0bfd96dcf8e028g-088.jpg Graphic file (type bmp)

<./images/2025_03_17_ca60ec0bfd96dcf8e028g-088.jpg>


LaTeX Warning: `h' float specifier changed to `ht'.



[96]

[97]
Missing character: There is no ∗ (U+2217) in font Georgia/OT:script=latn;langua
ge=dflt;!
Missing character: There is no ∗ (U+2217) in font Georgia/OT:script=latn;langua
ge=dflt;!
Missing character: There is no ∗ (U+2217) in font Georgia/OT:script=latn;langua
ge=dflt;!
Missing character: There is no ∗ (U+2217) in font Georgia/OT:script=latn;langua
ge=dflt;!


[98]

[99]

[100]

LaTeX Warning: Citation `reingold2001calendrical' on page 101 undefined on inpu
t line 2250.



[101]

[102]
Missing character: There is no ∗ (U+2217) in font Georgia/OT:script=latn;langua
ge=dflt;!
Missing character: There is no ∗ (U+2217) in font Georgia/OT:script=latn;langua
ge=dflt;!
Missing character: There is no ∗ (U+2217) in font Georgia/OT:script=latn;langua
ge=dflt;!

Overfull \hbox (5.04243pt too wide) in paragraph at lines 2281--2282
[]\TU/Georgia(0)/m/n/10 What is the relative frequency of events too rare to se
e in a limited-
 []



[103]
Missing character: There is no ∗ (U+2217) in font Georgia/OT:script=latn;langua
ge=dflt;!

Overfull \hbox (2.53233pt too wide) in paragraph at lines 2301--2302
\TU/Georgia(0)/m/n/10 underlying domain, we should be able to make a reasonable
 guess
 []

Missing character: There is no ∗ (U+2217) in font Georgia/OT:script=latn;langua
ge=dflt;!
Missing character: There is no ∗ (U+2217) in font Georgia/OT:script=latn;langua
ge=dflt;!
Missing character: There is no ∗ (U+2217) in font Georgia/OT:script=latn;langua
ge=dflt;!


[104]
Missing character: There is no ∗ (U+2217) in font Georgia/OT:script=latn;langua
ge=dflt;!

Overfull \hbox (6.86176pt too wide) in paragraph at lines 2318--2319
[]\TU/Georgia(0)/m/n/10 Imputation by interpolation: More generally, we can use
 a method
 []


LaTeX Warning: Citation `goldenberg2016biggest' on page 105 undefined on input 
line 2328.



[105]

[106]

[107]
File: ./images/2025_03_17_ca60ec0bfd96dcf8e028g-098.jpg Graphic file (type bmp)

<./images/2025_03_17_ca60ec0bfd96dcf8e028g-098.jpg>


[108]

[109]

LaTeX Warning: Citation `surowiecki2005wisdom' on page 110 undefined on input l
ine 2412.

Missing character: There is no ∗ (U+2217) in font Georgia/OT:script=latn;langua
ge=dflt;!

Overfull \hbox (3.12346pt too wide) in paragraph at lines 2415--2416
[]\TU/Georgia(0)/m/n/10 When the opinions are independent: Our experiment highl
ighted
 []

Missing character: There is no ∗ (U+2217) in font Georgia/OT:script=latn;langua
ge=dflt;!
Missing character: There is no ∗ (U+2217) in font Georgia/OT:script=latn;langua
ge=dflt;!


[110]
Missing character: There is no ∗ (U+2217) in font Georgia/OT:script=latn;langua
ge=dflt;!


[111]
File: ./images/2025_03_17_ca60ec0bfd96dcf8e028g-102.jpg Graphic file (type bmp)

<./images/2025_03_17_ca60ec0bfd96dcf8e028g-102.jpg>


LaTeX Warning: `h' float specifier changed to `ht'.

Missing character: There is no ∗ (U+2217) in font Georgia/OT:script=latn;langua
ge=dflt;!


[112]
Overfull \hbox (0.80089pt too wide) in paragraph at lines 2463--2464
[]\TU/Georgia(0)/m/n/10 So where is the boundary in color space between "blue" 
and "light
 []

Missing character: There is no ∗ (U+2217) in font Georgia/OT:script=latn;langua
ge=dflt;!
Missing character: There is no ∗ (U+2217) in font Georgia/OT:script=latn;langua
ge=dflt;!


[113]
Overfull \hbox (0.61859pt too wide) in paragraph at lines 2470--2471
\TU/Georgia(0)/m/n/10 evaluate a system he built to identify the most relevant 
Wikipedia
 []


Overfull \hbox (15.42978pt too wide) in paragraph at lines 2470--2471
\TU/Georgia(0)/m/n/10 Barack Obama: Presidents of the United States or African-
American
 []

Missing character: There is no ∗ (U+2217) in font Georgia/OT:script=latn;langua
ge=dflt;!
Missing character: There is no ∗ (U+2217) in font Georgia/OT:script=latn;langua
ge=dflt;!

Overfull \hbox (2.91025pt too wide) in paragraph at lines 2474--2474
[]\TU/Georgia(0)/m/n/10 Independent creative efforts: Crowdsourcing can be used
 to com-
 []

Missing character: There is no ∗ (U+2217) in font Georgia/OT:script=latn;langua
ge=dflt;!
Missing character: There is no ∗ (U+2217) in font Georgia/OT:script=latn;langua
ge=dflt;!

Overfull \hbox (0.80737pt too wide) in paragraph at lines 2477--2478
[]\TU/Georgia(0)/m/n/10 Emoji Dick ([][]http://www.emojidick.com[][]) was a cro
wdsourced ef-
 []

Missing character: There is no ∗ (U+2217) in font Georgia/OT:script=latn;langua
ge=dflt;!

Overfull \hbox (7.54239pt too wide) in paragraph at lines 2478--2479
[]\TU/Georgia(0)/m/n/10 Economic/psychological experiments: Crowdsourcing has p
roven
 []



[114]
Missing character: There is no ∗ (U+2217) in font Georgia/OT:script=latn;langua
ge=dflt;!

Overfull \hbox (3.28134pt too wide) in paragraph at lines 2487--2488
[]\TU/Georgia(0)/m/n/10 Tasks requiring specific technical skills are not reaso
nably crowd-
 []

Missing character: There is no ∗ (U+2217) in font Georgia/OT:script=latn;langua
ge=dflt;!
Missing character: There is no ∗ (U+2217) in font Georgia/OT:script=latn;langua
ge=dflt;!

Overfull \hbox (2.86304pt too wide) in paragraph at lines 2491--2492
[]\TU/Georgia(0)/m/n/10 Crowdsourcing platforms permit employers to withhold pa
yment
 []



[115]
Missing character: There is no ∗ (U+2217) in font Georgia/OT:script=latn;langua
ge=dflt;!

Overfull \hbox (7.21527pt too wide) in paragraph at lines 2501--2501
[]\TU/Georgia(0)/m/n/10 People at educational and research institutions are hel
d to a higher
 []


Underfull \vbox (badness 1997) has occurred while \output is active []



[116]
Missing character: There is no ∗ (U+2217) in font Georgia/OT:script=latn;langua
ge=dflt;!
Missing character: There is no ∗ (U+2217) in font Georgia/OT:script=latn;langua
ge=dflt;!

Overfull \hbox (16.66566pt too wide) in paragraph at lines 2520--2521
\TU/Georgia(0)/m/n/10 ducible aspects of personality. Academic psychologists us
e multiple-
 []

Missing character: There is no ∗ (U+2217) in font Georgia/OT:script=latn;langua
ge=dflt;!

Overfull \hbox (3.75714pt too wide) in paragraph at lines 2526--2526
\TU/Georgia(0)/m/n/10 computational challenges in science. Despite many years o
f work,
 []



[117]

LaTeX Warning: Citation `babbage2011passages' on page 118 undefined on input li
ne 2540.


LaTeX Warning: Citation `padua2015thrilling' on page 118 undefined on input lin
e 2540.


LaTeX Warning: Citation `grus2015data' on page 118 undefined on input line 2542
.


LaTeX Warning: Citation `mckinney2012python' on page 118 undefined on input lin
e 2542.


LaTeX Warning: Citation `gleick1996bug' on page 118 undefined on input line 254
6.



[118]

LaTeX Warning: Citation `kittur2008crowdsourcing' on page 119 undefined on inpu
t line 2550.


LaTeX Warning: Citation `chen2015vector' on page 119 undefined on input line 25
50.


LaTeX Warning: Citation `deterding2011from' on page 119 undefined on input line
 2550.


LaTeX Warning: Citation `kapp2012gamification' on page 119 undefined on input l
ine 2550.


LaTeX Warning: Citation `kosinski2013private' on page 119 undefined on input li
ne 2550.

Missing character: There is no ∗ (U+2217) in font Georgia/OT:script=latn;langua
ge=dflt;!
Missing character: There is no ∗ (U+2217) in font Georgia/OT:script=latn;langua
ge=dflt;!
Missing character: There is no ∗ (U+2217) in font Georgia/OT:script=latn;langua
ge=dflt;!
Missing character: There is no ∗ (U+2217) in font Georgia/OT:script=latn;langua
ge=dflt;!
Missing character: There is no ∗ (U+2217) in font Georgia/OT:script=latn;langua
ge=dflt;!
Missing character: There is no ∗ (U+2217) in font Georgia/OT:script=latn;langua
ge=dflt;!


[119]
Missing character: There is no ∗ (U+2217) in font Georgia/OT:script=latn;langua
ge=dflt;!
Missing character: There is no ∗ (U+2217) in font Georgia/OT:script=latn;langua
ge=dflt;!
Missing character: There is no ∗ (U+2217) in font Georgia/OT:script=latn;langua
ge=dflt;!
Missing character: There is no ∗ (U+2217) in font Georgia/OT:script=latn;langua
ge=dflt;!
Missing character: There is no ∗ (U+2217) in font Georgia/OT:script=latn;langua
ge=dflt;!
Missing character: There is no ∗ (U+2217) in font Georgia/OT:script=latn;langua
ge=dflt;!
Missing character: There is no ∗ (U+2217) in font Georgia/OT:script=latn;langua
ge=dflt;!
Missing character: There is no ∗ (U+2217) in font Georgia/OT:script=latn;langua
ge=dflt;!
Missing character: There is no ∗ (U+2217) in font Georgia/OT:script=latn;langua
ge=dflt;!
Missing character: There is no ∗ (U+2217) in font Georgia/OT:script=latn;langua
ge=dflt;!
Missing character: There is no ∗ (U+2217) in font Georgia/OT:script=latn;langua
ge=dflt;!
Missing character: There is no ∗ (U+2217) in font Georgia/OT:script=latn;langua
ge=dflt;!
Missing character: There is no ∗ (U+2217) in font Georgia/OT:script=latn;langua
ge=dflt;!
Missing character: There is no ∗ (U+2217) in font Georgia/OT:script=latn;langua
ge=dflt;!


[120]
Missing character: There is no ∗ (U+2217) in font Georgia/OT:script=latn;langua
ge=dflt;!
Missing character: There is no ∗ (U+2217) in font Georgia/OT:script=latn;langua
ge=dflt;!


[121]

[122

]
Chapter 6.
Missing character: There is no ∗ (U+2217) in font Georgia/OT:script=latn;langua
ge=dflt;!
Missing character: There is no ∗ (U+2217) in font Georgia/OT:script=latn;langua
ge=dflt;!
Missing character: There is no ∗ (U+2217) in font Georgia/OT:script=latn;langua
ge=dflt;!


[123]
Missing character: There is no ∗ (U+2217) in font Georgia/OT:script=latn;langua
ge=dflt;!

Overfull \hbox (2.54208pt too wide) in paragraph at lines 2665--2666
[]\TU/Georgia(0)/m/n/10 General Robustness: And yet, despite using widely-dispa
rate and
 []


Overfull \hbox (2.3688pt too wide) in paragraph at lines 2665--2666
\TU/Georgia(0)/m/n/10 ally produce similar results. Every school has a cohort o
f straight-
 []



[124]
Missing character: There is no ∗ (U+2217) in font Georgia/OT:script=latn;langua
ge=dflt;!
Missing character: There is no ∗ (U+2217) in font Georgia/OT:script=latn;langua
ge=dflt;!
Missing character: There is no ∗ (U+2217) in font Georgia/OT:script=latn;langua
ge=dflt;!
File: ./images/2025_03_17_ca60ec0bfd96dcf8e028g-113.jpg Graphic file (type bmp)

<./images/2025_03_17_ca60ec0bfd96dcf8e028g-113.jpg>

Overfull \hbox (0.26135pt too wide) in paragraph at lines 2702--2703
[]\TU/Georgia(0)/m/n/10 The BMI is an example of a very successful statistic/sc
oring func-
 []



[125]
File: ./images/2025_03_17_ca60ec0bfd96dcf8e028g-114(2).jpg Graphic file (type b
mp)
<./images/2025_03_17_ca60ec0bfd96dcf8e028g-114(2).jpg>

Underfull \hbox (badness 10000) in paragraph at lines 2719--2719

 []

File: ./images/2025_03_17_ca60ec0bfd96dcf8e028g-114(1).jpg Graphic file (type b
mp)
<./images/2025_03_17_ca60ec0bfd96dcf8e028g-114(1).jpg>
File: ./images/2025_03_17_ca60ec0bfd96dcf8e028g-114.jpg Graphic file (type bmp)

<./images/2025_03_17_ca60ec0bfd96dcf8e028g-114.jpg>

Underfull \hbox (badness 10000) in paragraph at lines 2725--2725

 []


LaTeX Warning: `h' float specifier changed to `ht'.


Overfull \hbox (0.60284pt too wide) in paragraph at lines 2728--2729
\TU/Georgia(0)/m/n/10 letes. These football players are generally optimized for
 strength,
 []



[126]

[127]
Overfull \hbox (4.6433pt too wide) in paragraph at lines 2753--2754
[]\TU/Georgia(0)/m/n/10 The prices that collectors will pay for autographs from
 celebri-
 []


Overfull \hbox (7.12538pt too wide) in paragraph at lines 2753--2754
\TU/Georgia(0)/m/n/10 ties should generally correlate with the celebrity's sign
ificance.
 []


Overfull \hbox (0.87213pt too wide) in paragraph at lines 2755--2756
\TU/Georgia(0)/m/n/10 dents ranked higher by historians should generally be ran
ked
 []


Overfull \hbox (4.4382pt too wide) in paragraph at lines 2766--2767
[]\TU/Georgia(0)/m/n/10 Football/basketball top twenty: Press agencies generall
y rank
 []


Overfull \hbox (9.0004pt too wide) in paragraph at lines 2766--2767
\TU/Georgia(0)/m/n/10 the top college sports teams by aggregating the votes of 
coaches
 []


Overfull \hbox (3.64363pt too wide) in paragraph at lines 2766--2767
\TU/Georgia(0)/m/n/10 score for each team, and sorting these scores defines the
 rank-
 []



[128]
Overfull \hbox (4.70238pt too wide) in paragraph at lines 2772--2773
[]$\OML/cmm/m/it/10 A \OT1/cmr/m/n/10 = 4\OML/cmm/m/it/10 :\OT1/cmr/m/n/10 0)$\
TU/Georgia(0)/m/n/10 . But there are natural variants: many schools choose
 []


Overfull \hbox (4.2608pt too wide) in paragraph at lines 2772--2773
\TU/Georgia(0)/m/n/10 to weigh honors courses more heavily than lightweight cla
sses
 []


Overfull \hbox (6.1827pt too wide) in paragraph at lines 2772--2773
\TU/Georgia(0)/m/n/10 like gym, to reflect the greater difficulty of getting go
od grades. 
 []


Overfull \hbox (0.92589pt too wide) in paragraph at lines 2775--2776
\TU/Georgia(0)/m/n/10 ranking position (say, 493th out of 2196) yields a numeri
cal score
 []



[129]
Overfull \hbox (3.33687pt too wide) in paragraph at lines 2787--2788
[]\TU/Georgia(0)/m/n/10 Do vou care about the extremes or the middle? Well-desi
gned
 []


Overfull \hbox (8.19115pt too wide) in paragraph at lines 2801--2802
[]\TU/Georgia(0)/m/n/10 Generally speaking, you are producing a scoring functio
n with-
 []


Overfull \hbox (3.76244pt too wide) in paragraph at lines 2801--2802
\TU/Georgia(0)/m/n/10 quires understanding what your variables mean, so your sc
or-
 []



[130]
Overfull \hbox (6.06093pt too wide) in paragraph at lines 2804--2804
\TU/Georgia(0)/m/n/10 from bellshaped distributions behave sensibly in scoring 
func-
 []


Overfull \hbox (6.00722pt too wide) in paragraph at lines 2805--2806
\TU/Georgia(0)/m/n/10 reduces the scoring function's dependence on magic consta
nts
 []


Overfull \hbox (142.04082pt too wide) in paragraph at lines 2811--2817
 [] 
 []


Overfull \hbox (0.20485pt too wide) in paragraph at lines 2821--2822
[]\TU/Georgia(0)/m/n/10 Generally speaking, summing up Z-scores using the corre
ct signs
 []


Overfull \hbox (3.81032pt too wide) in paragraph at lines 2821--2822
\TU/Georgia(0)/m/n/10 correlations) with uniform weights will do roughly the ri
ght thing.
 []



[131]
Overfull \hbox (7.8282pt too wide) in paragraph at lines 2825--2826
[]\TU/Georgia(0)/m/n/10 In general, scores should be real numbers over a health
y range,
 []


Overfull \hbox (27.35524pt too wide) in paragraph at lines 2829--2830
\TU/Georgia(0)/m/n/10 to normalize all the different variables to make their ra
nge/distribution
 []


Overfull \hbox (0.2296pt too wide) in paragraph at lines 2838--2839
\TU/Georgia(0)/m/n/10 The Zscores of height measured in inches will be exactly 
the same
 []


Overfull \hbox (0.26996pt too wide) in paragraph at lines 2840--2840
\TU/Georgia(0)/m/n/10 they aid in visualizing patterns and correlations, by ens
uring that
 []


Overfull \hbox (7.65797pt too wide) in paragraph at lines 2843--2844
\TU/Georgia(0)/m/n/10 that a Z-score of 3.87 must represent basketball-player l
evel height
 []


Overfull \hbox (0.20517pt too wide) in paragraph at lines 2845--2846
\TU/Georgia(0)/m/n/10 doesn't really do anything that most learning algorithms 
couldn't
 []



[132]
Overfull \hbox (2.7285pt too wide) in paragraph at lines 2849--2850
\TU/Georgia(0)/m/n/10 in how much the population variable dominates the model. 
Much
 []


Overfull \hbox (6.52159pt too wide) in paragraph at lines 2856--2857
\TU/Georgia(0)/m/n/10 In the absence of any gold standard, these methods produc
e statis-
 []


Overfull \hbox (2.89723pt too wide) in paragraph at lines 2861--2862
\TU/Georgia(0)/m/n/10 Rankings are often formed by analyzing sequences of binar
y com-
 []



[133]
Overfull \hbox (3.39171pt too wide) in paragraph at lines 2870--2871
\TU/Georgia(0)/m/n/10 is shown getting his start with FaceMash, a website showi
ng view-
 []

File: ./images/2025_03_17_ca60ec0bfd96dcf8e028g-122.jpg Graphic file (type bmp)

<./images/2025_03_17_ca60ec0bfd96dcf8e028g-122.jpg>


[134]

LaTeX Warning: `h' float specifier changed to `ht'.


Overfull \hbox (1.5668pt too wide) in paragraph at lines 2910--2911
\TU/Georgia(0)/m/n/10 one might imagine doing this, but a particularly simple t
rans-
 []


/Users/aliasgar/Desktop/Ali Asgar/Stony Brook/Advanced Project/local/files/data
-science/manual_images/data-science_final.tex:2918: LaTeX Error: Too deeply nes
ted.

See the LaTeX manual or LaTeX Companion for explanation.
Type  H <return>  for immediate help.
 ...                                              
                                                  
l.2918 \begin{itemize}
                      
You're in trouble here.  Try typing  <return>  to proceed.
If that doesn't work, type  X <return>  to quit.

File: ./images/2025_03_17_ca60ec0bfd96dcf8e028g-123.jpg Graphic file (type bmp)

<./images/2025_03_17_ca60ec0bfd96dcf8e028g-123.jpg>

LaTeX Warning: `h' float specifier changed to `ht'.


/Users/aliasgar/Desktop/Ali Asgar/Stony Brook/Advanced Project/local/files/data
-science/manual_images/data-science_final.tex:2929: LaTeX Error: Too deeply nes
ted.

See the LaTeX manual or LaTeX Companion for explanation.
Type  H <return>  for immediate help.
 ...                                              
                                                  
l.2929 \begin{itemize}
                      
You're in trouble here.  Try typing  <return>  to proceed.
If that doesn't work, type  X <return>  to quit.


Overfull \hbox (0.68755pt too wide) in paragraph at lines 2930--2931
[]\TU/Georgia(0)/m/n/10 When player $\OML/cmm/m/it/10 B$ \TU/Georgia(0)/m/n/10 
has a vast advantage, $\OML/cmm/m/it/10 x \OMS/cmsy/m/n/10 ! ^^@1$\TU/Georgia(0
)/m/n/10 , and $\OML/cmm/m/it/10 f\OT1/cmr/m/n/10 (\OMS/cmsy/m/n/10 ^^@1\OT1/cm
r/m/n/10 ) =
 []



[135]

[136]
File: ./images/2025_03_17_ca60ec0bfd96dcf8e028g-125.jpg Graphic file (type bmp)

<./images/2025_03_17_ca60ec0bfd96dcf8e028g-125.jpg>

Underfull \hbox (badness 10000) in paragraph at lines 2975--2975

 []


LaTeX Warning: `h' float specifier changed to `ht'.


Overfull \hbox (5.322pt too wide) in paragraph at lines 2979--2980
[]\TU/Georgia(0)/m/n/10 This type of weighting is implicitly performed by a bel
l-shaped
 []


Overfull \hbox (3.27547pt too wide) in paragraph at lines 2981--2982
[]\TU/Georgia(0)/m/n/10 Alternately, if our confidence is not symmetric, we cou
ld sam-
 []



[137]
File: ./images/2025_03_17_ca60ec0bfd96dcf8e028g-126.jpg Graphic file (type bmp)

<./images/2025_03_17_ca60ec0bfd96dcf8e028g-126.jpg>

Underfull \hbox (badness 10000) in paragraph at lines 2994--2994

 []


LaTeX Warning: `h' float specifier changed to `ht'.


Overfull \hbox (1.5069pt too wide) in paragraph at lines 3000--3001
\TU/Georgia(0)/m/n/10 called topologically sorting the DAG, which can be perfor
med
 []


Overfull \hbox (2.09772pt too wide) in paragraph at lines 3000--3001
\TU/Georgia(0)/m/n/10 exactly two distinct orders consistent with the directed 
edges:
 []



[138]
Overfull \hbox (19.311pt too wide) detected at line 3027
[][]
 []



[139]
Overfull \hbox (3.52324pt too wide) in paragraph at lines 3040--3040
[]\TU/Georgia(0)/b/n/14.4 Even crude mathematical mod-
 []


Overfull \hbox (0.6269pt too wide) in paragraph at lines 3041--3042
\TU/Georgia(0)/m/n/10 predictions each week. Remember that this was back in 197
7,
 []



[140]
Overfull \hbox (2.81245pt too wide) in paragraph at lines 3045--3046
\TU/Georgia(0)/m/n/10 didn't renew me the following season. However, Clyde's pi
cks
 []


Overfull \hbox (0.73563pt too wide) in paragraph at lines 3045--3046
\TU/Georgia(0)/m/n/10 ten amateur and professional prognosticators, or touts. E
ach
 []


Overfull \hbox (2.28165pt too wide) in paragraph at lines 3047--3048
[]\TU/Georgia(0)/m/n/10 The point spread in football is a way of handicapping s
tronger
 []

LaTeX Font Info:    Font shape `TU/KohinoorBangla(0)/bx/n' in size <14.4> not a
vailable
(Font)              Font shape `TU/KohinoorBangla(0)/b/n' tried instead on inpu
t line 3053.

Overfull \hbox (10.46881pt too wide) in paragraph at lines 3053--3053
[]\TU/Georgia(0)/b/n/14.4 м\TU/KohinoorBangla(0)/b/n/14.4 াৰ\TU/Georgia(0)/b/n/
14.4 uant uses computers to pre-
 []




LaTeX Font Warning: Font shape `TU/KohinoorBangla(0)/m/sl' undefined
(Font)              using `TU/KohinoorBangla(0)/m/n' instead on input line 3055
.

[141]
Overfull \hbox (1.66641pt too wide) in paragraph at lines 3056--3056
\TU/Georgia(0)/m/n/10 sehool junior who lives at 5 Currier Road off Dunhams Com
er
 []


Overfull \hbox (11.15533pt too wide) in paragraph at lines 3058--3058
[]\TU/Georgia(0)/m/n/10 The information is gathered from weekly compilations of
 footb-
 []


Overfull \hbox (1.83861pt too wide) in paragraph at lines 3060--3060
\TU/Georgia(0)/m/n/10 game between boo Oakiand Raiders, the eventual Super Bowi

 []


Overfull \hbox (5.96165pt too wide) in paragraph at lines 3061--3061
\TU/Georgia(0)/m/n/10 fighting for a playoff berth while Oakland bad already cl
inched
 []


Overfull \hbox (10.88646pt too wide) in paragraph at lines 3065--3065
[]\TU/Georgia(0)/m/n/10 The National Football League's 1778 Record Book, *hich 
breaks
 []


Overfull \hbox (3.13614pt too wide) in paragraph at lines 3065--3065
\TU/Georgia(0)/m/n/10 will supply most of Skiena's infornation for the first fe
w weeks
 []



[142]
File: ./images/2025_03_17_ca60ec0bfd96dcf8e028g-129.jpg Graphic file (type bmp)

<./images/2025_03_17_ca60ec0bfd96dcf8e028g-129.jpg>


LaTeX Warning: Float too large for page by 73.84668pt on input line 3077.


LaTeX Warning: `h' float specifier changed to `ht'.


Overfull \hbox (1.70795pt too wide) in paragraph at lines 3084--3084
[]\TU/Georgia(0)/m/n/10 "I think it's interesting enough for us to give it a sh
ot," Rhodes
 []


Overfull \hbox (4.81256pt too wide) in paragraph at lines 3092--3093
[]\TU/Georgia(0)/m/n/10 Crude mathematical models do not have real predictive p
ower
 []



[143]
Overfull \hbox (3.49876pt too wide) in paragraph at lines 3101--3102
\TU/Georgia(0)/m/n/10 ized data set, the most advanced machine learning algorit
hms
 []


Overfull \hbox (9.024pt too wide) in paragraph at lines 3103--3103
[]\TU/Georgia(0)/b/n/14.4 Arrow's Impossibility Theorem 
 []


/Users/aliasgar/Desktop/Ali Asgar/Stony Brook/Advanced Project/local/files/data
-science/manual_images/data-science_final.tex:3108: LaTeX Error: Too deeply nes
ted.

See the LaTeX manual or LaTeX Companion for explanation.
Type  H <return>  for immediate help.
 ...                                              
                                                  
l.3108 \begin{itemize}
                      
You're in trouble here.  Try typing  <return>  to proceed.
If that doesn't work, type  X <return>  to quit.



[144]

/Users/aliasgar/Desktop/Ali Asgar/Stony Brook/Advanced Project/local/files/data
-science/manual_images/data-science_final.tex:3127: LaTeX Error: Too deeply nes
ted.

See the LaTeX manual or LaTeX Companion for explanation.
Type  H <return>  for immediate help.
 ...                                              
                                                  
l.3127 \begin{itemize}
                      
You're in trouble here.  Try typing  <return>  to proceed.
If that doesn't work, type  X <return>  to quit.


Overfull \hbox (3.14317pt too wide) in paragraph at lines 3134--3135
\TU/Georgia(0)/m/n/10 preferences among colors. To establish the preference amo
ng
 []



[145]
Overfull \hbox (0.46686pt too wide) in paragraph at lines 3148--3149
\TU/Georgia(0)/m/n/10 ture variables from each person's Wikipedia page that sho
uld
 []


/Users/aliasgar/Desktop/Ali Asgar/Stony Brook/Advanced Project/local/files/data
-science/manual_images/data-science_final.tex:3150: LaTeX Error: Too deeply nes
ted.

See the LaTeX manual or LaTeX Companion for explanation.
Type  H <return>  for immediate help.
 ...                                              
                                                  
l.3150 \begin{itemize}
                      
You're in trouble here.  Try typing  <return>  to proceed.
If that doesn't work, type  X <return>  to quit.


Overfull \hbox (3.56093pt too wide) in paragraph at lines 3151--3152
[]\TU/Georgia(0)/m/n/10 Length: Most significant historical figures should have
 longer
 []


Overfull \hbox (2.48183pt too wide) in paragraph at lines 3151--3152
\TU/Georgia(0)/m/n/10 words provides a natural feature reflecting historical wa
ttage,
 []


Overfull \hbox (1.1651pt too wide) in paragraph at lines 3152--3153
[]\TU/Georgia(0)/m/n/10 Hits: The most significant figures have their Wikipedia
 pages
 []


Overfull \hbox (7.72597pt too wide) in paragraph at lines 3156--3157
\TU/Georgia(0)/m/n/10 sentially by combining the underlying rankings with norma
lly-
 []


Overfull \hbox (0.63287pt too wide) in paragraph at lines 3158--3159
\TU/Georgia(0)/m/n/10 thought they should: our scoring function was capturing c
ur-
 []



[146]
Overfull \hbox (36.281pt too wide) in paragraph at lines 3165--3194
 [] 
 []


Underfull \vbox (badness 4726) has occurred while \output is active []



[147]
Overfull \hbox (10.29597pt too wide) in paragraph at lines 3200--3201
\TU/Georgia(0)/m/n/10 wrote a book describing all kinds of things that could be
 learned
 []


/Users/aliasgar/Desktop/Ali Asgar/Stony Brook/Advanced Project/local/files/data
-science/manual_images/data-science_final.tex:3204: LaTeX Error: Too deeply nes
ted.

See the LaTeX manual or LaTeX Companion for explanation.
Type  H <return>  for immediate help.
 ...                                              
                                                  
l.3204 \begin{itemize}
                      
You're in trouble here.  Try typing  <return>  to proceed.
If that doesn't work, type  X <return>  to quit.


Overfull \hbox (1.99515pt too wide) in paragraph at lines 3208--3208
[]\TU/Georgia(0)/m/n/10 figures on the list when they represent over $\OT1/cmr/
m/n/10 30[]$ \TU/Georgia(0)/m/n/10 of the world's
 []



[148]

LaTeX Warning: Citation `langville2012whos' on page 149 undefined on input line
 3219.


LaTeX Warning: Citation `joachims2002optimizing' on page 149 undefined on input
 line 3223.


Overfull \hbox (1.6523pt too wide) in paragraph at lines 3223--3224
\TU/Georgia(0)/m/n/10 ranked than the three placed above it. SVMrank [[]]] pres
ents
 []


LaTeX Warning: Citation `eades1993fast' on page 149 undefined on input line 322
5.


LaTeX Warning: Citation `watkins2016arrows' on page 149 undefined on input line
 3225.



[149]
Overfull \hbox (2.36844pt too wide) in paragraph at lines 3252--3253
[]\TU/Georgia(0)/m/n/10 4-6. [5] Produce two substantially different but sensib
le scor-
 []


Overfull \hbox (12.99995pt too wide) in paragraph at lines 3254--3255
[]\TU/Georgia(0)/m/n/10 4-7. [3] The scoring systems used by professional sport
s leagues
 []



[150]

[151]

[152]

[153]

[154]

[155]

[156]
Chapter 7.

/Users/aliasgar/Desktop/Ali Asgar/Stony Brook/Advanced Project/local/files/data
-science/manual_images/data-science_final.tex:3278: LaTeX Error: Too deeply nes
ted.

See the LaTeX manual or LaTeX Companion for explanation.
Type  H <return>  for immediate help.
 ...                                              
                                                  
l.3278 \begin{itemize}
                      
You're in trouble here.  Try typing  <return>  to proceed.
If that doesn't work, type  X <return>  to quit.

File: ./images/2025_03_17_ca60ec0bfd96dcf8e028g-137.jpg Graphic file (type bmp)

<./images/2025_03_17_ca60ec0bfd96dcf8e028g-137.jpg>

LaTeX Warning: `h' float specifier changed to `ht'.


Overfull \hbox (7.09012pt too wide) in paragraph at lines 3291--3292
[]\TU/Georgia(0)/m/n/10 Figure 5.1 illustrates the process of statistical reaso
ning. There
 []


Overfull \hbox (0.44917pt too wide) in paragraph at lines 3296--3297
\TU/Georgia(0)/m/n/10 arises. The unique properties of variables like height, w
eight,
 []


Underfull \vbox (badness 6510) has occurred while \output is active []



[157

]
Underfull \vbox (badness 4048) has occurred while \output is active []



[158]
Overfull \hbox (0.55963pt too wide) in paragraph at lines 3306--3307
\TU/Georgia(0)/m/n/10 servations will probably be drawn from multiple sample po
p-
 []

File: ./images/2025_03_17_ca60ec0bfd96dcf8e028g-139(1).jpg Graphic file (type b
mp)
<./images/2025_03_17_ca60ec0bfd96dcf8e028g-139(1).jpg>
File: ./images/2025_03_17_ca60ec0bfd96dcf8e028g-139.jpg Graphic file (type bmp)

<./images/2025_03_17_ca60ec0bfd96dcf8e028g-139.jpg>

LaTeX Warning: `h' float specifier changed to `ht'.


/Users/aliasgar/Desktop/Ali Asgar/Stony Brook/Advanced Project/local/files/data
-science/manual_images/data-science_final.tex:3329: LaTeX Error: Too deeply nes
ted.

See the LaTeX manual or LaTeX Companion for explanation.
Type  H <return>  for immediate help.
 ...                                              
                                                  
l.3329 \begin{itemize}
                      
You're in trouble here.  Try typing  <return>  to proceed.
If that doesn't work, type  X <return>  to quit.



[159]
File: ./images/2025_03_17_ca60ec0bfd96dcf8e028g-140.jpg Graphic file (type bmp)

<./images/2025_03_17_ca60ec0bfd96dcf8e028g-140.jpg>

Underfull \hbox (badness 10000) in paragraph at lines 3336--3336

 []


LaTeX Warning: `h' float specifier changed to `ht'.


/Users/aliasgar/Desktop/Ali Asgar/Stony Brook/Advanced Project/local/files/data
-science/manual_images/data-science_final.tex:3340: LaTeX Error: Too deeply nes
ted.

See the LaTeX manual or LaTeX Companion for explanation.
Type  H <return>  for immediate help.
 ...                                              
                                                  
l.3340 \begin{itemize}
                      
You're in trouble here.  Try typing  <return>  to proceed.
If that doesn't work, type  X <return>  to quit.


Overfull \hbox (9.20142pt too wide) in paragraph at lines 3349--3350
\TU/Georgia(0)/m/n/10 A great many natural phenomenon are modeled by bell-shape
d
 []


/Users/aliasgar/Desktop/Ali Asgar/Stony Brook/Advanced Project/local/files/data
-science/manual_images/data-science_final.tex:3361: LaTeX Error: Too deeply nes
ted.

See the LaTeX manual or LaTeX Companion for explanation.
Type  H <return>  for immediate help.
 ...                                              
                                                  
l.3361 \begin{itemize}
                      
You're in trouble here.  Try typing  <return>  to proceed.
If that doesn't work, type  X <return>  to quit.



[160]
Overfull \hbox (0.61682pt too wide) in paragraph at lines 3369--3370
\TU/Georgia(0)/m/n/10 different answer, even if your weight has not changed. So
me-
 []


Overfull \hbox (1.75885pt too wide) in paragraph at lines 3371--3371
\TU/Georgia(0)/m/n/10 too casually, without precisely specifying the underlying
 pop-
 []



[161]
File: ./images/2025_03_17_ca60ec0bfd96dcf8e028g-142.jpg Graphic file (type bmp)

<./images/2025_03_17_ca60ec0bfd96dcf8e028g-142.jpg>

Underfull \hbox (badness 10000) in paragraph at lines 3377--3377

 []


LaTeX Warning: `h' float specifier changed to `ht'.


Overfull \hbox (9.461pt too wide) in paragraph at lines 3381--3382
\TU/Georgia(0)/m/n/10 Jones average lost $\OT1/cmr/m/n/10 22\OML/cmm/m/it/10 :\
OT1/cmr/m/n/10 61[]$ \TU/Georgia(0)/m/n/10 of its value. Big stock market crash
es
 []


Overfull \hbox (1.77675pt too wide) in paragraph at lines 3386--3387
\TU/Georgia(0)/m/n/10 roughly characterize any frequency distribution, as discu
ssed
 []



[162]
Overfull \hbox (10.57755pt too wide) in paragraph at lines 3399--3400
[]\TU/Georgia(0)/m/n/10 The degree to which you accept this depends upon how st
rongly
 []



[163]
File: ./images/2025_03_17_ca60ec0bfd96dcf8e028g-144.jpg Graphic file (type bmp)

<./images/2025_03_17_ca60ec0bfd96dcf8e028g-144.jpg>

Underfull \hbox (badness 10000) in paragraph at lines 3420--3420

 []


LaTeX Warning: `h' float specifier changed to `ht'.

File: ./images/2025_03_17_ca60ec0bfd96dcf8e028g-144(1).jpg Graphic file (type b
mp)
<./images/2025_03_17_ca60ec0bfd96dcf8e028g-144(1).jpg>

Underfull \hbox (badness 10000) in paragraph at lines 3427--3427

 []


LaTeX Warning: `h' float specifier changed to `ht'.

File: ./images/2025_03_17_ca60ec0bfd96dcf8e028g-145.jpg Graphic file (type bmp)

<./images/2025_03_17_ca60ec0bfd96dcf8e028g-145.jpg>

LaTeX Warning: `h' float specifier changed to `ht'.



[164]
Overfull \hbox (7.73218pt too wide) in paragraph at lines 3451--3452
[]\TU/Georgia(0)/m/n/10 These cities have a mean population of 304,689 , with a
 ghastly
 []


Overfull \hbox (1.66011pt too wide) in paragraph at lines 3451--3452
\TU/Georgia(0)/m/n/10 populations are clearly not normally distributed. In fact
, they
 []



[165]

/Users/aliasgar/Desktop/Ali Asgar/Stony Brook/Advanced Project/local/files/data
-science/manual_images/data-science_final.tex:3479: LaTeX Error: Too deeply nes
ted.

See the LaTeX manual or LaTeX Companion for explanation.
Type  H <return>  for immediate help.
 ...                                              
                                                  
l.3479 \begin{itemize}
                      
You're in trouble here.  Try typing  <return>  to proceed.
If that doesn't work, type  X <return>  to quit.


Overfull \hbox (5.12994pt too wide) in paragraph at lines 3480--3481
\TU/Georgia(0)/m/n/10 stagram or Facebook because your friends have already joi
ned
 []


Overfull \hbox (4.87334pt too wide) in paragraph at lines 3490--3491
\TU/Georgia(0)/m/n/10 quently as the most popular word. To gauge how well it wo
rks,
 []


Underfull \vbox (badness 10000) has occurred while \output is active []



[166]
Overfull \hbox (17.78621pt too wide) in paragraph at lines 3545--3546
\TU/Georgia(0)/m/n/10 with rank: recall that grandmom is only a slang form of g
randma,
 []


/Users/aliasgar/Desktop/Ali Asgar/Stony Brook/Advanced Project/local/files/data
-science/manual_images/data-science_final.tex:3550: LaTeX Error: Too deeply nes
ted.

See the LaTeX manual or LaTeX Companion for explanation.
Type  H <return>  for immediate help.
 ...                                              
                                                  
l.3550 \begin{itemize}
                      
You're in trouble here.  Try typing  <return>  to proceed.
If that doesn't work, type  X <return>  to quit.


Overfull \hbox (13.35228pt too wide) in paragraph at lines 3551--3551
\TU/Georgia(0)/m/n/10 for measuring the strength of earthquakes is logarithmic,
 mean-
 []



[167]

/Users/aliasgar/Desktop/Ali Asgar/Stony Brook/Advanced Project/local/files/data
-science/manual_images/data-science_final.tex:3557: LaTeX Error: Too deeply nes
ted.

See the LaTeX manual or LaTeX Companion for explanation.
Type  H <return>  for immediate help.
 ...                                              
                                                  
l.3557 \begin{itemize}
                      
You're in trouble here.  Try typing  <return>  to proceed.
If that doesn't work, type  X <return>  to quit.


Overfull \hbox (20.36758pt too wide) in paragraph at lines 3558--3558
\TU/Georgia(0)/m/n/10 plots: Check out the graph of city populations in Figure 
5.7(right).
 []



[168]
Overfull \hbox (3.5642pt too wide) in paragraph at lines 3570--3571
\TU/Georgia(0)/m/n/10 Recall that we can move between the probability density f
unc-
 []

File: ./images/2025_03_17_ca60ec0bfd96dcf8e028g-149.jpg Graphic file (type bmp)

<./images/2025_03_17_ca60ec0bfd96dcf8e028g-149.jpg>

LaTeX Warning: `h' float specifier changed to `ht'.

File: ./images/2025_03_17_ca60ec0bfd96dcf8e028g-150.jpg Graphic file (type bmp)

<./images/2025_03_17_ca60ec0bfd96dcf8e028g-150.jpg>

LaTeX Warning: `h' float specifier changed to `ht'.



[169]
File: ./images/2025_03_17_ca60ec0bfd96dcf8e028g-151.jpg Graphic file (type bmp)

<./images/2025_03_17_ca60ec0bfd96dcf8e028g-151.jpg>


LaTeX Warning: Citation `vigen2015spurious' on page 170 undefined on input line
 3621.


LaTeX Warning: Citation `vigen2015spurious' on page 170 undefined on input line
 3621.


LaTeX Warning: `h' float specifier changed to `ht'.



[170]
File: ./images/2025_03_17_ca60ec0bfd96dcf8e028g-152.jpg Graphic file (type bmp)

<./images/2025_03_17_ca60ec0bfd96dcf8e028g-152.jpg>

Underfull \hbox (badness 10000) in paragraph at lines 3636--3636

 []


LaTeX Warning: `h' float specifier changed to `ht'.



[171]

LaTeX Warning: Citation `sullivan2012using' on page 172 undefined on input line
 3646.


/Users/aliasgar/Desktop/Ali Asgar/Stony Brook/Advanced Project/local/files/data
-science/manual_images/data-science_final.tex:3648: LaTeX Error: Too deeply nes
ted.

See the LaTeX manual or LaTeX Companion for explanation.
Type  H <return>  for immediate help.
 ...                                              
                                                  
l.3648 \begin{itemize}
                      
You're in trouble here.  Try typing  <return>  to proceed.
If that doesn't work, type  X <return>  to quit.


/Users/aliasgar/Desktop/Ali Asgar/Stony Brook/Advanced Project/local/files/data
-science/manual_images/data-science_final.tex:3658: LaTeX Error: Too deeply nes
ted.

See the LaTeX manual or LaTeX Companion for explanation.
Type  H <return>  for immediate help.
 ...                                              
                                                  
l.3658 \begin{itemize}
                      
You're in trouble here.  Try typing  <return>  to proceed.
If that doesn't work, type  X <return>  to quit.

File: ./images/2025_03_17_ca60ec0bfd96dcf8e028g-153.jpg Graphic file (type bmp)

<./images/2025_03_17_ca60ec0bfd96dcf8e028g-153.jpg>

Underfull \hbox (badness 10000) in paragraph at lines 3665--3665

 []


LaTeX Warning: `h' float specifier changed to `ht'.


/Users/aliasgar/Desktop/Ali Asgar/Stony Brook/Advanced Project/local/files/data
-science/manual_images/data-science_final.tex:3669: LaTeX Error: Too deeply nes
ted.

See the LaTeX manual or LaTeX Companion for explanation.
Type  H <return>  for immediate help.
 ...                                              
                                                  
l.3669 \begin{itemize}
                      
You're in trouble here.  Try typing  <return>  to proceed.
If that doesn't work, type  X <return>  to quit.



[172]

/Users/aliasgar/Desktop/Ali Asgar/Stony Brook/Advanced Project/local/files/data
-science/manual_images/data-science_final.tex:3688: LaTeX Error: Too deeply nes
ted.

See the LaTeX manual or LaTeX Companion for explanation.
Type  H <return>  for immediate help.
 ...                                              
                                                  
l.3688 \begin{itemize}
                      
You're in trouble here.  Try typing  <return>  to proceed.
If that doesn't work, type  X <return>  to quit.



[173]

[174]
File: ./images/2025_03_17_ca60ec0bfd96dcf8e028g-156.jpg Graphic file (type bmp)

<./images/2025_03_17_ca60ec0bfd96dcf8e028g-156.jpg>
File: ./images/2025_03_17_ca60ec0bfd96dcf8e028g-156(1).jpg Graphic file (type b
mp)
<./images/2025_03_17_ca60ec0bfd96dcf8e028g-156(1).jpg>

Underfull \hbox (badness 10000) in paragraph at lines 3730--3730

 []


LaTeX Warning: Float too large for page by 24.88141pt on input line 3731.


LaTeX Warning: `h' float specifier changed to `ht'.



[175]

[176]

[177]

[178]
File: ./images/2025_03_17_ca60ec0bfd96dcf8e028g-159.jpg Graphic file (type bmp)

<./images/2025_03_17_ca60ec0bfd96dcf8e028g-159.jpg>


LaTeX Warning: `h' float specifier changed to `ht'.



[179]

[180]
File: ./images/2025_03_17_ca60ec0bfd96dcf8e028g-161.jpg Graphic file (type bmp)

<./images/2025_03_17_ca60ec0bfd96dcf8e028g-161.jpg>

Underfull \hbox (badness 10000) in paragraph at lines 3844--3844

 []


LaTeX Warning: `h' float specifier changed to `ht'.


Package hyperref Warning: Token not allowed in a PDF string (Unicode):
(hyperref)                removing `math shift' on input line 3850.


Package hyperref Warning: Token not allowed in a PDF string (Unicode):
(hyperref)                removing `math shift' on input line 3850.

File: ./images/2025_03_17_ca60ec0bfd96dcf8e028g-162(1).jpg Graphic file (type b
mp)
<./images/2025_03_17_ca60ec0bfd96dcf8e028g-162(1).jpg>
File: ./images/2025_03_17_ca60ec0bfd96dcf8e028g-162.jpg Graphic file (type bmp)

<./images/2025_03_17_ca60ec0bfd96dcf8e028g-162.jpg>

Underfull \hbox (badness 10000) in paragraph at lines 3860--3860

 []


LaTeX Warning: `h' float specifier changed to `ht'.



[181]

[182]
File: ./images/2025_03_17_ca60ec0bfd96dcf8e028g-164.jpg Graphic file (type bmp)

<./images/2025_03_17_ca60ec0bfd96dcf8e028g-164.jpg>

Underfull \hbox (badness 10000) in paragraph at lines 3908--3908

 []


LaTeX Warning: `h' float specifier changed to `ht'.



[183]
File: ./images/2025_03_17_ca60ec0bfd96dcf8e028g-165.jpg Graphic file (type bmp)

<./images/2025_03_17_ca60ec0bfd96dcf8e028g-165.jpg>

Underfull \hbox (badness 10000) in paragraph at lines 3929--3929

 []


LaTeX Warning: `h' float specifier changed to `ht'.



[184]
File: ./images/2025_03_17_ca60ec0bfd96dcf8e028g-166.jpg Graphic file (type bmp)

<./images/2025_03_17_ca60ec0bfd96dcf8e028g-166.jpg>


LaTeX Warning: `h' float specifier changed to `ht'.



[185]

LaTeX Warning: Citation `freedman2007statistics' on page 186 undefined on input
 line 3982.


LaTeX Warning: Citation `huff2010how' on page 186 undefined on input line 3982.



LaTeX Warning: Citation `donoho2015fifty' on page 186 undefined on input line 3
984.



[186]

LaTeX Warning: Citation `jennings1999household' on page 187 undefined on input 
line 3988.



[187]

[188]

[189]

[190]

[191]

[192]

[193]

[194]

[195]

[196]

[197]

[198]

[199]

[200]

[201]

[202]
Chapter 8.

/Users/aliasgar/Desktop/Ali Asgar/Stony Brook/Advanced Project/local/files/data
-science/manual_images/data-science_final.tex:4074: LaTeX Error: Too deeply nes
ted.

See the LaTeX manual or LaTeX Companion for explanation.
Type  H <return>  for immediate help.
 ...                                              
                                                  
l.4074 \begin{itemize}
                      
You're in trouble here.  Try typing  <return>  to proceed.
If that doesn't work, type  X <return>  to quit.


/Users/aliasgar/Desktop/Ali Asgar/Stony Brook/Advanced Project/local/files/data
-science/manual_images/data-science_final.tex:4080: LaTeX Error: Too deeply nes
ted.

See the LaTeX manual or LaTeX Companion for explanation.
Type  H <return>  for immediate help.
 ...                                              
                                                  
l.4080 \begin{itemize}
                      
You're in trouble here.  Try typing  <return>  to proceed.
If that doesn't work, type  X <return>  to quit.



[203

]
Underfull \vbox (badness 1442) has occurred while \output is active []



[204]

/Users/aliasgar/Desktop/Ali Asgar/Stony Brook/Advanced Project/local/files/data
-science/manual_images/data-science_final.tex:4108: LaTeX Error: Too deeply nes
ted.

See the LaTeX manual or LaTeX Companion for explanation.
Type  H <return>  for immediate help.
 ...                                              
                                                  
l.4108 \begin{itemize}
                      
You're in trouble here.  Try typing  <return>  to proceed.
If that doesn't work, type  X <return>  to quit.



[205]

/Users/aliasgar/Desktop/Ali Asgar/Stony Brook/Advanced Project/local/files/data
-science/manual_images/data-science_final.tex:4120: LaTeX Error: Too deeply nes
ted.

See the LaTeX manual or LaTeX Companion for explanation.
Type  H <return>  for immediate help.
 ...                                              
                                                  
l.4120 \begin{itemize}
                      
You're in trouble here.  Try typing  <return>  to proceed.
If that doesn't work, type  X <return>  to quit.


Overfull \hbox (17.449pt too wide) in paragraph at lines 4129--4140
 [] 
 []


/Users/aliasgar/Desktop/Ali Asgar/Stony Brook/Advanced Project/local/files/data
-science/manual_images/data-science_final.tex:4145: LaTeX Error: Too deeply nes
ted.

See the LaTeX manual or LaTeX Companion for explanation.
Type  H <return>  for immediate help.
 ...                                              
                                                  
l.4145 \begin{itemize}
                      
You're in trouble here.  Try typing  <return>  to proceed.
If that doesn't work, type  X <return>  to quit.



[206]
Overfull \hbox (102.91489pt too wide) in paragraph at lines 4150--4171
 [] 
 []


/Users/aliasgar/Desktop/Ali Asgar/Stony Brook/Advanced Project/local/files/data
-science/manual_images/data-science_final.tex:4175: LaTeX Error: Too deeply nes
ted.

See the LaTeX manual or LaTeX Companion for explanation.
Type  H <return>  for immediate help.
 ...                                              
                                                  
l.4175 \begin{itemize}
                      
You're in trouble here.  Try typing  <return>  to proceed.
If that doesn't work, type  X <return>  to quit.

File: ./images/2025_03_17_ca60ec0bfd96dcf8e028g-175.jpg Graphic file (type bmp)

<./images/2025_03_17_ca60ec0bfd96dcf8e028g-175.jpg>

Underfull \hbox (badness 10000) in paragraph at lines 4182--4182

 []


LaTeX Warning: `h' float specifier changed to `ht'.


/Users/aliasgar/Desktop/Ali Asgar/Stony Brook/Advanced Project/local/files/data
-science/manual_images/data-science_final.tex:4187: LaTeX Error: Too deeply nes
ted.

See the LaTeX manual or LaTeX Companion for explanation.
Type  H <return>  for immediate help.
 ...                                              
                                                  
l.4187 \begin{itemize}
                      
You're in trouble here.  Try typing  <return>  to proceed.
If that doesn't work, type  X <return>  to quit.



[207]
Overfull \hbox (46.39827pt too wide) in paragraph at lines 4198--4218
 [] 
 []


Underfull \vbox (badness 10000) has occurred while \output is active []



[208]

/Users/aliasgar/Desktop/Ali Asgar/Stony Brook/Advanced Project/local/files/data
-science/manual_images/data-science_final.tex:4232: LaTeX Error: Too deeply nes
ted.

See the LaTeX manual or LaTeX Companion for explanation.
Type  H <return>  for immediate help.
 ...                                              
                                                  
l.4232 \begin{itemize}
                      
You're in trouble here.  Try typing  <return>  to proceed.
If that doesn't work, type  X <return>  to quit.



[209]
File: ./images/2025_03_17_ca60ec0bfd96dcf8e028g-177.jpg Graphic file (type bmp)

<./images/2025_03_17_ca60ec0bfd96dcf8e028g-177.jpg>


/Users/aliasgar/Desktop/Ali Asgar/Stony Brook/Advanced Project/local/files/data
-science/manual_images/data-science_final.tex:4242: LaTeX Error: Too deeply nes
ted.

See the LaTeX manual or LaTeX Companion for explanation.
Type  H <return>  for immediate help.
 ...                                              
                                                  
l.4242 \begin{itemize}
                      
You're in trouble here.  Try typing  <return>  to proceed.
If that doesn't work, type  X <return>  to quit.


/Users/aliasgar/Desktop/Ali Asgar/Stony Brook/Advanced Project/local/files/data
-science/manual_images/data-science_final.tex:4248: LaTeX Error: Too deeply nes
ted.

See the LaTeX manual or LaTeX Companion for explanation.
Type  H <return>  for immediate help.
 ...                                              
                                                  
l.4248 \begin{itemize}
                      
You're in trouble here.  Try typing  <return>  to proceed.
If that doesn't work, type  X <return>  to quit.



[210]
File: ./images/2025_03_17_ca60ec0bfd96dcf8e028g-178.jpg Graphic file (type bmp)

<./images/2025_03_17_ca60ec0bfd96dcf8e028g-178.jpg>


LaTeX Warning: Citation `tufte1983visual' on page 211 undefined on input line 4
266.


LaTeX Warning: Citation `tufte1990envisioning' on page 211 undefined on input l
ine 4266.


LaTeX Warning: Citation `tufte1997visual' on page 211 undefined on input line 4
266.



[211]

/Users/aliasgar/Desktop/Ali Asgar/Stony Brook/Advanced Project/local/files/data
-science/manual_images/data-science_final.tex:4268: LaTeX Error: Too deeply nes
ted.

See the LaTeX manual or LaTeX Companion for explanation.
Type  H <return>  for immediate help.
 ...                                              
                                                  
l.4268 \begin{itemize}
                      
You're in trouble here.  Try typing  <return>  to proceed.
If that doesn't work, type  X <return>  to quit.

File: ./images/2025_03_17_ca60ec0bfd96dcf8e028g-179.jpg Graphic file (type bmp)

<./images/2025_03_17_ca60ec0bfd96dcf8e028g-179.jpg>

Underfull \hbox (badness 10000) in paragraph at lines 4278--4278

 []


/Users/aliasgar/Desktop/Ali Asgar/Stony Brook/Advanced Project/local/files/data
-science/manual_images/data-science_final.tex:4282: LaTeX Error: Too deeply nes
ted.

See the LaTeX manual or LaTeX Companion for explanation.
Type  H <return>  for immediate help.
 ...                                              
                                                  
l.4282 \begin{itemize}
                      
You're in trouble here.  Try typing  <return>  to proceed.
If that doesn't work, type  X <return>  to quit.



[212]

[213]

/Users/aliasgar/Desktop/Ali Asgar/Stony Brook/Advanced Project/local/files/data
-science/manual_images/data-science_final.tex:4314: LaTeX Error: Too deeply nes
ted.

See the LaTeX manual or LaTeX Companion for explanation.
Type  H <return>  for immediate help.
 ...                                              
                                                  
l.4314 \begin{itemize}
                      
You're in trouble here.  Try typing  <return>  to proceed.
If that doesn't work, type  X <return>  to quit.

File: ./images/2025_03_17_ca60ec0bfd96dcf8e028g-181.jpg Graphic file (type bmp)

<./images/2025_03_17_ca60ec0bfd96dcf8e028g-181.jpg>

LaTeX Warning: `h' float specifier changed to `ht'.


/Users/aliasgar/Desktop/Ali Asgar/Stony Brook/Advanced Project/local/files/data
-science/manual_images/data-science_final.tex:4331: LaTeX Error: Too deeply nes
ted.

See the LaTeX manual or LaTeX Companion for explanation.
Type  H <return>  for immediate help.
 ...                                              
                                                  
l.4331 \begin{itemize}
                      
You're in trouble here.  Try typing  <return>  to proceed.
If that doesn't work, type  X <return>  to quit.



[214]
File: ./images/2025_03_17_ca60ec0bfd96dcf8e028g-182.jpg Graphic file (type bmp)

<./images/2025_03_17_ca60ec0bfd96dcf8e028g-182.jpg>


LaTeX Warning: `h' float specifier changed to `ht'.



[215]

/Users/aliasgar/Desktop/Ali Asgar/Stony Brook/Advanced Project/local/files/data
-science/manual_images/data-science_final.tex:4351: LaTeX Error: Too deeply nes
ted.

See the LaTeX manual or LaTeX Companion for explanation.
Type  H <return>  for immediate help.
 ...                                              
                                                  
l.4351 \begin{itemize}
                      
You're in trouble here.  Try typing  <return>  to proceed.
If that doesn't work, type  X <return>  to quit.



[216]
File: ./images/2025_03_17_ca60ec0bfd96dcf8e028g-183.jpg Graphic file (type bmp)

<./images/2025_03_17_ca60ec0bfd96dcf8e028g-183.jpg>


[217]
File: ./images/2025_03_17_ca60ec0bfd96dcf8e028g-184.jpg Graphic file (type bmp)

<./images/2025_03_17_ca60ec0bfd96dcf8e028g-184.jpg>

Underfull \hbox (badness 10000) in paragraph at lines 4377--4377

 []



[218]
File: ./images/2025_03_17_ca60ec0bfd96dcf8e028g-185.jpg Graphic file (type bmp)

<./images/2025_03_17_ca60ec0bfd96dcf8e028g-185.jpg>


[219]

LaTeX Warning: Citation `abela2013advanced' on page 220 undefined on input line
 4422.



[220]

/Users/aliasgar/Desktop/Ali Asgar/Stony Brook/Advanced Project/local/files/data
-science/manual_images/data-science_final.tex:4427: LaTeX Error: Too deeply nes
ted.

See the LaTeX manual or LaTeX Companion for explanation.
Type  H <return>  for immediate help.
 ...                                              
                                                  
l.4427 \begin{itemize}
                      
You're in trouble here.  Try typing  <return>  to proceed.
If that doesn't work, type  X <return>  to quit.

File: ./images/2025_03_17_ca60ec0bfd96dcf8e028g-187.jpg Graphic file (type bmp)

<./images/2025_03_17_ca60ec0bfd96dcf8e028g-187.jpg>

LaTeX Warning: `h' float specifier changed to `ht'.


/Users/aliasgar/Desktop/Ali Asgar/Stony Brook/Advanced Project/local/files/data
-science/manual_images/data-science_final.tex:4455: LaTeX Error: Too deeply nes
ted.

See the LaTeX manual or LaTeX Companion for explanation.
Type  H <return>  for immediate help.
 ...                                              
                                                  
l.4455 \begin{itemize}
                      
You're in trouble here.  Try typing  <return>  to proceed.
If that doesn't work, type  X <return>  to quit.



[221]

/Users/aliasgar/Desktop/Ali Asgar/Stony Brook/Advanced Project/local/files/data
-science/manual_images/data-science_final.tex:4463: LaTeX Error: Too deeply nes
ted.

See the LaTeX manual or LaTeX Companion for explanation.
Type  H <return>  for immediate help.
 ...                                              
                                                  
l.4463 \begin{itemize}
                      
You're in trouble here.  Try typing  <return>  to proceed.
If that doesn't work, type  X <return>  to quit.


Overfull \hbox (143.67754pt too wide) in paragraph at lines 4477--4497
 [] 
 []


Underfull \vbox (badness 10000) has occurred while \output is active []



[222]
Overfull \hbox (150.04317pt too wide) in paragraph at lines 4502--4529
 [] 
 []

File: ./images/2025_03_17_ca60ec0bfd96dcf8e028g-190.jpg Graphic file (type bmp)

<./images/2025_03_17_ca60ec0bfd96dcf8e028g-190.jpg>

LaTeX Warning: `h' float specifier changed to `ht'.


Underfull \vbox (badness 10000) has occurred while \output is active []



[223]

/Users/aliasgar/Desktop/Ali Asgar/Stony Brook/Advanced Project/local/files/data
-science/manual_images/data-science_final.tex:4541: LaTeX Error: Too deeply nes
ted.

See the LaTeX manual or LaTeX Companion for explanation.
Type  H <return>  for immediate help.
 ...                                              
                                                  
l.4541 \begin{itemize}
                      
You're in trouble here.  Try typing  <return>  to proceed.
If that doesn't work, type  X <return>  to quit.


/Users/aliasgar/Desktop/Ali Asgar/Stony Brook/Advanced Project/local/files/data
-science/manual_images/data-science_final.tex:4553: LaTeX Error: Too deeply nes
ted.

See the LaTeX manual or LaTeX Companion for explanation.
Type  H <return>  for immediate help.
 ...                                              
                                                  
l.4553 \begin{itemize}
                      
You're in trouble here.  Try typing  <return>  to proceed.
If that doesn't work, type  X <return>  to quit.



[224]
File: ./images/2025_03_17_ca60ec0bfd96dcf8e028g-192.jpg Graphic file (type bmp)

<./images/2025_03_17_ca60ec0bfd96dcf8e028g-192.jpg>

Underfull \hbox (badness 10000) in paragraph at lines 4567--4567

 []


LaTeX Warning: `h' float specifier changed to `ht'.


Underfull \vbox (badness 10000) has occurred while \output is active []



[225]

/Users/aliasgar/Desktop/Ali Asgar/Stony Brook/Advanced Project/local/files/data
-science/manual_images/data-science_final.tex:4573: LaTeX Error: Too deeply nes
ted.

See the LaTeX manual or LaTeX Companion for explanation.
Type  H <return>  for immediate help.
 ...                                              
                                                  
l.4573 \begin{itemize}
                      
You're in trouble here.  Try typing  <return>  to proceed.
If that doesn't work, type  X <return>  to quit.


/Users/aliasgar/Desktop/Ali Asgar/Stony Brook/Advanced Project/local/files/data
-science/manual_images/data-science_final.tex:4579: LaTeX Error: Too deeply nes
ted.

See the LaTeX manual or LaTeX Companion for explanation.
Type  H <return>  for immediate help.
 ...                                              
                                                  
l.4579 \begin{itemize}
                      
You're in trouble here.  Try typing  <return>  to proceed.
If that doesn't work, type  X <return>  to quit.

File: ./images/2025_03_17_ca60ec0bfd96dcf8e028g-193.jpg Graphic file (type bmp)

<./images/2025_03_17_ca60ec0bfd96dcf8e028g-193.jpg>

LaTeX Warning: `h' float specifier changed to `ht'.



[226]

/Users/aliasgar/Desktop/Ali Asgar/Stony Brook/Advanced Project/local/files/data
-science/manual_images/data-science_final.tex:4596: LaTeX Error: Too deeply nes
ted.

See the LaTeX manual or LaTeX Companion for explanation.
Type  H <return>  for immediate help.
 ...                                              
                                                  
l.4596 \begin{itemize}
                      
You're in trouble here.  Try typing  <return>  to proceed.
If that doesn't work, type  X <return>  to quit.

File: ./images/2025_03_17_ca60ec0bfd96dcf8e028g-194.jpg Graphic file (type bmp)

<./images/2025_03_17_ca60ec0bfd96dcf8e028g-194.jpg>

Underfull \hbox (badness 10000) in paragraph at lines 4608--4608

 []


LaTeX Warning: `h' float specifier changed to `ht'.


/Users/aliasgar/Desktop/Ali Asgar/Stony Brook/Advanced Project/local/files/data
-science/manual_images/data-science_final.tex:4612: LaTeX Error: Too deeply nes
ted.

See the LaTeX manual or LaTeX Companion for explanation.
Type  H <return>  for immediate help.
 ...                                              
                                                  
l.4612 \begin{itemize}
                      
You're in trouble here.  Try typing  <return>  to proceed.
If that doesn't work, type  X <return>  to quit.



[227]
Underfull \vbox (badness 6396) has occurred while \output is active []



[228]
File: ./images/2025_03_17_ca60ec0bfd96dcf8e028g-196.jpg Graphic file (type bmp)

<./images/2025_03_17_ca60ec0bfd96dcf8e028g-196.jpg>

/Users/aliasgar/Desktop/Ali Asgar/Stony Brook/Advanced Project/local/files/data
-science/manual_images/data-science_final.tex:4637: Extra }, or forgotten \endg
roup.
\@endfloatbox ...pagefalse \outer@nobreak \egroup 
                                                  \color@endbox 
l.4637 \end{figure}
                   
I've deleted a group-closing symbol because it seems to be
spurious, as in `$x}$'. But perhaps the } is legitimate and
you forgot something else, as in `\hbox{$x}'. In such cases
the way to recover is to insert both the forgotten and the
deleted material, e.g., by typing `I$}'.


LaTeX Warning: `h' float specifier changed to `ht'.

File: ./images/2025_03_17_ca60ec0bfd96dcf8e028g-197.jpg Graphic file (type bmp)

<./images/2025_03_17_ca60ec0bfd96dcf8e028g-197.jpg>
/Users/aliasgar/Desktop/Ali Asgar/Stony Brook/Advanced Project/local/files/data
-science/manual_images/data-science_final.tex:4644: Extra }, or forgotten \endg
roup.
\@endfloatbox ...pagefalse \outer@nobreak \egroup 
                                                  \color@endbox 
l.4644 \end{figure}
                   
I've deleted a group-closing symbol because it seems to be
spurious, as in `$x}$'. But perhaps the } is legitimate and
you forgot something else, as in `\hbox{$x}'. In such cases
the way to recover is to insert both the forgotten and the
deleted material, e.g., by typing `I$}'.


LaTeX Warning: `h' float specifier changed to `ht'.


/Users/aliasgar/Desktop/Ali Asgar/Stony Brook/Advanced Project/local/files/data
-science/manual_images/data-science_final.tex:4652: LaTeX Error: Too deeply nes
ted.

See the LaTeX manual or LaTeX Companion for explanation.
Type  H <return>  for immediate help.
 ...                                              
                                                  
l.4652 \begin{itemize}
                      
You're in trouble here.  Try typing  <return>  to proceed.
If that doesn't work, type  X <return>  to quit.



[229]
File: ./images/2025_03_17_ca60ec0bfd96dcf8e028g-198.jpg Graphic file (type bmp)

<./images/2025_03_17_ca60ec0bfd96dcf8e028g-198.jpg>

Underfull \hbox (badness 10000) in paragraph at lines 4658--4658

 []


LaTeX Warning: `h' float specifier changed to `ht'.

File: ./images/2025_03_17_ca60ec0bfd96dcf8e028g-198(1).jpg Graphic file (type b
mp)
<./images/2025_03_17_ca60ec0bfd96dcf8e028g-198(1).jpg>

Underfull \hbox (badness 10000) in paragraph at lines 4665--4665

 []


LaTeX Warning: `h' float specifier changed to `ht'.


/Users/aliasgar/Desktop/Ali Asgar/Stony Brook/Advanced Project/local/files/data
-science/manual_images/data-science_final.tex:4670: LaTeX Error: Too deeply nes
ted.

See the LaTeX manual or LaTeX Companion for explanation.
Type  H <return>  for immediate help.
 ...                                              
                                                  
l.4670 \begin{itemize}
                      
You're in trouble here.  Try typing  <return>  to proceed.
If that doesn't work, type  X <return>  to quit.

File: ./images/2025_03_17_ca60ec0bfd96dcf8e028g-199.jpg Graphic file (type bmp)

<./images/2025_03_17_ca60ec0bfd96dcf8e028g-199.jpg>

LaTeX Warning: `h' float specifier changed to `ht'.



[230]
File: ./images/2025_03_17_ca60ec0bfd96dcf8e028g-200.jpg Graphic file (type bmp)

<./images/2025_03_17_ca60ec0bfd96dcf8e028g-200.jpg>


LaTeX Warning: `h' float specifier changed to `ht'.

File: ./images/2025_03_17_ca60ec0bfd96dcf8e028g-201.jpg Graphic file (type bmp)

<./images/2025_03_17_ca60ec0bfd96dcf8e028g-201.jpg>


[231]

LaTeX Warning: `h' float specifier changed to `ht'.

File: ./images/2025_03_17_ca60ec0bfd96dcf8e028g-202(1).jpg Graphic file (type b
mp)
<./images/2025_03_17_ca60ec0bfd96dcf8e028g-202(1).jpg>

Underfull \hbox (badness 10000) in paragraph at lines 4716--4716

 []


LaTeX Warning: `h' float specifier changed to `ht'.

File: ./images/2025_03_17_ca60ec0bfd96dcf8e028g-202.jpg Graphic file (type bmp)

<./images/2025_03_17_ca60ec0bfd96dcf8e028g-202.jpg>

Underfull \hbox (badness 10000) in paragraph at lines 4721--4721

 []


LaTeX Warning: `h' float specifier changed to `ht'.


/Users/aliasgar/Desktop/Ali Asgar/Stony Brook/Advanced Project/local/files/data
-science/manual_images/data-science_final.tex:4727: LaTeX Error: Too deeply nes
ted.

See the LaTeX manual or LaTeX Companion for explanation.
Type  H <return>  for immediate help.
 ...                                              
                                                  
l.4727 \begin{itemize}
                      
You're in trouble here.  Try typing  <return>  to proceed.
If that doesn't work, type  X <return>  to quit.

File: ./images/2025_03_17_ca60ec0bfd96dcf8e028g-203.jpg Graphic file (type bmp)

<./images/2025_03_17_ca60ec0bfd96dcf8e028g-203.jpg>

LaTeX Warning: `h' float specifier changed to `ht'.



[232]
File: ./images/2025_03_17_ca60ec0bfd96dcf8e028g-204.jpg Graphic file (type bmp)

<./images/2025_03_17_ca60ec0bfd96dcf8e028g-204.jpg>


LaTeX Warning: `h' float specifier changed to `ht'.


/Users/aliasgar/Desktop/Ali Asgar/Stony Brook/Advanced Project/local/files/data
-science/manual_images/data-science_final.tex:4761: LaTeX Error: Too deeply nes
ted.

See the LaTeX manual or LaTeX Companion for explanation.
Type  H <return>  for immediate help.
 ...                                              
                                                  
l.4761 \begin{itemize}
                      
You're in trouble here.  Try typing  <return>  to proceed.
If that doesn't work, type  X <return>  to quit.


/Users/aliasgar/Desktop/Ali Asgar/Stony Brook/Advanced Project/local/files/data
-science/manual_images/data-science_final.tex:4767: LaTeX Error: Too deeply nes
ted.

See the LaTeX manual or LaTeX Companion for explanation.
Type  H <return>  for immediate help.
 ...                                              
                                                  
l.4767 \begin{itemize}
                      
You're in trouble here.  Try typing  <return>  to proceed.
If that doesn't work, type  X <return>  to quit.



[233]

[234]
File: ./images/2025_03_17_ca60ec0bfd96dcf8e028g-206.jpg Graphic file (type bmp)

<./images/2025_03_17_ca60ec0bfd96dcf8e028g-206.jpg>

Underfull \hbox (badness 10000) in paragraph at lines 4794--4794

 []


LaTeX Warning: `h' float specifier changed to `ht'.


/Users/aliasgar/Desktop/Ali Asgar/Stony Brook/Advanced Project/local/files/data
-science/manual_images/data-science_final.tex:4798: LaTeX Error: Too deeply nes
ted.

See the LaTeX manual or LaTeX Companion for explanation.
Type  H <return>  for immediate help.
 ...                                              
                                                  
l.4798 \begin{itemize}
                      
You're in trouble here.  Try typing  <return>  to proceed.
If that doesn't work, type  X <return>  to quit.

File: ./images/2025_03_17_ca60ec0bfd96dcf8e028g-207.jpg Graphic file (type bmp)

<./images/2025_03_17_ca60ec0bfd96dcf8e028g-207.jpg>

LaTeX Warning: `h' float specifier changed to `ht'.



[235]
File: ./images/2025_03_17_ca60ec0bfd96dcf8e028g-208.jpg Graphic file (type bmp)

<./images/2025_03_17_ca60ec0bfd96dcf8e028g-208.jpg>


LaTeX Warning: `h' float specifier changed to `ht'.


/Users/aliasgar/Desktop/Ali Asgar/Stony Brook/Advanced Project/local/files/data
-science/manual_images/data-science_final.tex:4835: LaTeX Error: Too deeply nes
ted.

See the LaTeX manual or LaTeX Companion for explanation.
Type  H <return>  for immediate help.
 ...                                              
                                                  
l.4835 \begin{itemize}
                      
You're in trouble here.  Try typing  <return>  to proceed.
If that doesn't work, type  X <return>  to quit.

File: ./images/2025_03_17_ca60ec0bfd96dcf8e028g-209.jpg Graphic file (type bmp)

<./images/2025_03_17_ca60ec0bfd96dcf8e028g-209.jpg>

LaTeX Warning: `h' float specifier changed to `ht'.


Underfull \vbox (badness 3769) has occurred while \output is active []



[236]
File: ./images/2025_03_17_ca60ec0bfd96dcf8e028g-210.jpg Graphic file (type bmp)

<./images/2025_03_17_ca60ec0bfd96dcf8e028g-210.jpg>

Underfull \hbox (badness 10000) in paragraph at lines 4871--4871

 []


LaTeX Warning: `h' float specifier changed to `ht'.

File: ./images/2025_03_17_ca60ec0bfd96dcf8e028g-210(1).jpg Graphic file (type b
mp)
<./images/2025_03_17_ca60ec0bfd96dcf8e028g-210(1).jpg>

Underfull \hbox (badness 10000) in paragraph at lines 4878--4878

 []


LaTeX Warning: `h' float specifier changed to `ht'.



[237]

[238]
File: ./images/2025_03_17_ca60ec0bfd96dcf8e028g-212.jpg Graphic file (type bmp)

<./images/2025_03_17_ca60ec0bfd96dcf8e028g-212.jpg>


LaTeX Warning: `h' float specifier changed to `ht'.


/Users/aliasgar/Desktop/Ali Asgar/Stony Brook/Advanced Project/local/files/data
-science/manual_images/data-science_final.tex:4917: LaTeX Error: Too deeply nes
ted.

See the LaTeX manual or LaTeX Companion for explanation.
Type  H <return>  for immediate help.
 ...                                              
                                                  
l.4917 \begin{itemize}
                      
You're in trouble here.  Try typing  <return>  to proceed.
If that doesn't work, type  X <return>  to quit.



[239]

[240]

LaTeX Warning: Citation `few2009now' on page 241 undefined on input line 4948.


LaTeX Warning: Citation `johnson2007ghost' on page 241 undefined on input line 
4948.


LaTeX Warning: Citation `anscombe1973graphs' on page 241 undefined on input lin
e 4950.


LaTeX Warning: Citation `lloyd2005lydia' on page 241 undefined on input line 49
50.


LaTeX Warning: Citation `bautin2010access' on page 241 undefined on input line 
4950.



[241]

[242]

[243]

[244]

[245]

[246]

[247]

[248]

[249]

[250]

[251]

[252]

[253]

[254]

[255]

[256]

[257]

[258]
Chapter 9.


[259

]

[260]

/Users/aliasgar/Desktop/Ali Asgar/Stony Brook/Advanced Project/local/files/data
-science/manual_images/data-science_final.tex:5052: LaTeX Error: Too deeply nes
ted.

See the LaTeX manual or LaTeX Companion for explanation.
Type  H <return>  for immediate help.
 ...                                              
                                                  
l.5052 \begin{itemize}
                      
You're in trouble here.  Try typing  <return>  to proceed.
If that doesn't work, type  X <return>  to quit.



[261]

/Users/aliasgar/Desktop/Ali Asgar/Stony Brook/Advanced Project/local/files/data
-science/manual_images/data-science_final.tex:5072: LaTeX Error: Too deeply nes
ted.

See the LaTeX manual or LaTeX Companion for explanation.
Type  H <return>  for immediate help.
 ...                                              
                                                  
l.5072 \begin{itemize}
                      
You're in trouble here.  Try typing  <return>  to proceed.
If that doesn't work, type  X <return>  to quit.


/Users/aliasgar/Desktop/Ali Asgar/Stony Brook/Advanced Project/local/files/data
-science/manual_images/data-science_final.tex:5083: LaTeX Error: Too deeply nes
ted.

See the LaTeX manual or LaTeX Companion for explanation.
Type  H <return>  for immediate help.
 ...                                              
                                                  
l.5083 \begin{itemize}
                      
You're in trouble here.  Try typing  <return>  to proceed.
If that doesn't work, type  X <return>  to quit.



[262]

/Users/aliasgar/Desktop/Ali Asgar/Stony Brook/Advanced Project/local/files/data
-science/manual_images/data-science_final.tex:5090: LaTeX Error: Too deeply nes
ted.

See the LaTeX manual or LaTeX Companion for explanation.
Type  H <return>  for immediate help.
 ...                                              
                                                  
l.5090 \begin{itemize}
                      
You're in trouble here.  Try typing  <return>  to proceed.
If that doesn't work, type  X <return>  to quit.


/Users/aliasgar/Desktop/Ali Asgar/Stony Brook/Advanced Project/local/files/data
-science/manual_images/data-science_final.tex:5101: LaTeX Error: Too deeply nes
ted.

See the LaTeX manual or LaTeX Companion for explanation.
Type  H <return>  for immediate help.
 ...                                              
                                                  
l.5101 \begin{itemize}
                      
You're in trouble here.  Try typing  <return>  to proceed.
If that doesn't work, type  X <return>  to quit.


Underfull \vbox (badness 10000) has occurred while \output is active []



[263]
Overfull \hbox (0.23923pt too wide) detected at line 5116
\OML/cmm/m/it/10 P\OT1/cmr/m/n/10 (\OML/cmm/m/it/10 A \OMS/cmsy/m/n/10 j \OML/c
mm/m/it/10 B\OT1/cmr/m/n/10 ) = [] = [] = 6 \OMS/cmsy/m/n/10 ^^B \OT1/cmr/m/n/1
0 10[]
 []



[264]

[265]
File: ./images/2025_03_17_ca60ec0bfd96dcf8e028g-223.jpg Graphic file (type bmp)

<./images/2025_03_17_ca60ec0bfd96dcf8e028g-223.jpg>


LaTeX Warning: Citation `nguyen2015deep' on page 266 undefined on input line 51
47.



[266]

[267]

/Users/aliasgar/Desktop/Ali Asgar/Stony Brook/Advanced Project/local/files/data
-science/manual_images/data-science_final.tex:5175: LaTeX Error: Too deeply nes
ted.

See the LaTeX manual or LaTeX Companion for explanation.
Type  H <return>  for immediate help.
 ...                                              
                                                  
l.5175 \begin{itemize}
                      
You're in trouble here.  Try typing  <return>  to proceed.
If that doesn't work, type  X <return>  to quit.



[268]

[269]

/Users/aliasgar/Desktop/Ali Asgar/Stony Brook/Advanced Project/local/files/data
-science/manual_images/data-science_final.tex:5215: LaTeX Error: Too deeply nes
ted.

See the LaTeX manual or LaTeX Companion for explanation.
Type  H <return>  for immediate help.
 ...                                              
                                                  
l.5215 \begin{itemize}
                      
You're in trouble here.  Try typing  <return>  to proceed.
If that doesn't work, type  X <return>  to quit.



[270]

/Users/aliasgar/Desktop/Ali Asgar/Stony Brook/Advanced Project/local/files/data
-science/manual_images/data-science_final.tex:5225: LaTeX Error: Too deeply nes
ted.

See the LaTeX manual or LaTeX Companion for explanation.
Type  H <return>  for immediate help.
 ...                                              
                                                  
l.5225 \begin{itemize}
                      
You're in trouble here.  Try typing  <return>  to proceed.
If that doesn't work, type  X <return>  to quit.


/Users/aliasgar/Desktop/Ali Asgar/Stony Brook/Advanced Project/local/files/data
-science/manual_images/data-science_final.tex:5231: LaTeX Error: Too deeply nes
ted.

See the LaTeX manual or LaTeX Companion for explanation.
Type  H <return>  for immediate help.
 ...                                              
                                                  
l.5231 \begin{itemize}
                      
You're in trouble here.  Try typing  <return>  to proceed.
If that doesn't work, type  X <return>  to quit.


/Users/aliasgar/Desktop/Ali Asgar/Stony Brook/Advanced Project/local/files/data
-science/manual_images/data-science_final.tex:5237: LaTeX Error: Too deeply nes
ted.

See the LaTeX manual or LaTeX Companion for explanation.
Type  H <return>  for immediate help.
 ...                                              
                                                  
l.5237 \begin{itemize}
                      
You're in trouble here.  Try typing  <return>  to proceed.
If that doesn't work, type  X <return>  to quit.



[271]

/Users/aliasgar/Desktop/Ali Asgar/Stony Brook/Advanced Project/local/files/data
-science/manual_images/data-science_final.tex:5248: LaTeX Error: Too deeply nes
ted.

See the LaTeX manual or LaTeX Companion for explanation.
Type  H <return>  for immediate help.
 ...                                              
                                                  
l.5248 \begin{itemize}
                      
You're in trouble here.  Try typing  <return>  to proceed.
If that doesn't work, type  X <return>  to quit.



[272]
/Users/aliasgar/Desktop/Ali Asgar/Stony Brook/Advanced Project/local/files/data
-science/manual_images/data-science_final.tex:5267: Extra alignment tab has bee
n changed to \cr.
<template> \endtemplate 
                        
l.5267  &  & \multicolumn{3}{|c}{Predicted Class}
                                                  \\
You have given more \span or & marks than there were
in the preamble to the \halign or \valign now in progress.
So I'll assume that you meant to type \cr instead.

/Users/aliasgar/Desktop/Ali Asgar/Stony Brook/Advanced Project/local/files/data
-science/manual_images/data-science_final.tex:5268: Extra alignment tab has bee
n changed to \cr.
<recently read> \endtemplate 
                             
l.5268  &  & Yes & No &
                         \\
You have given more \span or & marks than there were
in the preamble to the \halign or \valign now in progress.
So I'll assume that you meant to type \cr instead.

/Users/aliasgar/Desktop/Ali Asgar/Stony Brook/Advanced Project/local/files/data
-science/manual_images/data-science_final.tex:5270: Extra alignment tab has bee
n changed to \cr.
<recently read> \endtemplate 
                             
l.5270 ... Positives (TP) & False Negatives (FN) &
                                                    \\
You have given more \span or & marks than there were
in the preamble to the \halign or \valign now in progress.
So I'll assume that you meant to type \cr instead.

/Users/aliasgar/Desktop/Ali Asgar/Stony Brook/Advanced Project/local/files/data
-science/manual_images/data-science_final.tex:5271: Extra alignment tab has bee
n changed to \cr.
<recently read> \endtemplate 
                             
l.5271 ...e Positives (FP) & True Negatives (TN) &
                                                    \\
You have given more \span or & marks than there were
in the preamble to the \halign or \valign now in progress.
So I'll assume that you meant to type \cr instead.


Overfull \hbox (47.531pt too wide) in paragraph at lines 5266--5274
 [] 
 []



[273]
File: ./images/2025_03_17_ca60ec0bfd96dcf8e028g-230.jpg Graphic file (type bmp)

<./images/2025_03_17_ca60ec0bfd96dcf8e028g-230.jpg>

Underfull \hbox (badness 10000) in paragraph at lines 5295--5295

 []


LaTeX Warning: `h' float specifier changed to `ht'.


/Users/aliasgar/Desktop/Ali Asgar/Stony Brook/Advanced Project/local/files/data
-science/manual_images/data-science_final.tex:5301: LaTeX Error: Too deeply nes
ted.

See the LaTeX manual or LaTeX Companion for explanation.
Type  H <return>  for immediate help.
 ...                                              
                                                  
l.5301 \begin{itemize}
                      
You're in trouble here.  Try typing  <return>  to proceed.
If that doesn't work, type  X <return>  to quit.



[274]
Underfull \vbox (badness 7256) has occurred while \output is active []



[275]

[276]
/Users/aliasgar/Desktop/Ali Asgar/Stony Brook/Advanced Project/local/files/data
-science/manual_images/data-science_final.tex:5374: Extra alignment tab has bee
n changed to \cr.
<template> \endtemplate 
                        
l.5374 ... \multicolumn{4}{c}{Balanced Classifier}
                                                   \\
You have given more \span or & marks than there were
in the preamble to the \halign or \valign now in progress.
So I'll assume that you meant to type \cr instead.

/Users/aliasgar/Desktop/Ali Asgar/Stony Brook/Advanced Project/local/files/data
-science/manual_images/data-science_final.tex:5375: Extra alignment tab has bee
n changed to \cr.
<recently read> \endtemplate 
                             
l.5375 ... & 1.0 & 0.5 & 0.75 & 0.9 & 0.99 & 1.0 &
                                                    &  \\
You have given more \span or & marks than there were
in the preamble to the \halign or \valign now in progress.
So I'll assume that you meant to type \cr instead.

/Users/aliasgar/Desktop/Ali Asgar/Stony Brook/Advanced Project/local/files/data
-science/manual_images/data-science_final.tex:5377: Extra alignment tab has bee
n changed to \cr.
<recently read> \endtemplate 
                             
l.5377 ... & 0.05 & 0.5 & 0.75 & 0.9 & 0.99 & 1. &
                                                    &  \\
You have given more \span or & marks than there were
in the preamble to the \halign or \valign now in progress.
So I'll assume that you meant to type \cr instead.

/Users/aliasgar/Desktop/Ali Asgar/Stony Brook/Advanced Project/local/files/data
-science/manual_images/data-science_final.tex:5378: Extra alignment tab has bee
n changed to \cr.
<recently read> \endtemplate 
                             
l.5378 ...05 & 0.05 & 0.136 & 0.321 & 0.839 & 1. &
                                                    &  \\
You have given more \span or & marks than there were
in the preamble to the \halign or \valign now in progress.
So I'll assume that you meant to type \cr instead.

/Users/aliasgar/Desktop/Ali Asgar/Stony Brook/Advanced Project/local/files/data
-science/manual_images/data-science_final.tex:5379: Extra alignment tab has bee
n changed to \cr.
<recently read> \endtemplate 
                             
l.5379 ...0. & 1. & 0.5 & 0.75 & 0.9 & 0.99 & 1. &
                                                    &  \\
You have given more \span or & marks than there were
in the preamble to the \halign or \valign now in progress.
So I'll assume that you meant to type \cr instead.

/Users/aliasgar/Desktop/Ali Asgar/Stony Brook/Advanced Project/local/files/data
-science/manual_images/data-science_final.tex:5380: Extra alignment tab has bee
n changed to \cr.
<recently read> \endtemplate 
                             
l.5380 ...5 & 0.091 & 0.231 & 0.474 & 0.908 & 1. &
                                                    &  \\
You have given more \span or & marks than there were
in the preamble to the \halign or \valign now in progress.
So I'll assume that you meant to type \cr instead.


Overfull \hbox (152.26059pt too wide) in paragraph at lines 5373--5383
 [] 
 []


Underfull \vbox (badness 10000) has occurred while \output is active []



[277]

[278]

/Users/aliasgar/Desktop/Ali Asgar/Stony Brook/Advanced Project/local/files/data
-science/manual_images/data-science_final.tex:5411: LaTeX Error: Too deeply nes
ted.

See the LaTeX manual or LaTeX Companion for explanation.
Type  H <return>  for immediate help.
 ...                                              
                                                  
l.5411 \begin{itemize}
                      
You're in trouble here.  Try typing  <return>  to proceed.
If that doesn't work, type  X <return>  to quit.



[279]
File: ./images/2025_03_17_ca60ec0bfd96dcf8e028g-234.jpg Graphic file (type bmp)

<./images/2025_03_17_ca60ec0bfd96dcf8e028g-234.jpg>

Underfull \hbox (badness 10000) in paragraph at lines 5426--5426

 []


Underfull \vbox (badness 10000) has occurred while \output is active []



[280]
Underfull \vbox (badness 2393) has occurred while \output is active []



[281]
File: ./images/2025_03_17_ca60ec0bfd96dcf8e028g-236.jpg Graphic file (type bmp)

<./images/2025_03_17_ca60ec0bfd96dcf8e028g-236.jpg>


LaTeX Warning: `h' float specifier changed to `ht'.



[282]

[283]

[284]

/Users/aliasgar/Desktop/Ali Asgar/Stony Brook/Advanced Project/local/files/data
-science/manual_images/data-science_final.tex:5507: LaTeX Error: Too deeply nes
ted.

See the LaTeX manual or LaTeX Companion for explanation.
Type  H <return>  for immediate help.
 ...                                              
                                                  
l.5507 \begin{itemize}
                      
You're in trouble here.  Try typing  <return>  to proceed.
If that doesn't work, type  X <return>  to quit.

File: ./images/2025_03_17_ca60ec0bfd96dcf8e028g-238.jpg Graphic file (type bmp)

<./images/2025_03_17_ca60ec0bfd96dcf8e028g-238.jpg>

Underfull \hbox (badness 10000) in paragraph at lines 5514--5514

 []


/Users/aliasgar/Desktop/Ali Asgar/Stony Brook/Advanced Project/local/files/data
-science/manual_images/data-science_final.tex:5518: LaTeX Error: Too deeply nes
ted.

See the LaTeX manual or LaTeX Companion for explanation.
Type  H <return>  for immediate help.
 ...                                              
                                                  
l.5518 \begin{itemize}
                      
You're in trouble here.  Try typing  <return>  to proceed.
If that doesn't work, type  X <return>  to quit.



[285]

/Users/aliasgar/Desktop/Ali Asgar/Stony Brook/Advanced Project/local/files/data
-science/manual_images/data-science_final.tex:5524: LaTeX Error: Too deeply nes
ted.

See the LaTeX manual or LaTeX Companion for explanation.
Type  H <return>  for immediate help.
 ...                                              
                                                  
l.5524 \begin{itemize}
                      
You're in trouble here.  Try typing  <return>  to proceed.
If that doesn't work, type  X <return>  to quit.

File: ./images/2025_03_17_ca60ec0bfd96dcf8e028g-239.jpg Graphic file (type bmp)

<./images/2025_03_17_ca60ec0bfd96dcf8e028g-239.jpg>

Underfull \hbox (badness 10000) in paragraph at lines 5535--5535

 []



[286]
Overfull \hbox (74.85135pt too wide) in paragraph at lines 5561--5584
 [] 
 []


Underfull \vbox (badness 10000) has occurred while \output is active []



[287]
Overfull \hbox (70.59354pt too wide) in paragraph at lines 5587--5610
 [] 
 []


/Users/aliasgar/Desktop/Ali Asgar/Stony Brook/Advanced Project/local/files/data
-science/manual_images/data-science_final.tex:5623: LaTeX Error: Too deeply nes
ted.

See the LaTeX manual or LaTeX Companion for explanation.
Type  H <return>  for immediate help.
 ...                                              
                                                  
l.5623 \begin{itemize}
                      
You're in trouble here.  Try typing  <return>  to proceed.
If that doesn't work, type  X <return>  to quit.



[288]

/Users/aliasgar/Desktop/Ali Asgar/Stony Brook/Advanced Project/local/files/data
-science/manual_images/data-science_final.tex:5633: LaTeX Error: Too deeply nes
ted.

See the LaTeX manual or LaTeX Companion for explanation.
Type  H <return>  for immediate help.
 ...                                              
                                                  
l.5633 \begin{itemize}
                      
You're in trouble here.  Try typing  <return>  to proceed.
If that doesn't work, type  X <return>  to quit.


/Users/aliasgar/Desktop/Ali Asgar/Stony Brook/Advanced Project/local/files/data
-science/manual_images/data-science_final.tex:5646: LaTeX Error: Too deeply nes
ted.

See the LaTeX manual or LaTeX Companion for explanation.
Type  H <return>  for immediate help.
 ...                                              
                                                  
l.5646 \begin{itemize}
                      
You're in trouble here.  Try typing  <return>  to proceed.
If that doesn't work, type  X <return>  to quit.



[289]

[290]

[291]

/Users/aliasgar/Desktop/Ali Asgar/Stony Brook/Advanced Project/local/files/data
-science/manual_images/data-science_final.tex:5681: LaTeX Error: Too deeply nes
ted.

See the LaTeX manual or LaTeX Companion for explanation.
Type  H <return>  for immediate help.
 ...                                              
                                                  
l.5681 \begin{itemize}
                      
You're in trouble here.  Try typing  <return>  to proceed.
If that doesn't work, type  X <return>  to quit.


/Users/aliasgar/Desktop/Ali Asgar/Stony Brook/Advanced Project/local/files/data
-science/manual_images/data-science_final.tex:5691: LaTeX Error: Too deeply nes
ted.

See the LaTeX manual or LaTeX Companion for explanation.
Type  H <return>  for immediate help.
 ...                                              
                                                  
l.5691 \begin{itemize}
                      
You're in trouble here.  Try typing  <return>  to proceed.
If that doesn't work, type  X <return>  to quit.



[292]

[293]

[294]

[295]
File: ./images/2025_03_17_ca60ec0bfd96dcf8e028g-247.jpg Graphic file (type bmp)

<./images/2025_03_17_ca60ec0bfd96dcf8e028g-247.jpg>

Underfull \hbox (badness 10000) in paragraph at lines 5749--5749

 []


LaTeX Warning: `h' float specifier changed to `ht'.



[296]
Underfull \vbox (badness 10000) has occurred while \output is active []



[297]

/Users/aliasgar/Desktop/Ali Asgar/Stony Brook/Advanced Project/local/files/data
-science/manual_images/data-science_final.tex:5796: LaTeX Error: Too deeply nes
ted.

See the LaTeX manual or LaTeX Companion for explanation.
Type  H <return>  for immediate help.
 ...                                              
                                                  
l.5796 \begin{itemize}
                      
You're in trouble here.  Try typing  <return>  to proceed.
If that doesn't work, type  X <return>  to quit.



[298]

/Users/aliasgar/Desktop/Ali Asgar/Stony Brook/Advanced Project/local/files/data
-science/manual_images/data-science_final.tex:5812: LaTeX Error: Too deeply nes
ted.

See the LaTeX manual or LaTeX Companion for explanation.
Type  H <return>  for immediate help.
 ...                                              
                                                  
l.5812 \begin{itemize}
                      
You're in trouble here.  Try typing  <return>  to proceed.
If that doesn't work, type  X <return>  to quit.


/Users/aliasgar/Desktop/Ali Asgar/Stony Brook/Advanced Project/local/files/data
-science/manual_images/data-science_final.tex:5820: LaTeX Error: Too deeply nes
ted.

See the LaTeX manual or LaTeX Companion for explanation.
Type  H <return>  for immediate help.
 ...                                              
                                                  
l.5820 \begin{itemize}
                      
You're in trouble here.  Try typing  <return>  to proceed.
If that doesn't work, type  X <return>  to quit.


LaTeX Warning: Citation `bender2012introduction' on page 299 undefined on input
 line 5829.


LaTeX Warning: Citation `giordano2013first' on page 299 undefined on input line
 5829.



[299]

LaTeX Warning: Citation `lazer2014parable' on page 300 undefined on input line 
5833.


LaTeX Warning: Citation `sazaklis1997geometric' on page 300 undefined on input 
line 5835.


LaTeX Warning: Citation `kulkarni2017dating' on page 300 undefined on input lin
e 5835.


/Users/aliasgar/Desktop/Ali Asgar/Stony Brook/Advanced Project/local/files/data
-science/manual_images/data-science_final.tex:5849: LaTeX Error: Too deeply nes
ted.

See the LaTeX manual or LaTeX Companion for explanation.
Type  H <return>  for immediate help.
 ...                                              
                                                  
l.5849 \begin{itemize}
                      
You're in trouble here.  Try typing  <return>  to proceed.
If that doesn't work, type  X <return>  to quit.


/Users/aliasgar/Desktop/Ali Asgar/Stony Brook/Advanced Project/local/files/data
-science/manual_images/data-science_final.tex:5862: LaTeX Error: Too deeply nes
ted.

See the LaTeX manual or LaTeX Companion for explanation.
Type  H <return>  for immediate help.
 ...                                              
                                                  
l.5862 \begin{itemize}
                      
You're in trouble here.  Try typing  <return>  to proceed.
If that doesn't work, type  X <return>  to quit.



[300]

/Users/aliasgar/Desktop/Ali Asgar/Stony Brook/Advanced Project/local/files/data
-science/manual_images/data-science_final.tex:5893: LaTeX Error: Too deeply nes
ted.

See the LaTeX manual or LaTeX Companion for explanation.
Type  H <return>  for immediate help.
 ...                                              
                                                  
l.5893 \begin{itemize}
                      
You're in trouble here.  Try typing  <return>  to proceed.
If that doesn't work, type  X <return>  to quit.



[301]

[302]

[303]

[304

]
Chapter 10.

/Users/aliasgar/Desktop/Ali Asgar/Stony Brook/Advanced Project/local/files/data
-science/manual_images/data-science_final.tex:5942: LaTeX Error: Too deeply nes
ted.

See the LaTeX manual or LaTeX Companion for explanation.
Type  H <return>  for immediate help.
 ...                                              
                                                  
l.5942 \begin{itemize}
                      
You're in trouble here.  Try typing  <return>  to proceed.
If that doesn't work, type  X <return>  to quit.


/Users/aliasgar/Desktop/Ali Asgar/Stony Brook/Advanced Project/local/files/data
-science/manual_images/data-science_final.tex:5955: LaTeX Error: Too deeply nes
ted.

See the LaTeX manual or LaTeX Companion for explanation.
Type  H <return>  for immediate help.
 ...                                              
                                                  
l.5955 \begin{itemize}
                      
You're in trouble here.  Try typing  <return>  to proceed.
If that doesn't work, type  X <return>  to quit.



[305]

/Users/aliasgar/Desktop/Ali Asgar/Stony Brook/Advanced Project/local/files/data
-science/manual_images/data-science_final.tex:5967: LaTeX Error: Too deeply nes
ted.

See the LaTeX manual or LaTeX Companion for explanation.
Type  H <return>  for immediate help.
 ...                                              
                                                  
l.5967 \begin{itemize}
                      
You're in trouble here.  Try typing  <return>  to proceed.
If that doesn't work, type  X <return>  to quit.



[306]
Underfull \vbox (badness 10000) has occurred while \output is active []



[307]
File: ./images/2025_03_17_ca60ec0bfd96dcf8e028g-256.jpg Graphic file (type bmp)

<./images/2025_03_17_ca60ec0bfd96dcf8e028g-256.jpg>

Underfull \hbox (badness 10000) in paragraph at lines 6015--6015

 []



[308]
File: ./images/2025_03_17_ca60ec0bfd96dcf8e028g-257.jpg Graphic file (type bmp)

<./images/2025_03_17_ca60ec0bfd96dcf8e028g-257.jpg>


LaTeX Warning: `h' float specifier changed to `ht'.



[309]
Underfull \vbox (badness 10000) has occurred while \output is active []



[310]
File: ./images/2025_03_17_ca60ec0bfd96dcf8e028g-258.jpg Graphic file (type bmp)

<./images/2025_03_17_ca60ec0bfd96dcf8e028g-258.jpg>


[311]
File: ./images/2025_03_17_ca60ec0bfd96dcf8e028g-259.jpg Graphic file (type bmp)

<./images/2025_03_17_ca60ec0bfd96dcf8e028g-259.jpg>


[312]

/Users/aliasgar/Desktop/Ali Asgar/Stony Brook/Advanced Project/local/files/data
-science/manual_images/data-science_final.tex:6130: LaTeX Error: Too deeply nes
ted.

See the LaTeX manual or LaTeX Companion for explanation.
Type  H <return>  for immediate help.
 ...                                              
                                                  
l.6130 \begin{itemize}
                      
You're in trouble here.  Try typing  <return>  to proceed.
If that doesn't work, type  X <return>  to quit.


Overfull \hbox (26.58893pt too wide) detected at line 6157
[] \OMS/cmsy/m/n/10 ^^A [] \OT1/cmr/m/n/10 = [] \OMS/cmsy/m/n/10 6\OT1/cmr/m/n/
10 = [] \OMS/cmsy/m/n/10 ^^A [] \OT1/cmr/m/n/10 = []
 []


/Users/aliasgar/Desktop/Ali Asgar/Stony Brook/Advanced Project/local/files/data
-science/manual_images/data-science_final.tex:6161: LaTeX Error: Too deeply nes
ted.

See the LaTeX manual or LaTeX Companion for explanation.
Type  H <return>  for immediate help.
 ...                                              
                                                  
l.6161 \begin{itemize}
                      
You're in trouble here.  Try typing  <return>  to proceed.
If that doesn't work, type  X <return>  to quit.



[313]
Overfull \hbox (34.08894pt too wide) detected at line 6206
[][]
 []

File: ./images/2025_03_17_ca60ec0bfd96dcf8e028g-261.jpg Graphic file (type bmp)

<./images/2025_03_17_ca60ec0bfd96dcf8e028g-261.jpg>

LaTeX Warning: `h' float specifier changed to `ht'.



[314]

/Users/aliasgar/Desktop/Ali Asgar/Stony Brook/Advanced Project/local/files/data
-science/manual_images/data-science_final.tex:6229: LaTeX Error: Too deeply nes
ted.

See the LaTeX manual or LaTeX Companion for explanation.
Type  H <return>  for immediate help.
 ...                                              
                                                  
l.6229 \begin{itemize}
                      
You're in trouble here.  Try typing  <return>  to proceed.
If that doesn't work, type  X <return>  to quit.



[315]

[316]
/Users/aliasgar/Desktop/Ali Asgar/Stony Brook/Advanced Project/local/files/data
-science/manual_images/data-science_final.tex:6272: Missing $ inserted.
<inserted text> 
                $
l.6272 
       
I've inserted a begin-math/end-math symbol since I think
you left one out. Proceed, with fingers crossed.

/Users/aliasgar/Desktop/Ali Asgar/Stony Brook/Advanced Project/local/files/data
-science/manual_images/data-science_final.tex:6272: Missing } inserted.
<inserted text> 
                }
l.6272 
       
I've inserted something that you may have forgotten.
(See the <inserted text> above.)
With luck, this will get me unwedged. But if you
really didn't forget anything, try typing `2' now; then
my insertion and my current dilemma will both disappear.

/Users/aliasgar/Desktop/Ali Asgar/Stony Brook/Advanced Project/local/files/data
-science/manual_images/data-science_final.tex:6272: Missing \right. inserted.
<inserted text> 
                \right .
l.6272 
       
I've inserted something that you may have forgotten.
(See the <inserted text> above.)
With luck, this will get me unwedged. But if you
really didn't forget anything, try typing `2' now; then
my insertion and my current dilemma will both disappear.

/Users/aliasgar/Desktop/Ali Asgar/Stony Brook/Advanced Project/local/files/data
-science/manual_images/data-science_final.tex:6272: Extra }, or forgotten \endg
roup.
\@par ... \@noitemerr {\@@par }\fi \else {\@@par }
                                                  \fi 
l.6272 
       
I've deleted a group-closing symbol because it seems to be
spurious, as in `$x}$'. But perhaps the } is legitimate and
you forgot something else, as in `\hbox{$x}'. In such cases
the way to recover is to insert both the forgotten and the
deleted material, e.g., by typing `I$}'.

File: ./images/2025_03_17_ca60ec0bfd96dcf8e028g-263.jpg Graphic file (type bmp)

<./images/2025_03_17_ca60ec0bfd96dcf8e028g-263.jpg>

Underfull \hbox (badness 10000) in paragraph at lines 6276--6276

 []



[317]

[318]
File: ./images/2025_03_17_ca60ec0bfd96dcf8e028g-265.jpg Graphic file (type bmp)

<./images/2025_03_17_ca60ec0bfd96dcf8e028g-265.jpg>

Underfull \hbox (badness 10000) in paragraph at lines 6358--6358

 []


LaTeX Warning: `h' float specifier changed to `ht'.



[319]
Underfull \vbox (badness 10000) has occurred while \output is active []



[320]

[321]

[322]
Underfull \vbox (badness 4467) has occurred while \output is active []



[323]
File: ./images/2025_03_17_ca60ec0bfd96dcf8e028g-269.jpg Graphic file (type bmp)

<./images/2025_03_17_ca60ec0bfd96dcf8e028g-269.jpg>

Underfull \hbox (badness 10000) in paragraph at lines 6501--6501

 []


/Users/aliasgar/Desktop/Ali Asgar/Stony Brook/Advanced Project/local/files/data
-science/manual_images/data-science_final.tex:6507: LaTeX Error: Too deeply nes
ted.

See the LaTeX manual or LaTeX Companion for explanation.
Type  H <return>  for immediate help.
 ...                                              
                                                  
l.6507 \begin{itemize}
                      
You're in trouble here.  Try typing  <return>  to proceed.
If that doesn't work, type  X <return>  to quit.



[324]
File: ./images/2025_03_17_ca60ec0bfd96dcf8e028g-271.jpg Graphic file (type bmp)

<./images/2025_03_17_ca60ec0bfd96dcf8e028g-271.jpg>

Underfull \hbox (badness 10000) in paragraph at lines 6538--6538

 []


LaTeX Warning: `h' float specifier changed to `ht'.



[325]

[326]

/Users/aliasgar/Desktop/Ali Asgar/Stony Brook/Advanced Project/local/files/data
-science/manual_images/data-science_final.tex:6579: LaTeX Error: Too deeply nes
ted.

See the LaTeX manual or LaTeX Companion for explanation.
Type  H <return>  for immediate help.
 ...                                              
                                                  
l.6579 \begin{itemize}
                      
You're in trouble here.  Try typing  <return>  to proceed.
If that doesn't work, type  X <return>  to quit.



[327]

[328]
File: ./images/2025_03_17_ca60ec0bfd96dcf8e028g-274.jpg Graphic file (type bmp)

<./images/2025_03_17_ca60ec0bfd96dcf8e028g-274.jpg>

Underfull \hbox (badness 10000) in paragraph at lines 6676--6676

 []

File: ./images/2025_03_17_ca60ec0bfd96dcf8e028g-274(1).jpg Graphic file (type b
mp)
<./images/2025_03_17_ca60ec0bfd96dcf8e028g-274(1).jpg>

Underfull \hbox (badness 10000) in paragraph at lines 6681--6681

 []


LaTeX Warning: `h' float specifier changed to `ht'.



[329]
File: ./images/2025_03_17_ca60ec0bfd96dcf8e028g-275.jpg Graphic file (type bmp)

<./images/2025_03_17_ca60ec0bfd96dcf8e028g-275.jpg>

Underfull \hbox (badness 10000) in paragraph at lines 6698--6698

 []


LaTeX Warning: `h' float specifier changed to `ht'.



[330]
File: ./images/2025_03_17_ca60ec0bfd96dcf8e028g-276.jpg Graphic file (type bmp)

<./images/2025_03_17_ca60ec0bfd96dcf8e028g-276.jpg>


LaTeX Warning: `h' float specifier changed to `ht'.



[331]
File: ./images/2025_03_17_ca60ec0bfd96dcf8e028g-277(1).jpg Graphic file (type b
mp)
<./images/2025_03_17_ca60ec0bfd96dcf8e028g-277(1).jpg>
File: ./images/2025_03_17_ca60ec0bfd96dcf8e028g-277.jpg Graphic file (type bmp)

<./images/2025_03_17_ca60ec0bfd96dcf8e028g-277.jpg>

Underfull \hbox (badness 10000) in paragraph at lines 6746--6746

 []


LaTeX Warning: Float too large for page by 74.0978pt on input line 6747.


LaTeX Warning: `h' float specifier changed to `ht'.



[332]

[333]
/Users/aliasgar/Desktop/Ali Asgar/Stony Brook/Advanced Project/local/files/data
-science/manual_images/data-science_final.tex:6812: Misplaced \noalign.
\hline ->\noalign 
                  {\ifnum 0=`}\fi \hrule \@height \arrayrulewidth \futurelet...
l.6812 \hline
             
I expect to see \noalign only after the \cr of
an alignment. Proceed, and I'll ignore this case.

/Users/aliasgar/Desktop/Ali Asgar/Stony Brook/Advanced Project/local/files/data
-science/manual_images/data-science_final.tex:6812: You can't use `\hrule' here
 except with leaders.
\hline ->\noalign {\ifnum 0=`}\fi \hrule 
                                         \@height \arrayrulewidth \futurelet...
l.6812 \hline
             
To put a horizontal rule in an hbox or an alignment,
you should use \leaders or \hrulefill (see The TeXbook).

/Users/aliasgar/Desktop/Ali Asgar/Stony Brook/Advanced Project/local/files/data
-science/manual_images/data-science_final.tex:6812: Missing number, treated as 
zero.
<to be read again> 
                   \futurelet 
l.6812 \hline
             
A number should have been here; I inserted `0'.
(If you can't figure out why I needed to see a number,
look up `weird error' in the index to The TeXbook.)

/Users/aliasgar/Desktop/Ali Asgar/Stony Brook/Advanced Project/local/files/data
-science/manual_images/data-science_final.tex:6812: Illegal unit of measure (pt
 inserted).
<to be read again> 
                   \futurelet 
l.6812 \hline
             
Dimensions can be in units of em, ex, in, pt, pc,
cm, mm, dd, cc, bp, or sp; but yours is a new one!
I'll assume that you meant to say pt, for printer's points.
To recover gracefully from this error, it's best to
delete the erroneous units; e.g., type `2' to delete
two letters. (See Chapter 27 of The TeXbook.)


Overfull \hbox (114.27649pt too wide) in paragraph at lines 6779--6816
 [] 
 []



[334]

LaTeX Warning: Citation `lay2015linear' on page 335 undefined on input line 682
4.


LaTeX Warning: Citation `strang2011introduction' on page 335 undefined on input
 line 6824.


LaTeX Warning: Citation `tucker1988unified' on page 335 undefined on input line
 6824.


LaTeX Warning: Citation `klein2013coding' on page 335 undefined on input line 6
824.



[335]

/Users/aliasgar/Desktop/Ali Asgar/Stony Brook/Advanced Project/local/files/data
-science/manual_images/data-science_final.tex:6861: LaTeX Error: Too deeply nes
ted.

See the LaTeX manual or LaTeX Companion for explanation.
Type  H <return>  for immediate help.
 ...                                              
                                                  
l.6861 \begin{itemize}
                      
You're in trouble here.  Try typing  <return>  to proceed.
If that doesn't work, type  X <return>  to quit.



[336]

[337]

[338

]
Chapter 11.

/Users/aliasgar/Desktop/Ali Asgar/Stony Brook/Advanced Project/local/files/data
-science/manual_images/data-science_final.tex:6892: LaTeX Error: Too deeply nes
ted.

See the LaTeX manual or LaTeX Companion for explanation.
Type  H <return>  for immediate help.
 ...                                              
                                                  
l.6892 \begin{itemize}
                      
You're in trouble here.  Try typing  <return>  to proceed.
If that doesn't work, type  X <return>  to quit.


/Users/aliasgar/Desktop/Ali Asgar/Stony Brook/Advanced Project/local/files/data
-science/manual_images/data-science_final.tex:6898: LaTeX Error: Too deeply nes
ted.

See the LaTeX manual or LaTeX Companion for explanation.
Type  H <return>  for immediate help.
 ...                                              
                                                  
l.6898 \begin{itemize}
                      
You're in trouble here.  Try typing  <return>  to proceed.
If that doesn't work, type  X <return>  to quit.

File: ./images/2025_03_17_ca60ec0bfd96dcf8e028g-283.jpg Graphic file (type bmp)

<./images/2025_03_17_ca60ec0bfd96dcf8e028g-283.jpg>

LaTeX Warning: `h' float specifier changed to `ht'.



[339]

[340]
File: ./images/2025_03_17_ca60ec0bfd96dcf8e028g-284.jpg Graphic file (type bmp)

<./images/2025_03_17_ca60ec0bfd96dcf8e028g-284.jpg>

Underfull \hbox (badness 10000) in paragraph at lines 6925--6925

 []


Underfull \vbox (badness 10000) has occurred while \output is active []



[341]
File: ./images/2025_03_17_ca60ec0bfd96dcf8e028g-285.jpg Graphic file (type bmp)

<./images/2025_03_17_ca60ec0bfd96dcf8e028g-285.jpg>

Underfull \hbox (badness 10000) in paragraph at lines 6952--6952

 []


Underfull \vbox (badness 2253) has occurred while \output is active []



[342]

[343]
File: ./images/2025_03_17_ca60ec0bfd96dcf8e028g-287.jpg Graphic file (type bmp)

<./images/2025_03_17_ca60ec0bfd96dcf8e028g-287.jpg>


[344]

/Users/aliasgar/Desktop/Ali Asgar/Stony Brook/Advanced Project/local/files/data
-science/manual_images/data-science_final.tex:7041: LaTeX Error: Too deeply nes
ted.

See the LaTeX manual or LaTeX Companion for explanation.
Type  H <return>  for immediate help.
 ...                                              
                                                  
l.7041 \begin{itemize}
                      
You're in trouble here.  Try typing  <return>  to proceed.
If that doesn't work, type  X <return>  to quit.



[345]
File: ./images/2025_03_17_ca60ec0bfd96dcf8e028g-289.jpg Graphic file (type bmp)

<./images/2025_03_17_ca60ec0bfd96dcf8e028g-289.jpg>

Underfull \hbox (badness 10000) in paragraph at lines 7059--7059

 []


LaTeX Warning: `h' float specifier changed to `ht'.



[346]

/Users/aliasgar/Desktop/Ali Asgar/Stony Brook/Advanced Project/local/files/data
-science/manual_images/data-science_final.tex:7074: LaTeX Error: Too deeply nes
ted.

See the LaTeX manual or LaTeX Companion for explanation.
Type  H <return>  for immediate help.
 ...                                              
                                                  
l.7074 \begin{itemize}
                      
You're in trouble here.  Try typing  <return>  to proceed.
If that doesn't work, type  X <return>  to quit.



[347]

[348]

[349]

[350]
Underfull \vbox (badness 2529) has occurred while \output is active []



[351]
File: ./images/2025_03_17_ca60ec0bfd96dcf8e028g-295.jpg Graphic file (type bmp)

<./images/2025_03_17_ca60ec0bfd96dcf8e028g-295.jpg>


LaTeX Warning: `h' float specifier changed to `ht'.



[352]
File: ./images/2025_03_17_ca60ec0bfd96dcf8e028g-296.jpg Graphic file (type bmp)

<./images/2025_03_17_ca60ec0bfd96dcf8e028g-296.jpg>

Underfull \hbox (badness 10000) in paragraph at lines 7235--7235

 []


LaTeX Warning: `h' float specifier changed to `ht'.



[353]
Underfull \vbox (badness 2134) has occurred while \output is active []



[354]
File: ./images/2025_03_17_ca60ec0bfd96dcf8e028g-297.jpg Graphic file (type bmp)

<./images/2025_03_17_ca60ec0bfd96dcf8e028g-297.jpg>


[355]

[356]
File: ./images/2025_03_17_ca60ec0bfd96dcf8e028g-299(1).jpg Graphic file (type b
mp)
<./images/2025_03_17_ca60ec0bfd96dcf8e028g-299(1).jpg>
File: ./images/2025_03_17_ca60ec0bfd96dcf8e028g-299.jpg Graphic file (type bmp)

<./images/2025_03_17_ca60ec0bfd96dcf8e028g-299.jpg>

Underfull \hbox (badness 10000) in paragraph at lines 7301--7301

 []


LaTeX Warning: `h' float specifier changed to `ht'.

File: ./images/2025_03_17_ca60ec0bfd96dcf8e028g-300.jpg Graphic file (type bmp)

<./images/2025_03_17_ca60ec0bfd96dcf8e028g-300.jpg>

LaTeX Warning: `h' float specifier changed to `ht'.


Underfull \vbox (badness 10000) has occurred while \output is active []



[357]

[358]

[359]
Underfull \vbox (badness 2941) has occurred while \output is active []



[360]

[361]

/Users/aliasgar/Desktop/Ali Asgar/Stony Brook/Advanced Project/local/files/data
-science/manual_images/data-science_final.tex:7439: LaTeX Error: Too deeply nes
ted.

See the LaTeX manual or LaTeX Companion for explanation.
Type  H <return>  for immediate help.
 ...                                              
                                                  
l.7439 \begin{itemize}
                      
You're in trouble here.  Try typing  <return>  to proceed.
If that doesn't work, type  X <return>  to quit.

File: ./images/2025_03_17_ca60ec0bfd96dcf8e028g-305.jpg Graphic file (type bmp)

<./images/2025_03_17_ca60ec0bfd96dcf8e028g-305.jpg>

LaTeX Warning: `h' float specifier changed to `ht'.


/Users/aliasgar/Desktop/Ali Asgar/Stony Brook/Advanced Project/local/files/data
-science/manual_images/data-science_final.tex:7461: LaTeX Error: Too deeply nes
ted.

See the LaTeX manual or LaTeX Companion for explanation.
Type  H <return>  for immediate help.
 ...                                              
                                                  
l.7461 \begin{itemize}
                      
You're in trouble here.  Try typing  <return>  to proceed.
If that doesn't work, type  X <return>  to quit.



[362]
File: ./images/2025_03_17_ca60ec0bfd96dcf8e028g-306.jpg Graphic file (type bmp)

<./images/2025_03_17_ca60ec0bfd96dcf8e028g-306.jpg>


LaTeX Warning: `h' float specifier changed to `ht'.

File: ./images/2025_03_17_ca60ec0bfd96dcf8e028g-307(1).jpg Graphic file (type b
mp)
<./images/2025_03_17_ca60ec0bfd96dcf8e028g-307(1).jpg>

Underfull \hbox (badness 10000) in paragraph at lines 7496--7496

 []


LaTeX Warning: `h' float specifier changed to `ht'.

File: ./images/2025_03_17_ca60ec0bfd96dcf8e028g-307.jpg Graphic file (type bmp)

<./images/2025_03_17_ca60ec0bfd96dcf8e028g-307.jpg>

Underfull \hbox (badness 10000) in paragraph at lines 7501--7501

 []


LaTeX Warning: `h' float specifier changed to `ht'.



[363]

/Users/aliasgar/Desktop/Ali Asgar/Stony Brook/Advanced Project/local/files/data
-science/manual_images/data-science_final.tex:7525: LaTeX Error: Too deeply nes
ted.

See the LaTeX manual or LaTeX Companion for explanation.
Type  H <return>  for immediate help.
 ...                                              
                                                  
l.7525 \begin{itemize}
                      
You're in trouble here.  Try typing  <return>  to proceed.
If that doesn't work, type  X <return>  to quit.



[364]
File: ./images/2025_03_17_ca60ec0bfd96dcf8e028g-309.jpg Graphic file (type bmp)

<./images/2025_03_17_ca60ec0bfd96dcf8e028g-309.jpg>


LaTeX Warning: `h' float specifier changed to `ht'.

File: ./images/2025_03_17_ca60ec0bfd96dcf8e028g-310.jpg Graphic file (type bmp)

<./images/2025_03_17_ca60ec0bfd96dcf8e028g-310.jpg>

LaTeX Warning: `h' float specifier changed to `ht'.



[365]

/Users/aliasgar/Desktop/Ali Asgar/Stony Brook/Advanced Project/local/files/data
-science/manual_images/data-science_final.tex:7606: LaTeX Error: Too deeply nes
ted.

See the LaTeX manual or LaTeX Companion for explanation.
Type  H <return>  for immediate help.
 ...                                              
                                                  
l.7606 \begin{itemize}
                      \index{Kullback-Leibler divergence}\index{monotonic!ne...

You're in trouble here.  Try typing  <return>  to proceed.
If that doesn't work, type  X <return>  to quit.



[366]
File: ./images/2025_03_17_ca60ec0bfd96dcf8e028g-312.jpg Graphic file (type bmp)

<./images/2025_03_17_ca60ec0bfd96dcf8e028g-312.jpg>


LaTeX Warning: `h' float specifier changed to `ht'.



[367]
File: ./images/2025_03_17_ca60ec0bfd96dcf8e028g-313.jpg Graphic file (type bmp)

<./images/2025_03_17_ca60ec0bfd96dcf8e028g-313.jpg>


LaTeX Warning: `h' float specifier changed to `ht'.



[368]

[369]

LaTeX Warning: Citation `weisberg2005applied' on page 370 undefined on input li
ne 7695.


LaTeX Warning: Citation `leinweber2007stupid' on page 370 undefined on input li
ne 7699.



[370]

[371]

[372]

[373]

[374]

[375]

[376]

[377]

[378]

[379]

[380

]
Chapter 12.

/Users/aliasgar/Desktop/Ali Asgar/Stony Brook/Advanced Project/local/files/data
-science/manual_images/data-science_final.tex:7752: LaTeX Error: Environment ab
stract undefined.

See the LaTeX manual or LaTeX Companion for explanation.
Type  H <return>  for immediate help.
 ...                                              
                                                  
l.7752 \begin{abstract}
                       
Your command was ignored.
Type  I <command> <return>  to replace it with another command,
or  <return>  to continue without it.


/Users/aliasgar/Desktop/Ali Asgar/Stony Brook/Advanced Project/local/files/data
-science/manual_images/data-science_final.tex:7754: LaTeX Error: \begin{itemize
} on input line 7606 ended by \end{abstract}.

See the LaTeX manual or LaTeX Companion for explanation.
Type  H <return>  for immediate help.
 ...                                              
                                                  
l.7754 \end{abstract}
                     
Your command was ignored.
Type  I <command> <return>  to replace it with another command,
or  <return>  to continue without it.


/Users/aliasgar/Desktop/Ali Asgar/Stony Brook/Advanced Project/local/files/data
-science/manual_images/data-science_final.tex:7756: LaTeX Error: Too deeply nes
ted.

See the LaTeX manual or LaTeX Companion for explanation.
Type  H <return>  for immediate help.
 ...                                              
                                                  
l.7756 \begin{itemize}
                      
You're in trouble here.  Try typing  <return>  to proceed.
If that doesn't work, type  X <return>  to quit.


Underfull \vbox (badness 5771) has occurred while \output is active []



[381]

/Users/aliasgar/Desktop/Ali Asgar/Stony Brook/Advanced Project/local/files/data
-science/manual_images/data-science_final.tex:7781: LaTeX Error: Too deeply nes
ted.

See the LaTeX manual or LaTeX Companion for explanation.
Type  H <return>  for immediate help.
 ...                                              
                                                  
l.7781 \begin{itemize}
                      
You're in trouble here.  Try typing  <return>  to proceed.
If that doesn't work, type  X <return>  to quit.


/Users/aliasgar/Desktop/Ali Asgar/Stony Brook/Advanced Project/local/files/data
-science/manual_images/data-science_final.tex:7792: LaTeX Error: Too deeply nes
ted.

See the LaTeX manual or LaTeX Companion for explanation.
Type  H <return>  for immediate help.
 ...                                              
                                                  
l.7792 \begin{itemize}
                      
You're in trouble here.  Try typing  <return>  to proceed.
If that doesn't work, type  X <return>  to quit.

File: ./images/2025_03_17_ca60ec0bfd96dcf8e028g-320.jpg Graphic file (type bmp)

<./images/2025_03_17_ca60ec0bfd96dcf8e028g-320.jpg>

LaTeX Warning: `h' float specifier changed to `ht'.


Package hyperref Warning: Token not allowed in a PDF string (Unicode):
(hyperref)                removing `math shift' on input line 7808.


Package hyperref Warning: Token not allowed in a PDF string (Unicode):
(hyperref)                removing `math shift' on input line 7808.



[382]

/Users/aliasgar/Desktop/Ali Asgar/Stony Brook/Advanced Project/local/files/data
-science/manual_images/data-science_final.tex:7817: LaTeX Error: Too deeply nes
ted.

See the LaTeX manual or LaTeX Companion for explanation.
Type  H <return>  for immediate help.
 ...                                              
                                                  
l.7817 \begin{itemize}
                      
You're in trouble here.  Try typing  <return>  to proceed.
If that doesn't work, type  X <return>  to quit.



[383]
File: ./images/2025_03_17_ca60ec0bfd96dcf8e028g-321(1).jpg Graphic file (type b
mp)
<./images/2025_03_17_ca60ec0bfd96dcf8e028g-321(1).jpg>
File: ./images/2025_03_17_ca60ec0bfd96dcf8e028g-321.jpg Graphic file (type bmp)

<./images/2025_03_17_ca60ec0bfd96dcf8e028g-321.jpg>
File: ./images/2025_03_17_ca60ec0bfd96dcf8e028g-321(3).jpg Graphic file (type b
mp)
<./images/2025_03_17_ca60ec0bfd96dcf8e028g-321(3).jpg>
File: ./images/2025_03_17_ca60ec0bfd96dcf8e028g-321(2).jpg Graphic file (type b
mp)
<./images/2025_03_17_ca60ec0bfd96dcf8e028g-321(2).jpg>


LaTeX Warning: Float too large for page by 617.42516pt on input line 7829.


LaTeX Warning: `h' float specifier changed to `ht'.


/Users/aliasgar/Desktop/Ali Asgar/Stony Brook/Advanced Project/local/files/data
-science/manual_images/data-science_final.tex:7835: LaTeX Error: Too deeply nes
ted.

See the LaTeX manual or LaTeX Companion for explanation.
Type  H <return>  for immediate help.
 ...                                              
                                                  
l.7835 \begin{itemize}
                      
You're in trouble here.  Try typing  <return>  to proceed.
If that doesn't work, type  X <return>  to quit.



[384]

[385]
Underfull \vbox (badness 2653) has occurred while \output is active []



[386]

[387]

[388]

[389]
File: ./images/2025_03_17_ca60ec0bfd96dcf8e028g-327.jpg Graphic file (type bmp)

<./images/2025_03_17_ca60ec0bfd96dcf8e028g-327.jpg>


LaTeX Warning: `h' float specifier changed to `ht'.


/Users/aliasgar/Desktop/Ali Asgar/Stony Brook/Advanced Project/local/files/data
-science/manual_images/data-science_final.tex:7998: LaTeX Error: Too deeply nes
ted.

See the LaTeX manual or LaTeX Companion for explanation.
Type  H <return>  for immediate help.
 ...                                              
                                                  
l.7998 \begin{itemize}
                      
You're in trouble here.  Try typing  <return>  to proceed.
If that doesn't work, type  X <return>  to quit.



[390]

Package hyperref Warning: Token not allowed in a PDF string (Unicode):
(hyperref)                removing `math shift' on input line 8022.


Package hyperref Warning: Token not allowed in a PDF string (Unicode):
(hyperref)                removing `math shift' on input line 8022.

File: ./images/2025_03_17_ca60ec0bfd96dcf8e028g-329.jpg Graphic file (type bmp)

<./images/2025_03_17_ca60ec0bfd96dcf8e028g-329.jpg>

Underfull \hbox (badness 10000) in paragraph at lines 8033--8033

 []


LaTeX Warning: `h' float specifier changed to `ht'.



[391]
File: ./images/2025_03_17_ca60ec0bfd96dcf8e028g-330.jpg Graphic file (type bmp)

<./images/2025_03_17_ca60ec0bfd96dcf8e028g-330.jpg>

Underfull \hbox (badness 10000) in paragraph at lines 8049--8049

 []


LaTeX Warning: `h' float specifier changed to `ht'.


/Users/aliasgar/Desktop/Ali Asgar/Stony Brook/Advanced Project/local/files/data
-science/manual_images/data-science_final.tex:8058: LaTeX Error: Too deeply nes
ted.

See the LaTeX manual or LaTeX Companion for explanation.
Type  H <return>  for immediate help.
 ...                                              
                                                  
l.8058 \begin{itemize}
                      
You're in trouble here.  Try typing  <return>  to proceed.
If that doesn't work, type  X <return>  to quit.

File: ./images/2025_03_17_ca60ec0bfd96dcf8e028g-331.jpg Graphic file (type bmp)

<./images/2025_03_17_ca60ec0bfd96dcf8e028g-331.jpg>

Underfull \hbox (badness 10000) in paragraph at lines 8066--8066

 []


LaTeX Warning: `h' float specifier changed to `ht'.



[392]

/Users/aliasgar/Desktop/Ali Asgar/Stony Brook/Advanced Project/local/files/data
-science/manual_images/data-science_final.tex:8075: LaTeX Error: Too deeply nes
ted.

See the LaTeX manual or LaTeX Companion for explanation.
Type  H <return>  for immediate help.
 ...                                              
                                                  
l.8075 \begin{itemize}
                      
You're in trouble here.  Try typing  <return>  to proceed.
If that doesn't work, type  X <return>  to quit.



[393]
File: ./images/2025_03_17_ca60ec0bfd96dcf8e028g-333.jpg Graphic file (type bmp)

<./images/2025_03_17_ca60ec0bfd96dcf8e028g-333.jpg>


LaTeX Warning: `h' float specifier changed to `ht'.



[394]

/Users/aliasgar/Desktop/Ali Asgar/Stony Brook/Advanced Project/local/files/data
-science/manual_images/data-science_final.tex:8127: LaTeX Error: Too deeply nes
ted.

See the LaTeX manual or LaTeX Companion for explanation.
Type  H <return>  for immediate help.
 ...                                              
                                                  
l.8127 \begin{itemize}
                      
You're in trouble here.  Try typing  <return>  to proceed.
If that doesn't work, type  X <return>  to quit.

File: ./images/2025_03_17_ca60ec0bfd96dcf8e028g-335.jpg Graphic file (type bmp)

<./images/2025_03_17_ca60ec0bfd96dcf8e028g-335.jpg>

LaTeX Warning: `h' float specifier changed to `ht'.


Underfull \vbox (badness 10000) has occurred while \output is active []



[395]
Underfull \vbox (badness 10000) has occurred while \output is active []



[396]

/Users/aliasgar/Desktop/Ali Asgar/Stony Brook/Advanced Project/local/files/data
-science/manual_images/data-science_final.tex:8171: LaTeX Error: Too deeply nes
ted.

See the LaTeX manual or LaTeX Companion for explanation.
Type  H <return>  for immediate help.
 ...                                              
                                                  
l.8171 \begin{itemize}
                      
You're in trouble here.  Try typing  <return>  to proceed.
If that doesn't work, type  X <return>  to quit.

File: ./images/2025_03_17_ca60ec0bfd96dcf8e028g-337.jpg Graphic file (type bmp)

<./images/2025_03_17_ca60ec0bfd96dcf8e028g-337.jpg>

LaTeX Warning: `h' float specifier changed to `ht'.


/Users/aliasgar/Desktop/Ali Asgar/Stony Brook/Advanced Project/local/files/data
-science/manual_images/data-science_final.tex:8182: LaTeX Error: Too deeply nes
ted.

See the LaTeX manual or LaTeX Companion for explanation.
Type  H <return>  for immediate help.
 ...                                              
                                                  
l.8182 \begin{itemize}
                      
You're in trouble here.  Try typing  <return>  to proceed.
If that doesn't work, type  X <return>  to quit.



[397]

/Users/aliasgar/Desktop/Ali Asgar/Stony Brook/Advanced Project/local/files/data
-science/manual_images/data-science_final.tex:8197: LaTeX Error: Too deeply nes
ted.

See the LaTeX manual or LaTeX Companion for explanation.
Type  H <return>  for immediate help.
 ...                                              
                                                  
l.8197 \begin{itemize}
                      
You're in trouble here.  Try typing  <return>  to proceed.
If that doesn't work, type  X <return>  to quit.



[398]

/Users/aliasgar/Desktop/Ali Asgar/Stony Brook/Advanced Project/local/files/data
-science/manual_images/data-science_final.tex:8212: LaTeX Error: Too deeply nes
ted.

See the LaTeX manual or LaTeX Companion for explanation.
Type  H <return>  for immediate help.
 ...                                              
                                                  
l.8212 \begin{itemize}
                      
You're in trouble here.  Try typing  <return>  to proceed.
If that doesn't work, type  X <return>  to quit.



[399]

LaTeX Warning: Citation `brin1998anatomy' on page 400 undefined on input line 8
226.



[400]

[401]
File: ./images/2025_03_17_ca60ec0bfd96dcf8e028g-342.jpg Graphic file (type bmp)

<./images/2025_03_17_ca60ec0bfd96dcf8e028g-342.jpg>

Underfull \hbox (badness 10000) in paragraph at lines 8307--8307

 []


LaTeX Warning: `h' float specifier changed to `ht'.

File: ./images/2025_03_17_ca60ec0bfd96dcf8e028g-343.jpg Graphic file (type bmp)

<./images/2025_03_17_ca60ec0bfd96dcf8e028g-343.jpg>

Underfull \hbox (badness 10000) in paragraph at lines 8322--8322

 []


LaTeX Warning: `h' float specifier changed to `ht'.



[402]

/Users/aliasgar/Desktop/Ali Asgar/Stony Brook/Advanced Project/local/files/data
-science/manual_images/data-science_final.tex:8327: LaTeX Error: Too deeply nes
ted.

See the LaTeX manual or LaTeX Companion for explanation.
Type  H <return>  for immediate help.
 ...                                              
                                                  
l.8327 \begin{itemize}
                      
You're in trouble here.  Try typing  <return>  to proceed.
If that doesn't work, type  X <return>  to quit.



[403]
File: ./images/2025_03_17_ca60ec0bfd96dcf8e028g-345.jpg Graphic file (type bmp)

<./images/2025_03_17_ca60ec0bfd96dcf8e028g-345.jpg>


LaTeX Warning: `h' float specifier changed to `ht'.


Package hyperref Warning: Token not allowed in a PDF string (Unicode):
(hyperref)                removing `math shift' on input line 8354.


Package hyperref Warning: Token not allowed in a PDF string (Unicode):
(hyperref)                removing `math shift' on input line 8354.



[404]
File: ./images/2025_03_17_ca60ec0bfd96dcf8e028g-347.jpg Graphic file (type bmp)

<./images/2025_03_17_ca60ec0bfd96dcf8e028g-347.jpg>

Underfull \hbox (badness 10000) in paragraph at lines 8383--8383

 []


LaTeX Warning: `h' float specifier changed to `ht'.



[405]

[406]
File: ./images/2025_03_17_ca60ec0bfd96dcf8e028g-349(1).jpg Graphic file (type b
mp)
<./images/2025_03_17_ca60ec0bfd96dcf8e028g-349(1).jpg>

Underfull \hbox (badness 10000) in paragraph at lines 8425--8425

 []


LaTeX Warning: `h' float specifier changed to `ht'.

File: ./images/2025_03_17_ca60ec0bfd96dcf8e028g-349.jpg Graphic file (type bmp)

<./images/2025_03_17_ca60ec0bfd96dcf8e028g-349.jpg>

Underfull \hbox (badness 10000) in paragraph at lines 8430--8430

 []


LaTeX Warning: `h' float specifier changed to `ht'.



[407]
File: ./images/2025_03_17_ca60ec0bfd96dcf8e028g-351.jpg Graphic file (type bmp)

<./images/2025_03_17_ca60ec0bfd96dcf8e028g-351.jpg>


LaTeX Warning: `h' float specifier changed to `ht'.



[408]

/Users/aliasgar/Desktop/Ali Asgar/Stony Brook/Advanced Project/local/files/data
-science/manual_images/data-science_final.tex:8470: LaTeX Error: Too deeply nes
ted.

See the LaTeX manual or LaTeX Companion for explanation.
Type  H <return>  for immediate help.
 ...                                              
                                                  
l.8470 \begin{itemize}
                      
You're in trouble here.  Try typing  <return>  to proceed.
If that doesn't work, type  X <return>  to quit.



[409]
File: ./images/2025_03_17_ca60ec0bfd96dcf8e028g-353.jpg Graphic file (type bmp)

<./images/2025_03_17_ca60ec0bfd96dcf8e028g-353.jpg>

Underfull \hbox (badness 10000) in paragraph at lines 8480--8480

 []


LaTeX Warning: `h' float specifier changed to `ht'.

File: ./images/2025_03_17_ca60ec0bfd96dcf8e028g-354.jpg Graphic file (type bmp)

<./images/2025_03_17_ca60ec0bfd96dcf8e028g-354.jpg>

Underfull \hbox (badness 10000) in paragraph at lines 8497--8497

 []


LaTeX Warning: `h' float specifier changed to `ht'.

File: ./images/2025_03_17_ca60ec0bfd96dcf8e028g-354(1).jpg Graphic file (type b
mp)
<./images/2025_03_17_ca60ec0bfd96dcf8e028g-354(1).jpg>

Underfull \hbox (badness 10000) in paragraph at lines 8502--8502

 []


LaTeX Warning: `h' float specifier changed to `ht'.


/Users/aliasgar/Desktop/Ali Asgar/Stony Brook/Advanced Project/local/files/data
-science/manual_images/data-science_final.tex:8507: LaTeX Error: Too deeply nes
ted.

See the LaTeX manual or LaTeX Companion for explanation.
Type  H <return>  for immediate help.
 ...                                              
                                                  
l.8507 \begin{itemize}
                      
You're in trouble here.  Try typing  <return>  to proceed.
If that doesn't work, type  X <return>  to quit.



[410]

/Users/aliasgar/Desktop/Ali Asgar/Stony Brook/Advanced Project/local/files/data
-science/manual_images/data-science_final.tex:8523: LaTeX Error: Too deeply nes
ted.

See the LaTeX manual or LaTeX Companion for explanation.
Type  H <return>  for immediate help.
 ...                                              
                                                  
l.8523 \begin{itemize}
                      
You're in trouble here.  Try typing  <return>  to proceed.
If that doesn't work, type  X <return>  to quit.


/Users/aliasgar/Desktop/Ali Asgar/Stony Brook/Advanced Project/local/files/data
-science/manual_images/data-science_final.tex:8533: LaTeX Error: Too deeply nes
ted.

See the LaTeX manual or LaTeX Companion for explanation.
Type  H <return>  for immediate help.
 ...                                              
                                                  
l.8533 \begin{itemize}
                      
You're in trouble here.  Try typing  <return>  to proceed.
If that doesn't work, type  X <return>  to quit.



[411]

[412]
File: ./images/2025_03_17_ca60ec0bfd96dcf8e028g-357.jpg Graphic file (type bmp)

<./images/2025_03_17_ca60ec0bfd96dcf8e028g-357.jpg>

Underfull \hbox (badness 10000) in paragraph at lines 8576--8576

 []


LaTeX Warning: `h' float specifier changed to `ht'.

File: ./images/2025_03_17_ca60ec0bfd96dcf8e028g-358.jpg Graphic file (type bmp)

<./images/2025_03_17_ca60ec0bfd96dcf8e028g-358.jpg>

LaTeX Warning: `h' float specifier changed to `ht'.



[413]

/Users/aliasgar/Desktop/Ali Asgar/Stony Brook/Advanced Project/local/files/data
-science/manual_images/data-science_final.tex:8625: LaTeX Error: Too deeply nes
ted.

See the LaTeX manual or LaTeX Companion for explanation.
Type  H <return>  for immediate help.
 ...                                              
                                                  
l.8625 \begin{itemize}
                      
You're in trouble here.  Try typing  <return>  to proceed.
If that doesn't work, type  X <return>  to quit.



[414]

[415]

LaTeX Warning: Citation `deberg2000computational' on page 416 undefined on inpu
t line 8655.


LaTeX Warning: Citation `samet2006foundations' on page 416 undefined on input l
ine 8657.


LaTeX Warning: Citation `samet2005multidimensional' on page 416 undefined on in
put line 8657.


LaTeX Warning: Citation `indyk2004nearest' on page 416 undefined on input line 
8657.


LaTeX Warning: Citation `west2000introduction' on page 416 undefined on input l
ine 8659.


LaTeX Warning: Citation `easley2010networks' on page 416 undefined on input lin
e 8659.


LaTeX Warning: Citation `everitt2011cluster' on page 416 undefined on input lin
e 8661.



[416]

[417]

[418]

[419]

[420]

[421]

[422]

[423]

[424]

[425]

[426]

[427]

[428]

[429]

[430]

[431]

[432]
Chapter 13.

/Users/aliasgar/Desktop/Ali Asgar/Stony Brook/Advanced Project/local/files/data
-science/manual_images/data-science_final.tex:8773: LaTeX Error: Environment ab
stract undefined.

See the LaTeX manual or LaTeX Companion for explanation.
Type  H <return>  for immediate help.
 ...                                              
                                                  
l.8773 \begin{abstract}
                       
Your command was ignored.
Type  I <command> <return>  to replace it with another command,
or  <return>  to continue without it.


/Users/aliasgar/Desktop/Ali Asgar/Stony Brook/Advanced Project/local/files/data
-science/manual_images/data-science_final.tex:8775: LaTeX Error: \begin{center}
 on input line 8598 ended by \end{abstract}.

See the LaTeX manual or LaTeX Companion for explanation.
Type  H <return>  for immediate help.
 ...                                              
                                                  
l.8775 \end{abstract}
                     
Your command was ignored.
Type  I <command> <return>  to replace it with another command,
or  <return>  to continue without it.


/Users/aliasgar/Desktop/Ali Asgar/Stony Brook/Advanced Project/local/files/data
-science/manual_images/data-science_final.tex:8779: LaTeX Error: Too deeply nes
ted.

See the LaTeX manual or LaTeX Companion for explanation.
Type  H <return>  for immediate help.
 ...                                              
                                                  
l.8779 \begin{itemize}
                      
You're in trouble here.  Try typing  <return>  to proceed.
If that doesn't work, type  X <return>  to quit.


/Users/aliasgar/Desktop/Ali Asgar/Stony Brook/Advanced Project/local/files/data
-science/manual_images/data-science_final.tex:8792: LaTeX Error: Too deeply nes
ted.

See the LaTeX manual or LaTeX Companion for explanation.
Type  H <return>  for immediate help.
 ...                                              
                                                  
l.8792 \begin{itemize}
                      
You're in trouble here.  Try typing  <return>  to proceed.
If that doesn't work, type  X <return>  to quit.



[433

]
Overfull \hbox (127.09294pt too wide) in paragraph at lines 8806--8836
 [] 
 []


Underfull \vbox (badness 4927) has occurred while \output is active []



[434]
Underfull \vbox (badness 10000) has occurred while \output is active []



[435]
Overfull \hbox (37.66222pt too wide) in paragraph at lines 8878--8909
 [] 
 []



[436]

[437]
Overfull \hbox (17.99332pt too wide) detected at line 8946
[][]
 []



[438]

[439]
File: ./images/2025_03_17_ca60ec0bfd96dcf8e028g-372.jpg Graphic file (type bmp)

<./images/2025_03_17_ca60ec0bfd96dcf8e028g-372.jpg>


[440]

/Users/aliasgar/Desktop/Ali Asgar/Stony Brook/Advanced Project/local/files/data
-science/manual_images/data-science_final.tex:9013: LaTeX Error: Too deeply nes
ted.

See the LaTeX manual or LaTeX Companion for explanation.
Type  H <return>  for immediate help.
 ...                                              
                                                  
l.9013 \begin{itemize}
                      
You're in trouble here.  Try typing  <return>  to proceed.
If that doesn't work, type  X <return>  to quit.



[441]

[442]
File: ./images/2025_03_17_ca60ec0bfd96dcf8e028g-375.jpg Graphic file (type bmp)

<./images/2025_03_17_ca60ec0bfd96dcf8e028g-375.jpg>

Underfull \hbox (badness 10000) in paragraph at lines 9064--9064

 []


LaTeX Warning: `h' float specifier changed to `ht'.



[443]

[444]

[445]

[446]

/Users/aliasgar/Desktop/Ali Asgar/Stony Brook/Advanced Project/local/files/data
-science/manual_images/data-science_final.tex:9162: LaTeX Error: Too deeply nes
ted.

See the LaTeX manual or LaTeX Companion for explanation.
Type  H <return>  for immediate help.
 ...                                              
                                                  
l.9162 \begin{itemize}
                      
You're in trouble here.  Try typing  <return>  to proceed.
If that doesn't work, type  X <return>  to quit.



[447]
File: ./images/2025_03_17_ca60ec0bfd96dcf8e028g-380.jpg Graphic file (type bmp)

<./images/2025_03_17_ca60ec0bfd96dcf8e028g-380.jpg>

Underfull \hbox (badness 10000) in paragraph at lines 9201--9201

 []



[448]
File: ./images/2025_03_17_ca60ec0bfd96dcf8e028g-381.jpg Graphic file (type bmp)

<./images/2025_03_17_ca60ec0bfd96dcf8e028g-381.jpg>

Underfull \hbox (badness 10000) in paragraph at lines 9220--9220

 []


LaTeX Warning: `h' float specifier changed to `ht'.


/Users/aliasgar/Desktop/Ali Asgar/Stony Brook/Advanced Project/local/files/data
-science/manual_images/data-science_final.tex:9228: LaTeX Error: Too deeply nes
ted.

See the LaTeX manual or LaTeX Companion for explanation.
Type  H <return>  for immediate help.
 ...                                              
                                                  
l.9228 \begin{itemize}
                      
You're in trouble here.  Try typing  <return>  to proceed.
If that doesn't work, type  X <return>  to quit.



[449]
File: ./images/2025_03_17_ca60ec0bfd96dcf8e028g-382.jpg Graphic file (type bmp)

<./images/2025_03_17_ca60ec0bfd96dcf8e028g-382.jpg>

Underfull \hbox (badness 1303) in paragraph at lines 9236--9236
[]\TU/Georgia(0)/m/n/10 Figure 13.5: []Both logistic regression and SVMs produc
e separating lines
 []


Underfull \hbox (badness 10000) in paragraph at lines 9236--9236

 []


LaTeX Warning: `h' float specifier changed to `ht'.


/Users/aliasgar/Desktop/Ali Asgar/Stony Brook/Advanced Project/local/files/data
-science/manual_images/data-science_final.tex:9240: LaTeX Error: Too deeply nes
ted.

See the LaTeX manual or LaTeX Companion for explanation.
Type  H <return>  for immediate help.
 ...                                              
                                                  
l.9240 \begin{itemize}
                      
You're in trouble here.  Try typing  <return>  to proceed.
If that doesn't work, type  X <return>  to quit.



[450]
File: ./images/2025_03_17_ca60ec0bfd96dcf8e028g-384(1).jpg Graphic file (type b
mp)
<./images/2025_03_17_ca60ec0bfd96dcf8e028g-384(1).jpg>
File: ./images/2025_03_17_ca60ec0bfd96dcf8e028g-384.jpg Graphic file (type bmp)

<./images/2025_03_17_ca60ec0bfd96dcf8e028g-384.jpg>

Underfull \hbox (badness 10000) in paragraph at lines 9290--9290

 []


LaTeX Warning: Float too large for page by 220.21404pt on input line 9291.


LaTeX Warning: `h' float specifier changed to `ht'.



[451]

[452]

[453]

[454]
Overfull \hbox (172.57828pt too wide) in paragraph at lines 9349--9366
 [] 
 []



[455]

[456]

/Users/aliasgar/Desktop/Ali Asgar/Stony Brook/Advanced Project/local/files/data
-science/manual_images/data-science_final.tex:9394: LaTeX Error: Too deeply nes
ted.

See the LaTeX manual or LaTeX Companion for explanation.
Type  H <return>  for immediate help.
 ...                                              
                                                  
l.9394 \begin{itemize}
                      
You're in trouble here.  Try typing  <return>  to proceed.
If that doesn't work, type  X <return>  to quit.


/Users/aliasgar/Desktop/Ali Asgar/Stony Brook/Advanced Project/local/files/data
-science/manual_images/data-science_final.tex:9404: LaTeX Error: Too deeply nes
ted.

See the LaTeX manual or LaTeX Companion for explanation.
Type  H <return>  for immediate help.
 ...                                              
                                                  
l.9404 \begin{itemize}
                      
You're in trouble here.  Try typing  <return>  to proceed.
If that doesn't work, type  X <return>  to quit.


/Users/aliasgar/Desktop/Ali Asgar/Stony Brook/Advanced Project/local/files/data
-science/manual_images/data-science_final.tex:9411: LaTeX Error: Too deeply nes
ted.

See the LaTeX manual or LaTeX Companion for explanation.
Type  H <return>  for immediate help.
 ...                                              
                                                  
l.9411 \begin{itemize}
                      
You're in trouble here.  Try typing  <return>  to proceed.
If that doesn't work, type  X <return>  to quit.



[457]

[458]
File: ./images/2025_03_17_ca60ec0bfd96dcf8e028g-392.jpg Graphic file (type bmp)

<./images/2025_03_17_ca60ec0bfd96dcf8e028g-392.jpg>


LaTeX Warning: `h' float specifier changed to `ht'.



[459]
File: ./images/2025_03_17_ca60ec0bfd96dcf8e028g-394.jpg Graphic file (type bmp)

<./images/2025_03_17_ca60ec0bfd96dcf8e028g-394.jpg>

Underfull \hbox (badness 10000) in paragraph at lines 9473--9473

 []


LaTeX Warning: `h' float specifier changed to `ht'.



[460]
File: ./images/2025_03_17_ca60ec0bfd96dcf8e028g-395.jpg Graphic file (type bmp)

<./images/2025_03_17_ca60ec0bfd96dcf8e028g-395.jpg>
File: ./images/2025_03_17_ca60ec0bfd96dcf8e028g-395(1).jpg Graphic file (type b
mp)
<./images/2025_03_17_ca60ec0bfd96dcf8e028g-395(1).jpg>

Underfull \hbox (badness 10000) in paragraph at lines 9491--9491

 []


LaTeX Warning: `h' float specifier changed to `ht'.


/Users/aliasgar/Desktop/Ali Asgar/Stony Brook/Advanced Project/local/files/data
-science/manual_images/data-science_final.tex:9505: LaTeX Error: Too deeply nes
ted.

See the LaTeX manual or LaTeX Companion for explanation.
Type  H <return>  for immediate help.
 ...                                              
                                                  
l.9505 \begin{itemize}
                      
You're in trouble here.  Try typing  <return>  to proceed.
If that doesn't work, type  X <return>  to quit.


/Users/aliasgar/Desktop/Ali Asgar/Stony Brook/Advanced Project/local/files/data
-science/manual_images/data-science_final.tex:9515: LaTeX Error: Too deeply nes
ted.

See the LaTeX manual or LaTeX Companion for explanation.
Type  H <return>  for immediate help.
 ...                                              
                                                  
l.9515 \begin{itemize}
                      
You're in trouble here.  Try typing  <return>  to proceed.
If that doesn't work, type  X <return>  to quit.



[461]

[462]
Overfull \hbox (11.89267pt too wide) in paragraph at lines 9551--9565
 [] 
 []


LaTeX Warning: Citation `pennington2014glove' on page 463 undefined on input li
ne 9575.



[463]
Underfull \vbox (badness 10000) has occurred while \output is active []



[464]

/Users/aliasgar/Desktop/Ali Asgar/Stony Brook/Advanced Project/local/files/data
-science/manual_images/data-science_final.tex:9603: LaTeX Error: Too deeply nes
ted.

See the LaTeX manual or LaTeX Companion for explanation.
Type  H <return>  for immediate help.
 ...                                              
                                                  
l.9603 \begin{itemize}
                      
You're in trouble here.  Try typing  <return>  to proceed.
If that doesn't work, type  X <return>  to quit.



[465]

/Users/aliasgar/Desktop/Ali Asgar/Stony Brook/Advanced Project/local/files/data
-science/manual_images/data-science_final.tex:9622: LaTeX Error: Too deeply nes
ted.

See the LaTeX manual or LaTeX Companion for explanation.
Type  H <return>  for immediate help.
 ...                                              
                                                  
l.9622 \begin{itemize}
                      
You're in trouble here.  Try typing  <return>  to proceed.
If that doesn't work, type  X <return>  to quit.



[466]
File: ./images/2025_03_17_ca60ec0bfd96dcf8e028g-401.jpg Graphic file (type bmp)

<./images/2025_03_17_ca60ec0bfd96dcf8e028g-401.jpg>


LaTeX Warning: `h' float specifier changed to `ht'.


LaTeX Warning: Citation `bishop2007pattern' on page 467 undefined on input line
 9651.


LaTeX Warning: Citation `friedman2001elements' on page 467 undefined on input l
ine 9651.


LaTeX Warning: Citation `goodfellow2016deep' on page 467 undefined on input lin
e 9651.


LaTeX Warning: Citation `mikolov2013efficient' on page 467 undefined on input l
ine 9653.


LaTeX Warning: Citation `perozzi2014deepwalk' on page 467 undefined on input li
ne 9653.

File: ./images/2025_03_17_ca60ec0bfd96dcf8e028g-402.jpg Graphic file (type bmp)

<./images/2025_03_17_ca60ec0bfd96dcf8e028g-402.jpg>

LaTeX Warning: `h' float specifier changed to `ht'.


Underfull \vbox (badness 7704) has occurred while \output is active []



[467]
Underfull \vbox (badness 10000) has occurred while \output is active []



[468]

[469]

[470]

[471]

[472]

[473]

[474]

[475]

[476

]
Chapter 14.

/Users/aliasgar/Desktop/Ali Asgar/Stony Brook/Advanced Project/local/files/data
-science/manual_images/data-science_final.tex:9717: LaTeX Error: Too deeply nes
ted.

See the LaTeX manual or LaTeX Companion for explanation.
Type  H <return>  for immediate help.
 ...                                              
                                                  
l.9717 \begin{itemize}
                      
You're in trouble here.  Try typing  <return>  to proceed.
If that doesn't work, type  X <return>  to quit.


Underfull \vbox (badness 6510) has occurred while \output is active []



[477]

/Users/aliasgar/Desktop/Ali Asgar/Stony Brook/Advanced Project/local/files/data
-science/manual_images/data-science_final.tex:9739: LaTeX Error: Too deeply nes
ted.

See the LaTeX manual or LaTeX Companion for explanation.
Type  H <return>  for immediate help.
 ...                                              
                                                  
l.9739 \begin{itemize}
                      
You're in trouble here.  Try typing  <return>  to proceed.
If that doesn't work, type  X <return>  to quit.


/Users/aliasgar/Desktop/Ali Asgar/Stony Brook/Advanced Project/local/files/data
-science/manual_images/data-science_final.tex:9761: LaTeX Error: Too deeply nes
ted.

See the LaTeX manual or LaTeX Companion for explanation.
Type  H <return>  for immediate help.
 ...                                              
                                                  
l.9761 \begin{itemize}
                      
You're in trouble here.  Try typing  <return>  to proceed.
If that doesn't work, type  X <return>  to quit.



[478]

/Users/aliasgar/Desktop/Ali Asgar/Stony Brook/Advanced Project/local/files/data
-science/manual_images/data-science_final.tex:9771: LaTeX Error: Too deeply nes
ted.

See the LaTeX manual or LaTeX Companion for explanation.
Type  H <return>  for immediate help.
 ...                                              
                                                  
l.9771 \begin{itemize}
                      
You're in trouble here.  Try typing  <return>  to proceed.
If that doesn't work, type  X <return>  to quit.



[479]

/Users/aliasgar/Desktop/Ali Asgar/Stony Brook/Advanced Project/local/files/data
-science/manual_images/data-science_final.tex:9787: LaTeX Error: Too deeply nes
ted.

See the LaTeX manual or LaTeX Companion for explanation.
Type  H <return>  for immediate help.
 ...                                              
                                                  
l.9787 \begin{itemize}
                      
You're in trouble here.  Try typing  <return>  to proceed.
If that doesn't work, type  X <return>  to quit.



[480]

LaTeX Warning: Citation `bautin2008international' on page 481 undefined on inpu
t line 9811.



[481]

[482]

/Users/aliasgar/Desktop/Ali Asgar/Stony Brook/Advanced Project/local/files/data
-science/manual_images/data-science_final.tex:9844: LaTeX Error: Too deeply nes
ted.

See the LaTeX manual or LaTeX Companion for explanation.
Type  H <return>  for immediate help.
 ...                                              
                                                  
l.9844 \begin{itemize}
                      
You're in trouble here.  Try typing  <return>  to proceed.
If that doesn't work, type  X <return>  to quit.


/Users/aliasgar/Desktop/Ali Asgar/Stony Brook/Advanced Project/local/files/data
-science/manual_images/data-science_final.tex:9857: LaTeX Error: Too deeply nes
ted.

See the LaTeX manual or LaTeX Companion for explanation.
Type  H <return>  for immediate help.
 ...                                              
                                                  
l.9857 \begin{itemize}
                      
You're in trouble here.  Try typing  <return>  to proceed.
If that doesn't work, type  X <return>  to quit.


/Users/aliasgar/Desktop/Ali Asgar/Stony Brook/Advanced Project/local/files/data
-science/manual_images/data-science_final.tex:9877: LaTeX Error: Too deeply nes
ted.

See the LaTeX manual or LaTeX Companion for explanation.
Type  H <return>  for immediate help.
 ...                                              
                                                  
l.9877 \begin{itemize}
                      
You're in trouble here.  Try typing  <return>  to proceed.
If that doesn't work, type  X <return>  to quit.



[483]

[484]

/Users/aliasgar/Desktop/Ali Asgar/Stony Brook/Advanced Project/local/files/data
-science/manual_images/data-science_final.tex:9910: LaTeX Error: Too deeply nes
ted.

See the LaTeX manual or LaTeX Companion for explanation.
Type  H <return>  for immediate help.
 ...                                              
                                                  
l.9910 \begin{itemize}
                      
You're in trouble here.  Try typing  <return>  to proceed.
If that doesn't work, type  X <return>  to quit.



[485]

/Users/aliasgar/Desktop/Ali Asgar/Stony Brook/Advanced Project/local/files/data
-science/manual_images/data-science_final.tex:9934: LaTeX Error: Too deeply nes
ted.

See the LaTeX manual or LaTeX Companion for explanation.
Type  H <return>  for immediate help.
 ...                                              
                                                  
l.9934 \begin{itemize}
                      
You're in trouble here.  Try typing  <return>  to proceed.
If that doesn't work, type  X <return>  to quit.



[486]

/Users/aliasgar/Desktop/Ali Asgar/Stony Brook/Advanced Project/local/files/data
-science/manual_images/data-science_final.tex:9945: LaTeX Error: Too deeply nes
ted.

See the LaTeX manual or LaTeX Companion for explanation.
Type  H <return>  for immediate help.
 ...                                              
                                                  
l.9945 \begin{itemize}
                      
You're in trouble here.  Try typing  <return>  to proceed.
If that doesn't work, type  X <return>  to quit.



[487]

[488]

/Users/aliasgar/Desktop/Ali Asgar/Stony Brook/Advanced Project/local/files/data
-science/manual_images/data-science_final.tex:9998: LaTeX Error: Too deeply nes
ted.

See the LaTeX manual or LaTeX Companion for explanation.
Type  H <return>  for immediate help.
 ...                                              
                                                  
l.9998 \begin{itemize}
                      
You're in trouble here.  Try typing  <return>  to proceed.
If that doesn't work, type  X <return>  to quit.



[489]

/Users/aliasgar/Desktop/Ali Asgar/Stony Brook/Advanced Project/local/files/data
-science/manual_images/data-science_final.tex:10013: LaTeX Error: Too deeply ne
sted.

See the LaTeX manual or LaTeX Companion for explanation.
Type  H <return>  for immediate help.
 ...                                              
                                                  
l.10013 \begin{itemize}
                       
You're in trouble here.  Try typing  <return>  to proceed.
If that doesn't work, type  X <return>  to quit.


/Users/aliasgar/Desktop/Ali Asgar/Stony Brook/Advanced Project/local/files/data
-science/manual_images/data-science_final.tex:10022: LaTeX Error: Too deeply ne
sted.

See the LaTeX manual or LaTeX Companion for explanation.
Type  H <return>  for immediate help.
 ...                                              
                                                  
l.10022 \begin{itemize}
                       
You're in trouble here.  Try typing  <return>  to proceed.
If that doesn't work, type  X <return>  to quit.



[490]

[491]

/Users/aliasgar/Desktop/Ali Asgar/Stony Brook/Advanced Project/local/files/data
-science/manual_images/data-science_final.tex:10054: LaTeX Error: Too deeply ne
sted.

See the LaTeX manual or LaTeX Companion for explanation.
Type  H <return>  for immediate help.
 ...                                              
                                                  
l.10054 \begin{itemize}
                       
You're in trouble here.  Try typing  <return>  to proceed.
If that doesn't work, type  X <return>  to quit.


/Users/aliasgar/Desktop/Ali Asgar/Stony Brook/Advanced Project/local/files/data
-science/manual_images/data-science_final.tex:10064: LaTeX Error: Too deeply ne
sted.

See the LaTeX manual or LaTeX Companion for explanation.
Type  H <return>  for immediate help.
 ...                                              
                                                  
l.10064 \begin{itemize}
                       
You're in trouble here.  Try typing  <return>  to proceed.
If that doesn't work, type  X <return>  to quit.



[492]

/Users/aliasgar/Desktop/Ali Asgar/Stony Brook/Advanced Project/local/files/data
-science/manual_images/data-science_final.tex:10074: LaTeX Error: Too deeply ne
sted.

See the LaTeX manual or LaTeX Companion for explanation.
Type  H <return>  for immediate help.
 ...                                              
                                                  
l.10074 \begin{itemize}
                       
You're in trouble here.  Try typing  <return>  to proceed.
If that doesn't work, type  X <return>  to quit.


Overfull \hbox (4.80899pt too wide) in paragraph at lines 10094--10095
\TU/Georgia(0)/m/n/10 spectators will presumably die that day, either through a
 heart
 []


/Users/aliasgar/Desktop/Ali Asgar/Stony Brook/Advanced Project/local/files/data
-science/manual_images/data-science_final.tex:10101: LaTeX Error: Too deeply ne
sted.

See the LaTeX manual or LaTeX Companion for explanation.
Type  H <return>  for immediate help.
 ...                                              
                                                  
l.10101 \begin{itemize}
                       
You're in trouble here.  Try typing  <return>  to proceed.
If that doesn't work, type  X <return>  to quit.



[493]
Overfull \hbox (0.30247pt too wide) in paragraph at lines 10122--10123
[]\TU/Georgia(0)/m/n/10 Computes the new centroid of the points now associated 
with
 []



[494]
Underfull \vbox (badness 10000) has occurred while \output is active []



[495]
File: ./images/2025_03_17_ca60ec0bfd96dcf8e028g-425.jpg Graphic file (type bmp)

<./images/2025_03_17_ca60ec0bfd96dcf8e028g-425.jpg>

Underfull \hbox (badness 10000) in paragraph at lines 10153--10153

 []


/Users/aliasgar/Desktop/Ali Asgar/Stony Brook/Advanced Project/local/files/data
-science/manual_images/data-science_final.tex:10163: LaTeX Error: Too deeply ne
sted.

See the LaTeX manual or LaTeX Companion for explanation.
Type  H <return>  for immediate help.
 ...                                              
                                                  
l.10163 \begin{itemize}
                       
You're in trouble here.  Try typing  <return>  to proceed.
If that doesn't work, type  X <return>  to quit.



[496]

/Users/aliasgar/Desktop/Ali Asgar/Stony Brook/Advanced Project/local/files/data
-science/manual_images/data-science_final.tex:10181: LaTeX Error: Too deeply ne
sted.

See the LaTeX manual or LaTeX Companion for explanation.
Type  H <return>  for immediate help.
 ...                                              
                                                  
l.10181 \begin{itemize}
                       
You're in trouble here.  Try typing  <return>  to proceed.
If that doesn't work, type  X <return>  to quit.



[497]

/Users/aliasgar/Desktop/Ali Asgar/Stony Brook/Advanced Project/local/files/data
-science/manual_images/data-science_final.tex:10189: LaTeX Error: Too deeply ne
sted.

See the LaTeX manual or LaTeX Companion for explanation.
Type  H <return>  for immediate help.
 ...                                              
                                                  
l.10189 \begin{itemize}
                       
You're in trouble here.  Try typing  <return>  to proceed.
If that doesn't work, type  X <return>  to quit.


/Users/aliasgar/Desktop/Ali Asgar/Stony Brook/Advanced Project/local/files/data
-science/manual_images/data-science_final.tex:10197: LaTeX Error: Too deeply ne
sted.

See the LaTeX manual or LaTeX Companion for explanation.
Type  H <return>  for immediate help.
 ...                                              
                                                  
l.10197 \begin{itemize}
                       
You're in trouble here.  Try typing  <return>  to proceed.
If that doesn't work, type  X <return>  to quit.

File: ./images/2025_03_17_ca60ec0bfd96dcf8e028g-427.jpg Graphic file (type bmp)

<./images/2025_03_17_ca60ec0bfd96dcf8e028g-427.jpg>


[498]

[499]

/Users/aliasgar/Desktop/Ali Asgar/Stony Brook/Advanced Project/local/files/data
-science/manual_images/data-science_final.tex:10243: LaTeX Error: Too deeply ne
sted.

See the LaTeX manual or LaTeX Companion for explanation.
Type  H <return>  for immediate help.
 ...                                              
                                                  
l.10243 \begin{itemize}
                       
You're in trouble here.  Try typing  <return>  to proceed.
If that doesn't work, type  X <return>  to quit.


Underfull \vbox (badness 2608) has occurred while \output is active []



[500]

/Users/aliasgar/Desktop/Ali Asgar/Stony Brook/Advanced Project/local/files/data
-science/manual_images/data-science_final.tex:10267: LaTeX Error: Too deeply ne
sted.

See the LaTeX manual or LaTeX Companion for explanation.
Type  H <return>  for immediate help.
 ...                                              
                                                  
l.10267 \begin{itemize}
                       
You're in trouble here.  Try typing  <return>  to proceed.
If that doesn't work, type  X <return>  to quit.



[501]

/Users/aliasgar/Desktop/Ali Asgar/Stony Brook/Advanced Project/local/files/data
-science/manual_images/data-science_final.tex:10279: LaTeX Error: Too deeply ne
sted.

See the LaTeX manual or LaTeX Companion for explanation.
Type  H <return>  for immediate help.
 ...                                              
                                                  
l.10279 \begin{itemize}
                       
You're in trouble here.  Try typing  <return>  to proceed.
If that doesn't work, type  X <return>  to quit.



[502]

/Users/aliasgar/Desktop/Ali Asgar/Stony Brook/Advanced Project/local/files/data
-science/manual_images/data-science_final.tex:10293: LaTeX Error: Too deeply ne
sted.

See the LaTeX manual or LaTeX Companion for explanation.
Type  H <return>  for immediate help.
 ...                                              
                                                  
l.10293 \begin{itemize}
                       
You're in trouble here.  Try typing  <return>  to proceed.
If that doesn't work, type  X <return>  to quit.


LaTeX Warning: Citation `gayomali2014nyc' on page 503 undefined on input line 1
0298.



[503]

LaTeX Warning: Citation `bengfort2016data' on page 504 undefined on input line 
10310.


LaTeX Warning: Citation `ryza2015advanced' on page 504 undefined on input line 
10310.


/Users/aliasgar/Desktop/Ali Asgar/Stony Brook/Advanced Project/local/files/data
-science/manual_images/data-science_final.tex:10322: LaTeX Error: Too deeply ne
sted.

See the LaTeX manual or LaTeX Companion for explanation.
Type  H <return>  for immediate help.
 ...                                              
                                                  
l.10322 \begin{itemize}
                       
You're in trouble here.  Try typing  <return>  to proceed.
If that doesn't work, type  X <return>  to quit.



[504]

[505]

[506]
Chapter 15.

/Users/aliasgar/Desktop/Ali Asgar/Stony Brook/Advanced Project/local/files/data
-science/manual_images/data-science_final.tex:10380: LaTeX Error: Too deeply ne
sted.

See the LaTeX manual or LaTeX Companion for explanation.
Type  H <return>  for immediate help.
 ...                                              
                                                  
l.10380 \begin{itemize}
                       
You're in trouble here.  Try typing  <return>  to proceed.
If that doesn't work, type  X <return>  to quit.


LaTeX Warning: Citation `davenport2012data' on page 507 undefined on input line
 10387.


/Users/aliasgar/Desktop/Ali Asgar/Stony Brook/Advanced Project/local/files/data
-science/manual_images/data-science_final.tex:10393: LaTeX Error: Too deeply ne
sted.

See the LaTeX manual or LaTeX Companion for explanation.
Type  H <return>  for immediate help.
 ...                                              
                                                  
l.10393 \begin{itemize}
                       
You're in trouble here.  Try typing  <return>  to proceed.
If that doesn't work, type  X <return>  to quit.



[507

]

/Users/aliasgar/Desktop/Ali Asgar/Stony Brook/Advanced Project/local/files/data
-science/manual_images/data-science_final.tex:10399: LaTeX Error: Too deeply ne
sted.

See the LaTeX manual or LaTeX Companion for explanation.
Type  H <return>  for immediate help.
 ...                                              
                                                  
l.10399 \begin{itemize}
                       
You're in trouble here.  Try typing  <return>  to proceed.
If that doesn't work, type  X <return>  to quit.



[508]

[509]

[510

]
Chapter 16.

Underfull \vbox (badness 10000) has occurred while \output is active []



[511]

[512]

[513]

LaTeX Warning: Citation `levy2014neural' on page 514 undefined on input line 10
485.


LaTeX Warning: Citation `leskovec2014mining' on page 514 undefined on input lin
e 10490.



[514]

[515]

[516]

[517]

[518

]
Chapter 17.

Underfull \vbox (badness 10000) has occurred while \output is active []



[519]

[520]

[521]

[522]

[523]

[524]

[525]

[526]

[527]

[528]

[529]

[530]

[531]

[532]

[533]

[534]

[535]

[536]

[537]

/Users/aliasgar/Desktop/Ali Asgar/Stony Brook/Advanced Project/local/files/data
-science/manual_images/data-science_final.tex:11455: LaTeX Error: \begin{itemiz
e} on input line 10197 ended by \end{document}.

See the LaTeX manual or LaTeX Companion for explanation.
Type  H <return>  for immediate help.
 ...                                              
                                                  
l.11455 \end{document}
                      
Your command was ignored.
Type  I <command> <return>  to replace it with another command,
or  <return>  to continue without it.



[538] (./data-science_final.aux)
 ***********
LaTeX2e <2025-06-01> patch level 1
L3 programming layer <2025-09-02>
 ***********


LaTeX Font Warning: Some font shapes were not available, defaults substituted.


LaTeX Warning: There were undefined references.

Package rerunfilecheck Info: File `data-science_final.out' has not changed.
(rerunfilecheck)             Checksum: B4CC884AE5FB4AE26E92C00E435E99EA;70232.
 )
(\end occurred inside a group at level 28)

### semi simple group (level 28) entered at line 10197 (\begingroup)
### semi simple group (level 27) entered at line 9228 (\begingroup)
### semi simple group (level 26) entered at line 8598 (\begingroup)
### semi simple group (level 25) entered at line 8470 (\begingroup)
### semi simple group (level 24) entered at line 8171 (\begingroup)
### semi simple group (level 23) entered at line 8058 (\begingroup)
### semi simple group (level 22) entered at line 7817 (\begingroup)
### semi simple group (level 21) entered at line 7606 (\begingroup)
### semi simple group (level 20) entered at line 7575 (\begingroup)
### semi simple group (level 19) entered at line 7007 (\begingroup)
### semi simple group (level 18) entered at line 5507 (\begingroup)
### semi simple group (level 17) entered at line 4652 (\begingroup)
### semi simple group (level 16) entered at line 4579 (\begingroup)
### semi simple group (level 15) entered at line 4553 (\begingroup)
### semi simple group (level 14) entered at line 4531 (\begingroup)
### semi simple group (level 13) entered at line 4351 (\begingroup)
### semi simple group (level 12) entered at line 4268 (\begingroup)
### semi simple group (level 11) entered at line 4232 (\begingroup)
### semi simple group (level 10) entered at line 4175 (\begingroup)
### semi simple group (level 9) entered at line 3658 (\begingroup)
### semi simple group (level 8) entered at line 3576 (\begingroup)
### semi simple group (level 7) entered at line 3329 (\begingroup)
### semi simple group (level 6) entered at line 2918 (\begingroup)
### semi simple group (level 5) entered at line 2886 (\begingroup)
### semi simple group (level 4) entered at line 2684 (\begingroup)
### semi simple group (level 3) entered at line 1375 (\begingroup)
### semi simple group (level 2) entered at line 1320 (\begingroup)
### semi simple group (level 1) entered at line 874 (\begingroup)
### bottom level 
Here is how much of TeX's memory you used:
 22462 strings out of 468389
 559952 string characters out of 5440620
 1248259 words of memory out of 5000000
 50640 multiletter control sequences out of 15000+600000
 636105 words of font info for 130 fonts, out of 8000000 for 9000
 1348 hyphenation exceptions out of 8191
 74i,15n,92p,1230b,2825s stack positions out of 10000i,1000n,20000p,200000b,200000s

Output written on data-science_final.xdv (548 pages, 10740504 bytes).
