This is XeTeX, Version 3.141592653-2.6-0.999997 (TeX Live 2025) (preloaded format=xelatex 2025.3.8)  25 OCT 2025 11:57
entering extended mode
 restricted \write18 enabled.
 file:line:error style messages enabled.
 %&-line parsing enabled.
**/Users/jrathi/Projects/pdf-2-latex/files/ai/use-microtype/ai_final.tex
(/Users/jrathi/Projects/pdf-2-latex/files/ai/use-microtype/ai_final.tex
LaTeX2e <2024-11-01> patch level 2
L3 programming layer <2025-01-18>
(/usr/local/texlive/2025basic/texmf-dist/tex/latex/base/book.cls
Document Class: book 2024/06/29 v1.4n Standard LaTeX document class
(/usr/local/texlive/2025basic/texmf-dist/tex/latex/base/bk10.clo
File: bk10.clo 2024/06/29 v1.4n Standard LaTeX file (size option)
)
\c@part=\count192
\c@chapter=\count193
\c@section=\count194
\c@subsection=\count195
\c@subsubsection=\count196
\c@paragraph=\count197
\c@subparagraph=\count198
\c@figure=\count199
\c@table=\count266
\abovecaptionskip=\skip49
\belowcaptionskip=\skip50
\bibindent=\dimen141
)
(/usr/local/texlive/2025basic/texmf-dist/tex/latex/base/inputenc.sty
Package: inputenc 2024/02/08 v1.3d Input encoding file
\inpenc@prehook=\toks17
\inpenc@posthook=\toks18


Package inputenc Warning: inputenc package ignored with utf8 based engines.

) (/usr/local/texlive/2025basic/texmf-dist/tex/latex/amsmath/amsmath.sty
Package: amsmath 2024/11/05 v2.17t AMS math features
\@mathmargin=\skip51

For additional information on amsmath, use the `?' option.
(/usr/local/texlive/2025basic/texmf-dist/tex/latex/amsmath/amstext.sty
Package: amstext 2021/08/26 v2.01 AMS text

(/usr/local/texlive/2025basic/texmf-dist/tex/latex/amsmath/amsgen.sty
File: amsgen.sty 1999/11/30 v2.0 generic functions
\@emptytoks=\toks19
\ex@=\dimen142
))
(/usr/local/texlive/2025basic/texmf-dist/tex/latex/amsmath/amsbsy.sty
Package: amsbsy 1999/11/29 v1.2d Bold Symbols
\pmbraise@=\dimen143
)
(/usr/local/texlive/2025basic/texmf-dist/tex/latex/amsmath/amsopn.sty
Package: amsopn 2022/04/08 v2.04 operator names
)
\inf@bad=\count267
LaTeX Info: Redefining \frac on input line 233.
\uproot@=\count268
\leftroot@=\count269
LaTeX Info: Redefining \overline on input line 398.
LaTeX Info: Redefining \colon on input line 409.
\classnum@=\count270
\DOTSCASE@=\count271
LaTeX Info: Redefining \ldots on input line 495.
LaTeX Info: Redefining \dots on input line 498.
LaTeX Info: Redefining \cdots on input line 619.
\Mathstrutbox@=\box52
\strutbox@=\box53
LaTeX Info: Redefining \big on input line 721.
LaTeX Info: Redefining \Big on input line 722.
LaTeX Info: Redefining \bigg on input line 723.
LaTeX Info: Redefining \Bigg on input line 724.
\big@size=\dimen144
LaTeX Font Info:    Redeclaring font encoding OML on input line 742.
LaTeX Font Info:    Redeclaring font encoding OMS on input line 743.
\macc@depth=\count272
LaTeX Info: Redefining \bmod on input line 904.
LaTeX Info: Redefining \pmod on input line 909.
LaTeX Info: Redefining \smash on input line 939.
LaTeX Info: Redefining \relbar on input line 969.
LaTeX Info: Redefining \Relbar on input line 970.
\c@MaxMatrixCols=\count273
\dotsspace@=\muskip17
\c@parentequation=\count274
\dspbrk@lvl=\count275
\tag@help=\toks20
\row@=\count276
\column@=\count277
\maxfields@=\count278
\andhelp@=\toks21
\eqnshift@=\dimen145
\alignsep@=\dimen146
\tagshift@=\dimen147
\tagwidth@=\dimen148
\totwidth@=\dimen149
\lineht@=\dimen150
\@envbody=\toks22
\multlinegap=\skip52
\multlinetaggap=\skip53
\mathdisplay@stack=\toks23
LaTeX Info: Redefining \[ on input line 2953.
LaTeX Info: Redefining \] on input line 2954.
)
(/usr/local/texlive/2025basic/texmf-dist/tex/latex/amsfonts/amsfonts.sty
Package: amsfonts 2013/01/14 v3.01 Basic AMSFonts support
\symAMSa=\mathgroup4
\symAMSb=\mathgroup5
LaTeX Font Info:    Redeclaring math symbol \hbar on input line 98.
LaTeX Font Info:    Overwriting math alphabet `\mathfrak' in version `bold'
(Font)                  U/euf/m/n --> U/euf/b/n on input line 106.
)
(/usr/local/texlive/2025basic/texmf-dist/tex/latex/amsfonts/amssymb.sty
Package: amssymb 2013/01/14 v3.01 AMS font symbols
)
(/usr/local/texlive/2025basic/texmf-dist/tex/latex/mhchem/mhchem.sty
Package: mhchem 2024/01/29 v4.10 for typesetting chemical formulae

(/usr/local/texlive/2025basic/texmf-dist/tex/latex/l3kernel/expl3.sty
Package: expl3 2025-01-18 L3 programming layer (loader) 

(/usr/local/texlive/2025basic/texmf-dist/tex/latex/l3backend/l3backend-xetex.de
f
File: l3backend-xetex.def 2024-05-08 L3 backend support: XeTeX
\g__graphics_track_int=\count279
\l__pdf_internal_box=\box54
\g__pdf_backend_annotation_int=\count280
\g__pdf_backend_link_int=\count281
))
(/usr/local/texlive/2025basic/texmf-dist/tex/latex/l3packages/l3keys2e/l3keys2e
.sty
Package: l3keys2e 2024-08-16 LaTeX2e option processing using LaTeX3 keys
) (/usr/local/texlive/2025basic/texmf-dist/tex/latex/tools/calc.sty
Package: calc 2023/07/08 v4.3 Infix arithmetic (KKT,FJ)
\calc@Acount=\count282
\calc@Bcount=\count283
\calc@Adimen=\dimen151
\calc@Bdimen=\dimen152
\calc@Askip=\skip54
\calc@Bskip=\skip55
LaTeX Info: Redefining \setlength on input line 80.
LaTeX Info: Redefining \addtolength on input line 81.
\calc@Ccount=\count284
\calc@Cskip=\skip56
)
(/usr/local/texlive/2025basic/texmf-dist/tex/latex/chemgreek/chemgreek.sty
(/usr/local/texlive/2025basic/texmf-dist/tex/latex/l3packages/xparse/xparse.sty
Package: xparse 2024-08-16 L3 Experimental document command parser
)
Package: chemgreek 2020/01/16 v1.1a interface for upright Greek letters for use
 in chemistry (CN)
\l__chemgreek_tmpa_int=\count285
\g__chemgreek_tmpa_int=\count286
) (/usr/local/texlive/2025basic/texmf-dist/tex/latex/graphics/graphics.sty
Package: graphics 2024/08/06 v1.4g Standard LaTeX Graphics (DPC,SPQR)

(/usr/local/texlive/2025basic/texmf-dist/tex/latex/graphics/trig.sty
Package: trig 2023/12/02 v1.11 sin cos tan (DPC)
)
(/usr/local/texlive/2025basic/texmf-dist/tex/latex/graphics-cfg/graphics.cfg
File: graphics.cfg 2016/06/04 v1.11 sample graphics configuration
)
Package graphics Info: Driver file: xetex.def on input line 106.

(/usr/local/texlive/2025basic/texmf-dist/tex/latex/graphics-def/xetex.def
File: xetex.def 2022/09/22 v5.0n Graphics/color driver for xetex
))
\l__mhchem_ce_distanceFromLastComma_int=\count287
\__mhchem_arrow_extPgfLength_skip=\skip57
\mhchem@minispace@tmp=\skip58
\mhchem@minibackspace@tmp=\skip59
\mhchem@bondwidth=\skip60
\mhchem@bondheight=\skip61
\mhchem@smallbondwidth@tmpA=\skip62
\mhchem@smallbondwidth@tmpB=\skip63
\mhchem@smallbondwidth=\skip64
\mhchem@bondtmp@minussidebearingleft=\skip65
\mhchem@bondtmp@minussidebearingright=\skip66
\l__mhchem_option_version_int=\count288
\mhchem@option@minusmathsidebearingleft=\dimen153
\mhchem@option@minusmathsidebearingright=\dimen154
\mhchem@option@minustextsidebearingleft=\dimen155
\mhchem@option@minustextsidebearingright=\dimen156
)
(/usr/local/texlive/2025basic/texmf-dist/tex/latex/stmaryrd/stmaryrd.sty
Package: stmaryrd 1994/03/03 St Mary's Road symbol package
\symstmry=\mathgroup6
LaTeX Font Info:    Overwriting symbol font `stmry' in version `bold'
(Font)                  U/stmry/m/n --> U/stmry/b/n on input line 89.
)
(/usr/local/texlive/2025basic/texmf-dist/tex/latex/graphics/graphicx.sty
Package: graphicx 2021/09/16 v1.2d Enhanced LaTeX Graphics (DPC,SPQR)

(/usr/local/texlive/2025basic/texmf-dist/tex/latex/graphics/keyval.sty
Package: keyval 2022/05/29 v1.15 key=value parser (DPC)
\KV@toks@=\toks24
)
\Gin@req@height=\dimen157
\Gin@req@width=\dimen158
)
(/usr/local/texlive/2025basic/texmf-dist/tex/latex/adjustbox/adjustbox.sty
Package: adjustbox 2025/02/26 v1.3c Adjusting TeX boxes (trim, clip, ...)

(/usr/local/texlive/2025basic/texmf-dist/tex/latex/xkeyval/xkeyval.sty
Package: xkeyval 2022/06/16 v2.9 package option processing (HA)

(/usr/local/texlive/2025basic/texmf-dist/tex/generic/xkeyval/xkeyval.tex
(/usr/local/texlive/2025basic/texmf-dist/tex/generic/xkeyval/xkvutils.tex
\XKV@toks=\toks25
\XKV@tempa@toks=\toks26
)
\XKV@depth=\count289
File: xkeyval.tex 2014/12/03 v2.7a key=value parser (HA)
))
(/usr/local/texlive/2025basic/texmf-dist/tex/latex/adjustbox/adjcalc.sty
Package: adjcalc 2012/05/16 v1.1 Provides advanced setlength with multiple back
-ends (calc, etex, pgfmath)
)
(/usr/local/texlive/2025basic/texmf-dist/tex/latex/adjustbox/trimclip.sty
Package: trimclip 2025/02/21 v1.2a Trim and clip general TeX material

(/usr/local/texlive/2025basic/texmf-dist/tex/latex/collectbox/collectbox.sty
Package: collectbox 2022/10/17 v0.4c Collect macro arguments as boxes
\collectedbox=\box55
)
\tc@llx=\dimen159
\tc@lly=\dimen160
\tc@urx=\dimen161
\tc@ury=\dimen162
Package trimclip Info: Using driver 'tc-xetex.def'.

(/usr/local/texlive/2025basic/texmf-dist/tex/latex/adjustbox/tc-xetex.def
File: tc-xetex.def 2019/01/04 v2.2 Clipping driver for xetex
))
\adjbox@Width=\dimen163
\adjbox@Height=\dimen164
\adjbox@Depth=\dimen165
\adjbox@Totalheight=\dimen166
\adjbox@pwidth=\dimen167
\adjbox@pheight=\dimen168
\adjbox@pdepth=\dimen169
\adjbox@ptotalheight=\dimen170

(/usr/local/texlive/2025basic/texmf-dist/tex/latex/ifoddpage/ifoddpage.sty
Package: ifoddpage 2022/10/18 v1.2 Conditionals for odd/even page detection
\c@checkoddpage=\count290
)
(/usr/local/texlive/2025basic/texmf-dist/tex/latex/varwidth/varwidth.sty
Package: varwidth 2009/03/30 ver 0.92;  Variable-width minipages
\@vwid@box=\box56
\sift@deathcycles=\count291
\@vwid@loff=\dimen171
\@vwid@roff=\dimen172
))
(/usr/local/texlive/2025basic/texmf-dist/tex/latex/fvextra/fvextra.sty
Package: fvextra 2025/05/29 v1.13.2 fvextra - extensions and patches for fancyv
rb

(/usr/local/texlive/2025basic/texmf-dist/tex/latex/etoolbox/etoolbox.sty
Package: etoolbox 2025/02/11 v2.5l e-TeX tools for LaTeX (JAW)
\etb@tempcnta=\count292
)
(/usr/local/texlive/2025basic/texmf-dist/tex/latex/fancyvrb/fancyvrb.sty
Package: fancyvrb 2024/01/20 4.5c verbatim text (tvz,hv)
\FV@CodeLineNo=\count293
\FV@InFile=\read2
\FV@TabBox=\box57
\c@FancyVerbLine=\count294
\FV@StepNumber=\count295
\FV@OutFile=\write3
)
(/usr/local/texlive/2025basic/texmf-dist/tex/generic/pdftexcmds/pdftexcmds.sty
Package: pdftexcmds 2020-06-27 v0.33 Utility functions of pdfTeX for LuaTeX (HO
)

(/usr/local/texlive/2025basic/texmf-dist/tex/generic/infwarerr/infwarerr.sty
Package: infwarerr 2019/12/03 v1.5 Providing info/warning/error messages (HO)
)
(/usr/local/texlive/2025basic/texmf-dist/tex/generic/iftex/iftex.sty
Package: iftex 2024/12/12 v1.0g TeX engine tests
)
(/usr/local/texlive/2025basic/texmf-dist/tex/generic/ltxcmds/ltxcmds.sty
Package: ltxcmds 2023-12-04 v1.26 LaTeX kernel commands for general use (HO)
)
Package pdftexcmds Info: \pdf@primitive is available.
Package pdftexcmds Info: \pdf@ifprimitive is available.
Package pdftexcmds Info: \pdfdraftmode not found.
)
(/usr/local/texlive/2025basic/texmf-dist/tex/latex/upquote/upquote.sty
Package: upquote 2012/04/19 v1.3 upright-quote and grave-accent glyphs in verba
tim

(/usr/local/texlive/2025basic/texmf-dist/tex/latex/base/textcomp.sty
Package: textcomp 2024/04/24 v2.1b Standard LaTeX package
))
(/usr/local/texlive/2025basic/texmf-dist/tex/latex/lineno/lineno.sty
Package: lineno 2025/01/29 line numbers on paragraphs v5.4

(/usr/local/texlive/2025basic/texmf-dist/tex/latex/kvoptions/kvoptions.sty
Package: kvoptions 2022-06-15 v3.15 Key value format for package options (HO)

(/usr/local/texlive/2025basic/texmf-dist/tex/latex/kvsetkeys/kvsetkeys.sty
Package: kvsetkeys 2022-10-05 v1.19 Key value parser (HO)
))
\linenopenalty=\count296
\output=\toks27
\linenoprevgraf=\count297
\linenumbersep=\dimen173
\linenumberwidth=\dimen174
\c@linenumber=\count298
\c@pagewiselinenumber=\count299
\c@LN@truepage=\count300
\c@internallinenumber=\count301
\c@internallinenumbers=\count302
\quotelinenumbersep=\dimen175
\bframerule=\dimen176
\bframesep=\dimen177
\bframebox=\box58
\@LN@amsmath@ams@eqpen=\count303
LaTeX Info: Redefining \\ on input line 3187.
)
\c@FancyVerbWriteLine=\count304
\c@FancyVerbBufferLine=\count305
\c@FV@TrueTabGroupLevel=\count306
\c@FV@TrueTabCounter=\count307
\FV@TabBox@Group=\box59
\FV@bgcolorstructbox=\box60
\FV@TmpLength=\skip67
\c@FV@HighlightLinesStart=\count308
\c@FV@HighlightLinesStop=\count309
\FV@LoopCount=\count310
\FV@NCharsBox=\box61
\FV@BreakIndent=\dimen178
\FV@BreakIndentNChars=\count311
\FV@BreakSymbolSepLeft=\dimen179
\FV@BreakSymbolSepLeftNChars=\count312
\FV@BreakSymbolSepRight=\dimen180
\FV@BreakSymbolSepRightNChars=\count313
\FV@BreakSymbolIndentLeft=\dimen181
\FV@BreakSymbolIndentLeftNChars=\count314
\FV@BreakSymbolIndentRight=\dimen182
\FV@BreakSymbolIndentRightNChars=\count315
\c@FancyVerbLineBreakLast=\count316
\FV@LineBox=\box62
\FV@LineIndentBox=\box63
\c@FV@BreakBufferDepth=\count317
\FV@LineWidth=\dimen183
)
(/usr/local/texlive/2025basic/texmf-dist/tex/latex/csquotes/csquotes.sty
Package: csquotes 2024-04-04 v5.2o context-sensitive quotations (JAW)
\csq@reset=\count318
\csq@gtype=\count319
\csq@glevel=\count320
\csq@qlevel=\count321
\csq@maxlvl=\count322
\csq@tshold=\count323
\csq@ltx@everypar=\toks28

(/usr/local/texlive/2025basic/texmf-dist/tex/latex/csquotes/csquotes.def
File: csquotes.def 2024-04-04 v5.2o csquotes generic definitions (JAW)
)
Package csquotes Info: Trying to load configuration file 'csquotes.cfg'...
Package csquotes Info: ... configuration file loaded successfully.

(/usr/local/texlive/2025basic/texmf-dist/tex/latex/csquotes/csquotes.cfg
File: csquotes.cfg 
))
(/usr/local/texlive/2025basic/texmf-dist/tex/latex/multirow/multirow.sty
Package: multirow 2024/11/12 v2.9 Span multiple rows of a table
\multirow@colwidth=\skip68
\multirow@cntb=\count324
\multirow@dima=\skip69
\bigstrutjot=\dimen184
)
(/usr/local/texlive/2025basic/texmf-dist/tex/latex/hyperref/hyperref.sty
Package: hyperref 2024-11-05 v7.01l Hypertext links for LaTeX

(/usr/local/texlive/2025basic/texmf-dist/tex/generic/kvdefinekeys/kvdefinekeys.
sty
Package: kvdefinekeys 2019-12-19 v1.6 Define keys (HO)
)
(/usr/local/texlive/2025basic/texmf-dist/tex/generic/pdfescape/pdfescape.sty
Package: pdfescape 2019/12/09 v1.15 Implements pdfTeX's escape features (HO)
)
(/usr/local/texlive/2025basic/texmf-dist/tex/latex/hycolor/hycolor.sty
Package: hycolor 2020-01-27 v1.10 Color options for hyperref/bookmark (HO)
)
(/usr/local/texlive/2025basic/texmf-dist/tex/latex/hyperref/nameref.sty
Package: nameref 2023-11-26 v2.56 Cross-referencing by name of section

(/usr/local/texlive/2025basic/texmf-dist/tex/latex/refcount/refcount.sty
Package: refcount 2019/12/15 v3.6 Data extraction from label references (HO)
)
(/usr/local/texlive/2025basic/texmf-dist/tex/generic/gettitlestring/gettitlestr
ing.sty
Package: gettitlestring 2019/12/15 v1.6 Cleanup title references (HO)
)
\c@section@level=\count325
)
(/usr/local/texlive/2025basic/texmf-dist/tex/generic/stringenc/stringenc.sty
Package: stringenc 2019/11/29 v1.12 Convert strings between diff. encodings (HO
)
)
\@linkdim=\dimen185
\Hy@linkcounter=\count326
\Hy@pagecounter=\count327

(/usr/local/texlive/2025basic/texmf-dist/tex/latex/hyperref/pd1enc.def
File: pd1enc.def 2024-11-05 v7.01l Hyperref: PDFDocEncoding definition (HO)
)
(/usr/local/texlive/2025basic/texmf-dist/tex/generic/intcalc/intcalc.sty
Package: intcalc 2019/12/15 v1.3 Expandable calculations with integers (HO)
)
\Hy@SavedSpaceFactor=\count328

(/usr/local/texlive/2025basic/texmf-dist/tex/latex/hyperref/puenc.def
File: puenc.def 2024-11-05 v7.01l Hyperref: PDF Unicode definition (HO)
)
Package hyperref Info: Hyper figures OFF on input line 4157.
Package hyperref Info: Link nesting OFF on input line 4162.
Package hyperref Info: Hyper index ON on input line 4165.
Package hyperref Info: Plain pages OFF on input line 4172.
Package hyperref Info: Backreferencing OFF on input line 4177.
Package hyperref Info: Implicit mode ON; LaTeX internals redefined.
Package hyperref Info: Bookmarks ON on input line 4424.
\c@Hy@tempcnt=\count329

(/usr/local/texlive/2025basic/texmf-dist/tex/latex/url/url.sty
\Urlmuskip=\muskip18
Package: url 2013/09/16  ver 3.4  Verb mode for urls, etc.
)
LaTeX Info: Redefining \url on input line 4763.
\XeTeXLinkMargin=\dimen186

(/usr/local/texlive/2025basic/texmf-dist/tex/generic/bitset/bitset.sty
Package: bitset 2019/12/09 v1.3 Handle bit-vector datatype (HO)

(/usr/local/texlive/2025basic/texmf-dist/tex/generic/bigintcalc/bigintcalc.sty
Package: bigintcalc 2019/12/15 v1.5 Expandable calculations on big integers (HO
)
))
\Fld@menulength=\count330
\Field@Width=\dimen187
\Fld@charsize=\dimen188
Package hyperref Info: Hyper figures OFF on input line 6042.
Package hyperref Info: Link nesting OFF on input line 6047.
Package hyperref Info: Hyper index ON on input line 6050.
Package hyperref Info: backreferencing OFF on input line 6057.
Package hyperref Info: Link coloring OFF on input line 6062.
Package hyperref Info: Link coloring with OCG OFF on input line 6067.
Package hyperref Info: PDF/A mode OFF on input line 6072.
 (/usr/local/texlive/2025basic/texmf-dist/tex/latex/base/atbegshi-ltx.sty
Package: atbegshi-ltx 2021/01/10 v1.0c Emulation of the original atbegshi
package with kernel methods
)
\Hy@abspage=\count331
\c@Item=\count332
\c@Hfootnote=\count333
)
Package hyperref Info: Driver (autodetected): hxetex.

(/usr/local/texlive/2025basic/texmf-dist/tex/latex/hyperref/hxetex.def
File: hxetex.def 2024-11-05 v7.01l Hyperref driver for XeTeX
\pdfm@box=\box64
\c@Hy@AnnotLevel=\count334
\HyField@AnnotCount=\count335
\Fld@listcount=\count336
\c@bookmark@seq@number=\count337

(/usr/local/texlive/2025basic/texmf-dist/tex/latex/rerunfilecheck/rerunfilechec
k.sty
Package: rerunfilecheck 2022-07-10 v1.10 Rerun checks for auxiliary files (HO)
 (/usr/local/texlive/2025basic/texmf-dist/tex/latex/base/atveryend-ltx.sty
Package: atveryend-ltx 2020/08/19 v1.0a Emulation of the original atveryend pac
kage
with kernel methods
)
(/usr/local/texlive/2025basic/texmf-dist/tex/generic/uniquecounter/uniquecounte
r.sty
Package: uniquecounter 2019/12/15 v1.4 Provide unlimited unique counter (HO)
)
Package uniquecounter Info: New unique counter `rerunfilecheck' on input line 2
85.
)
\Hy@SectionHShift=\skip70
)
Package hyperref Info: Option `colorlinks' set `true' on input line 15.

(/usr/local/texlive/2025basic/texmf-dist/tex/latex/underscore/underscore.sty
Package: underscore 2006/09/13
LaTeX Info: Redefining \_ on input line 42.
)
(/usr/local/texlive/2025basic/texmf-dist/tex/latex/firstaid/underscore-ltx.sty
Package: underscore-ltx 2023/09/20 LaTeX firstaid to make underscore protected 

) (/usr/local/texlive/2025basic/texmf-dist/tex/latex/bbold/bbold.sty
Package: bbold 1994/04/06 Bbold symbol package
LaTeX Font Info:    Redeclaring math alphabet \mathbb on input line 42.
)
(/usr/local/texlive/2025basic/texmf-dist/tex/xelatex/xecjk/xeCJK.sty
Package: xeCJK 2022/08/05 v3.9.1 Typesetting CJK scripts with XeLaTeX

(/usr/local/texlive/2025basic/texmf-dist/tex/latex/ctex/ctexhook.sty
Package: ctexhook 2022/07/14 v2.5.10 Document and package hooks (CTEX)
)
(/usr/local/texlive/2025basic/texmf-dist/tex/latex/l3packages/xtemplate/xtempla
te.sty
Package: xtemplate 2024-08-16 L3 Experimental prototype document functions
)
\l__xeCJK_tmp_int=\count338
\l__xeCJK_tmp_box=\box65
\l__xeCJK_tmp_dim=\dimen189
\l__xeCJK_tmp_skip=\skip71
\g__xeCJK_space_factor_int=\count339
\l__xeCJK_begin_int=\count340
\l__xeCJK_end_int=\count341
\c__xeCJK_CJK_class_int=\XeTeXcharclass1
\c__xeCJK_FullLeft_class_int=\XeTeXcharclass2
\c__xeCJK_FullRight_class_int=\XeTeXcharclass3
\c__xeCJK_HalfLeft_class_int=\XeTeXcharclass4
\c__xeCJK_HalfRight_class_int=\XeTeXcharclass5
\c__xeCJK_NormalSpace_class_int=\XeTeXcharclass6
\c__xeCJK_CM_class_int=\XeTeXcharclass7
\c__xeCJK_HangulJamo_class_int=\XeTeXcharclass8
\l__xeCJK_last_skip=\skip72
\c__xeCJK_none_node=\count342
\g__xeCJK_node_int=\count343
\c__xeCJK_CJK_node_dim=\dimen190
\c__xeCJK_CJK-space_node_dim=\dimen191
\c__xeCJK_default_node_dim=\dimen192
\c__xeCJK_CJK-widow_node_dim=\dimen193
\c__xeCJK_normalspace_node_dim=\dimen194
\c__xeCJK_default-space_node_skip=\skip73
\l__xeCJK_ccglue_skip=\skip74
\l__xeCJK_ecglue_skip=\skip75
\l__xeCJK_punct_kern_skip=\skip76
\l__xeCJK_indent_box=\box66
\l__xeCJK_last_penalty_int=\count344
\l__xeCJK_last_bound_dim=\dimen195
\l__xeCJK_last_kern_dim=\dimen196
\l__xeCJK_widow_penalty_int=\count345

LaTeX template Info: Declaring template type 'xeCJK/punctuation' taking 0
(template)           argument(s) on line 2396.

\l__xeCJK_fixed_punct_width_dim=\dimen197
\l__xeCJK_mixed_punct_width_dim=\dimen198
\l__xeCJK_middle_punct_width_dim=\dimen199
\l__xeCJK_fixed_margin_width_dim=\dimen256
\l__xeCJK_mixed_margin_width_dim=\dimen257
\l__xeCJK_middle_margin_width_dim=\dimen258
\l__xeCJK_bound_punct_width_dim=\dimen259
\l__xeCJK_bound_margin_width_dim=\dimen260
\l__xeCJK_margin_minimum_dim=\dimen261
\l__xeCJK_kerning_total_width_dim=\dimen262
\l__xeCJK_same_align_margin_dim=\dimen263
\l__xeCJK_different_align_margin_dim=\dimen264
\l__xeCJK_kerning_margin_width_dim=\dimen265
\l__xeCJK_kerning_margin_minimum_dim=\dimen266
\l__xeCJK_bound_dim=\dimen267
\l__xeCJK_reverse_bound_dim=\dimen268
\l__xeCJK_margin_dim=\dimen269
\l__xeCJK_minimum_bound_dim=\dimen270
\l__xeCJK_kerning_margin_dim=\dimen271
\g__xeCJK_family_int=\count346
\l__xeCJK_fam_int=\count347
\g__xeCJK_fam_allocation_int=\count348
\l__xeCJK_verb_case_int=\count349
\l__xeCJK_verb_exspace_skip=\skip77

(/usr/local/texlive/2025basic/texmf-dist/tex/latex/fontspec/fontspec.sty
Package: fontspec 2024/05/11 v2.9e Font selection for XeLaTeX and LuaLaTeX

(/usr/local/texlive/2025basic/texmf-dist/tex/latex/fontspec/fontspec-xetex.sty
Package: fontspec-xetex 2024/05/11 v2.9e Font selection for XeLaTeX and LuaLaTe
X
\l__fontspec_script_int=\count350
\l__fontspec_language_int=\count351
\l__fontspec_strnum_int=\count352
\l__fontspec_tmp_int=\count353
\l__fontspec_tmpa_int=\count354
\l__fontspec_tmpb_int=\count355
\l__fontspec_tmpc_int=\count356
\l__fontspec_em_int=\count357
\l__fontspec_emdef_int=\count358
\l__fontspec_strong_int=\count359
\l__fontspec_strongdef_int=\count360
\l__fontspec_tmpa_dim=\dimen272
\l__fontspec_tmpb_dim=\dimen273
\l__fontspec_tmpc_dim=\dimen274

(/usr/local/texlive/2025basic/texmf-dist/tex/latex/base/fontenc.sty
Package: fontenc 2021/04/29 v2.0v Standard LaTeX package
)
(/usr/local/texlive/2025basic/texmf-dist/tex/latex/fontspec/fontspec.cfg)))
(/usr/local/texlive/2025basic/texmf-dist/tex/xelatex/xecjk/xeCJK.cfg
File: xeCJK.cfg 2022/08/05 v3.9.1 Configuration file for xeCJK package
))
(/usr/local/texlive/2025basic/texmf-dist/tex/latex/polyglossia/polyglossia.sty
Package: polyglossia 2025/01/31 v2.4 Modern multilingual typesetting with XeLaT
eX and LuaLaTeX
\l_xpg_alias_keyvals_int=\count361

(/usr/local/texlive/2025basic/texmf-dist/tex/latex/polyglossia/gloss-latex.ldf
File: gloss-latex.ldf polyglossia: module for default language
))

Package fontspec Info: 
(fontspec)             Script 'CJK' not explicitly supported within font
(fontspec)             'STSong'. Check the typeset output, and if it is okay
(fontspec)             then ignore this warning. Otherwise a different font
(fontspec)             should be chosen.


Package fontspec Info: 
(fontspec)             Could not resolve font "STSong/BI" (it probably doesn't
(fontspec)             exist).


Package fontspec Info: 
(fontspec)             Could not resolve font "STSong/B" (it probably doesn't
(fontspec)             exist).


Package fontspec Info: 
(fontspec)             Could not resolve font "STSong/I" (it probably doesn't
(fontspec)             exist).


Package fontspec Info: 
(fontspec)             Font family 'STSong(0)' created for font 'STSong' with
(fontspec)             options [Script={CJK}].
(fontspec)              
(fontspec)              This font family consists of the following NFSS
(fontspec)             series/shapes:
(fontspec)              
(fontspec)             - 'normal' (m/n) with NFSS spec.:
(fontspec)             <->"STSong/OT:script=hani;language=dflt;"


(/usr/local/texlive/2025basic/texmf-dist/tex/latex/polyglossia/gloss-english.ld
f
File: gloss-english.ldf polyglossia: module for English
)

Package polyglossia Info: Default language is english


Package fontspec Info: 
(fontspec)             Font family 'Georgia(0)' created for font 'Georgia'
(fontspec)             with options [Ligatures=TeX].
(fontspec)              
(fontspec)              This font family consists of the following NFSS
(fontspec)             series/shapes:
(fontspec)              
(fontspec)             - 'normal' (m/n) with NFSS spec.:
(fontspec)             <->"Georgia/OT:script=latn;language=dflt;mapping=tex-tex
t;"
(fontspec)             - 'bold' (b/n) with NFSS spec.:
(fontspec)             <->"Georgia/B/OT:script=latn;language=dflt;mapping=tex-t
ext;"
(fontspec)             - 'italic' (m/it) with NFSS spec.:
(fontspec)             <->"Georgia/I/OT:script=latn;language=dflt;mapping=tex-t
ext;"
(fontspec)             - 'bold italic' (b/it) with NFSS spec.:
(fontspec)             <->"Georgia/BI/OT:script=latn;language=dflt;mapping=tex-
text;"

Package csquotes Info: Checking for multilingual support...
Package csquotes Info: ... found 'polyglossia' package.
Package csquotes Info: Adjusting default style.
Package csquotes Info: Redefining alias 'default' -> 'american'.
 (./ai_final.aux)
\openout1 = `ai_final.aux'.

LaTeX Font Info:    Checking defaults for OML/cmm/m/it on input line 58.
LaTeX Font Info:    ... okay on input line 58.
LaTeX Font Info:    Checking defaults for OMS/cmsy/m/n on input line 58.
LaTeX Font Info:    ... okay on input line 58.
LaTeX Font Info:    Checking defaults for OT1/cmr/m/n on input line 58.
LaTeX Font Info:    ... okay on input line 58.
LaTeX Font Info:    Checking defaults for T1/cmr/m/n on input line 58.
LaTeX Font Info:    ... okay on input line 58.
LaTeX Font Info:    Checking defaults for TS1/cmr/m/n on input line 58.
LaTeX Font Info:    ... okay on input line 58.
LaTeX Font Info:    Checking defaults for TU/lmr/m/n on input line 58.
LaTeX Font Info:    ... okay on input line 58.
LaTeX Font Info:    Checking defaults for OMX/cmex/m/n on input line 58.
LaTeX Font Info:    ... okay on input line 58.
LaTeX Font Info:    Checking defaults for U/cmr/m/n on input line 58.
LaTeX Font Info:    ... okay on input line 58.
LaTeX Font Info:    Checking defaults for PD1/pdf/m/n on input line 58.
LaTeX Font Info:    ... okay on input line 58.
LaTeX Font Info:    Checking defaults for PU/pdf/m/n on input line 58.
LaTeX Font Info:    ... okay on input line 58.

Package chemgreek Info: Activating mapping `fontspec' on line 58.


(/usr/local/texlive/2025basic/texmf-dist/tex/latex/graphics/color.sty
Package: color 2024/06/23 v1.3e Standard LaTeX Color (DPC)

(/usr/local/texlive/2025basic/texmf-dist/tex/latex/graphics-cfg/color.cfg
File: color.cfg 2016/01/02 v1.6 sample color configuration
)
Package color Info: Driver file: xetex.def on input line 149.

(/usr/local/texlive/2025basic/texmf-dist/tex/latex/graphics/mathcolor.ltx))
Package hyperref Info: Link coloring ON on input line 58.

(./ai_final.out) (./ai_final.out)
\@outlinefile=\write4
\openout4 = `ai_final.out'.


Package fontspec Info: 
(fontspec)             Adjusting the maths setup (use [no-math] to avoid
(fontspec)             this).

\symlegacymaths=\mathgroup7
LaTeX Font Info:    Overwriting symbol font `legacymaths' in version `bold'
(Font)                  OT1/cmr/m/n --> OT1/cmr/bx/n on input line 58.
LaTeX Font Info:    Redeclaring math accent \acute on input line 58.
LaTeX Font Info:    Redeclaring math accent \grave on input line 58.
LaTeX Font Info:    Redeclaring math accent \ddot on input line 58.
LaTeX Font Info:    Redeclaring math accent \tilde on input line 58.
LaTeX Font Info:    Redeclaring math accent \bar on input line 58.
LaTeX Font Info:    Redeclaring math accent \breve on input line 58.
LaTeX Font Info:    Redeclaring math accent \check on input line 58.
LaTeX Font Info:    Redeclaring math accent \hat on input line 58.
LaTeX Font Info:    Redeclaring math accent \dot on input line 58.
LaTeX Font Info:    Redeclaring math accent \mathring on input line 58.
LaTeX Font Info:    Redeclaring math symbol \Gamma on input line 58.
LaTeX Font Info:    Redeclaring math symbol \Delta on input line 58.
LaTeX Font Info:    Redeclaring math symbol \Theta on input line 58.
LaTeX Font Info:    Redeclaring math symbol \Lambda on input line 58.
LaTeX Font Info:    Redeclaring math symbol \Xi on input line 58.
LaTeX Font Info:    Redeclaring math symbol \Pi on input line 58.
LaTeX Font Info:    Redeclaring math symbol \Sigma on input line 58.
LaTeX Font Info:    Redeclaring math symbol \Upsilon on input line 58.
LaTeX Font Info:    Redeclaring math symbol \Phi on input line 58.
LaTeX Font Info:    Redeclaring math symbol \Psi on input line 58.
LaTeX Font Info:    Redeclaring math symbol \Omega on input line 58.
LaTeX Font Info:    Redeclaring math symbol \mathdollar on input line 58.
LaTeX Font Info:    Redeclaring symbol font `operators' on input line 58.
LaTeX Font Info:    Encoding `OT1' has changed to `TU' for symbol font
(Font)              `operators' in the math version `normal' on input line 58.
LaTeX Font Info:    Overwriting symbol font `operators' in version `normal'
(Font)                  OT1/cmr/m/n --> TU/Georgia(0)/m/n on input line 58.
LaTeX Font Info:    Encoding `OT1' has changed to `TU' for symbol font
(Font)              `operators' in the math version `bold' on input line 58.
LaTeX Font Info:    Overwriting symbol font `operators' in version `bold'
(Font)                  OT1/cmr/bx/n --> TU/Georgia(0)/m/n on input line 58.
LaTeX Font Info:    Overwriting symbol font `operators' in version `normal'
(Font)                  TU/Georgia(0)/m/n --> TU/Georgia(0)/m/n on input line 5
8.
LaTeX Font Info:    Overwriting math alphabet `\mathit' in version `normal'
(Font)                  OT1/cmr/m/it --> TU/Georgia(0)/m/it on input line 58.
LaTeX Font Info:    Overwriting math alphabet `\mathbf' in version `normal'
(Font)                  OT1/cmr/bx/n --> TU/Georgia(0)/b/n on input line 58.
LaTeX Font Info:    Overwriting math alphabet `\mathsf' in version `normal'
(Font)                  OT1/cmss/m/n --> TU/lmss/m/n on input line 58.
LaTeX Font Info:    Overwriting math alphabet `\mathtt' in version `normal'
(Font)                  OT1/cmtt/m/n --> TU/lmtt/m/n on input line 58.
LaTeX Font Info:    Overwriting symbol font `operators' in version `bold'
(Font)                  TU/Georgia(0)/m/n --> TU/Georgia(0)/b/n on input line 5
8.
LaTeX Font Info:    Overwriting math alphabet `\mathit' in version `bold'
(Font)                  OT1/cmr/bx/it --> TU/Georgia(0)/b/it on input line 58.
LaTeX Font Info:    Overwriting math alphabet `\mathsf' in version `bold'
(Font)                  OT1/cmss/bx/n --> TU/lmss/b/n on input line 58.
LaTeX Font Info:    Overwriting math alphabet `\mathtt' in version `bold'
(Font)                  OT1/cmtt/m/n --> TU/lmtt/b/n on input line 58.
 (./ai_final.toc)
\tf@toc=\write5
\openout5 = `ai_final.toc'.

LaTeX Font Info:    Trying to load font information for U+msa on input line 63.


(/usr/local/texlive/2025basic/texmf-dist/tex/latex/amsfonts/umsa.fd
File: umsa.fd 2013/01/14 v3.01 AMS symbols A
)
LaTeX Font Info:    Trying to load font information for U+msb on input line 63.


(/usr/local/texlive/2025basic/texmf-dist/tex/latex/amsfonts/umsb.fd
File: umsb.fd 2013/01/14 v3.01 AMS symbols B
)
LaTeX Font Info:    Trying to load font information for U+stmry on input line 6
3.

(/usr/local/texlive/2025basic/texmf-dist/tex/latex/stmaryrd/Ustmry.fd)
Underfull \hbox (badness 10000) in paragraph at lines 74--106

 []



[1


]
Underfull \hbox (badness 10000) in paragraph at lines 107--274

 []



LaTeX Font Info:    Font shape `TU/Georgia(0)/m/sl' in size <10> not available
(Font)              Font shape `TU/Georgia(0)/m/it' tried instead on input line
 274.
[2]

[3]

[4]

[5]
File: ./images/2025_05_12_af19cd5e0d1b8a465ffeg-009.jpg Graphic file (type bmp)

<./images/2025_05_12_af19cd5e0d1b8a465ffeg-009.jpg>

Underfull \hbox (badness 10000) in paragraph at lines 299--299

 []



[6]
Overfull \hbox (4.60292pt too wide) in paragraph at lines 312--313
[]\TU/Georgia(0)/m/n/10 Artificial Intelligence is the study of how to make com
puters do things
 []



[7]
File: ./images/2025_05_12_af19cd5e0d1b8a465ffeg-011.jpg Graphic file (type bmp)

<./images/2025_05_12_af19cd5e0d1b8a465ffeg-011.jpg>

Overfull \hbox (1.24678pt too wide) in paragraph at lines 334--341
[]\TU/Georgia(0)/m/n/10 There are many interesting philosophical questions surr
ounding intelligence
 []


LaTeX Warning: `h' float specifier changed to `ht'.



[8]
Overfull \hbox (1064.77313pt too wide) in paragraph at lines 362--409
 [] 
 []



[9]
Overfull \hbox (1093.9398pt too wide) in paragraph at lines 416--449
 [] 
 []



[10]
File: ./images/2025_05_12_af19cd5e0d1b8a465ffeg-015.jpg Graphic file (type bmp)

<./images/2025_05_12_af19cd5e0d1b8a465ffeg-015.jpg>

Underfull \hbox (badness 10000) in paragraph at lines 461--461

 []


LaTeX Warning: `h' float specifier changed to `ht'.


Overfull \hbox (0.73477pt too wide) in paragraph at lines 467--468
[]\TU/Georgia(0)/m/n/10 In the 1940s, based on results from neuroscience, McCul
loch, Pitts and Hebb
 []


Overfull \hbox (4.70839pt too wide) in paragraph at lines 470--471
\TU/Georgia(0)/m/n/10 Newell and Simon introduced Logic Theorist, the first aut
omatic theorem prover,
 []



[11]
Overfull \hbox (8.77057pt too wide) in paragraph at lines 491--493
\TU/Georgia(0)/m/n/10 hensibility, the clean semantics of conditional probabili
ty, and from the centuries-
 []



[12]
Overfull \hbox (0.31581pt too wide) in paragraph at lines 502--503
\TU/Georgia(0)/m/n/10 area of statistical data analysis for extraction of knowl
edge from large databases.
 []



[13]

[14]

[15]
Overfull \hbox (3.56418pt too wide) in paragraph at lines 558--560
\TU/Georgia(0)/m/n/10 highly prosperous, more sustainable human world with less
 environmental dam-
 []


Overfull \hbox (2.55757pt too wide) in paragraph at lines 558--560
\TU/Georgia(0)/m/n/10 age and more local trade. The reader may study the litera
ture and assess whether
 []



[16]
Overfull \hbox (5.15501pt too wide) in paragraph at lines 585--587
\TU/Georgia(0)/m/n/10 sponsibilities and expenses, such as refueling, technical
 service, cleaning, search-
 []



[17]

[18]
File: ./images/2025_05_12_af19cd5e0d1b8a465ffeg-023.jpg Graphic file (type bmp)

<./images/2025_05_12_af19cd5e0d1b8a465ffeg-023.jpg>

Underfull \hbox (badness 10000) in paragraph at lines 608--608

 []


LaTeX Warning: Float too large for page by 299.17726pt on input line 609.


LaTeX Warning: `h' float specifier changed to `ht'.



[19]
File: ./images/2025_05_12_af19cd5e0d1b8a465ffeg-024.jpg Graphic file (type bmp)

<./images/2025_05_12_af19cd5e0d1b8a465ffeg-024.jpg>


LaTeX Warning: `h' float specifier changed to `ht'.


Overfull \hbox (94.31067pt too wide) in paragraph at lines 643--656
 [] 
 []



[20]
File: ./images/2025_05_12_af19cd5e0d1b8a465ffeg-026.jpg Graphic file (type bmp)

<./images/2025_05_12_af19cd5e0d1b8a465ffeg-026.jpg>


LaTeX Warning: `h' float specifier changed to `ht'.



[21]
Overfull \hbox (4.28325pt too wide) in paragraph at lines 693--694
\TU/Georgia(0)/m/n/10 chine Learning, Knowledge Representation and Reasoning, a
nd mas-
 []


Overfull \hbox (3.71524pt too wide) in paragraph at lines 703--704
\TU/Georgia(0)/m/n/10 pending on your interest level, develop a simple or compl
ex chatterbot, or change
 []


Underfull \hbox (badness 10000) in paragraph at lines 705--707

 []



[22]

LaTeX Font Warning: Font shape `TU/STSong(0)/b/n' undefined
(Font)              using `TU/STSong(0)/m/n' instead on input line 717.


Underfull \hbox (badness 10000) in paragraph at lines 722--724

 []



[23]
Overfull \hbox (65.99063pt too wide) detected at line 760
[]
 []


Overfull \hbox (2.3858pt too wide) in paragraph at lines 773--774
[]\TU/Georgia(0)/m/n/10 Because every proposition variable can take on two trut
h values, every propo-
 []



[24]
Overfull \hbox (61.8452pt too wide) detected at line 837
[]
 []


Underfull \vbox (badness 4156) has occurred while \output is active []



[25]

[26]

[27]
File: ./images/2025_05_12_af19cd5e0d1b8a465ffeg-035.jpg Graphic file (type bmp)

<./images/2025_05_12_af19cd5e0d1b8a465ffeg-035.jpg>

Underfull \hbox (badness 10000) in paragraph at lines 932--932

 []


LaTeX Warning: `h' float specifier changed to `ht'.



[28]

[29]
Overfull \hbox (7.04877pt too wide) in paragraph at lines 1028--1029
\TU/Georgia(0)/m/n/10 Recently, moved by noble feelings, I picked up three hitc
hhikers, a father, mother,
 []



[30]
Overfull \hbox (0.81029pt too wide) in paragraph at lines 1030--1031
[]\TU/Georgia(0)/m/n/10 To solve this kind of problem we proceed in three steps
: formalization, trans-
 []


Underfull \hbox (badness 10000) in paragraph at lines 1062--1064

 []



[31]

[32]

Package xeCJK Warning: Unknown CJK family `\CJKttdefault' is being ignored.
(xeCJK)                
(xeCJK)                Try to use `\setCJKmonofont[<...>]{<...>}' to define
(xeCJK)                it.



[33]
Overfull \hbox (2.09712pt too wide) in paragraph at lines 1196--1197
[]\TU/Georgia(0)/m/n/10 Before application of the inference rule, $\OML/cmm/m/i
t/10 B[]; B[]; [] ; B[]$\TU/Georgia(0)/m/n/10 -the current subgoals-
 []



[34]
Overfull \hbox (2.7979pt too wide) in paragraph at lines 1225--1229
[]\TU/Georgia(0)/m/n/10 Exercise 2.3 Transform the following formulas into conj
unctive normal form: 
 []



[35]
Underfull \hbox (badness 10000) in paragraph at lines 1238--1240

 []


Overfull \hbox (5.14784pt too wide) in paragraph at lines 1260--1264
[]\TU/Georgia(0)/m/n/10 Exercise 2.12 Prove the following equivalences, which a
re important for work-
 []



[36]
Overfull \hbox (27.75pt too wide) in paragraph at lines 1304--1304
[]    \TU/lmtt/m/n/10 $\wedge$ Robot_12_is_situated_at_xy_position_(10, 93) $\v
ee \ldots$[] 
 []


Overfull \hbox (537.0pt too wide) in paragraph at lines 1313--1313
[]    \TU/lmtt/m/n/10 $\exists x_{u} \exists y_{u} \exists x_{v} \exists y_{v}$
 position $\left(u, x_{u}, y_{u}\right) \wedge$ position $\left(v, x_{v}, y_{v}
\right) \wedge x_{u}>x_{v}$,[] 
 []



[37]
Overfull \hbox (107.53488pt too wide) in paragraph at lines 1344--1379
 [] 
 []


Underfull \vbox (badness 2302) has occurred while \output is active []



[38]
LaTeX Font Info:    Trying to load font information for U+bbold on input line 1
407.
 (/usr/local/texlive/2025basic/texmf-dist/tex/latex/bbold/Ubbold.fd)

[39]
Overfull \hbox (5.39212pt too wide) in paragraph at lines 1419--1420
\TU/Georgia(0)/m/n/10 numbers with $\OML/cmm/m/it/10 x > y$\TU/Georgia(0)/m/n/1
0 , meaning the set $\OML/cmm/m/it/10 G \OT1/cmr/m/n/10 = \OMS/cmsy/m/n/10 f\OT
1/cmr/m/n/10 (4\OML/cmm/m/it/10 ; \OT1/cmr/m/n/10 3)\OML/cmm/m/it/10 ; \OT1/cmr
/m/n/10 (4\OML/cmm/m/it/10 ; \OT1/cmr/m/n/10 2)\OML/cmm/m/it/10 ; \OT1/cmr/m/n/
10 (4\OML/cmm/m/it/10 ; \OT1/cmr/m/n/10 1)\OML/cmm/m/it/10 ; \OT1/cmr/m/n/10 (3
\OML/cmm/m/it/10 ; \OT1/cmr/m/n/10 2)\OML/cmm/m/it/10 ; \OT1/cmr/m/n/10 (3\OML/
cmm/m/it/10 ; \OT1/cmr/m/n/10 1)\OML/cmm/m/it/10 ; \OT1/cmr/m/n/10 (2\OML/cmm/m
/it/10 ; \OT1/cmr/m/n/10 1)\OMS/cmsy/m/n/10 g$\TU/Georgia(0)/m/n/10 .
 []


Overfull \hbox (17.1371pt too wide) in paragraph at lines 1445--1446
[]\TU/Georgia(0)/m/n/10 The truth of quantifierless formulas follows from the t
ruth of atomic formulas-
 []

File: ./images/2025_05_12_af19cd5e0d1b8a465ffeg-049.jpg Graphic file (type bmp)

<./images/2025_05_12_af19cd5e0d1b8a465ffeg-049.jpg>


[40]

LaTeX Warning: `h' float specifier changed to `ht'.



[41]

[42]
Overfull \hbox (7.30962pt too wide) in paragraph at lines 1567--1568
[]\TU/Georgia(0)/m/n/10 Quantifiers are an important component of predicate log
ic’s expressive power.
 []



[43]
Overfull \hbox (3.60864pt too wide) detected at line 1647
\OMS/cmsy/m/n/10 8\OML/cmm/m/it/10 " [] :
 []


Overfull \hbox (1.31679pt too wide) in paragraph at lines 1659--1660
[]\TU/Georgia(0)/m/n/10 Theorem 3.2 Every predicate logic formula can be transf
ormed into an equiv-
 []



[44]
File: ./images/2025_05_12_af19cd5e0d1b8a465ffeg-055.jpg Graphic file (type bmp)

<./images/2025_05_12_af19cd5e0d1b8a465ffeg-055.jpg>

Overfull \hbox (13.95068pt too wide) in paragraph at lines 1691--1698
\TU/Georgia(0)/m/n/10 are eliminated from the outside inward, where a formula o
f the form $\OMS/cmsy/m/n/10 8\OML/cmm/m/it/10 x[] [] \OMS/cmsy/m/n/10 8\OML/cm
m/m/it/10 x[]\OMS/cmsy/m/n/10 9\OML/cmm/m/it/10 y'$
 []


LaTeX Warning: `h' float specifier changed to `ht'.



[45]
Overfull \hbox (55.16736pt too wide) in paragraph at lines 1715--1726
 [] 
 []



[46]
File: ./images/2025_05_12_af19cd5e0d1b8a465ffeg-057.jpg Graphic file (type bmp)

<./images/2025_05_12_af19cd5e0d1b8a465ffeg-057.jpg>


LaTeX Warning: `h' float specifier changed to `ht'.



[47]
Overfull \hbox (3.49171pt too wide) in paragraph at lines 1807--1814
 [] 
 []


Overfull \hbox (4.7452pt too wide) in paragraph at lines 1816--1817
[]\TU/Georgia(0)/m/n/10 where $\OML/cmm/m/it/10 ^^[[]$ \TU/Georgia(0)/m/n/10 is
 the most general unifier. The other unifiers result from $\OML/cmm/m/it/10 ^^[
[]$ \TU/Georgia(0)/m/n/10 through
 []



[48]
Overfull \hbox (2.16315pt too wide) in paragraph at lines 1838--1839
[]\TU/Georgia(0)/m/n/10 Example 3.7 The famous Russell paradox reads ”There is 
a barber who shaves
 []


Overfull \hbox (9.28397pt too wide) in paragraph at lines 1844--1846
\OT1/cmr/m/n/10 (\OMS/cmsy/m/n/10 :[]\OT1/cmr/m/n/10 ([]\OML/cmm/m/it/10 ; x\OT
1/cmr/m/n/10 ) \OMS/cmsy/m/n/10 _ :[]\OT1/cmr/m/n/10 (\OML/cmm/m/it/10 x; x\OT1
/cmr/m/n/10 ))[] \OMS/cmsy/m/n/10 ^ \OT1/cmr/m/n/10 ([]([]\OML/cmm/m/it/10 ; x\
OT1/cmr/m/n/10 ) \OMS/cmsy/m/n/10 _ []\OT1/cmr/m/n/10 (\OML/cmm/m/it/10 x; x\OT
1/cmr/m/n/10 ))[]$\TU/Georgia(0)/m/n/10 . 
 []



[49]

[50]
Overfull \hbox (6.95697pt too wide) in paragraph at lines 1907--1908
\TU/Georgia(0)/m/n/10 Implementations of proof calculi on computers are called 
theorem provers. Along
 []


Overfull \hbox (12.82852pt too wide) in paragraph at lines 1922--1923
\TU/Georgia(0)/m/n/10 finding a proof, the next best thing is to build systems 
that work semi-automatically
 []



[51]

[52]

[53]

[54]

[55]
Underfull \hbox (badness 10000) in paragraph at lines 2099--2101

 []

File: ./images/2025_05_12_af19cd5e0d1b8a465ffeg-068.jpg Graphic file (type bmp)

<./images/2025_05_12_af19cd5e0d1b8a465ffeg-068.jpg>

LaTeX Warning: `h' float specifier changed to `ht'.


Overfull \hbox (27.71648pt too wide) detected at line 2114
[][]
 []



[56]

[57]

[58]
File: ./images/2025_05_12_af19cd5e0d1b8a465ffeg-072.jpg Graphic file (type bmp)

<./images/2025_05_12_af19cd5e0d1b8a465ffeg-072.jpg>


LaTeX Warning: `h' float specifier changed to `ht'.


Overfull \hbox (3.20775pt too wide) in paragraph at lines 2200--2201
\TU/Georgia(0)/m/n/10 are stored as positive, and the attributes of all unsucce
ssful resolutions are stored
 []



[59]
Overfull \hbox (15.63033pt too wide) in paragraph at lines 2209--2209
\TU/Georgia(0)/b/n/14.4 first-order predicate logic is semidecidable. 
 []



[60]


Overfull \hbox (173.6784pt too wide) has occurred while \output is active
\TU/Georgia(0)/m/it/10 0.11.  THEOREM 4.1 THE SET OF VALID FORMULAS IN FIRST-OR
DER PREDICATE LOGIC IS SEMIDECIDABLE. \TU/Georgia(0)/m/n/10 61
 []

[61]
File: ./images/2025_05_12_af19cd5e0d1b8a465ffeg-076.jpg Graphic file (type bmp)

<./images/2025_05_12_af19cd5e0d1b8a465ffeg-076.jpg>


LaTeX Warning: `h' float specifier changed to `ht'.



[62]


Overfull \hbox (174.89911pt too wide) has occurred while \output is active
\TU/Georgia(0)/m/it/10 0.11.  THEOREM 4.1 THE SET OF VALID FORMULAS IN FIRST-OR
DER PREDICATE LOGIC IS SEMIDECIDABLE. \TU/Georgia(0)/m/n/10 63
 []

[63]
File: ./images/2025_05_12_af19cd5e0d1b8a465ffeg-078.jpg Graphic file (type bmp)

<./images/2025_05_12_af19cd5e0d1b8a465ffeg-078.jpg>


LaTeX Warning: `h' float specifier changed to `ht'.



[64]
Overfull \hbox (34.14946pt too wide) in paragraph at lines 2380--2395
 [] 
 []




LaTeX Font Warning: Font shape `TU/STSong(0)/m/sl' undefined
(Font)              using `TU/STSong(0)/m/n' instead on input line 2412.

[65]

[66]

[67]
File: ./images/2025_05_12_af19cd5e0d1b8a465ffeg-083.jpg Graphic file (type bmp)

<./images/2025_05_12_af19cd5e0d1b8a465ffeg-083.jpg>


LaTeX Warning: `h' float specifier changed to `ht'.

File: ./images/2025_05_12_af19cd5e0d1b8a465ffeg-084.jpg Graphic file (type bmp)

<./images/2025_05_12_af19cd5e0d1b8a465ffeg-084.jpg>

LaTeX Warning: `h' float specifier changed to `ht'.



[68]

[69]
File: ./images/2025_05_12_af19cd5e0d1b8a465ffeg-086.jpg Graphic file (type bmp)

<./images/2025_05_12_af19cd5e0d1b8a465ffeg-086.jpg>


LaTeX Warning: `h' float specifier changed to `ht'.

File: ./images/2025_05_12_af19cd5e0d1b8a465ffeg-086(1).jpg Graphic file (type b
mp)
<./images/2025_05_12_af19cd5e0d1b8a465ffeg-086(1).jpg>

LaTeX Warning: `h' float specifier changed to `ht'.



[70]

[71]

[72]

[73]

[74]

[75]

[76]

[77]
Overfull \hbox (34.35162pt too wide) in paragraph at lines 2853--2854
\TU/Georgia(0)/m/n/10 append, and accrev, for example by carrying out time meas
urements (time(+Goal)
 []


Overfull \hbox (2.42487pt too wide) in paragraph at lines 2871--2872
[]\TU/Georgia(0)/m/n/10 Every resident prefers a specific drink, smokes a speci
fic brand of cigarette,
 []



[78]
File: ./images/2025_05_12_af19cd5e0d1b8a465ffeg-096.jpg Graphic file (type bmp)

<./images/2025_05_12_af19cd5e0d1b8a465ffeg-096.jpg>


LaTeX Warning: `h' float specifier changed to `ht'.



[79]

[80]
File: ./images/2025_05_12_af19cd5e0d1b8a465ffeg-098(1).jpg Graphic file (type b
mp)
<./images/2025_05_12_af19cd5e0d1b8a465ffeg-098(1).jpg>


LaTeX Warning: `h' float specifier changed to `ht'.

File: ./images/2025_05_12_af19cd5e0d1b8a465ffeg-098.jpg Graphic file (type bmp)

<./images/2025_05_12_af19cd5e0d1b8a465ffeg-098.jpg>
File: ./images/2025_05_12_af19cd5e0d1b8a465ffeg-099.jpg Graphic file (type bmp)

<./images/2025_05_12_af19cd5e0d1b8a465ffeg-099.jpg>

LaTeX Warning: `h' float specifier changed to `ht'.

File: ./images/2025_05_12_af19cd5e0d1b8a465ffeg-099(1).jpg Graphic file (type b
mp)
<./images/2025_05_12_af19cd5e0d1b8a465ffeg-099(1).jpg>

Underfull \hbox (badness 10000) in paragraph at lines 2951--2951

 []


LaTeX Warning: `h' float specifier changed to `ht'.



[81]
File: ./images/2025_05_12_af19cd5e0d1b8a465ffeg-101.jpg Graphic file (type bmp)

<./images/2025_05_12_af19cd5e0d1b8a465ffeg-101.jpg>


LaTeX Warning: `h' float specifier changed to `ht'.



[82]

[83]
File: ./images/2025_05_12_af19cd5e0d1b8a465ffeg-103.jpg Graphic file (type bmp)

<./images/2025_05_12_af19cd5e0d1b8a465ffeg-103.jpg>


LaTeX Warning: `h' float specifier changed to `ht'.



[84]
File: ./images/2025_05_12_af19cd5e0d1b8a465ffeg-105(1).jpg Graphic file (type b
mp)
<./images/2025_05_12_af19cd5e0d1b8a465ffeg-105(1).jpg>

Underfull \hbox (badness 10000) in paragraph at lines 3099--3099

 []


LaTeX Warning: `h' float specifier changed to `ht'.

File: ./images/2025_05_12_af19cd5e0d1b8a465ffeg-105.jpg Graphic file (type bmp)

<./images/2025_05_12_af19cd5e0d1b8a465ffeg-105.jpg>

Underfull \hbox (badness 10000) in paragraph at lines 3104--3104

 []


LaTeX Warning: `h' float specifier changed to `ht'.



[85]

[86]
Overfull \hbox (139.07722pt too wide) in paragraph at lines 3172--3185
 [] 
 []



[87]

[88]

[89]
File: ./images/2025_05_12_af19cd5e0d1b8a465ffeg-110.jpg Graphic file (type bmp)

<./images/2025_05_12_af19cd5e0d1b8a465ffeg-110.jpg>


LaTeX Warning: `h' float specifier changed to `ht'.



[90]
File: ./images/2025_05_12_af19cd5e0d1b8a465ffeg-111.jpg Graphic file (type bmp)

<./images/2025_05_12_af19cd5e0d1b8a465ffeg-111.jpg>


LaTeX Warning: `h' float specifier changed to `ht'.

File: ./images/2025_05_12_af19cd5e0d1b8a465ffeg-112.jpg Graphic file (type bmp)

<./images/2025_05_12_af19cd5e0d1b8a465ffeg-112.jpg>

LaTeX Warning: `h' float specifier changed to `ht'.


Package hyperref Warning: Token not allowed in a PDF string (Unicode):
(hyperref)                removing `math shift' on input line 3292.


Package hyperref Warning: Token not allowed in a PDF string (Unicode):
(hyperref)                removing `superscript' on input line 3292.


Package hyperref Warning: Token not allowed in a PDF string (Unicode):
(hyperref)                removing `\star' on input line 3292.


Package hyperref Warning: Token not allowed in a PDF string (Unicode):
(hyperref)                removing `math shift' on input line 3292.

File: ./images/2025_05_12_af19cd5e0d1b8a465ffeg-113.jpg Graphic file (type bmp)

<./images/2025_05_12_af19cd5e0d1b8a465ffeg-113.jpg>

Underfull \hbox (badness 1221) in paragraph at lines 3315--3315
\TU/Georgia(0)/m/n/10 Frankfurt to Ulm. In the boxes below the name of the city
 $\OML/cmm/m/it/10 s$ \TU/Georgia(0)/m/n/10 we show
 []


LaTeX Warning: `h' float specifier changed to `ht'.



[91]
File: ./images/2025_05_12_af19cd5e0d1b8a465ffeg-114.jpg Graphic file (type bmp)

<./images/2025_05_12_af19cd5e0d1b8a465ffeg-114.jpg>

Underfull \hbox (badness 10000) in paragraph at lines 3331--3331

 []


LaTeX Warning: `h' float specifier changed to `ht'.


Package hyperref Warning: Token not allowed in a PDF string (Unicode):
(hyperref)                removing `math shift' on input line 3341.


Package hyperref Warning: Token not allowed in a PDF string (Unicode):
(hyperref)                removing `superscript' on input line 3341.


Package hyperref Warning: Token not allowed in a PDF string (Unicode):
(hyperref)                removing `\star' on input line 3341.


Package hyperref Warning: Token not allowed in a PDF string (Unicode):
(hyperref)                removing `math shift' on input line 3341.



[92]
File: ./images/2025_05_12_af19cd5e0d1b8a465ffeg-115.jpg Graphic file (type bmp)

<./images/2025_05_12_af19cd5e0d1b8a465ffeg-115.jpg>


LaTeX Warning: `h' float specifier changed to `ht'.


Overfull \hbox (137.27708pt too wide) in paragraph at lines 3367--3380
 [] 
 []



[93]

Package hyperref Warning: Token not allowed in a PDF string (Unicode):
(hyperref)                removing `math shift' on input line 3393.


Package hyperref Warning: Token not allowed in a PDF string (Unicode):
(hyperref)                removing `superscript' on input line 3393.


Package hyperref Warning: Token not allowed in a PDF string (Unicode):
(hyperref)                removing `\star' on input line 3393.


Package hyperref Warning: Token not allowed in a PDF string (Unicode):
(hyperref)                removing `math shift' on input line 3393.



[94]
Overfull \hbox (74.9731pt too wide) in paragraph at lines 3441--3470
 [] 
 []



[95]

[96]
File: ./images/2025_05_12_af19cd5e0d1b8a465ffeg-120(1).jpg Graphic file (type b
mp)
<./images/2025_05_12_af19cd5e0d1b8a465ffeg-120(1).jpg>


LaTeX Warning: `h' float specifier changed to `ht'.

File: ./images/2025_05_12_af19cd5e0d1b8a465ffeg-120.jpg Graphic file (type bmp)

<./images/2025_05_12_af19cd5e0d1b8a465ffeg-120.jpg>

LaTeX Warning: `h' float specifier changed to `ht'.


Underfull \vbox (badness 3815) has occurred while \output is active []



[97]
Overfull \hbox (236.5pt too wide) in paragraph at lines 3533--3533
 []    \TU/lmtt/m/n/10 $\alpha=\operatorname{Maximum}(\alpha, \operatorname{Alp
haBetaMin(First(NewNodes),~} \alpha, \beta)$ )[] 
 []


LaTeX Font Warning: Font shape `U/stmry/b/n' undefined
(Font)              using `U/stmry/m/n' instead on input line 3542.



[98]
Overfull \hbox (4.53268pt too wide) in paragraph at lines 3580--3581
\TU/Georgia(0)/m/n/10 an effective branching factor of about 14. A thorough ana
lysis with a deriva-
 []



[99]
Overfull \hbox (6.5468pt too wide) detected at line 3601
[]
 []


Overfull \hbox (27.63593pt too wide) detected at line 3618
[][]
 []



[100]
File: ./images/2025_05_12_af19cd5e0d1b8a465ffeg-124.jpg Graphic file (type bmp)

<./images/2025_05_12_af19cd5e0d1b8a465ffeg-124.jpg>

Underfull \hbox (badness 10000) in paragraph at lines 3629--3629

 []


LaTeX Warning: `h' float specifier changed to `ht'.



[101]

[102]
Overfull \hbox (4.4955pt too wide) in paragraph at lines 3655--3656
[]\TU/Georgia(0)/m/n/10 With this technology Hydra can on average compute about
 18 moves ahead.
 []


Overfull \hbox (3.75136pt too wide) in paragraph at lines 3657--3657
\TU/Georgia(0)/m/n/10 beta search with relatively general, well-known heuristic
s and a good hand-
 []



[103]
Overfull \hbox (3.22812pt too wide) in paragraph at lines 3671--3672
\TU/Georgia(0)/m/n/10 and Facebook [TZ16] published the breakthrough concurrent
ly. That same
 []



[104]

[105]
File: ./images/2025_05_12_af19cd5e0d1b8a465ffeg-128.jpg Graphic file (type bmp)

<./images/2025_05_12_af19cd5e0d1b8a465ffeg-128.jpg>


LaTeX Warning: `h' float specifier changed to `ht'.


Overfull \hbox (2.51959pt too wide) in paragraph at lines 3742--3742
\TU/Georgia(0)/m/n/10 (a) Show that the triangle inequality is valid for shorte
st distances on maps. 
 []


Overfull \hbox (4.60907pt too wide) in paragraph at lines 3747--3748
[]\TU/Georgia(0)/m/n/10 Exercise 6.13 Give a heuristic evaluation function for 
states with which
 []



[106]
File: ./images/2025_05_12_af19cd5e0d1b8a465ffeg-129.jpg Graphic file (type bmp)

<./images/2025_05_12_af19cd5e0d1b8a465ffeg-129.jpg>


LaTeX Warning: `h' float specifier changed to `ht'.

File: ./images/2025_05_12_af19cd5e0d1b8a465ffeg-131.jpg Graphic file (type bmp)

<./images/2025_05_12_af19cd5e0d1b8a465ffeg-131.jpg>

LaTeX Warning: `h' float specifier changed to `ht'.



[107]

[108]

[109]
Overfull \hbox (27.38039pt too wide) detected at line 3853
\OML/cmm/m/it/10 P\OT1/cmr/m/n/10 ([] \OMS/cmsy/m/n/10 2 f\OT1/cmr/m/n/10 5\OML
/cmm/m/it/10 ; \OT1/cmr/m/n/10 6\OMS/cmsy/m/n/10 g\OT1/cmr/m/n/10 ) = \OML/cmm/
m/it/10 P\OT1/cmr/m/n/10 ([] = 5 \OMS/cmsy/m/n/10 _ [] \OT1/cmr/m/n/10 = 6) = 1
/3\OML/cmm/m/it/10 :
 []



[110]
Overfull \hbox (7.9687pt too wide) in paragraph at lines 3878--3879
[]\TU/Georgia(0)/m/n/10 For two complementary events $\OML/cmm/m/it/10 A$ \TU/G
eorgia(0)/m/n/10 and $\OMS/cmsy/m/n/10 :\OML/cmm/m/it/10 A$ \TU/Georgia(0)/m/n/
10 it is true that $\OML/cmm/m/it/10 P\OT1/cmr/m/n/10 (\OML/cmm/m/it/10 A\OT1/c
mr/m/n/10 ) + \OML/cmm/m/it/10 P\OT1/cmr/m/n/10 (\OMS/cmsy/m/n/10 :\OML/cmm/m/i
t/10 A\OT1/cmr/m/n/10 ) =
 []


Overfull \hbox (78.94435pt too wide) in paragraph at lines 3884--3885
\TU/Georgia(0)/m/n/10 and $\OML/cmm/m/it/10 B$\TU/Georgia(0)/m/n/10 . For the b
inary variables $\OML/cmm/m/it/10 A$ \TU/Georgia(0)/m/n/10 and $\OML/cmm/m/it/1
0 B$ \TU/Georgia(0)/m/n/10 these are $\OML/cmm/m/it/10 P\OT1/cmr/m/n/10 (\OML/c
mm/m/it/10 A; B\OT1/cmr/m/n/10 )\OML/cmm/m/it/10 ; P\OT1/cmr/m/n/10 (\OML/cmm/m
/it/10 A; \OMS/cmsy/m/n/10 :\OML/cmm/m/it/10 B\OT1/cmr/m/n/10 )\OML/cmm/m/it/10
 ; P\OT1/cmr/m/n/10 (\OMS/cmsy/m/n/10 :\OML/cmm/m/it/10 A; B\OT1/cmr/m/n/10 )\O
ML/cmm/m/it/10 ; P\OT1/cmr/m/n/10 (\OMS/cmsy/m/n/10 :\OML/cmm/m/it/10 A; \OMS/c
msy/m/n/10 :\OML/cmm/m/it/10 B\OT1/cmr/m/n/10 )$\TU/Georgia(0)/m/n/10 .
 []


Overfull \hbox (27.26292pt too wide) in paragraph at lines 3910--3923
 [] 
 []



[111]

[112]
Overfull \hbox (55.20879pt too wide) detected at line 4000
[]
 []



[113]
Overfull \hbox (20.81664pt too wide) detected at line 4016
\OML/cmm/m/it/10 P [] \OT1/cmr/m/n/10 = [] \OML/cmm/m/it/10 P [] :
 []



[114]

[115]
Overfull \hbox (14.43033pt too wide) detected at line 4091
[][]
 []


Overfull \hbox (6.25009pt too wide) in paragraph at lines 4095--4096
\TU/Georgia(0)/m/n/10 which leads to $\OT1/cmr/m/n/10 75[]$ \TU/Georgia(0)/m/n/
10 of healthy patients (without PCa ) getting a false-positive
 []



[116]
Overfull \hbox (15.6214pt too wide) detected at line 4118
\OML/cmm/m/it/10 P\OT1/cmr/m/n/10 (\OML/cmm/m/it/10 A\OT1/cmr/m/n/10 ) = \OML/c
mm/m/it/10 P\OT1/cmr/m/n/10 (\OML/cmm/m/it/10 A \OMS/cmsy/m/n/10 j \OML/cmm/m/i
t/10 B\OT1/cmr/m/n/10 )\OML/cmm/m/it/10 P\OT1/cmr/m/n/10 (\OML/cmm/m/it/10 B\OT
1/cmr/m/n/10 ) + \OML/cmm/m/it/10 P\OT1/cmr/m/n/10 (\OML/cmm/m/it/10 A \OMS/cms
y/m/n/10 j :\OML/cmm/m/it/10 B\OT1/cmr/m/n/10 )\OML/cmm/m/it/10 P\OT1/cmr/m/n/1
0 (\OMS/cmsy/m/n/10 :\OML/cmm/m/it/10 B\OT1/cmr/m/n/10 ) = 0\OML/cmm/m/it/10 :\
OT1/cmr/m/n/10 00099 + \OML/cmm/m/it/10 P\OT1/cmr/m/n/10 (\OML/cmm/m/it/10 A \O
MS/cmsy/m/n/10 j :\OML/cmm/m/it/10 B\OT1/cmr/m/n/10 ) \OMS/cmsy/m/n/10 ^^A \OT1
/cmr/m/n/10 0\OML/cmm/m/it/10 :\OT1/cmr/m/n/10 999 = 0\OML/cmm/m/it/10 :\OT1/cm
r/m/n/10 1
 []



[117]

[118]

[119]
File: ./images/2025_05_12_af19cd5e0d1b8a465ffeg-144.jpg Graphic file (type bmp)

<./images/2025_05_12_af19cd5e0d1b8a465ffeg-144.jpg>

Underfull \hbox (badness 10000) in paragraph at lines 4235--4235

 []


LaTeX Warning: `h' float specifier changed to `ht'.



[120]
File: ./images/2025_05_12_af19cd5e0d1b8a465ffeg-145.jpg Graphic file (type bmp)

<./images/2025_05_12_af19cd5e0d1b8a465ffeg-145.jpg>


LaTeX Warning: `h' float specifier changed to `ht'.


Overfull \hbox (23.16406pt too wide) in paragraph at lines 4277--4277
[]\TU/Georgia(0)/b/n/12 Maximum Entropy Without Explicit Constraints 
 []



[121]
File: ./images/2025_05_12_af19cd5e0d1b8a465ffeg-147.jpg Graphic file (type bmp)

<./images/2025_05_12_af19cd5e0d1b8a465ffeg-147.jpg>


LaTeX Warning: `h' float specifier changed to `ht'.



[122]
Overfull \hbox (2.6576pt too wide) in paragraph at lines 4369--4370
\TU/Georgia(0)/m/n/10 tensional Reasoning in Inference Networks in Transition, 
[][]www.xspirit.de[][]),
 []



[123]
Overfull \hbox (0.87737pt too wide) in paragraph at lines 4371--4371
[]\TU/Georgia(0)/m/n/10 The PIT system uses the sequential quadratic programmin
g (SQP) method
 []


Overfull \hbox (13.67355pt too wide) in paragraph at lines 4372--4373
[]\TU/Georgia(0)/m/n/10 expects data containing the constraints. For example, t
he constraints $\OML/cmm/m/it/10 P\OT1/cmr/m/n/10 (\OML/cmm/m/it/10 A\OT1/cmr/m
/n/10 ) =
 []


Overfull \hbox (17.6847pt too wide) detected at line 4410
[]
 []



[124]
Overfull \hbox (38.85243pt too wide) in paragraph at lines 4425--4432
 [] 
 []


Overfull \hbox (6.77539pt too wide) in paragraph at lines 4440--4440
[]\TU/Georgia(0)/b/n/12 Lexmed, an Expert System for Diagnosing Ap-
 []


Overfull \hbox (5.04688pt too wide) in paragraph at lines 4443--4443
[]\TU/Georgia(0)/b/n/12 Appendicitis Diagnosis with Formal Methods 
 []



[125]
Overfull \hbox (2.84235pt too wide) in paragraph at lines 4448--4448
\TU/Georgia(0)/m/n/10 the health insurance company AOK Baden-Württemberg, the R
avensburg-
 []



[126]
Overfull \hbox (143.26373pt too wide) in paragraph at lines 4475--4512
 [] 
 []



[127]
File: ./images/2025_05_12_af19cd5e0d1b8a465ffeg-153.jpg Graphic file (type bmp)

<./images/2025_05_12_af19cd5e0d1b8a465ffeg-153.jpg>


LaTeX Warning: `h' float specifier changed to `ht'.


Overfull \hbox (2.60095pt too wide) in paragraph at lines 4539--4540
\TU/Georgia(0)/m/n/10 than 20643839 probability values potentially does not com
pletely describe
 []


/Users/jrathi/Projects/pdf-2-latex/files/ai/use-microtype/ai_final.tex:4551: La
TeX Error: Not in outer par mode.

See the LaTeX manual or LaTeX Companion for explanation.
Type  H <return>  for immediate help.
 ...                                              
                                                  
l.4551 \begin{figure}[h]
                        
You've lost some text.  Try typing  <return>  to proceed.
If that doesn't work, type  X <return>  to quit.

/Users/jrathi/Projects/pdf-2-latex/files/ai/use-microtype/ai_final.tex:4551: Un
defined control sequence.
\@xfloat ...@fltovf \fi \global \setbox \@currbox 
                                                  \color@vbox \normalcolor \...
l.4551 \begin{figure}[h]
                        
The control sequence at the end of the top line
of your error message was never \def'ed. If you have
misspelled it (e.g., `\hobx'), type `I' and the correct
spelling (e.g., `I\hbox'). Otherwise just continue,
and I'll forget about whatever was undefined.

/Users/jrathi/Projects/pdf-2-latex/files/ai/use-microtype/ai_final.tex:4551: Mi
ssing number, treated as zero.
<to be read again> 
                   \vbox 
l.4551 \begin{figure}[h]
                        
A number should have been here; I inserted `0'.
(If you can't figure out why I needed to see a number,
look up `weird error' in the index to The TeXbook.)

/Users/jrathi/Projects/pdf-2-latex/files/ai/use-microtype/ai_final.tex:4553: Mi
ssing \endgroup inserted.
<inserted text> 
                \endgroup 
l.4553     Age-group &
                       r & ( $0.5 \sim 6-10 \sim 11-15 \sim 16-20 \cdot 21-2...
I've inserted something that you may have forgotten.
(See the <inserted text> above.)
With luck, this will get me unwedged. But if you
really didn't forget anything, try typing `2' now; then
my insertion and my current dilemma will both disappear.

/Users/jrathi/Projects/pdf-2-latex/files/ai/use-microtype/ai_final.tex:4553: Mi
ssing } inserted.
<inserted text> 
                }
l.4553     Age-group &
                       r & ( $0.5 \sim 6-10 \sim 11-15 \sim 16-20 \cdot 21-2...
I've inserted something that you may have forgotten.
(See the <inserted text> above.)
With luck, this will get me unwedged. But if you
really didn't forget anything, try typing `2' now; then
my insertion and my current dilemma will both disappear.

/Users/jrathi/Projects/pdf-2-latex/files/ai/use-microtype/ai_final.tex:4553: Mi
ssing \endgroup inserted.
<inserted text> 
                \endgroup 
l.4553     Age-group &
                       r & ( $0.5 \sim 6-10 \sim 11-15 \sim 16-20 \cdot 21-2...
I've inserted something that you may have forgotten.
(See the <inserted text> above.)
With luck, this will get me unwedged. But if you
really didn't forget anything, try typing `2' now; then
my insertion and my current dilemma will both disappear.

/Users/jrathi/Projects/pdf-2-latex/files/ai/use-microtype/ai_final.tex:4553: Mi
ssing } inserted.
<inserted text> 
                }
l.4553     Age-group &
                       r & ( $0.5 \sim 6-10 \sim 11-15 \sim 16-20 \cdot 21-2...
I've inserted something that you may have forgotten.
(See the <inserted text> above.)
With luck, this will get me unwedged. But if you
really didn't forget anything, try typing `2' now; then
my insertion and my current dilemma will both disappear.

File: ./images/2025_05_12_af19cd5e0d1b8a465ffeg-154.jpg Graphic file (type bmp)

<./images/2025_05_12_af19cd5e0d1b8a465ffeg-154.jpg>
/Users/jrathi/Projects/pdf-2-latex/files/ai/use-microtype/ai_final.tex:4554: Mi
ssing } inserted.
<inserted text> 
                }
l.4554 \end{figure}
                   
I've inserted something that you may have forgotten.
(See the <inserted text> above.)
With luck, this will get me unwedged. But if you
really didn't forget anything, try typing `2' now; then
my insertion and my current dilemma will both disappear.

/Users/jrathi/Projects/pdf-2-latex/files/ai/use-microtype/ai_final.tex:4554: Mi
ssing } inserted.
<inserted text> 
                }
l.4554 \end{figure}
                   
I've inserted something that you may have forgotten.
(See the <inserted text> above.)
With luck, this will get me unwedged. But if you
really didn't forget anything, try typing `2' now; then
my insertion and my current dilemma will both disappear.

/Users/jrathi/Projects/pdf-2-latex/files/ai/use-microtype/ai_final.tex:4554: Mi
ssing \cr inserted.
<inserted text> 
                \cr 
l.4554 \end{figure}
                   
I'm guessing that you meant to end an alignment here.

/Users/jrathi/Projects/pdf-2-latex/files/ai/use-microtype/ai_final.tex:4554: Mi
ssing { inserted.
<inserted text> 
                {
l.4554 \end{figure}
                   
I've put in what seems to be necessary to fix
the current column of the current alignment.
Try to go on, since this might almost work.

/Users/jrathi/Projects/pdf-2-latex/files/ai/use-microtype/ai_final.tex:4554: Mi
ssing $ inserted.
<inserted text> 
                $
l.4554 \end{figure}
                   
I've inserted a begin-math/end-math symbol since I think
you left one out. Proceed, with fingers crossed.

/Users/jrathi/Projects/pdf-2-latex/files/ai/use-microtype/ai_final.tex:4554: Mi
ssing } inserted.
<inserted text> 
                }
l.4554 \end{figure}
                   
I've inserted something that you may have forgotten.
(See the <inserted text> above.)
With luck, this will get me unwedged. But if you
really didn't forget anything, try typing `2' now; then
my insertion and my current dilemma will both disappear.

/Users/jrathi/Projects/pdf-2-latex/files/ai/use-microtype/ai_final.tex:4554: Ex
tra }, or forgotten \endgroup.
\color@endbox ->\color@endgroup \egroup 
                                        
l.4554 \end{figure}
                   
I've deleted a group-closing symbol because it seems to be
spurious, as in `$x}$'. But perhaps the } is legitimate and
you forgot something else, as in `\hbox{$x}'. In such cases
the way to recover is to insert both the forgotten and the
deleted material, e.g., by typing `I$}'.


/Users/jrathi/Projects/pdf-2-latex/files/ai/use-microtype/ai_final.tex:4554: La
TeX Error: \begin{center} on input line 4544 ended by \end{figure}.

See the LaTeX manual or LaTeX Companion for explanation.
Type  H <return>  for immediate help.
 ...                                              
                                                  
l.4554 \end{figure}
                   
Your command was ignored.
Type  I <command> <return>  to replace it with another command,
or  <return>  to continue without it.


Overfull \hbox (283.65016pt too wide) in paragraph at lines 4545--4555
[][] 
 []

/Users/jrathi/Projects/pdf-2-latex/files/ai/use-microtype/ai_final.tex:4556: Mi
splaced \noalign.
\hline ->\noalign 
                  {\ifnum 0=`}\fi \hrule \@height \arrayrulewidth \futurelet...
l.4556 \hline
             
I expect to see \noalign only after the \cr of
an alignment. Proceed, and I'll ignore this case.



[128]
/Users/jrathi/Projects/pdf-2-latex/files/ai/use-microtype/ai_final.tex:4557: Mi
splaced alignment tab character &.
l.4557 Results of examination &
                                not done & values &  \\
I can't figure out why you would want to use a tab mark
here. If you just want an ampersand, the remedy is
simple: Just type `I\&' now. But if some right brace
up above has ended a previous alignment prematurely,
you're probably due for more error messages, and you
might try typing `S' now just to see what is salvageable.

/Users/jrathi/Projects/pdf-2-latex/files/ai/use-microtype/ai_final.tex:4557: Mi
splaced alignment tab character &.
l.4557 Results of examination & not done &
                                           values &  \\
I can't figure out why you would want to use a tab mark
here. If you just want an ampersand, the remedy is
simple: Just type `I\&' now. But if some right brace
up above has ended a previous alignment prematurely,
you're probably due for more error messages, and you
might try typing `S' now just to see what is salvageable.

/Users/jrathi/Projects/pdf-2-latex/files/ai/use-microtype/ai_final.tex:4557: Mi
splaced alignment tab character &.
l.4557 ...lts of examination & not done & values &
                                                    \\
I can't figure out why you would want to use a tab mark
here. If you just want an ampersand, the remedy is
simple: Just type `I\&' now. But if some right brace
up above has ended a previous alignment prematurely,
you're probably due for more error messages, and you
might try typing `S' now just to see what is salvageable.

/Users/jrathi/Projects/pdf-2-latex/files/ai/use-microtype/ai_final.tex:4558: Mi
splaced \noalign.
\hline ->\noalign 
                  {\ifnum 0=`}\fi \hrule \@height \arrayrulewidth \futurelet...
l.4558 \hline
             
I expect to see \noalign only after the \cr of
an alignment. Proceed, and I'll ignore this case.

/Users/jrathi/Projects/pdf-2-latex/files/ai/use-microtype/ai_final.tex:4559: Mi
splaced alignment tab character &.
l.4559 1st quadrant &
                      - & $\checkmark$ yes $\sim$ no & ? \\
I can't figure out why you would want to use a tab mark
here. If you just want an ampersand, the remedy is
simple: Just type `I\&' now. But if some right brace
up above has ended a previous alignment prematurely,
you're probably due for more error messages, and you
might try typing `S' now just to see what is salvageable.

/Users/jrathi/Projects/pdf-2-latex/files/ai/use-microtype/ai_final.tex:4559: Mi
splaced alignment tab character &.
l.4559 1st quadrant & - &
                          $\checkmark$ yes $\sim$ no & ? \\
I can't figure out why you would want to use a tab mark
here. If you just want an ampersand, the remedy is
simple: Just type `I\&' now. But if some right brace
up above has ended a previous alignment prematurely,
you're probably due for more error messages, and you
might try typing `S' now just to see what is salvageable.

/Users/jrathi/Projects/pdf-2-latex/files/ai/use-microtype/ai_final.tex:4559: Mi
splaced alignment tab character &.
l.4559 ...drant & - & $\checkmark$ yes $\sim$ no &
                                                   ? \\
I can't figure out why you would want to use a tab mark
here. If you just want an ampersand, the remedy is
simple: Just type `I\&' now. But if some right brace
up above has ended a previous alignment prematurely,
you're probably due for more error messages, and you
might try typing `S' now just to see what is salvageable.

/Users/jrathi/Projects/pdf-2-latex/files/ai/use-microtype/ai_final.tex:4560: Mi
splaced \noalign.
\hline ->\noalign 
                  {\ifnum 0=`}\fi \hrule \@height \arrayrulewidth \futurelet...
l.4560 \hline
             
I expect to see \noalign only after the \cr of
an alignment. Proceed, and I'll ignore this case.

/Users/jrathi/Projects/pdf-2-latex/files/ai/use-microtype/ai_final.tex:4561: Mi
splaced alignment tab character &.
l.4561 2nd quadrant &
                      - & ( yes ) no & ? \\
I can't figure out why you would want to use a tab mark
here. If you just want an ampersand, the remedy is
simple: Just type `I\&' now. But if some right brace
up above has ended a previous alignment prematurely,
you're probably due for more error messages, and you
might try typing `S' now just to see what is salvageable.

/Users/jrathi/Projects/pdf-2-latex/files/ai/use-microtype/ai_final.tex:4561: Mi
splaced alignment tab character &.
l.4561 2nd quadrant & - &
                          ( yes ) no & ? \\
I can't figure out why you would want to use a tab mark
here. If you just want an ampersand, the remedy is
simple: Just type `I\&' now. But if some right brace
up above has ended a previous alignment prematurely,
you're probably due for more error messages, and you
might try typing `S' now just to see what is salvageable.

/Users/jrathi/Projects/pdf-2-latex/files/ai/use-microtype/ai_final.tex:4561: Mi
splaced alignment tab character &.
l.4561 2nd quadrant & - & ( yes ) no &
                                       ? \\
I can't figure out why you would want to use a tab mark
here. If you just want an ampersand, the remedy is
simple: Just type `I\&' now. But if some right brace
up above has ended a previous alignment prematurely,
you're probably due for more error messages, and you
might try typing `S' now just to see what is salvageable.

/Users/jrathi/Projects/pdf-2-latex/files/ai/use-microtype/ai_final.tex:4562: Mi
splaced \noalign.
\hline ->\noalign 
                  {\ifnum 0=`}\fi \hrule \@height \arrayrulewidth \futurelet...
l.4562 \hline
             
I expect to see \noalign only after the \cr of
an alignment. Proceed, and I'll ignore this case.

/Users/jrathi/Projects/pdf-2-latex/files/ai/use-microtype/ai_final.tex:4563: Mi
splaced alignment tab character &.
l.4563 3rd quadrant &
                      c & - yes \~{} no & ? \\
I can't figure out why you would want to use a tab mark
here. If you just want an ampersand, the remedy is
simple: Just type `I\&' now. But if some right brace
up above has ended a previous alignment prematurely,
you're probably due for more error messages, and you
might try typing `S' now just to see what is salvageable.

/Users/jrathi/Projects/pdf-2-latex/files/ai/use-microtype/ai_final.tex:4563: Mi
splaced alignment tab character &.
l.4563 3rd quadrant & c &
                          - yes \~{} no & ? \\
I can't figure out why you would want to use a tab mark
here. If you just want an ampersand, the remedy is
simple: Just type `I\&' now. But if some right brace
up above has ended a previous alignment prematurely,
you're probably due for more error messages, and you
might try typing `S' now just to see what is salvageable.

/Users/jrathi/Projects/pdf-2-latex/files/ai/use-microtype/ai_final.tex:4563: Mi
splaced alignment tab character &.
l.4563 3rd quadrant & c & - yes \~{} no &
                                          ? \\
I can't figure out why you would want to use a tab mark
here. If you just want an ampersand, the remedy is
simple: Just type `I\&' now. But if some right brace
up above has ended a previous alignment prematurely,
you're probably due for more error messages, and you
might try typing `S' now just to see what is salvageable.

/Users/jrathi/Projects/pdf-2-latex/files/ai/use-microtype/ai_final.tex:4564: Mi
splaced \noalign.
\hline ->\noalign 
                  {\ifnum 0=`}\fi \hrule \@height \arrayrulewidth \futurelet...
l.4564 \hline
             
I expect to see \noalign only after the \cr of
an alignment. Proceed, and I'll ignore this case.

/Users/jrathi/Projects/pdf-2-latex/files/ai/use-microtype/ai_final.tex:4565: Mi
splaced alignment tab character &.
l.4565 4th quadrant &
                      0 & $\checkmark$ yes $\sim$ no & ? \\
I can't figure out why you would want to use a tab mark
here. If you just want an ampersand, the remedy is
simple: Just type `I\&' now. But if some right brace
up above has ended a previous alignment prematurely,
you're probably due for more error messages, and you
might try typing `S' now just to see what is salvageable.

/Users/jrathi/Projects/pdf-2-latex/files/ai/use-microtype/ai_final.tex:4565: Mi
splaced alignment tab character &.
l.4565 4th quadrant & 0 &
                          $\checkmark$ yes $\sim$ no & ? \\
I can't figure out why you would want to use a tab mark
here. If you just want an ampersand, the remedy is
simple: Just type `I\&' now. But if some right brace
up above has ended a previous alignment prematurely,
you're probably due for more error messages, and you
might try typing `S' now just to see what is salvageable.

/Users/jrathi/Projects/pdf-2-latex/files/ai/use-microtype/ai_final.tex:4565: Mi
splaced alignment tab character &.
l.4565 ...drant & 0 & $\checkmark$ yes $\sim$ no &
                                                   ? \\
I can't figure out why you would want to use a tab mark
here. If you just want an ampersand, the remedy is
simple: Just type `I\&' now. But if some right brace
up above has ended a previous alignment prematurely,
you're probably due for more error messages, and you
might try typing `S' now just to see what is salvageable.

/Users/jrathi/Projects/pdf-2-latex/files/ai/use-microtype/ai_final.tex:4566: Mi
splaced \noalign.
\hline ->\noalign 
                  {\ifnum 0=`}\fi \hrule \@height \arrayrulewidth \futurelet...
l.4566 \hline
             
I expect to see \noalign only after the \cr of
an alignment. Proceed, and I'll ignore this case.

/Users/jrathi/Projects/pdf-2-latex/files/ai/use-microtype/ai_final.tex:4567: Mi
splaced alignment tab character &.
l.4567 guarding &
                  c & - local $\Gamma$ global $C$ none & ? \\
I can't figure out why you would want to use a tab mark
here. If you just want an ampersand, the remedy is
simple: Just type `I\&' now. But if some right brace
up above has ended a previous alignment prematurely,
you're probably due for more error messages, and you
might try typing `S' now just to see what is salvageable.

/Users/jrathi/Projects/pdf-2-latex/files/ai/use-microtype/ai_final.tex:4567: Mi
splaced alignment tab character &.
l.4567 guarding & c &
                      - local $\Gamma$ global $C$ none & ? \\
I can't figure out why you would want to use a tab mark
here. If you just want an ampersand, the remedy is
simple: Just type `I\&' now. But if some right brace
up above has ended a previous alignment prematurely,
you're probably due for more error messages, and you
might try typing `S' now just to see what is salvageable.

/Users/jrathi/Projects/pdf-2-latex/files/ai/use-microtype/ai_final.tex:4567: Mi
splaced alignment tab character &.
l.4567 ...& c & - local $\Gamma$ global $C$ none &
                                                   ? \\
I can't figure out why you would want to use a tab mark
here. If you just want an ampersand, the remedy is
simple: Just type `I\&' now. But if some right brace
up above has ended a previous alignment prematurely,
you're probably due for more error messages, and you
might try typing `S' now just to see what is salvageable.

/Users/jrathi/Projects/pdf-2-latex/files/ai/use-microtype/ai_final.tex:4568: Mi
splaced \noalign.
\hline ->\noalign 
                  {\ifnum 0=`}\fi \hrule \@height \arrayrulewidth \futurelet...
l.4568 \hline
             
I expect to see \noalign only after the \cr of
an alignment. Proceed, and I'll ignore this case.

/Users/jrathi/Projects/pdf-2-latex/files/ai/use-microtype/ai_final.tex:4569: Mi
splaced alignment tab character &.
l.4569 rebound tenderness &
                            r & - yes $\sim$ no & ? \\
I can't figure out why you would want to use a tab mark
here. If you just want an ampersand, the remedy is
simple: Just type `I\&' now. But if some right brace
up above has ended a previous alignment prematurely,
you're probably due for more error messages, and you
might try typing `S' now just to see what is salvageable.

/Users/jrathi/Projects/pdf-2-latex/files/ai/use-microtype/ai_final.tex:4569: Mi
splaced alignment tab character &.
l.4569 rebound tenderness & r &
                                - yes $\sim$ no & ? \\
I can't figure out why you would want to use a tab mark
here. If you just want an ampersand, the remedy is
simple: Just type `I\&' now. But if some right brace
up above has ended a previous alignment prematurely,
you're probably due for more error messages, and you
might try typing `S' now just to see what is salvageable.

/Users/jrathi/Projects/pdf-2-latex/files/ai/use-microtype/ai_final.tex:4569: Mi
splaced alignment tab character &.
l.4569 rebound tenderness & r & - yes $\sim$ no &
                                                  ? \\
I can't figure out why you would want to use a tab mark
here. If you just want an ampersand, the remedy is
simple: Just type `I\&' now. But if some right brace
up above has ended a previous alignment prematurely,
you're probably due for more error messages, and you
might try typing `S' now just to see what is salvageable.

/Users/jrathi/Projects/pdf-2-latex/files/ai/use-microtype/ai_final.tex:4570: Mi
splaced \noalign.
\hline ->\noalign 
                  {\ifnum 0=`}\fi \hrule \@height \arrayrulewidth \futurelet...
l.4570 \hline
             
I expect to see \noalign only after the \cr of
an alignment. Proceed, and I'll ignore this case.

/Users/jrathi/Projects/pdf-2-latex/files/ai/use-microtype/ai_final.tex:4571: Mi
splaced alignment tab character &.
l.4571 pain on tapping &
                         c & - yes $\sim$ no & ? \\
I can't figure out why you would want to use a tab mark
here. If you just want an ampersand, the remedy is
simple: Just type `I\&' now. But if some right brace
up above has ended a previous alignment prematurely,
you're probably due for more error messages, and you
might try typing `S' now just to see what is salvageable.

/Users/jrathi/Projects/pdf-2-latex/files/ai/use-microtype/ai_final.tex:4571: Mi
splaced alignment tab character &.
l.4571 pain on tapping & c &
                             - yes $\sim$ no & ? \\
I can't figure out why you would want to use a tab mark
here. If you just want an ampersand, the remedy is
simple: Just type `I\&' now. But if some right brace
up above has ended a previous alignment prematurely,
you're probably due for more error messages, and you
might try typing `S' now just to see what is salvageable.

/Users/jrathi/Projects/pdf-2-latex/files/ai/use-microtype/ai_final.tex:4571: Mi
splaced alignment tab character &.
l.4571 pain on tapping & c & - yes $\sim$ no &
                                               ? \\
I can't figure out why you would want to use a tab mark
here. If you just want an ampersand, the remedy is
simple: Just type `I\&' now. But if some right brace
up above has ended a previous alignment prematurely,
you're probably due for more error messages, and you
might try typing `S' now just to see what is salvageable.

/Users/jrathi/Projects/pdf-2-latex/files/ai/use-microtype/ai_final.tex:4572: Mi
splaced \noalign.
\hline ->\noalign 
                  {\ifnum 0=`}\fi \hrule \@height \arrayrulewidth \futurelet...
l.4572 \hline
             
I expect to see \noalign only after the \cr of
an alignment. Proceed, and I'll ignore this case.

/Users/jrathi/Projects/pdf-2-latex/files/ai/use-microtype/ai_final.tex:4573: Mi
splaced alignment tab character &.
l.4573 rectal pain &
                     - & $r$ yes $r$ no & ? \\
I can't figure out why you would want to use a tab mark
here. If you just want an ampersand, the remedy is
simple: Just type `I\&' now. But if some right brace
up above has ended a previous alignment prematurely,
you're probably due for more error messages, and you
might try typing `S' now just to see what is salvageable.

/Users/jrathi/Projects/pdf-2-latex/files/ai/use-microtype/ai_final.tex:4573: Mi
splaced alignment tab character &.
l.4573 rectal pain & - &
                         $r$ yes $r$ no & ? \\
I can't figure out why you would want to use a tab mark
here. If you just want an ampersand, the remedy is
simple: Just type `I\&' now. But if some right brace
up above has ended a previous alignment prematurely,
you're probably due for more error messages, and you
might try typing `S' now just to see what is salvageable.

/Users/jrathi/Projects/pdf-2-latex/files/ai/use-microtype/ai_final.tex:4573: Mi
splaced alignment tab character &.
l.4573 rectal pain & - & $r$ yes $r$ no &
                                          ? \\
I can't figure out why you would want to use a tab mark
here. If you just want an ampersand, the remedy is
simple: Just type `I\&' now. But if some right brace
up above has ended a previous alignment prematurely,
you're probably due for more error messages, and you
might try typing `S' now just to see what is salvageable.

/Users/jrathi/Projects/pdf-2-latex/files/ai/use-microtype/ai_final.tex:4574: Mi
splaced \noalign.
\hline ->\noalign 
                  {\ifnum 0=`}\fi \hrule \@height \arrayrulewidth \futurelet...
l.4574 \hline
             
I expect to see \noalign only after the \cr of
an alignment. Proceed, and I'll ignore this case.

/Users/jrathi/Projects/pdf-2-latex/files/ai/use-microtype/ai_final.tex:4575: Mi
splaced alignment tab character &.
l.4575 bowel sounds &
                      c & $\checkmark$ weak $*$ normal $\sim$ increased $\si...
I can't figure out why you would want to use a tab mark
here. If you just want an ampersand, the remedy is
simple: Just type `I\&' now. But if some right brace
up above has ended a previous alignment prematurely,
you're probably due for more error messages, and you
might try typing `S' now just to see what is salvageable.

/Users/jrathi/Projects/pdf-2-latex/files/ai/use-microtype/ai_final.tex:4575: Mi
splaced alignment tab character &.
l.4575 bowel sounds & c &
                          $\checkmark$ weak $*$ normal $\sim$ increased $\si...
I can't figure out why you would want to use a tab mark
here. If you just want an ampersand, the remedy is
simple: Just type `I\&' now. But if some right brace
up above has ended a previous alignment prematurely,
you're probably due for more error messages, and you
might try typing `S' now just to see what is salvageable.

/Users/jrathi/Projects/pdf-2-latex/files/ai/use-microtype/ai_final.tex:4575: Mi
splaced alignment tab character &.
l.4575 ...*$ normal $\sim$ increased $\sim$ none &
                                                   ? \\
I can't figure out why you would want to use a tab mark
here. If you just want an ampersand, the remedy is
simple: Just type `I\&' now. But if some right brace
up above has ended a previous alignment prematurely,
you're probably due for more error messages, and you
might try typing `S' now just to see what is salvageable.

/Users/jrathi/Projects/pdf-2-latex/files/ai/use-microtype/ai_final.tex:4576: Mi
splaced \noalign.
\hline ->\noalign 
                  {\ifnum 0=`}\fi \hrule \@height \arrayrulewidth \futurelet...
l.4576 \hline
             
I expect to see \noalign only after the \cr of
an alignment. Proceed, and I'll ignore this case.

/Users/jrathi/Projects/pdf-2-latex/files/ai/use-microtype/ai_final.tex:4577: Mi
splaced alignment tab character &.
l.4577 abnormal ultrasound &
                             - & $\checkmark$ yes $\sim$ no & ? \\
I can't figure out why you would want to use a tab mark
here. If you just want an ampersand, the remedy is
simple: Just type `I\&' now. But if some right brace
up above has ended a previous alignment prematurely,
you're probably due for more error messages, and you
might try typing `S' now just to see what is salvageable.

/Users/jrathi/Projects/pdf-2-latex/files/ai/use-microtype/ai_final.tex:4577: Mi
splaced alignment tab character &.
l.4577 abnormal ultrasound & - &
                                 $\checkmark$ yes $\sim$ no & ? \\
I can't figure out why you would want to use a tab mark
here. If you just want an ampersand, the remedy is
simple: Just type `I\&' now. But if some right brace
up above has ended a previous alignment prematurely,
you're probably due for more error messages, and you
might try typing `S' now just to see what is salvageable.

/Users/jrathi/Projects/pdf-2-latex/files/ai/use-microtype/ai_final.tex:4577: Mi
splaced alignment tab character &.
l.4577 ...sound & - & $\checkmark$ yes $\sim$ no &
                                                   ? \\
I can't figure out why you would want to use a tab mark
here. If you just want an ampersand, the remedy is
simple: Just type `I\&' now. But if some right brace
up above has ended a previous alignment prematurely,
you're probably due for more error messages, and you
might try typing `S' now just to see what is salvageable.

/Users/jrathi/Projects/pdf-2-latex/files/ai/use-microtype/ai_final.tex:4578: Mi
splaced \noalign.
\hline ->\noalign 
                  {\ifnum 0=`}\fi \hrule \@height \arrayrulewidth \futurelet...
l.4578 \hline
             
I expect to see \noalign only after the \cr of
an alignment. Proceed, and I'll ignore this case.

/Users/jrathi/Projects/pdf-2-latex/files/ai/use-microtype/ai_final.tex:4579: Mi
splaced alignment tab character &.
l.4579 abnormal urine sediment &
                                 - & $\checkmark$ yes $\sim$ no & ? \\
I can't figure out why you would want to use a tab mark
here. If you just want an ampersand, the remedy is
simple: Just type `I\&' now. But if some right brace
up above has ended a previous alignment prematurely,
you're probably due for more error messages, and you
might try typing `S' now just to see what is salvageable.

/Users/jrathi/Projects/pdf-2-latex/files/ai/use-microtype/ai_final.tex:4579: Mi
splaced alignment tab character &.
l.4579 abnormal urine sediment & - &
                                     $\checkmark$ yes $\sim$ no & ? \\
I can't figure out why you would want to use a tab mark
here. If you just want an ampersand, the remedy is
simple: Just type `I\&' now. But if some right brace
up above has ended a previous alignment prematurely,
you're probably due for more error messages, and you
might try typing `S' now just to see what is salvageable.

/Users/jrathi/Projects/pdf-2-latex/files/ai/use-microtype/ai_final.tex:4579: Mi
splaced alignment tab character &.
l.4579 ...iment & - & $\checkmark$ yes $\sim$ no &
                                                   ? \\
I can't figure out why you would want to use a tab mark
here. If you just want an ampersand, the remedy is
simple: Just type `I\&' now. But if some right brace
up above has ended a previous alignment prematurely,
you're probably due for more error messages, and you
might try typing `S' now just to see what is salvageable.

/Users/jrathi/Projects/pdf-2-latex/files/ai/use-microtype/ai_final.tex:4580: Mi
splaced \noalign.
\hline ->\noalign 
                  {\ifnum 0=`}\fi \hrule \@height \arrayrulewidth \futurelet...
l.4580 \hline
             
I expect to see \noalign only after the \cr of
an alignment. Proceed, and I'll ignore this case.

/Users/jrathi/Projects/pdf-2-latex/files/ai/use-microtype/ai_final.tex:4581: Mi
splaced alignment tab character &.
l.4581 temperature range (rectal) &
                                    r & $(37.3) 37.437 .6) 37.738 .0 \sim 38...
I can't figure out why you would want to use a tab mark
here. If you just want an ampersand, the remedy is
simple: Just type `I\&' now. But if some right brace
up above has ended a previous alignment prematurely,
you're probably due for more error messages, and you
might try typing `S' now just to see what is salvageable.

/Users/jrathi/Projects/pdf-2-latex/files/ai/use-microtype/ai_final.tex:4581: Mi
splaced alignment tab character &.
l.4581 temperature range (rectal) & r &
                                        $(37.3) 37.437 .6) 37.738 .0 \sim 38...
I can't figure out why you would want to use a tab mark
here. If you just want an ampersand, the remedy is
simple: Just type `I\&' now. But if some right brace
up above has ended a previous alignment prematurely,
you're probably due for more error messages, and you
might try typing `S' now just to see what is salvageable.

/Users/jrathi/Projects/pdf-2-latex/files/ai/use-microtype/ai_final.tex:4581: Mi
splaced alignment tab character &.
l.4581 ...m 38.138 .4 \cdot 38.538 .9 \sim 39.0$ &
                                                   ? \\
I can't figure out why you would want to use a tab mark
here. If you just want an ampersand, the remedy is
simple: Just type `I\&' now. But if some right brace
up above has ended a previous alignment prematurely,
you're probably due for more error messages, and you
might try typing `S' now just to see what is salvageable.


Overfull \hbox (4.28589pt too wide) in paragraph at lines 4581--4581
[]\TU/Georgia(0)/m/n/10 temperature range (rectal)  r  $\OT1/cmr/m/n/10 (37\OML
/cmm/m/it/10 :\OT1/cmr/m/n/10 3)37\OML/cmm/m/it/10 :\OT1/cmr/m/n/10 437\OML/cmm
/m/it/10 :\OT1/cmr/m/n/10 6)37\OML/cmm/m/it/10 :\OT1/cmr/m/n/10 738\OML/cmm/m/i
t/10 :\OT1/cmr/m/n/10 0 \OMS/cmsy/m/n/10 ^^X \OT1/cmr/m/n/10 38\OML/cmm/m/it/10
 :\OT1/cmr/m/n/10 138\OML/cmm/m/it/10 :\OT1/cmr/m/n/10 4 \OMS/cmsy/m/n/10 ^^A \
OT1/cmr/m/n/10 38\OML/cmm/m/it/10 :\OT1/cmr/m/n/10 538\OML/cmm/m/it/10 :\OT1/cm
r/m/n/10 9 \OMS/cmsy/m/n/10 ^^X
 []

/Users/jrathi/Projects/pdf-2-latex/files/ai/use-microtype/ai_final.tex:4582: Mi
splaced \noalign.
\hline ->\noalign 
                  {\ifnum 0=`}\fi \hrule \@height \arrayrulewidth \futurelet...
l.4582 \hline
             
I expect to see \noalign only after the \cr of
an alignment. Proceed, and I'll ignore this case.

/Users/jrathi/Projects/pdf-2-latex/files/ai/use-microtype/ai_final.tex:4583: Mi
splaced alignment tab character &.
l.4583 leucocyte count &
                         c & $\sim 0-6 \mathrm{k} \sim 6 \mathrm{k}-8 \mathr...
I can't figure out why you would want to use a tab mark
here. If you just want an ampersand, the remedy is
simple: Just type `I\&' now. But if some right brace
up above has ended a previous alignment prematurely,
you're probably due for more error messages, and you
might try typing `S' now just to see what is salvageable.

/Users/jrathi/Projects/pdf-2-latex/files/ai/use-microtype/ai_final.tex:4583: Mi
splaced alignment tab character &.
l.4583 leucocyte count & c &
                             $\sim 0-6 \mathrm{k} \sim 6 \mathrm{k}-8 \mathr...
I can't figure out why you would want to use a tab mark
here. If you just want an ampersand, the remedy is
simple: Just type `I\&' now. But if some right brace
up above has ended a previous alignment prematurely,
you're probably due for more error messages, and you
might try typing `S' now just to see what is salvageable.

/Users/jrathi/Projects/pdf-2-latex/files/ai/use-microtype/ai_final.tex:4583: Mi
splaced alignment tab character &.
l.4583 ...{k}-20 \mathrm{k} \sim 20 \mathrm{k}-$ &
                                                   ? \\
I can't figure out why you would want to use a tab mark
here. If you just want an ampersand, the remedy is
simple: Just type `I\&' now. But if some right brace
up above has ended a previous alignment prematurely,
you're probably due for more error messages, and you
might try typing `S' now just to see what is salvageable.

/Users/jrathi/Projects/pdf-2-latex/files/ai/use-microtype/ai_final.tex:4584: Mi
splaced \noalign.
\hline ->\noalign 
                  {\ifnum 0=`}\fi \hrule \@height \arrayrulewidth \futurelet...
l.4584 \hline
             
I expect to see \noalign only after the \cr of
an alignment. Proceed, and I'll ignore this case.

/Users/jrathi/Projects/pdf-2-latex/files/ai/use-microtype/ai_final.tex:4585: Mi
splaced alignment tab character &.
<recently read> &
                 
l.4585  &
           &  &  \\
I can't figure out why you would want to use a tab mark
here. If you just want an ampersand, the remedy is
simple: Just type `I\&' now. But if some right brace
up above has ended a previous alignment prematurely,
you're probably due for more error messages, and you
might try typing `S' now just to see what is salvageable.

/Users/jrathi/Projects/pdf-2-latex/files/ai/use-microtype/ai_final.tex:4585: Mi
splaced alignment tab character &.
l.4585  &  &
              &  \\
I can't figure out why you would want to use a tab mark
here. If you just want an ampersand, the remedy is
simple: Just type `I\&' now. But if some right brace
up above has ended a previous alignment prematurely,
you're probably due for more error messages, and you
might try typing `S' now just to see what is salvageable.

/Users/jrathi/Projects/pdf-2-latex/files/ai/use-microtype/ai_final.tex:4585: Mi
splaced alignment tab character &.
l.4585  &  &  &
                 \\
I can't figure out why you would want to use a tab mark
here. If you just want an ampersand, the remedy is
simple: Just type `I\&' now. But if some right brace
up above has ended a previous alignment prematurely,
you're probably due for more error messages, and you
might try typing `S' now just to see what is salvageable.


/Users/jrathi/Projects/pdf-2-latex/files/ai/use-microtype/ai_final.tex:4585: La
TeX Error: There's no line here to end.

See the LaTeX manual or LaTeX Companion for explanation.
Type  H <return>  for immediate help.
 ...                                              
                                                  
l.4585  &  &  &  \\
                   
Your command was ignored.
Type  I <command> <return>  to replace it with another command,
or  <return>  to continue without it.

/Users/jrathi/Projects/pdf-2-latex/files/ai/use-microtype/ai_final.tex:4586: Mi
splaced \noalign.
\hline ->\noalign 
                  {\ifnum 0=`}\fi \hrule \@height \arrayrulewidth \futurelet...
l.4586 \hline
             
I expect to see \noalign only after the \cr of
an alignment. Proceed, and I'll ignore this case.

/Users/jrathi/Projects/pdf-2-latex/files/ai/use-microtype/ai_final.tex:4587: Mi
splaced \omit.
\multispan ->\omit 
                   \@multispan 
l.4587 ...umn{4}{|c|}{Result of the PIT diagnosis}
                                                   \\
I expect to see \omit only after tab marks or the \cr of
an alignment. Proceed, and I'll ignore this case.

/Users/jrathi/Projects/pdf-2-latex/files/ai/use-microtype/ai_final.tex:4587: Mi
splaced \span.
\sp@n ->\span 
              \omit \advance \@multicnt \m@ne 
l.4587 ...umn{4}{|c|}{Result of the PIT diagnosis}
                                                   \\
I can't figure out why you would want to use a tab mark
or \cr or \span just now. If something like a right brace
up above has ended a previous alignment prematurely,
you're probably due for more error messages, and you
might try typing `S' now just to see what is salvageable.

/Users/jrathi/Projects/pdf-2-latex/files/ai/use-microtype/ai_final.tex:4587: Mi
splaced \omit.
\sp@n ->\span \omit 
                    \advance \@multicnt \m@ne 
l.4587 ...umn{4}{|c|}{Result of the PIT diagnosis}
                                                   \\
I expect to see \omit only after tab marks or the \cr of
an alignment. Proceed, and I'll ignore this case.

/Users/jrathi/Projects/pdf-2-latex/files/ai/use-microtype/ai_final.tex:4587: Mi
splaced \span.
\sp@n ->\span 
              \omit \advance \@multicnt \m@ne 
l.4587 ...umn{4}{|c|}{Result of the PIT diagnosis}
                                                   \\
I can't figure out why you would want to use a tab mark
or \cr or \span just now. If something like a right brace
up above has ended a previous alignment prematurely,
you're probably due for more error messages, and you
might try typing `S' now just to see what is salvageable.

/Users/jrathi/Projects/pdf-2-latex/files/ai/use-microtype/ai_final.tex:4587: Mi
splaced \omit.
\sp@n ->\span \omit 
                    \advance \@multicnt \m@ne 
l.4587 ...umn{4}{|c|}{Result of the PIT diagnosis}
                                                   \\
I expect to see \omit only after tab marks or the \cr of
an alignment. Proceed, and I'll ignore this case.

/Users/jrathi/Projects/pdf-2-latex/files/ai/use-microtype/ai_final.tex:4587: Mi
splaced \span.
\sp@n ->\span 
              \omit \advance \@multicnt \m@ne 
l.4587 ...umn{4}{|c|}{Result of the PIT diagnosis}
                                                   \\
I can't figure out why you would want to use a tab mark
or \cr or \span just now. If something like a right brace
up above has ended a previous alignment prematurely,
you're probably due for more error messages, and you
might try typing `S' now just to see what is salvageable.

/Users/jrathi/Projects/pdf-2-latex/files/ai/use-microtype/ai_final.tex:4587: Mi
splaced \omit.
\sp@n ->\span \omit 
                    \advance \@multicnt \m@ne 
l.4587 ...umn{4}{|c|}{Result of the PIT diagnosis}
                                                   \\
I expect to see \omit only after tab marks or the \cr of
an alignment. Proceed, and I'll ignore this case.

/Users/jrathi/Projects/pdf-2-latex/files/ai/use-microtype/ai_final.tex:4587: Un
defined control sequence.
<argument> ...nextchar \ifcase \@chclass \@classz 
                                                  \or \@classi \or \@classii...
l.4587 ...umn{4}{|c|}{Result of the PIT diagnosis}
                                                   \\
The control sequence at the end of the top line
of your error message was never \def'ed. If you have
misspelled it (e.g., `\hobx'), type `I' and the correct
spelling (e.g., `I\hbox'). Otherwise just continue,
and I'll forget about whatever was undefined.

/Users/jrathi/Projects/pdf-2-latex/files/ai/use-microtype/ai_final.tex:4587: Un
defined control sequence.
\@classi ->\ifcase \@lastchclass \@acol 
                                        \@arrayrule \or \@addtopreamble {\hs...
l.4587 ...umn{4}{|c|}{Result of the PIT diagnosis}
                                                   \\
The control sequence at the end of the top line
of your error message was never \def'ed. If you have
misspelled it (e.g., `\hobx'), type `I' and the correct
spelling (e.g., `I\hbox'). Otherwise just continue,
and I'll forget about whatever was undefined.

/Users/jrathi/Projects/pdf-2-latex/files/ai/use-microtype/ai_final.tex:4588: Mi
splaced \noalign.
\hline ->\noalign 
                  {\ifnum 0=`}\fi \hrule \@height \arrayrulewidth \futurelet...
l.4588 \hline
             
I expect to see \noalign only after the \cr of
an alignment. Proceed, and I'll ignore this case.

/Users/jrathi/Projects/pdf-2-latex/files/ai/use-microtype/ai_final.tex:4589: Mi
splaced alignment tab character &.
l.4589 Diagnosis &
                   App. inflamed & App. perforated & Other \\
I can't figure out why you would want to use a tab mark
here. If you just want an ampersand, the remedy is
simple: Just type `I\&' now. But if some right brace
up above has ended a previous alignment prematurely,
you're probably due for more error messages, and you
might try typing `S' now just to see what is salvageable.

/Users/jrathi/Projects/pdf-2-latex/files/ai/use-microtype/ai_final.tex:4589: Mi
splaced alignment tab character &.
l.4589 Diagnosis & App. inflamed &
                                   App. perforated & Other \\
I can't figure out why you would want to use a tab mark
here. If you just want an ampersand, the remedy is
simple: Just type `I\&' now. But if some right brace
up above has ended a previous alignment prematurely,
you're probably due for more error messages, and you
might try typing `S' now just to see what is salvageable.

/Users/jrathi/Projects/pdf-2-latex/files/ai/use-microtype/ai_final.tex:4589: Mi
splaced alignment tab character &.
l.4589 ...osis & App. inflamed & App. perforated &
                                                   Other \\
I can't figure out why you would want to use a tab mark
here. If you just want an ampersand, the remedy is
simple: Just type `I\&' now. But if some right brace
up above has ended a previous alignment prematurely,
you're probably due for more error messages, and you
might try typing `S' now just to see what is salvageable.

/Users/jrathi/Projects/pdf-2-latex/files/ai/use-microtype/ai_final.tex:4590: Mi
splaced \noalign.
\hline ->\noalign 
                  {\ifnum 0=`}\fi \hrule \@height \arrayrulewidth \futurelet...
l.4590 \hline
             
I expect to see \noalign only after the \cr of
an alignment. Proceed, and I'll ignore this case.

/Users/jrathi/Projects/pdf-2-latex/files/ai/use-microtype/ai_final.tex:4591: Mi
splaced alignment tab character &.
l.4591 Probability &
                     0.70 & 0.17 & 0.07 \\
I can't figure out why you would want to use a tab mark
here. If you just want an ampersand, the remedy is
simple: Just type `I\&' now. But if some right brace
up above has ended a previous alignment prematurely,
you're probably due for more error messages, and you
might try typing `S' now just to see what is salvageable.

/Users/jrathi/Projects/pdf-2-latex/files/ai/use-microtype/ai_final.tex:4591: Mi
splaced alignment tab character &.
l.4591 Probability & 0.70 &
                            0.17 & 0.07 \\
I can't figure out why you would want to use a tab mark
here. If you just want an ampersand, the remedy is
simple: Just type `I\&' now. But if some right brace
up above has ended a previous alignment prematurely,
you're probably due for more error messages, and you
might try typing `S' now just to see what is salvageable.

/Users/jrathi/Projects/pdf-2-latex/files/ai/use-microtype/ai_final.tex:4591: Mi
splaced alignment tab character &.
l.4591 Probability & 0.70 & 0.17 &
                                   0.07 \\
I can't figure out why you would want to use a tab mark
here. If you just want an ampersand, the remedy is
simple: Just type `I\&' now. But if some right brace
up above has ended a previous alignment prematurely,
you're probably due for more error messages, and you
might try typing `S' now just to see what is salvageable.

/Users/jrathi/Projects/pdf-2-latex/files/ai/use-microtype/ai_final.tex:4592: Mi
splaced \noalign.
\hline ->\noalign 
                  {\ifnum 0=`}\fi \hrule \@height \arrayrulewidth \futurelet...
l.4592 \hline
             
I expect to see \noalign only after the \cr of
an alignment. Proceed, and I'll ignore this case.

/Users/jrathi/Projects/pdf-2-latex/files/ai/use-microtype/ai_final.tex:4593: Mi
splaced \crcr.
\endtabular ->\crcr 
                    \egroup \egroup $\egroup 
l.4593 \end{tabular}
                    
I can't figure out why you would want to use a tab mark
or \cr or \span just now. If something like a right brace
up above has ended a previous alignment prematurely,
you're probably due for more error messages, and you
might try typing `S' now just to see what is salvageable.

/Users/jrathi/Projects/pdf-2-latex/files/ai/use-microtype/ai_final.tex:4593: Ex
tra }, or forgotten \endgroup.
\endtabular ->\crcr \egroup 
                            \egroup $\egroup 
l.4593 \end{tabular}
                    
I've deleted a group-closing symbol because it seems to be
spurious, as in `$x}$'. But perhaps the } is legitimate and
you forgot something else, as in `\hbox{$x}'. In such cases
the way to recover is to insert both the forgotten and the
deleted material, e.g., by typing `I$}'.

/Users/jrathi/Projects/pdf-2-latex/files/ai/use-microtype/ai_final.tex:4593: Ex
tra }, or forgotten \endgroup.
\endtabular ->\crcr \egroup \egroup 
                                    $\egroup 
l.4593 \end{tabular}
                    
I've deleted a group-closing symbol because it seems to be
spurious, as in `$x}$'. But perhaps the } is legitimate and
you forgot something else, as in `\hbox{$x}'. In such cases
the way to recover is to insert both the forgotten and the
deleted material, e.g., by typing `I$}'.

/Users/jrathi/Projects/pdf-2-latex/files/ai/use-microtype/ai_final.tex:4593: Ex
tra }, or forgotten $.
<recently read> \egroup 
                        
l.4593 \end{tabular}
                    
I've deleted a group-closing symbol because it seems to be
spurious, as in `$x}$'. But perhaps the } is legitimate and
you forgot something else, as in `\hbox{$x}'. In such cases
the way to recover is to insert both the forgotten and the
deleted material, e.g., by typing `I$}'.


/Users/jrathi/Projects/pdf-2-latex/files/ai/use-microtype/ai_final.tex:4593: La
TeX Error: \begin{enumerate} on input line 3499 ended by \end{tabular}.

See the LaTeX manual or LaTeX Companion for explanation.
Type  H <return>  for immediate help.
 ...                                              
                                                  
l.4593 \end{tabular}
                    
Your command was ignored.
Type  I <command> <return>  to replace it with another command,
or  <return>  to continue without it.

/Users/jrathi/Projects/pdf-2-latex/files/ai/use-microtype/ai_final.tex:4593: Mi
ssing $ inserted.
<inserted text> 
                $
l.4593 \end{tabular}
                    
I've inserted something that you may have forgotten.
(See the <inserted text> above.)
With luck, this will get me unwedged. But if you
really didn't forget anything, try typing `2' now; then
my insertion and my current dilemma will both disappear.


Overfull \hbox (6.66238pt too wide) in paragraph at lines 4599--4600
\TU/Georgia(0)/m/n/10 The usage of Lexmed is simple and self-explanatory. The d
octor visits the Lexmed
 []

File: ./images/2025_05_12_af19cd5e0d1b8a465ffeg-155.jpg Graphic file (type bmp)

<./images/2025_05_12_af19cd5e0d1b8a465ffeg-155.jpg>

LaTeX Warning: `h' float specifier changed to `ht'.



[129]
Overfull \hbox (2.88034pt too wide) in paragraph at lines 4620--4620
[]\TU/Georgia(0)/b/n/14.4 Learning of Rules by Statistical Induction 
 []

File: ./images/2025_05_12_af19cd5e0d1b8a465ffeg-156.jpg Graphic file (type bmp)

<./images/2025_05_12_af19cd5e0d1b8a465ffeg-156.jpg>

LaTeX Warning: `h' float specifier changed to `ht'.


Overfull \hbox (6.75pt too wide) in paragraph at lines 4650--4650
[]\TU/lmtt/m/n/10 P([Leuco7=0-6k] | [Diag4=negativ] * [Age10=16-20]) = [0.132,0
.156];[] 
 []


Overfull \hbox (6.75pt too wide) in paragraph at lines 4650--4650
[]\TU/lmtt/m/n/10 P([Leuco7=6-8k] | [Diag4=negativ] * [Age10=16-20]) = [0.257,0
.281];[] 
 []


Overfull \hbox (12.0pt too wide) in paragraph at lines 4650--4650
[]\TU/lmtt/m/n/10 P([Leuco7=8-10k] | [Diag4=negativ] * [Age10=16-20]) = [0.250,
0.274];[] 
 []


Overfull \hbox (17.25pt too wide) in paragraph at lines 4650--4650
[]\TU/lmtt/m/n/10 P([Leuco7=10-12k] | [Diag4=negativ] * [Age10=16-20]) = [0.159
,0.183];[] 
 []


Overfull \hbox (6.75pt too wide) in paragraph at lines 4650--4650
[]\TU/lmtt/m/n/10 P([Leuco7=12-15k] [Diag4=negativ] * [Age10=16-20]) = [0.087,0
.112];[] 
 []


Overfull \hbox (17.25pt too wide) in paragraph at lines 4650--4650
[]\TU/lmtt/m/n/10 P([Leuco7=15-20k] | [Diag4=negativ] * [Age10=16-20]) = [0.032
,0.056];[] 
 []


Overfull \hbox (6.75pt too wide) in paragraph at lines 4650--4650
[]\TU/lmtt/m/n/10 P([Leuco7=20k-] | [Diag4=negativ] * [Age10=16-20]) = [0.000,0
.023];[] 
 []


Overfull \hbox (6.75pt too wide) in paragraph at lines 4650--4650
[]\TU/lmtt/m/n/10 P([Leuco7=0-6k] | [Diag4=negativ] * [Age10=21-25]) = [0.132,0
.172];[] 
 []


Overfull \hbox (6.75pt too wide) in paragraph at lines 4650--4650
[]\TU/lmtt/m/n/10 P([Leuco7=6-8k] | [Diag4=negativ] * [Age10=21-25]) = [0.227,0
.266];[] 
 []


Overfull \hbox (12.0pt too wide) in paragraph at lines 4650--4650
[]\TU/lmtt/m/n/10 P([Leuco7=8-10k] | [Diag4=negativ] * [Age10=21-25]) = [0.211,
0.250];[] 
 []


Overfull \hbox (17.25pt too wide) in paragraph at lines 4650--4650
[]\TU/lmtt/m/n/10 P([Leuco7=10-12k] | [Diag4=negativ] * [Age10=21-25]) = [0.166
,0.205];[] 
 []


Overfull \hbox (17.25pt too wide) in paragraph at lines 4650--4650
[]\TU/lmtt/m/n/10 P([Leuco7=12-15k] | [Diag4=negativ] * [Age10=21-25]) = [0.081
,0.120];[] 
 []


Overfull \hbox (17.25pt too wide) in paragraph at lines 4650--4650
[]\TU/lmtt/m/n/10 P([Leuco7=15-20k] | [Diag4=negativ] * [Age10=21-25]) = [0.041
,0.081];[] 
 []


Overfull \hbox (6.75pt too wide) in paragraph at lines 4650--4650
[]\TU/lmtt/m/n/10 P([Leuco7=20k-] | [Diag4=negativ] * [Age10=21-25]) = [0.004,0
.043];[] 
 []



[130]

[131]
Overfull \hbox (4.22859pt too wide) in paragraph at lines 4684--4693
 [] 
 []


Overfull \hbox (2.879pt too wide) in paragraph at lines 4706--4725
 [] 
 []



[132]

[133]

[134]
File: ./images/2025_05_12_af19cd5e0d1b8a465ffeg-161.jpg Graphic file (type bmp)

<./images/2025_05_12_af19cd5e0d1b8a465ffeg-161.jpg>


LaTeX Warning: `h' float specifier changed to `ht'.



[135]
Overfull \hbox (14.95503pt too wide) in paragraph at lines 4819--4820
\TU/Georgia(0)/m/n/10 since 1999 and has performed there very well. It is also 
available at [][]www.lexmed.de[][],
 []



[136]
Overfull \hbox (54.53548pt too wide) in paragraph at lines 4837--4838
[]\TU/Georgia(0)/m/n/10 All entries in the distribution can thus be calculated 
from the $\OML/cmm/m/it/10 d$ \TU/Georgia(0)/m/n/10 values $\OML/cmm/m/it/10 P 
[] ; [] ; P []$\TU/Georgia(0)/m/n/10 .
 []



[137]
Overfull \hbox (31.76953pt too wide) in paragraph at lines 4877--4877
[]\TU/Georgia(0)/b/n/12 Graphical Representation of Knowledge as a Bayesian
 []



[138]
File: ./images/2025_05_12_af19cd5e0d1b8a465ffeg-165.jpg Graphic file (type bmp)

<./images/2025_05_12_af19cd5e0d1b8a465ffeg-165.jpg>


LaTeX Warning: `h' float specifier changed to `ht'.



[139]
Overfull \hbox (29.65761pt too wide) detected at line 4952
[]\OT1/cmr/m/n/10 (\OML/cmm/m/it/10 J; Bur; Al\OT1/cmr/m/n/10 ) = [](\OML/cmm/m
/it/10 J \OMS/cmsy/m/n/10 j \OML/cmm/m/it/10 Bur; Al\OT1/cmr/m/n/10 )[](\OML/cm
m/m/it/10 Al \OMS/cmsy/m/n/10 j \OML/cmm/m/it/10 Bur\OT1/cmr/m/n/10 )[](\OML/cm
m/m/it/10 Bur\OT1/cmr/m/n/10 ) = [](\OML/cmm/m/it/10 J \OMS/cmsy/m/n/10 j \OML/
cmm/m/it/10 Al\OT1/cmr/m/n/10 )[](\OML/cmm/m/it/10 Al \OMS/cmsy/m/n/10 j \OML/c
mm/m/it/10 Bur\OT1/cmr/m/n/10 )[](\OML/cmm/m/it/10 Bur\OT1/cmr/m/n/10 )\OML/cmm
/m/it/10 ;
 []


Overfull \hbox (2.30957pt too wide) detected at line 4961
[]
 []


Overfull \hbox (70.49597pt too wide) detected at line 4973
[][]
 []



[140]
Overfull \hbox (52.0449pt too wide) detected at line 4989
[][]
 []


Overfull \hbox (48.3367pt too wide) detected at line 4999
[][]
 []



[141]
Overfull \hbox (17.25pt too wide) in paragraph at lines 5047--5047
[]\TU/lmtt/m/n/10 var Alarm{t,f}, Burglary{t,f}, Earthquake{t,f}, John{t,f}, Ma
ry{t,f};[] 
 []

File: ./images/2025_05_12_af19cd5e0d1b8a465ffeg-169.jpg Graphic file (type bmp)

<./images/2025_05_12_af19cd5e0d1b8a465ffeg-169.jpg>

LaTeX Warning: `h' float specifier changed to `ht'.



[142]
File: ./images/2025_05_12_af19cd5e0d1b8a465ffeg-171.jpg Graphic file (type bmp)

<./images/2025_05_12_af19cd5e0d1b8a465ffeg-171.jpg>


LaTeX Warning: `h' float specifier changed to `ht'.



[143]

[144]
File: ./images/2025_05_12_af19cd5e0d1b8a465ffeg-172.jpg Graphic file (type bmp)

<./images/2025_05_12_af19cd5e0d1b8a465ffeg-172.jpg>
File: ./images/2025_05_12_af19cd5e0d1b8a465ffeg-173.jpg Graphic file (type bmp)

<./images/2025_05_12_af19cd5e0d1b8a465ffeg-173.jpg>


LaTeX Warning: `h' float specifier changed to `ht'.


LaTeX Warning: `h' float specifier changed to `ht'.


Overfull \hbox (0.30711pt too wide) in paragraph at lines 5151--5152
[]\TU/Georgia(0)/m/n/10 This equation thus is a proposition that an arbitrary v
ariable $\OML/cmm/m/it/10 X[]$ \TU/Georgia(0)/m/n/10 in a Bayesian
 []


Underfull \hbox (badness 5446) in paragraph at lines 5172--5172
[][][]$[][]$ \TU/Georgia(0)/m/n/8 If for example three nodes $\OML/cmm/m/it/8 X
[]; X[]; X[]$ \TU/Georgia(0)/m/n/8 form a cycle, then there are the edges
 []

File: ./images/2025_05_12_af19cd5e0d1b8a465ffeg-174.jpg Graphic file (type bmp)

<./images/2025_05_12_af19cd5e0d1b8a465ffeg-174.jpg>


[145]

LaTeX Warning: `h' float specifier changed to `ht'.


Overfull \hbox (7.14745pt too wide) in paragraph at lines 5182--5183
\TU/Georgia(0)/m/n/10 A DAG is a graph without cycles, that is, without paths o
f the form $\OT1/cmr/m/n/10 (\OML/cmm/m/it/10 A; [] ; A\OT1/cmr/m/n/10 )$\TU/Ge
orgia(0)/m/n/10 . 
 []


Overfull \hbox (9.8195pt too wide) in paragraph at lines 5186--5190
[]\TU/Georgia(0)/m/n/10 Two variables $\OML/cmm/m/it/10 A$ \TU/Georgia(0)/m/n/1
0 and $\OML/cmm/m/it/10 B$ \TU/Georgia(0)/m/n/10 are called conditionally indep
endent given $\OML/cmm/m/it/10 C$ \TU/Georgia(0)/m/n/10 if $[]\OT1/cmr/m/n/10 (
\OML/cmm/m/it/10 A; B \OMS/cmsy/m/n/10 j
 []


Overfull \hbox (7.98592pt too wide) in paragraph at lines 5195--5199
\TU/Georgia(0)/m/n/10 A variable in a Bayesian network is conditionally indepen
dent of all non-successor
 []


Overfull \hbox (1.75429pt too wide) in paragraph at lines 5203--5204
\TU/Georgia(0)/m/n/10 tems, we have introduced probabilistic logic for reasonin
g with uncertain knowl-
 []



[146]
Overfull \hbox (4.7494pt too wide) in paragraph at lines 5207--5208
\TU/Georgia(0)/m/n/10 modeling with Bayesian networks the approach is quite cle
ar: according to causal
 []


Overfull \hbox (1.34576pt too wide) in paragraph at lines 5219--5220
\TU/Georgia(0)/m/n/10 place the well-established, but too weak linear scoring s
ystems used in medicine.
 []


Overfull \hbox (1.24274pt too wide) in paragraph at lines 5223--5224
\TU/Georgia(0)/m/n/10 the Association for Uncertainty in Artificial Intelligenc
e (AUAI) ([][]www.auai.org[][]). 
 []



[147]
Underfull \hbox (badness 10000) in paragraph at lines 5229--5233

 []


Underfull \hbox (badness 10000) in paragraph at lines 5237--5241

 []


Underfull \hbox (badness 10000) in paragraph at lines 5243--5246

 []



[148]
Overfull \hbox (16.87346pt too wide) in paragraph at lines 5301--5302
[]\TU/Georgia(0)/m/n/10 Exercise 7.6 Use the PIT system ([][]http://www.pit-sys
tems.de[][]) or SPIRIT (http://
 []


Underfull \hbox (badness 10000) in paragraph at lines 5307--5309

 []



[149]
File: ./images/2025_05_12_af19cd5e0d1b8a465ffeg-178.jpg Graphic file (type bmp)

<./images/2025_05_12_af19cd5e0d1b8a465ffeg-178.jpg>


LaTeX Warning: `h' float specifier changed to `ht'.


Overfull \hbox (0.42943pt too wide) in paragraph at lines 5341--5351
\TU/Georgia(0)/m/n/10 (h) In the original Bayesian network of the alarm example
, the earthquake nodes
 []



[150]
File: ./images/2025_05_12_af19cd5e0d1b8a465ffeg-179.jpg Graphic file (type bmp)

<./images/2025_05_12_af19cd5e0d1b8a465ffeg-179.jpg>


LaTeX Warning: `h' float specifier changed to `ht'.



[151]

/Users/jrathi/Projects/pdf-2-latex/files/ai/use-microtype/ai_final.tex:5432: La
TeX Error: Too many unprocessed floats.

See the LaTeX manual or LaTeX Companion for explanation.
Type  H <return>  for immediate help.
 ...                                              
                                                  
l.5432 \begin{figure}[h]
                        
You've lost some text.  Try typing  <return>  to proceed.
If that doesn't work, type  X <return>  to quit.

/Users/jrathi/Projects/pdf-2-latex/files/ai/use-microtype/ai_final.tex:5432: Un
defined control sequence.
\@xfloat ...@fltovf \fi \global \setbox \@currbox 
                                                  \color@vbox \normalcolor \...
l.5432 \begin{figure}[h]
                        
The control sequence at the end of the top line
of your error message was never \def'ed. If you have
misspelled it (e.g., `\hobx'), type `I' and the correct
spelling (e.g., `I\hbox'). Otherwise just continue,
and I'll forget about whatever was undefined.

/Users/jrathi/Projects/pdf-2-latex/files/ai/use-microtype/ai_final.tex:5432: Mi
ssing number, treated as zero.
<to be read again> 
                   \vbox 
l.5432 \begin{figure}[h]
                        
A number should have been here; I inserted `0'.
(If you can't figure out why I needed to see a number,
look up `weird error' in the index to The TeXbook.)

File: ./images/2025_05_12_af19cd5e0d1b8a465ffeg-181.jpg Graphic file (type bmp)

<./images/2025_05_12_af19cd5e0d1b8a465ffeg-181.jpg>
/Users/jrathi/Projects/pdf-2-latex/files/ai/use-microtype/ai_final.tex:5436: Un
defined control sequence.
\@largefloatcheck ->\ifdim \ht \@currbox 
                                         >\textheight \@tempdima -\textheigh...
l.5436 \end{figure}
                   
The control sequence at the end of the top line
of your error message was never \def'ed. If you have
misspelled it (e.g., `\hobx'), type `I' and the correct
spelling (e.g., `I\hbox'). Otherwise just continue,
and I'll forget about whatever was undefined.

/Users/jrathi/Projects/pdf-2-latex/files/ai/use-microtype/ai_final.tex:5436: Mi
ssing number, treated as zero.
<to be read again> 
                   >
l.5436 \end{figure}
                   
A number should have been here; I inserted `0'.
(If you can't figure out why I needed to see a number,
look up `weird error' in the index to The TeXbook.)

/Users/jrathi/Projects/pdf-2-latex/files/ai/use-microtype/ai_final.tex:5436: Un
defined control sequence.
<argument> \@currbox 
                     
l.5436 \end{figure}
                   
The control sequence at the end of the top line
of your error message was never \def'ed. If you have
misspelled it (e.g., `\hobx'), type `I' and the correct
spelling (e.g., `I\hbox'). Otherwise just continue,
and I'll forget about whatever was undefined.

/Users/jrathi/Projects/pdf-2-latex/files/ai/use-microtype/ai_final.tex:5437: Ar
gument of \@xnext has an extra }.
<inserted text> 
                \par 
l.5437 
       
I've run across a `}' that doesn't seem to match anything.
For example, `\def\a#1{...}' and `\a}' would produce
this error. If you simply proceed now, the `\par' that
I've just inserted will cause me to report a runaway
argument that might be the root of the problem. But if
your `}' was spurious, just type `2' and it will go away.

Runaway argument?
\@currbox \@currlist \ifnum \count \@currbox >\z@ \advance \@pageht \@pagedp \E
TC.
/Users/jrathi/Projects/pdf-2-latex/files/ai/use-microtype/ai_final.tex:5437: Pa
ragraph ended before \@xnext was complete.
<to be read again> 
                   \par 
l.5437 
       
I suspect you've forgotten a `}', causing me to apply this
control sequence to too much text. How can we recover?
My plan is to forget the whole thing and hope for the best.


/Users/jrathi/Projects/pdf-2-latex/files/ai/use-microtype/ai_final.tex:5461: La
TeX Error: Too many unprocessed floats.

See the LaTeX manual or LaTeX Companion for explanation.
Type  H <return>  for immediate help.
 ...                                              
                                                  
l.5461 \begin{figure}[h]
                        
You've lost some text.  Try typing  <return>  to proceed.
If that doesn't work, type  X <return>  to quit.

/Users/jrathi/Projects/pdf-2-latex/files/ai/use-microtype/ai_final.tex:5461: Un
defined control sequence.
\@xfloat ...@fltovf \fi \global \setbox \@currbox 
                                                  \color@vbox \normalcolor \...
l.5461 \begin{figure}[h]
                        
The control sequence at the end of the top line
of your error message was never \def'ed. If you have
misspelled it (e.g., `\hobx'), type `I' and the correct
spelling (e.g., `I\hbox'). Otherwise just continue,
and I'll forget about whatever was undefined.

/Users/jrathi/Projects/pdf-2-latex/files/ai/use-microtype/ai_final.tex:5461: Mi
ssing number, treated as zero.
<to be read again> 
                   \vbox 
l.5461 \begin{figure}[h]
                        
A number should have been here; I inserted `0'.
(If you can't figure out why I needed to see a number,
look up `weird error' in the index to The TeXbook.)

File: ./images/2025_05_12_af19cd5e0d1b8a465ffeg-182(1).jpg Graphic file (type b
mp)
<./images/2025_05_12_af19cd5e0d1b8a465ffeg-182(1).jpg>
/Users/jrathi/Projects/pdf-2-latex/files/ai/use-microtype/ai_final.tex:5465: Un
defined control sequence.
\@largefloatcheck ->\ifdim \ht \@currbox 
                                         >\textheight \@tempdima -\textheigh...
l.5465 \end{figure}
                   
The control sequence at the end of the top line
of your error message was never \def'ed. If you have
misspelled it (e.g., `\hobx'), type `I' and the correct
spelling (e.g., `I\hbox'). Otherwise just continue,
and I'll forget about whatever was undefined.

/Users/jrathi/Projects/pdf-2-latex/files/ai/use-microtype/ai_final.tex:5465: Mi
ssing number, treated as zero.
<to be read again> 
                   >
l.5465 \end{figure}
                   
A number should have been here; I inserted `0'.
(If you can't figure out why I needed to see a number,
look up `weird error' in the index to The TeXbook.)

/Users/jrathi/Projects/pdf-2-latex/files/ai/use-microtype/ai_final.tex:5465: Un
defined control sequence.
<argument> \@currbox 
                     
l.5465 \end{figure}
                   
The control sequence at the end of the top line
of your error message was never \def'ed. If you have
misspelled it (e.g., `\hobx'), type `I' and the correct
spelling (e.g., `I\hbox'). Otherwise just continue,
and I'll forget about whatever was undefined.

/Users/jrathi/Projects/pdf-2-latex/files/ai/use-microtype/ai_final.tex:5465: Mi
ssing number, treated as zero.
<to be read again> 
                   \@elt 
l.5465 \end{figure}
                   
A number should have been here; I inserted `0'.
(If you can't figure out why I needed to see a number,
look up `weird error' in the index to The TeXbook.)

/Users/jrathi/Projects/pdf-2-latex/files/ai/use-microtype/ai_final.tex:5465: Mi
ssing = inserted for \ifnum.
<to be read again> 
                   \@elt 
l.5465 \end{figure}
                   
I was expecting to see `<', `=', or `>'. Didn't.

/Users/jrathi/Projects/pdf-2-latex/files/ai/use-microtype/ai_final.tex:5465: Mi
ssing number, treated as zero.
<to be read again> 
                   \@elt 
l.5465 \end{figure}
                   
A number should have been here; I inserted `0'.
(If you can't figure out why I needed to see a number,
look up `weird error' in the index to The TeXbook.)


/Users/jrathi/Projects/pdf-2-latex/files/ai/use-microtype/ai_final.tex:5465: La
TeX Error: This may be a LaTeX bug.

See the LaTeX manual or LaTeX Companion for explanation.
Type  H <return>  for immediate help.
 ...                                              
                                                  
l.5465 \end{figure}
                   
Call for help

/Users/jrathi/Projects/pdf-2-latex/files/ai/use-microtype/ai_final.tex:5465: Un
defined control sequence.
\@addmarginpar ...a <\z@ \global \setbox \@marbox 
                                                  \box \@currbox \fi \@tempd...
l.5465 \end{figure}
                   
The control sequence at the end of the top line
of your error message was never \def'ed. If you have
misspelled it (e.g., `\hobx'), type `I' and the correct
spelling (e.g., `I\hbox'). Otherwise just continue,
and I'll forget about whatever was undefined.

/Users/jrathi/Projects/pdf-2-latex/files/ai/use-microtype/ai_final.tex:5465: Mi
ssing number, treated as zero.
<to be read again> 
                   \box 
l.5465 \end{figure}
                   
A number should have been here; I inserted `0'.
(If you can't figure out why I needed to see a number,
look up `weird error' in the index to The TeXbook.)

/Users/jrathi/Projects/pdf-2-latex/files/ai/use-microtype/ai_final.tex:5465: Mi
ssing number, treated as zero.
<to be read again> 
                   \@elt 
l.5465 \end{figure}
                   
A number should have been here; I inserted `0'.
(If you can't figure out why I needed to see a number,
look up `weird error' in the index to The TeXbook.)

/Users/jrathi/Projects/pdf-2-latex/files/ai/use-microtype/ai_final.tex:5465: Un
defined control sequence.
\@addmarginpar ...advance \@tempdima \ht \@marbox 
                                                  \ifdim \@tempdima >\z@ \@l...
l.5465 \end{figure}
                   
The control sequence at the end of the top line
of your error message was never \def'ed. If you have
misspelled it (e.g., `\hobx'), type `I' and the correct
spelling (e.g., `I\hbox'). Otherwise just continue,
and I'll forget about whatever was undefined.

/Users/jrathi/Projects/pdf-2-latex/files/ai/use-microtype/ai_final.tex:5465: Ba
d register code (-25871511).
\@addmarginpar ...e \space moved}\else \@tempdima 
                                                  \z@ \fi \global \@mparbott...
l.5465 \end{figure}
                   
A register number must be between 0 and 32767.
I changed this one to zero.

/Users/jrathi/Projects/pdf-2-latex/files/ai/use-microtype/ai_final.tex:5465: Mi
ssing number, treated as zero.
<to be read again> 
                   \global 
l.5465 \end{figure}
                   
A number should have been here; I inserted `0'.
(If you can't figure out why I needed to see a number,
look up `weird error' in the index to The TeXbook.)

/Users/jrathi/Projects/pdf-2-latex/files/ai/use-microtype/ai_final.tex:5465: Il
legal unit of measure (pt inserted).
<to be read again> 
                   \global 
l.5465 \end{figure}
                   
Dimensions can be in units of em, ex, in, pt, pc,
cm, mm, dd, cc, bp, or sp; but yours is a new one!
I'll assume that you meant to say pt, for printer's points.
To recover gracefully from this error, it's best to
delete the erroneous units; e.g., type `2' to delete
two letters. (See Chapter 27 of The TeXbook.)

/Users/jrathi/Projects/pdf-2-latex/files/ai/use-microtype/ai_final.tex:5465: Un
defined control sequence.
\@addmarginpar ...vance \@mparbottom \dp \@marbox 
                                                  \global \advance \@mparbot...
l.5465 \end{figure}
                   
The control sequence at the end of the top line
of your error message was never \def'ed. If you have
misspelled it (e.g., `\hobx'), type `I' and the correct
spelling (e.g., `I\hbox'). Otherwise just continue,
and I'll forget about whatever was undefined.

/Users/jrathi/Projects/pdf-2-latex/files/ai/use-microtype/ai_final.tex:5465: Mi
ssing number, treated as zero.
<to be read again> 
                   \global 
l.5465 \end{figure}
                   
A number should have been here; I inserted `0'.
(If you can't figure out why I needed to see a number,
look up `weird error' in the index to The TeXbook.)

/Users/jrathi/Projects/pdf-2-latex/files/ai/use-microtype/ai_final.tex:5465: Un
defined control sequence.
\@addmarginpar ...dvance \@tempdima -\ht \@marbox 
                                                  \global \setbox \@marbox \...
l.5465 \end{figure}
                   
The control sequence at the end of the top line
of your error message was never \def'ed. If you have
misspelled it (e.g., `\hobx'), type `I' and the correct
spelling (e.g., `I\hbox'). Otherwise just continue,
and I'll forget about whatever was undefined.

/Users/jrathi/Projects/pdf-2-latex/files/ai/use-microtype/ai_final.tex:5465: Mi
ssing number, treated as zero.
<to be read again> 
                   \global 
l.5465 \end{figure}
                   
A number should have been here; I inserted `0'.
(If you can't figure out why I needed to see a number,
look up `weird error' in the index to The TeXbook.)

/Users/jrathi/Projects/pdf-2-latex/files/ai/use-microtype/ai_final.tex:5465: Un
defined control sequence.
\@addmarginpar ...marbox \global \setbox \@marbox 
                                                  \vbox {\vskip \@tempdima \...
l.5465 \end{figure}
                   
The control sequence at the end of the top line
of your error message was never \def'ed. If you have
misspelled it (e.g., `\hobx'), type `I' and the correct
spelling (e.g., `I\hbox'). Otherwise just continue,
and I'll forget about whatever was undefined.

/Users/jrathi/Projects/pdf-2-latex/files/ai/use-microtype/ai_final.tex:5465: Mi
ssing number, treated as zero.
<to be read again> 
                   \vbox 
l.5465 \end{figure}
                   
A number should have been here; I inserted `0'.
(If you can't figure out why I needed to see a number,
look up `weird error' in the index to The TeXbook.)

/Users/jrathi/Projects/pdf-2-latex/files/ai/use-microtype/ai_final.tex:5465: Un
defined control sequence.
\@addmarginpar ...\vskip \@tempdima \box \@marbox 
                                                  }\global \ht \@marbox \z@ ...
l.5465 \end{figure}
                   
The control sequence at the end of the top line
of your error message was never \def'ed. If you have
misspelled it (e.g., `\hobx'), type `I' and the correct
spelling (e.g., `I\hbox'). Otherwise just continue,
and I'll forget about whatever was undefined.

/Users/jrathi/Projects/pdf-2-latex/files/ai/use-microtype/ai_final.tex:5465: Mi
ssing number, treated as zero.
<to be read again> 
                   }
l.5465 \end{figure}
                   
A number should have been here; I inserted `0'.
(If you can't figure out why I needed to see a number,
look up `weird error' in the index to The TeXbook.)

/Users/jrathi/Projects/pdf-2-latex/files/ai/use-microtype/ai_final.tex:5465: Un
defined control sequence.
\@addmarginpar ... \@marbox }\global \ht \@marbox 
                                                  \z@ \global \dp \@marbox \...
l.5465 \end{figure}
                   
The control sequence at the end of the top line
of your error message was never \def'ed. If you have
misspelled it (e.g., `\hobx'), type `I' and the correct
spelling (e.g., `I\hbox'). Otherwise just continue,
and I'll forget about whatever was undefined.

/Users/jrathi/Projects/pdf-2-latex/files/ai/use-microtype/ai_final.tex:5465: Mi
ssing number, treated as zero.
<to be read again> 
                   \global 
l.5465 \end{figure}
                   
A number should have been here; I inserted `0'.
(If you can't figure out why I needed to see a number,
look up `weird error' in the index to The TeXbook.)

/Users/jrathi/Projects/pdf-2-latex/files/ai/use-microtype/ai_final.tex:5465: Il
legal unit of measure (pt inserted).
<to be read again> 
                   \global 
l.5465 \end{figure}
                   
Dimensions can be in units of em, ex, in, pt, pc,
cm, mm, dd, cc, bp, or sp; but yours is a new one!
I'll assume that you meant to say pt, for printer's points.
To recover gracefully from this error, it's best to
delete the erroneous units; e.g., type `2' to delete
two letters. (See Chapter 27 of The TeXbook.)

/Users/jrathi/Projects/pdf-2-latex/files/ai/use-microtype/ai_final.tex:5465: Un
defined control sequence.
\@addmarginpar ...marbox \z@ \global \dp \@marbox 
                                                  \z@ \kern -\@pagedp \noint...
l.5465 \end{figure}
                   
The control sequence at the end of the top line
of your error message was never \def'ed. If you have
misspelled it (e.g., `\hobx'), type `I' and the correct
spelling (e.g., `I\hbox'). Otherwise just continue,
and I'll forget about whatever was undefined.

/Users/jrathi/Projects/pdf-2-latex/files/ai/use-microtype/ai_final.tex:5465: Mi
ssing number, treated as zero.
<to be read again> 
                   \kern 
l.5465 \end{figure}
                   
A number should have been here; I inserted `0'.
(If you can't figure out why I needed to see a number,
look up `weird error' in the index to The TeXbook.)

/Users/jrathi/Projects/pdf-2-latex/files/ai/use-microtype/ai_final.tex:5465: Il
legal unit of measure (pt inserted).
<to be read again> 
                   \kern 
l.5465 \end{figure}
                   
Dimensions can be in units of em, ex, in, pt, pc,
cm, mm, dd, cc, bp, or sp; but yours is a new one!
I'll assume that you meant to say pt, for printer's points.
To recover gracefully from this error, it's best to
delete the erroneous units; e.g., type `2' to delete
two letters. (See Chapter 27 of The TeXbook.)

/Users/jrathi/Projects/pdf-2-latex/files/ai/use-microtype/ai_final.tex:5465: Un
defined control sequence.
\@addmarginpar ...arginparwidth \fi \box \@marbox 
                                                  \hss }\nointerlineskip \hb...
l.5465 \end{figure}
                   
The control sequence at the end of the top line
of your error message was never \def'ed. If you have
misspelled it (e.g., `\hobx'), type `I' and the correct
spelling (e.g., `I\hbox'). Otherwise just continue,
and I'll forget about whatever was undefined.

/Users/jrathi/Projects/pdf-2-latex/files/ai/use-microtype/ai_final.tex:5465: Mi
ssing number, treated as zero.
<to be read again> 
                   \hss 
l.5465 \end{figure}
                   
A number should have been here; I inserted `0'.
(If you can't figure out why I needed to see a number,
look up `weird error' in the index to The TeXbook.)


/Users/jrathi/Projects/pdf-2-latex/files/ai/use-microtype/ai_final.tex:5467: La
TeX Error: Too many unprocessed floats.

See the LaTeX manual or LaTeX Companion for explanation.
Type  H <return>  for immediate help.
 ...                                              
                                                  
l.5467 \begin{figure}[h]
                        
You've lost some text.  Try typing  <return>  to proceed.
If that doesn't work, type  X <return>  to quit.

/Users/jrathi/Projects/pdf-2-latex/files/ai/use-microtype/ai_final.tex:5467: Un
defined control sequence.
\@xfloat ...@fltovf \fi \global \setbox \@currbox 
                                                  \color@vbox \normalcolor \...
l.5467 \begin{figure}[h]
                        
The control sequence at the end of the top line
of your error message was never \def'ed. If you have
misspelled it (e.g., `\hobx'), type `I' and the correct
spelling (e.g., `I\hbox'). Otherwise just continue,
and I'll forget about whatever was undefined.

/Users/jrathi/Projects/pdf-2-latex/files/ai/use-microtype/ai_final.tex:5467: Mi
ssing number, treated as zero.
<to be read again> 
                   \vbox 
l.5467 \begin{figure}[h]
                        
A number should have been here; I inserted `0'.
(If you can't figure out why I needed to see a number,
look up `weird error' in the index to The TeXbook.)

File: ./images/2025_05_12_af19cd5e0d1b8a465ffeg-182.jpg Graphic file (type bmp)

<./images/2025_05_12_af19cd5e0d1b8a465ffeg-182.jpg>

Underfull \hbox (badness 10000) in paragraph at lines 5470--5470

 []

/Users/jrathi/Projects/pdf-2-latex/files/ai/use-microtype/ai_final.tex:5471: Un
defined control sequence.
\@largefloatcheck ->\ifdim \ht \@currbox 
                                         >\textheight \@tempdima -\textheigh...
l.5471 \end{figure}
                   
The control sequence at the end of the top line
of your error message was never \def'ed. If you have
misspelled it (e.g., `\hobx'), type `I' and the correct
spelling (e.g., `I\hbox'). Otherwise just continue,
and I'll forget about whatever was undefined.

/Users/jrathi/Projects/pdf-2-latex/files/ai/use-microtype/ai_final.tex:5471: Mi
ssing number, treated as zero.
<to be read again> 
                   >
l.5471 \end{figure}
                   
A number should have been here; I inserted `0'.
(If you can't figure out why I needed to see a number,
look up `weird error' in the index to The TeXbook.)

/Users/jrathi/Projects/pdf-2-latex/files/ai/use-microtype/ai_final.tex:5471: Un
defined control sequence.
<argument> \@currbox 
                     
l.5471 \end{figure}
                   
The control sequence at the end of the top line
of your error message was never \def'ed. If you have
misspelled it (e.g., `\hobx'), type `I' and the correct
spelling (e.g., `I\hbox'). Otherwise just continue,
and I'll forget about whatever was undefined.

/Users/jrathi/Projects/pdf-2-latex/files/ai/use-microtype/ai_final.tex:5471: Ar
gument of \@xnext has an extra }.
<inserted text> 
                \par 
l.5471 \end{figure}
                   
I've run across a `}' that doesn't seem to match anything.
For example, `\def\a#1{...}' and `\a}' would produce
this error. If you simply proceed now, the `\par' that
I've just inserted will cause me to report a runaway
argument that might be the root of the problem. But if
your `}' was spurious, just type `2' and it will go away.

Runaway argument?
\@currbox \@currlist \ifnum \count \@currbox >\z@ \advance \@pageht \@pagedp \E
TC.
/Users/jrathi/Projects/pdf-2-latex/files/ai/use-microtype/ai_final.tex:5471: Pa
ragraph ended before \@xnext was complete.
<to be read again> 
                   \par 
l.5471 \end{figure}
                   
I suspect you've forgotten a `}', causing me to apply this
control sequence to too much text. How can we recover?
My plan is to forget the whole thing and hope for the best.

/Users/jrathi/Projects/pdf-2-latex/files/ai/use-microtype/ai_final.tex:5471: Ex
tra \else.
\end@float ...pdima \penalty \@floatpenalty \else 
                                                  \vadjust {\penalty -\@Miv ...
l.5471 \end{figure}
                   
I'm ignoring this; it doesn't match any \if.

/Users/jrathi/Projects/pdf-2-latex/files/ai/use-microtype/ai_final.tex:5471: Yo
u can't use `\vadjust' in vertical mode.
\end@float ...nalty \@floatpenalty \else \vadjust 
                                                  {\penalty -\@Miv \vbox {}\...
l.5471 \end{figure}
                   
Sorry, but I'm not programmed to handle this case;
I'll just pretend that you didn't ask for it.
If you're in the wrong mode, you might be able to
return to the right one by typing `I}' or `I$' or `I\par'.

/Users/jrathi/Projects/pdf-2-latex/files/ai/use-microtype/ai_final.tex:5471: Ar
gument of \@xnext has an extra }.
<inserted text> 
                \par 
l.5471 \end{figure}
                   
I've run across a `}' that doesn't seem to match anything.
For example, `\def\a#1{...}' and `\a}' would produce
this error. If you simply proceed now, the `\par' that
I've just inserted will cause me to report a runaway
argument that might be the root of the problem. But if
your `}' was spurious, just type `2' and it will go away.

Runaway argument?
\@currbox \@currlist \ifnum \count \@currbox >\z@ \advance \@pageht \@pagedp \E
TC.
/Users/jrathi/Projects/pdf-2-latex/files/ai/use-microtype/ai_final.tex:5471: Pa
ragraph ended before \@xnext was complete.
<to be read again> 
                   \par 
l.5471 \end{figure}
                   
I suspect you've forgotten a `}', causing me to apply this
control sequence to too much text. How can we recover?
My plan is to forget the whole thing and hope for the best.


/Users/jrathi/Projects/pdf-2-latex/files/ai/use-microtype/ai_final.tex:5477: La
TeX Error: Too many unprocessed floats.

See the LaTeX manual or LaTeX Companion for explanation.
Type  H <return>  for immediate help.
 ...                                              
                                                  
l.5477 \begin{figure}[h]
                        
You've lost some text.  Try typing  <return>  to proceed.
If that doesn't work, type  X <return>  to quit.

/Users/jrathi/Projects/pdf-2-latex/files/ai/use-microtype/ai_final.tex:5477: Un
defined control sequence.
\@xfloat ...@fltovf \fi \global \setbox \@currbox 
                                                  \color@vbox \normalcolor \...
l.5477 \begin{figure}[h]
                        
The control sequence at the end of the top line
of your error message was never \def'ed. If you have
misspelled it (e.g., `\hobx'), type `I' and the correct
spelling (e.g., `I\hbox'). Otherwise just continue,
and I'll forget about whatever was undefined.

/Users/jrathi/Projects/pdf-2-latex/files/ai/use-microtype/ai_final.tex:5477: Mi
ssing number, treated as zero.
<to be read again> 
                   \vbox 
l.5477 \begin{figure}[h]
                        
A number should have been here; I inserted `0'.
(If you can't figure out why I needed to see a number,
look up `weird error' in the index to The TeXbook.)

File: ./images/2025_05_12_af19cd5e0d1b8a465ffeg-183.jpg Graphic file (type bmp)

<./images/2025_05_12_af19cd5e0d1b8a465ffeg-183.jpg>

Underfull \hbox (badness 10000) in paragraph at lines 5480--5480

 []

/Users/jrathi/Projects/pdf-2-latex/files/ai/use-microtype/ai_final.tex:5481: Un
defined control sequence.
\@largefloatcheck ->\ifdim \ht \@currbox 
                                         >\textheight \@tempdima -\textheigh...
l.5481 \end{figure}
                   
The control sequence at the end of the top line
of your error message was never \def'ed. If you have
misspelled it (e.g., `\hobx'), type `I' and the correct
spelling (e.g., `I\hbox'). Otherwise just continue,
and I'll forget about whatever was undefined.

/Users/jrathi/Projects/pdf-2-latex/files/ai/use-microtype/ai_final.tex:5481: Mi
ssing number, treated as zero.
<to be read again> 
                   >
l.5481 \end{figure}
                   
A number should have been here; I inserted `0'.
(If you can't figure out why I needed to see a number,
look up `weird error' in the index to The TeXbook.)

/Users/jrathi/Projects/pdf-2-latex/files/ai/use-microtype/ai_final.tex:5481: Un
defined control sequence.
<argument> \@currbox 
                     
l.5481 \end{figure}
                   
The control sequence at the end of the top line
of your error message was never \def'ed. If you have
misspelled it (e.g., `\hobx'), type `I' and the correct
spelling (e.g., `I\hbox'). Otherwise just continue,
and I'll forget about whatever was undefined.

/Users/jrathi/Projects/pdf-2-latex/files/ai/use-microtype/ai_final.tex:5481: Mi
ssing number, treated as zero.
<to be read again> 
                   \@elt 
l.5481 \end{figure}
                   
A number should have been here; I inserted `0'.
(If you can't figure out why I needed to see a number,
look up `weird error' in the index to The TeXbook.)

/Users/jrathi/Projects/pdf-2-latex/files/ai/use-microtype/ai_final.tex:5481: Mi
ssing = inserted for \ifnum.
<to be read again> 
                   \@elt 
l.5481 \end{figure}
                   
I was expecting to see `<', `=', or `>'. Didn't.

/Users/jrathi/Projects/pdf-2-latex/files/ai/use-microtype/ai_final.tex:5481: Mi
ssing number, treated as zero.
<to be read again> 
                   \@elt 
l.5481 \end{figure}
                   
A number should have been here; I inserted `0'.
(If you can't figure out why I needed to see a number,
look up `weird error' in the index to The TeXbook.)


/Users/jrathi/Projects/pdf-2-latex/files/ai/use-microtype/ai_final.tex:5481: La
TeX Error: This may be a LaTeX bug.

See the LaTeX manual or LaTeX Companion for explanation.
Type  H <return>  for immediate help.
 ...                                              
                                                  
l.5481 \end{figure}
                   
Call for help

/Users/jrathi/Projects/pdf-2-latex/files/ai/use-microtype/ai_final.tex:5481: Un
defined control sequence.
\@addmarginpar ...a <\z@ \global \setbox \@marbox 
                                                  \box \@currbox \fi \@tempd...
l.5481 \end{figure}
                   
The control sequence at the end of the top line
of your error message was never \def'ed. If you have
misspelled it (e.g., `\hobx'), type `I' and the correct
spelling (e.g., `I\hbox'). Otherwise just continue,
and I'll forget about whatever was undefined.

/Users/jrathi/Projects/pdf-2-latex/files/ai/use-microtype/ai_final.tex:5481: Mi
ssing number, treated as zero.
<to be read again> 
                   \box 
l.5481 \end{figure}
                   
A number should have been here; I inserted `0'.
(If you can't figure out why I needed to see a number,
look up `weird error' in the index to The TeXbook.)

/Users/jrathi/Projects/pdf-2-latex/files/ai/use-microtype/ai_final.tex:5481: Mi
ssing number, treated as zero.
<to be read again> 
                   \@elt 
l.5481 \end{figure}
                   
A number should have been here; I inserted `0'.
(If you can't figure out why I needed to see a number,
look up `weird error' in the index to The TeXbook.)

/Users/jrathi/Projects/pdf-2-latex/files/ai/use-microtype/ai_final.tex:5481: Un
defined control sequence.
\@addmarginpar ...advance \@tempdima \ht \@marbox 
                                                  \ifdim \@tempdima >\z@ \@l...
l.5481 \end{figure}
                   
The control sequence at the end of the top line
of your error message was never \def'ed. If you have
misspelled it (e.g., `\hobx'), type `I' and the correct
spelling (e.g., `I\hbox'). Otherwise just continue,
and I'll forget about whatever was undefined.

/Users/jrathi/Projects/pdf-2-latex/files/ai/use-microtype/ai_final.tex:5481: Ba
d register code (-29278459).
\@addmarginpar ...e \space moved}\else \@tempdima 
                                                  \z@ \fi \global \@mparbott...
l.5481 \end{figure}
                   
A register number must be between 0 and 32767.
I changed this one to zero.

/Users/jrathi/Projects/pdf-2-latex/files/ai/use-microtype/ai_final.tex:5481: Mi
ssing number, treated as zero.
<to be read again> 
                   \global 
l.5481 \end{figure}
                   
A number should have been here; I inserted `0'.
(If you can't figure out why I needed to see a number,
look up `weird error' in the index to The TeXbook.)

/Users/jrathi/Projects/pdf-2-latex/files/ai/use-microtype/ai_final.tex:5481: Il
legal unit of measure (pt inserted).
<to be read again> 
                   \global 
l.5481 \end{figure}
                   
Dimensions can be in units of em, ex, in, pt, pc,
cm, mm, dd, cc, bp, or sp; but yours is a new one!
I'll assume that you meant to say pt, for printer's points.
To recover gracefully from this error, it's best to
delete the erroneous units; e.g., type `2' to delete
two letters. (See Chapter 27 of The TeXbook.)

/Users/jrathi/Projects/pdf-2-latex/files/ai/use-microtype/ai_final.tex:5481: Un
defined control sequence.
\@addmarginpar ...vance \@mparbottom \dp \@marbox 
                                                  \global \advance \@mparbot...
l.5481 \end{figure}
                   
The control sequence at the end of the top line
of your error message was never \def'ed. If you have
misspelled it (e.g., `\hobx'), type `I' and the correct
spelling (e.g., `I\hbox'). Otherwise just continue,
and I'll forget about whatever was undefined.

/Users/jrathi/Projects/pdf-2-latex/files/ai/use-microtype/ai_final.tex:5481: Mi
ssing number, treated as zero.
<to be read again> 
                   \global 
l.5481 \end{figure}
                   
A number should have been here; I inserted `0'.
(If you can't figure out why I needed to see a number,
look up `weird error' in the index to The TeXbook.)

/Users/jrathi/Projects/pdf-2-latex/files/ai/use-microtype/ai_final.tex:5481: Un
defined control sequence.
\@addmarginpar ...dvance \@tempdima -\ht \@marbox 
                                                  \global \setbox \@marbox \...
l.5481 \end{figure}
                   
The control sequence at the end of the top line
of your error message was never \def'ed. If you have
misspelled it (e.g., `\hobx'), type `I' and the correct
spelling (e.g., `I\hbox'). Otherwise just continue,
and I'll forget about whatever was undefined.

/Users/jrathi/Projects/pdf-2-latex/files/ai/use-microtype/ai_final.tex:5481: Mi
ssing number, treated as zero.
<to be read again> 
                   \global 
l.5481 \end{figure}
                   
A number should have been here; I inserted `0'.
(If you can't figure out why I needed to see a number,
look up `weird error' in the index to The TeXbook.)

/Users/jrathi/Projects/pdf-2-latex/files/ai/use-microtype/ai_final.tex:5481: Un
defined control sequence.
\@addmarginpar ...marbox \global \setbox \@marbox 
                                                  \vbox {\vskip \@tempdima \...
l.5481 \end{figure}
                   
The control sequence at the end of the top line
of your error message was never \def'ed. If you have
misspelled it (e.g., `\hobx'), type `I' and the correct
spelling (e.g., `I\hbox'). Otherwise just continue,
and I'll forget about whatever was undefined.

/Users/jrathi/Projects/pdf-2-latex/files/ai/use-microtype/ai_final.tex:5481: Mi
ssing number, treated as zero.
<to be read again> 
                   \vbox 
l.5481 \end{figure}
                   
A number should have been here; I inserted `0'.
(If you can't figure out why I needed to see a number,
look up `weird error' in the index to The TeXbook.)

/Users/jrathi/Projects/pdf-2-latex/files/ai/use-microtype/ai_final.tex:5481: Un
defined control sequence.
\@addmarginpar ...\vskip \@tempdima \box \@marbox 
                                                  }\global \ht \@marbox \z@ ...
l.5481 \end{figure}
                   
The control sequence at the end of the top line
of your error message was never \def'ed. If you have
misspelled it (e.g., `\hobx'), type `I' and the correct
spelling (e.g., `I\hbox'). Otherwise just continue,
and I'll forget about whatever was undefined.

/Users/jrathi/Projects/pdf-2-latex/files/ai/use-microtype/ai_final.tex:5481: Mi
ssing number, treated as zero.
<to be read again> 
                   }
l.5481 \end{figure}
                   
A number should have been here; I inserted `0'.
(If you can't figure out why I needed to see a number,
look up `weird error' in the index to The TeXbook.)

/Users/jrathi/Projects/pdf-2-latex/files/ai/use-microtype/ai_final.tex:5481: Un
defined control sequence.
\@addmarginpar ... \@marbox }\global \ht \@marbox 
                                                  \z@ \global \dp \@marbox \...
l.5481 \end{figure}
                   
The control sequence at the end of the top line
of your error message was never \def'ed. If you have
misspelled it (e.g., `\hobx'), type `I' and the correct
spelling (e.g., `I\hbox'). Otherwise just continue,
and I'll forget about whatever was undefined.

/Users/jrathi/Projects/pdf-2-latex/files/ai/use-microtype/ai_final.tex:5481: Mi
ssing number, treated as zero.
<to be read again> 
                   \global 
l.5481 \end{figure}
                   
A number should have been here; I inserted `0'.
(If you can't figure out why I needed to see a number,
look up `weird error' in the index to The TeXbook.)

/Users/jrathi/Projects/pdf-2-latex/files/ai/use-microtype/ai_final.tex:5481: Il
legal unit of measure (pt inserted).
<to be read again> 
                   \global 
l.5481 \end{figure}
                   
Dimensions can be in units of em, ex, in, pt, pc,
cm, mm, dd, cc, bp, or sp; but yours is a new one!
I'll assume that you meant to say pt, for printer's points.
To recover gracefully from this error, it's best to
delete the erroneous units; e.g., type `2' to delete
two letters. (See Chapter 27 of The TeXbook.)

/Users/jrathi/Projects/pdf-2-latex/files/ai/use-microtype/ai_final.tex:5481: Un
defined control sequence.
\@addmarginpar ...marbox \z@ \global \dp \@marbox 
                                                  \z@ \kern -\@pagedp \noint...
l.5481 \end{figure}
                   
The control sequence at the end of the top line
of your error message was never \def'ed. If you have
misspelled it (e.g., `\hobx'), type `I' and the correct
spelling (e.g., `I\hbox'). Otherwise just continue,
and I'll forget about whatever was undefined.

/Users/jrathi/Projects/pdf-2-latex/files/ai/use-microtype/ai_final.tex:5481: Mi
ssing number, treated as zero.
<to be read again> 
                   \kern 
l.5481 \end{figure}
                   
A number should have been here; I inserted `0'.
(If you can't figure out why I needed to see a number,
look up `weird error' in the index to The TeXbook.)

/Users/jrathi/Projects/pdf-2-latex/files/ai/use-microtype/ai_final.tex:5481: Il
legal unit of measure (pt inserted).
<to be read again> 
                   \kern 
l.5481 \end{figure}
                   
Dimensions can be in units of em, ex, in, pt, pc,
cm, mm, dd, cc, bp, or sp; but yours is a new one!
I'll assume that you meant to say pt, for printer's points.
To recover gracefully from this error, it's best to
delete the erroneous units; e.g., type `2' to delete
two letters. (See Chapter 27 of The TeXbook.)

/Users/jrathi/Projects/pdf-2-latex/files/ai/use-microtype/ai_final.tex:5481: Un
defined control sequence.
\@addmarginpar ...arginparwidth \fi \box \@marbox 
                                                  \hss }\nointerlineskip \hb...
l.5481 \end{figure}
                   
The control sequence at the end of the top line
of your error message was never \def'ed. If you have
misspelled it (e.g., `\hobx'), type `I' and the correct
spelling (e.g., `I\hbox'). Otherwise just continue,
and I'll forget about whatever was undefined.

/Users/jrathi/Projects/pdf-2-latex/files/ai/use-microtype/ai_final.tex:5481: Mi
ssing number, treated as zero.
<to be read again> 
                   \hss 
l.5481 \end{figure}
                   
A number should have been here; I inserted `0'.
(If you can't figure out why I needed to see a number,
look up `weird error' in the index to The TeXbook.)



[152]

/Users/jrathi/Projects/pdf-2-latex/files/ai/use-microtype/ai_final.tex:5498: La
TeX Error: Too many unprocessed floats.

See the LaTeX manual or LaTeX Companion for explanation.
Type  H <return>  for immediate help.
 ...                                              
                                                  
l.5498 \begin{figure}[h]
                        
You've lost some text.  Try typing  <return>  to proceed.
If that doesn't work, type  X <return>  to quit.

/Users/jrathi/Projects/pdf-2-latex/files/ai/use-microtype/ai_final.tex:5498: Un
defined control sequence.
\@xfloat ...@fltovf \fi \global \setbox \@currbox 
                                                  \color@vbox \normalcolor \...
l.5498 \begin{figure}[h]
                        
The control sequence at the end of the top line
of your error message was never \def'ed. If you have
misspelled it (e.g., `\hobx'), type `I' and the correct
spelling (e.g., `I\hbox'). Otherwise just continue,
and I'll forget about whatever was undefined.

/Users/jrathi/Projects/pdf-2-latex/files/ai/use-microtype/ai_final.tex:5498: Mi
ssing number, treated as zero.
<to be read again> 
                   \vbox 
l.5498 \begin{figure}[h]
                        
A number should have been here; I inserted `0'.
(If you can't figure out why I needed to see a number,
look up `weird error' in the index to The TeXbook.)

File: ./images/2025_05_12_af19cd5e0d1b8a465ffeg-184.jpg Graphic file (type bmp)

<./images/2025_05_12_af19cd5e0d1b8a465ffeg-184.jpg>
/Users/jrathi/Projects/pdf-2-latex/files/ai/use-microtype/ai_final.tex:5502: Un
defined control sequence.
\@largefloatcheck ->\ifdim \ht \@currbox 
                                         >\textheight \@tempdima -\textheigh...
l.5502 \end{figure}
                   
The control sequence at the end of the top line
of your error message was never \def'ed. If you have
misspelled it (e.g., `\hobx'), type `I' and the correct
spelling (e.g., `I\hbox'). Otherwise just continue,
and I'll forget about whatever was undefined.

/Users/jrathi/Projects/pdf-2-latex/files/ai/use-microtype/ai_final.tex:5502: Mi
ssing number, treated as zero.
<to be read again> 
                   >
l.5502 \end{figure}
                   
A number should have been here; I inserted `0'.
(If you can't figure out why I needed to see a number,
look up `weird error' in the index to The TeXbook.)

/Users/jrathi/Projects/pdf-2-latex/files/ai/use-microtype/ai_final.tex:5502: Un
defined control sequence.
<argument> \@currbox 
                     
l.5502 \end{figure}
                   
The control sequence at the end of the top line
of your error message was never \def'ed. If you have
misspelled it (e.g., `\hobx'), type `I' and the correct
spelling (e.g., `I\hbox'). Otherwise just continue,
and I'll forget about whatever was undefined.

/Users/jrathi/Projects/pdf-2-latex/files/ai/use-microtype/ai_final.tex:5502: Ar
gument of \@xnext has an extra }.
<inserted text> 
                \par 
l.5502 \end{figure}
                   
I've run across a `}' that doesn't seem to match anything.
For example, `\def\a#1{...}' and `\a}' would produce
this error. If you simply proceed now, the `\par' that
I've just inserted will cause me to report a runaway
argument that might be the root of the problem. But if
your `}' was spurious, just type `2' and it will go away.

Runaway argument?
\@currbox \@currlist \ifnum \count \@currbox >\z@ \advance \@pageht \@pagedp \E
TC.
/Users/jrathi/Projects/pdf-2-latex/files/ai/use-microtype/ai_final.tex:5502: Pa
ragraph ended before \@xnext was complete.
<to be read again> 
                   \par 
l.5502 \end{figure}
                   
I suspect you've forgotten a `}', causing me to apply this
control sequence to too much text. How can we recover?
My plan is to forget the whole thing and hope for the best.

/Users/jrathi/Projects/pdf-2-latex/files/ai/use-microtype/ai_final.tex:5502: Ex
tra \else.
\end@float ...pdima \penalty \@floatpenalty \else 
                                                  \vadjust {\penalty -\@Miv ...
l.5502 \end{figure}
                   
I'm ignoring this; it doesn't match any \if.

/Users/jrathi/Projects/pdf-2-latex/files/ai/use-microtype/ai_final.tex:5502: Yo
u can't use `\vadjust' in vertical mode.
\end@float ...nalty \@floatpenalty \else \vadjust 
                                                  {\penalty -\@Miv \vbox {}\...
l.5502 \end{figure}
                   
Sorry, but I'm not programmed to handle this case;
I'll just pretend that you didn't ask for it.
If you're in the wrong mode, you might be able to
return to the right one by typing `I}' or `I$' or `I\par'.

/Users/jrathi/Projects/pdf-2-latex/files/ai/use-microtype/ai_final.tex:5502: Ar
gument of \@xnext has an extra }.
<inserted text> 
                \par 
l.5502 \end{figure}
                   
I've run across a `}' that doesn't seem to match anything.
For example, `\def\a#1{...}' and `\a}' would produce
this error. If you simply proceed now, the `\par' that
I've just inserted will cause me to report a runaway
argument that might be the root of the problem. But if
your `}' was spurious, just type `2' and it will go away.

Runaway argument?
\@currbox \@currlist \ifnum \count \@currbox >\z@ \advance \@pageht \@pagedp \E
TC.
/Users/jrathi/Projects/pdf-2-latex/files/ai/use-microtype/ai_final.tex:5502: Pa
ragraph ended before \@xnext was complete.
<to be read again> 
                   \par 
l.5502 \end{figure}
                   
I suspect you've forgotten a `}', causing me to apply this
control sequence to too much text. How can we recover?
My plan is to forget the whole thing and hope for the best.


Overfull \hbox (351.1018pt too wide) in paragraph at lines 5603--5638
 [] 
 []


/Users/jrathi/Projects/pdf-2-latex/files/ai/use-microtype/ai_final.tex:5655: La
TeX Error: Too many unprocessed floats.

See the LaTeX manual or LaTeX Companion for explanation.
Type  H <return>  for immediate help.
 ...                                              
                                                  
l.5655 \begin{figure}[h]
                        
You've lost some text.  Try typing  <return>  to proceed.
If that doesn't work, type  X <return>  to quit.

/Users/jrathi/Projects/pdf-2-latex/files/ai/use-microtype/ai_final.tex:5655: Un
defined control sequence.
\@xfloat ...@fltovf \fi \global \setbox \@currbox 
                                                  \color@vbox \normalcolor \...
l.5655 \begin{figure}[h]
                        
The control sequence at the end of the top line
of your error message was never \def'ed. If you have
misspelled it (e.g., `\hobx'), type `I' and the correct
spelling (e.g., `I\hbox'). Otherwise just continue,
and I'll forget about whatever was undefined.

/Users/jrathi/Projects/pdf-2-latex/files/ai/use-microtype/ai_final.tex:5655: Mi
ssing number, treated as zero.
<to be read again> 
                   \vbox 
l.5655 \begin{figure}[h]
                        
A number should have been here; I inserted `0'.
(If you can't figure out why I needed to see a number,
look up `weird error' in the index to The TeXbook.)

File: ./images/2025_05_12_af19cd5e0d1b8a465ffeg-188(1).jpg Graphic file (type b
mp)
<./images/2025_05_12_af19cd5e0d1b8a465ffeg-188(1).jpg>
/Users/jrathi/Projects/pdf-2-latex/files/ai/use-microtype/ai_final.tex:5659: Un
defined control sequence.
\@largefloatcheck ->\ifdim \ht \@currbox 
                                         >\textheight \@tempdima -\textheigh...
l.5659 \end{figure}
                   
The control sequence at the end of the top line
of your error message was never \def'ed. If you have
misspelled it (e.g., `\hobx'), type `I' and the correct
spelling (e.g., `I\hbox'). Otherwise just continue,
and I'll forget about whatever was undefined.

/Users/jrathi/Projects/pdf-2-latex/files/ai/use-microtype/ai_final.tex:5659: Mi
ssing number, treated as zero.
<to be read again> 
                   >
l.5659 \end{figure}
                   
A number should have been here; I inserted `0'.
(If you can't figure out why I needed to see a number,
look up `weird error' in the index to The TeXbook.)

/Users/jrathi/Projects/pdf-2-latex/files/ai/use-microtype/ai_final.tex:5659: Un
defined control sequence.
<argument> \@currbox 
                     
l.5659 \end{figure}
                   
The control sequence at the end of the top line
of your error message was never \def'ed. If you have
misspelled it (e.g., `\hobx'), type `I' and the correct
spelling (e.g., `I\hbox'). Otherwise just continue,
and I'll forget about whatever was undefined.

/Users/jrathi/Projects/pdf-2-latex/files/ai/use-microtype/ai_final.tex:5659: Mi
ssing number, treated as zero.
<to be read again> 
                   \@elt 
l.5659 \end{figure}
                   
A number should have been here; I inserted `0'.
(If you can't figure out why I needed to see a number,
look up `weird error' in the index to The TeXbook.)

/Users/jrathi/Projects/pdf-2-latex/files/ai/use-microtype/ai_final.tex:5659: Mi
ssing = inserted for \ifnum.
<to be read again> 
                   \@elt 
l.5659 \end{figure}
                   
I was expecting to see `<', `=', or `>'. Didn't.

/Users/jrathi/Projects/pdf-2-latex/files/ai/use-microtype/ai_final.tex:5659: Mi
ssing number, treated as zero.
<to be read again> 
                   \@elt 
l.5659 \end{figure}
                   
A number should have been here; I inserted `0'.
(If you can't figure out why I needed to see a number,
look up `weird error' in the index to The TeXbook.)


/Users/jrathi/Projects/pdf-2-latex/files/ai/use-microtype/ai_final.tex:5659: La
TeX Error: This may be a LaTeX bug.

See the LaTeX manual or LaTeX Companion for explanation.
Type  H <return>  for immediate help.
 ...                                              
                                                  
l.5659 \end{figure}
                   
Call for help

/Users/jrathi/Projects/pdf-2-latex/files/ai/use-microtype/ai_final.tex:5659: Un
defined control sequence.
\@addmarginpar ...advance \@tempdima \ht \@marbox 
                                                  \ifdim \@tempdima >\z@ \@l...
l.5659 \end{figure}
                   
The control sequence at the end of the top line
of your error message was never \def'ed. If you have
misspelled it (e.g., `\hobx'), type `I' and the correct
spelling (e.g., `I\hbox'). Otherwise just continue,
and I'll forget about whatever was undefined.

/Users/jrathi/Projects/pdf-2-latex/files/ai/use-microtype/ai_final.tex:5659: Ba
d register code (-160596682).
\@addmarginpar ...e \space moved}\else \@tempdima 
                                                  \z@ \fi \global \@mparbott...
l.5659 \end{figure}
                   
A register number must be between 0 and 32767.
I changed this one to zero.

/Users/jrathi/Projects/pdf-2-latex/files/ai/use-microtype/ai_final.tex:5659: Mi
ssing number, treated as zero.
<to be read again> 
                   \global 
l.5659 \end{figure}
                   
A number should have been here; I inserted `0'.
(If you can't figure out why I needed to see a number,
look up `weird error' in the index to The TeXbook.)

/Users/jrathi/Projects/pdf-2-latex/files/ai/use-microtype/ai_final.tex:5659: Il
legal unit of measure (pt inserted).
<to be read again> 
                   \global 
l.5659 \end{figure}
                   
Dimensions can be in units of em, ex, in, pt, pc,
cm, mm, dd, cc, bp, or sp; but yours is a new one!
I'll assume that you meant to say pt, for printer's points.
To recover gracefully from this error, it's best to
delete the erroneous units; e.g., type `2' to delete
two letters. (See Chapter 27 of The TeXbook.)

/Users/jrathi/Projects/pdf-2-latex/files/ai/use-microtype/ai_final.tex:5659: Un
defined control sequence.
\@addmarginpar ...vance \@mparbottom \dp \@marbox 
                                                  \global \advance \@mparbot...
l.5659 \end{figure}
                   
The control sequence at the end of the top line
of your error message was never \def'ed. If you have
misspelled it (e.g., `\hobx'), type `I' and the correct
spelling (e.g., `I\hbox'). Otherwise just continue,
and I'll forget about whatever was undefined.

/Users/jrathi/Projects/pdf-2-latex/files/ai/use-microtype/ai_final.tex:5659: Mi
ssing number, treated as zero.
<to be read again> 
                   \global 
l.5659 \end{figure}
                   
A number should have been here; I inserted `0'.
(If you can't figure out why I needed to see a number,
look up `weird error' in the index to The TeXbook.)

/Users/jrathi/Projects/pdf-2-latex/files/ai/use-microtype/ai_final.tex:5659: Un
defined control sequence.
\@addmarginpar ...dvance \@tempdima -\ht \@marbox 
                                                  \global \setbox \@marbox \...
l.5659 \end{figure}
                   
The control sequence at the end of the top line
of your error message was never \def'ed. If you have
misspelled it (e.g., `\hobx'), type `I' and the correct
spelling (e.g., `I\hbox'). Otherwise just continue,
and I'll forget about whatever was undefined.

/Users/jrathi/Projects/pdf-2-latex/files/ai/use-microtype/ai_final.tex:5659: Mi
ssing number, treated as zero.
<to be read again> 
                   \global 
l.5659 \end{figure}
                   
A number should have been here; I inserted `0'.
(If you can't figure out why I needed to see a number,
look up `weird error' in the index to The TeXbook.)

/Users/jrathi/Projects/pdf-2-latex/files/ai/use-microtype/ai_final.tex:5659: Un
defined control sequence.
\@addmarginpar ...marbox \global \setbox \@marbox 
                                                  \vbox {\vskip \@tempdima \...
l.5659 \end{figure}
                   
The control sequence at the end of the top line
of your error message was never \def'ed. If you have
misspelled it (e.g., `\hobx'), type `I' and the correct
spelling (e.g., `I\hbox'). Otherwise just continue,
and I'll forget about whatever was undefined.

/Users/jrathi/Projects/pdf-2-latex/files/ai/use-microtype/ai_final.tex:5659: Mi
ssing number, treated as zero.
<to be read again> 
                   \vbox 
l.5659 \end{figure}
                   
A number should have been here; I inserted `0'.
(If you can't figure out why I needed to see a number,
look up `weird error' in the index to The TeXbook.)

/Users/jrathi/Projects/pdf-2-latex/files/ai/use-microtype/ai_final.tex:5659: Un
defined control sequence.
\@addmarginpar ...\vskip \@tempdima \box \@marbox 
                                                  }\global \ht \@marbox \z@ ...
l.5659 \end{figure}
                   
The control sequence at the end of the top line
of your error message was never \def'ed. If you have
misspelled it (e.g., `\hobx'), type `I' and the correct
spelling (e.g., `I\hbox'). Otherwise just continue,
and I'll forget about whatever was undefined.

/Users/jrathi/Projects/pdf-2-latex/files/ai/use-microtype/ai_final.tex:5659: Mi
ssing number, treated as zero.
<to be read again> 
                   }
l.5659 \end{figure}
                   
A number should have been here; I inserted `0'.
(If you can't figure out why I needed to see a number,
look up `weird error' in the index to The TeXbook.)

/Users/jrathi/Projects/pdf-2-latex/files/ai/use-microtype/ai_final.tex:5659: Un
defined control sequence.
\@addmarginpar ... \@marbox }\global \ht \@marbox 
                                                  \z@ \global \dp \@marbox \...
l.5659 \end{figure}
                   
The control sequence at the end of the top line
of your error message was never \def'ed. If you have
misspelled it (e.g., `\hobx'), type `I' and the correct
spelling (e.g., `I\hbox'). Otherwise just continue,
and I'll forget about whatever was undefined.

/Users/jrathi/Projects/pdf-2-latex/files/ai/use-microtype/ai_final.tex:5659: Mi
ssing number, treated as zero.
<to be read again> 
                   \global 
l.5659 \end{figure}
                   
A number should have been here; I inserted `0'.
(If you can't figure out why I needed to see a number,
look up `weird error' in the index to The TeXbook.)

/Users/jrathi/Projects/pdf-2-latex/files/ai/use-microtype/ai_final.tex:5659: Il
legal unit of measure (pt inserted).
<to be read again> 
                   \global 
l.5659 \end{figure}
                   
Dimensions can be in units of em, ex, in, pt, pc,
cm, mm, dd, cc, bp, or sp; but yours is a new one!
I'll assume that you meant to say pt, for printer's points.
To recover gracefully from this error, it's best to
delete the erroneous units; e.g., type `2' to delete
two letters. (See Chapter 27 of The TeXbook.)

/Users/jrathi/Projects/pdf-2-latex/files/ai/use-microtype/ai_final.tex:5659: Un
defined control sequence.
\@addmarginpar ...marbox \z@ \global \dp \@marbox 
                                                  \z@ \kern -\@pagedp \noint...
l.5659 \end{figure}
                   
The control sequence at the end of the top line
of your error message was never \def'ed. If you have
misspelled it (e.g., `\hobx'), type `I' and the correct
spelling (e.g., `I\hbox'). Otherwise just continue,
and I'll forget about whatever was undefined.

/Users/jrathi/Projects/pdf-2-latex/files/ai/use-microtype/ai_final.tex:5659: Mi
ssing number, treated as zero.
<to be read again> 
                   \kern 
l.5659 \end{figure}
                   
A number should have been here; I inserted `0'.
(If you can't figure out why I needed to see a number,
look up `weird error' in the index to The TeXbook.)

/Users/jrathi/Projects/pdf-2-latex/files/ai/use-microtype/ai_final.tex:5659: Il
legal unit of measure (pt inserted).
<to be read again> 
                   \kern 
l.5659 \end{figure}
                   
Dimensions can be in units of em, ex, in, pt, pc,
cm, mm, dd, cc, bp, or sp; but yours is a new one!
I'll assume that you meant to say pt, for printer's points.
To recover gracefully from this error, it's best to
delete the erroneous units; e.g., type `2' to delete
two letters. (See Chapter 27 of The TeXbook.)

/Users/jrathi/Projects/pdf-2-latex/files/ai/use-microtype/ai_final.tex:5659: Un
defined control sequence.
\@addmarginpar ...arginparwidth \fi \box \@marbox 
                                                  \hss }\nointerlineskip \hb...
l.5659 \end{figure}
                   
The control sequence at the end of the top line
of your error message was never \def'ed. If you have
misspelled it (e.g., `\hobx'), type `I' and the correct
spelling (e.g., `I\hbox'). Otherwise just continue,
and I'll forget about whatever was undefined.

/Users/jrathi/Projects/pdf-2-latex/files/ai/use-microtype/ai_final.tex:5659: Mi
ssing number, treated as zero.
<to be read again> 
                   \hss 
l.5659 \end{figure}
                   
A number should have been here; I inserted `0'.
(If you can't figure out why I needed to see a number,
look up `weird error' in the index to The TeXbook.)



[153]

[154]

[155]

[156]

/Users/jrathi/Projects/pdf-2-latex/files/ai/use-microtype/ai_final.tex:5661: La
TeX Error: Too many unprocessed floats.

See the LaTeX manual or LaTeX Companion for explanation.
Type  H <return>  for immediate help.
 ...                                              
                                                  
l.5661 \begin{figure}[h]
                        
You've lost some text.  Try typing  <return>  to proceed.
If that doesn't work, type  X <return>  to quit.

/Users/jrathi/Projects/pdf-2-latex/files/ai/use-microtype/ai_final.tex:5661: Un
defined control sequence.
\@xfloat ...@fltovf \fi \global \setbox \@currbox 
                                                  \color@vbox \normalcolor \...
l.5661 \begin{figure}[h]
                        
The control sequence at the end of the top line
of your error message was never \def'ed. If you have
misspelled it (e.g., `\hobx'), type `I' and the correct
spelling (e.g., `I\hbox'). Otherwise just continue,
and I'll forget about whatever was undefined.

/Users/jrathi/Projects/pdf-2-latex/files/ai/use-microtype/ai_final.tex:5661: Mi
ssing number, treated as zero.
<to be read again> 
                   \vbox 
l.5661 \begin{figure}[h]
                        
A number should have been here; I inserted `0'.
(If you can't figure out why I needed to see a number,
look up `weird error' in the index to The TeXbook.)

File: ./images/2025_05_12_af19cd5e0d1b8a465ffeg-188.jpg Graphic file (type bmp)

<./images/2025_05_12_af19cd5e0d1b8a465ffeg-188.jpg>

Underfull \hbox (badness 10000) in paragraph at lines 5664--5664

 []

/Users/jrathi/Projects/pdf-2-latex/files/ai/use-microtype/ai_final.tex:5665: Un
defined control sequence.
\@largefloatcheck ->\ifdim \ht \@currbox 
                                         >\textheight \@tempdima -\textheigh...
l.5665 \end{figure}
                   
The control sequence at the end of the top line
of your error message was never \def'ed. If you have
misspelled it (e.g., `\hobx'), type `I' and the correct
spelling (e.g., `I\hbox'). Otherwise just continue,
and I'll forget about whatever was undefined.

/Users/jrathi/Projects/pdf-2-latex/files/ai/use-microtype/ai_final.tex:5665: Mi
ssing number, treated as zero.
<to be read again> 
                   >
l.5665 \end{figure}
                   
A number should have been here; I inserted `0'.
(If you can't figure out why I needed to see a number,
look up `weird error' in the index to The TeXbook.)

/Users/jrathi/Projects/pdf-2-latex/files/ai/use-microtype/ai_final.tex:5665: Un
defined control sequence.
<argument> \@currbox 
                     
l.5665 \end{figure}
                   
The control sequence at the end of the top line
of your error message was never \def'ed. If you have
misspelled it (e.g., `\hobx'), type `I' and the correct
spelling (e.g., `I\hbox'). Otherwise just continue,
and I'll forget about whatever was undefined.

/Users/jrathi/Projects/pdf-2-latex/files/ai/use-microtype/ai_final.tex:5665: Ar
gument of \@xnext has an extra }.
<inserted text> 
                \par 
l.5665 \end{figure}
                   
I've run across a `}' that doesn't seem to match anything.
For example, `\def\a#1{...}' and `\a}' would produce
this error. If you simply proceed now, the `\par' that
I've just inserted will cause me to report a runaway
argument that might be the root of the problem. But if
your `}' was spurious, just type `2' and it will go away.

Runaway argument?
\@currbox \@currlist \ifnum \count \@currbox >\z@ \advance \@pageht \@pagedp \E
TC.
/Users/jrathi/Projects/pdf-2-latex/files/ai/use-microtype/ai_final.tex:5665: Pa
ragraph ended before \@xnext was complete.
<to be read again> 
                   \par 
l.5665 \end{figure}
                   
I suspect you've forgotten a `}', causing me to apply this
control sequence to too much text. How can we recover?
My plan is to forget the whole thing and hope for the best.

/Users/jrathi/Projects/pdf-2-latex/files/ai/use-microtype/ai_final.tex:5665: Ex
tra \else.
\end@float ...pdima \penalty \@floatpenalty \else 
                                                  \vadjust {\penalty -\@Miv ...
l.5665 \end{figure}
                   
I'm ignoring this; it doesn't match any \if.

/Users/jrathi/Projects/pdf-2-latex/files/ai/use-microtype/ai_final.tex:5665: Yo
u can't use `\vadjust' in vertical mode.
\end@float ...nalty \@floatpenalty \else \vadjust 
                                                  {\penalty -\@Miv \vbox {}\...
l.5665 \end{figure}
                   
Sorry, but I'm not programmed to handle this case;
I'll just pretend that you didn't ask for it.
If you're in the wrong mode, you might be able to
return to the right one by typing `I}' or `I$' or `I\par'.

/Users/jrathi/Projects/pdf-2-latex/files/ai/use-microtype/ai_final.tex:5665: Ar
gument of \@xnext has an extra }.
<inserted text> 
                \par 
l.5665 \end{figure}
                   
I've run across a `}' that doesn't seem to match anything.
For example, `\def\a#1{...}' and `\a}' would produce
this error. If you simply proceed now, the `\par' that
I've just inserted will cause me to report a runaway
argument that might be the root of the problem. But if
your `}' was spurious, just type `2' and it will go away.

Runaway argument?
\@currbox \@currlist \ifnum \count \@currbox >\z@ \advance \@pageht \@pagedp \E
TC.
/Users/jrathi/Projects/pdf-2-latex/files/ai/use-microtype/ai_final.tex:5665: Pa
ragraph ended before \@xnext was complete.
<to be read again> 
                   \par 
l.5665 \end{figure}
                   
I suspect you've forgotten a `}', causing me to apply this
control sequence to too much text. How can we recover?
My plan is to forget the whole thing and hope for the best.


/Users/jrathi/Projects/pdf-2-latex/files/ai/use-microtype/ai_final.tex:5678: La
TeX Error: Too many unprocessed floats.

See the LaTeX manual or LaTeX Companion for explanation.
Type  H <return>  for immediate help.
 ...                                              
                                                  
l.5678 \begin{figure}[h]
                        
You've lost some text.  Try typing  <return>  to proceed.
If that doesn't work, type  X <return>  to quit.

/Users/jrathi/Projects/pdf-2-latex/files/ai/use-microtype/ai_final.tex:5678: Un
defined control sequence.
\@xfloat ...@fltovf \fi \global \setbox \@currbox 
                                                  \color@vbox \normalcolor \...
l.5678 \begin{figure}[h]
                        
The control sequence at the end of the top line
of your error message was never \def'ed. If you have
misspelled it (e.g., `\hobx'), type `I' and the correct
spelling (e.g., `I\hbox'). Otherwise just continue,
and I'll forget about whatever was undefined.

/Users/jrathi/Projects/pdf-2-latex/files/ai/use-microtype/ai_final.tex:5678: Mi
ssing number, treated as zero.
<to be read again> 
                   \vbox 
l.5678 \begin{figure}[h]
                        
A number should have been here; I inserted `0'.
(If you can't figure out why I needed to see a number,
look up `weird error' in the index to The TeXbook.)

File: ./images/2025_05_12_af19cd5e0d1b8a465ffeg-189.jpg Graphic file (type bmp)

<./images/2025_05_12_af19cd5e0d1b8a465ffeg-189.jpg>
/Users/jrathi/Projects/pdf-2-latex/files/ai/use-microtype/ai_final.tex:5682: Un
defined control sequence.
\@largefloatcheck ->\ifdim \ht \@currbox 
                                         >\textheight \@tempdima -\textheigh...
l.5682 \end{figure}
                   
The control sequence at the end of the top line
of your error message was never \def'ed. If you have
misspelled it (e.g., `\hobx'), type `I' and the correct
spelling (e.g., `I\hbox'). Otherwise just continue,
and I'll forget about whatever was undefined.

/Users/jrathi/Projects/pdf-2-latex/files/ai/use-microtype/ai_final.tex:5682: Mi
ssing number, treated as zero.
<to be read again> 
                   >
l.5682 \end{figure}
                   
A number should have been here; I inserted `0'.
(If you can't figure out why I needed to see a number,
look up `weird error' in the index to The TeXbook.)

/Users/jrathi/Projects/pdf-2-latex/files/ai/use-microtype/ai_final.tex:5682: Un
defined control sequence.
<argument> \@currbox 
                     
l.5682 \end{figure}
                   
The control sequence at the end of the top line
of your error message was never \def'ed. If you have
misspelled it (e.g., `\hobx'), type `I' and the correct
spelling (e.g., `I\hbox'). Otherwise just continue,
and I'll forget about whatever was undefined.

/Users/jrathi/Projects/pdf-2-latex/files/ai/use-microtype/ai_final.tex:5682: Mi
ssing number, treated as zero.
<to be read again> 
                   \@elt 
l.5682 \end{figure}
                   
A number should have been here; I inserted `0'.
(If you can't figure out why I needed to see a number,
look up `weird error' in the index to The TeXbook.)

/Users/jrathi/Projects/pdf-2-latex/files/ai/use-microtype/ai_final.tex:5682: Mi
ssing = inserted for \ifnum.
<to be read again> 
                   \@elt 
l.5682 \end{figure}
                   
I was expecting to see `<', `=', or `>'. Didn't.

/Users/jrathi/Projects/pdf-2-latex/files/ai/use-microtype/ai_final.tex:5682: Mi
ssing number, treated as zero.
<to be read again> 
                   \@elt 
l.5682 \end{figure}
                   
A number should have been here; I inserted `0'.
(If you can't figure out why I needed to see a number,
look up `weird error' in the index to The TeXbook.)


/Users/jrathi/Projects/pdf-2-latex/files/ai/use-microtype/ai_final.tex:5682: La
TeX Error: This may be a LaTeX bug.

See the LaTeX manual or LaTeX Companion for explanation.
Type  H <return>  for immediate help.
 ...                                              
                                                  
l.5682 \end{figure}
                   
Call for help

/Users/jrathi/Projects/pdf-2-latex/files/ai/use-microtype/ai_final.tex:5682: Un
defined control sequence.
\@addmarginpar ...advance \@tempdima \ht \@marbox 
                                                  \ifdim \@tempdima >\z@ \@l...
l.5682 \end{figure}
                   
The control sequence at the end of the top line
of your error message was never \def'ed. If you have
misspelled it (e.g., `\hobx'), type `I' and the correct
spelling (e.g., `I\hbox'). Otherwise just continue,
and I'll forget about whatever was undefined.

/Users/jrathi/Projects/pdf-2-latex/files/ai/use-microtype/ai_final.tex:5682: Ba
d register code (-30956892).
\@addmarginpar ...e \space moved}\else \@tempdima 
                                                  \z@ \fi \global \@mparbott...
l.5682 \end{figure}
                   
A register number must be between 0 and 32767.
I changed this one to zero.

/Users/jrathi/Projects/pdf-2-latex/files/ai/use-microtype/ai_final.tex:5682: Mi
ssing number, treated as zero.
<to be read again> 
                   \global 
l.5682 \end{figure}
                   
A number should have been here; I inserted `0'.
(If you can't figure out why I needed to see a number,
look up `weird error' in the index to The TeXbook.)

/Users/jrathi/Projects/pdf-2-latex/files/ai/use-microtype/ai_final.tex:5682: Il
legal unit of measure (pt inserted).
<to be read again> 
                   \global 
l.5682 \end{figure}
                   
Dimensions can be in units of em, ex, in, pt, pc,
cm, mm, dd, cc, bp, or sp; but yours is a new one!
I'll assume that you meant to say pt, for printer's points.
To recover gracefully from this error, it's best to
delete the erroneous units; e.g., type `2' to delete
two letters. (See Chapter 27 of The TeXbook.)

/Users/jrathi/Projects/pdf-2-latex/files/ai/use-microtype/ai_final.tex:5682: Un
defined control sequence.
\@addmarginpar ...vance \@mparbottom \dp \@marbox 
                                                  \global \advance \@mparbot...
l.5682 \end{figure}
                   
The control sequence at the end of the top line
of your error message was never \def'ed. If you have
misspelled it (e.g., `\hobx'), type `I' and the correct
spelling (e.g., `I\hbox'). Otherwise just continue,
and I'll forget about whatever was undefined.

/Users/jrathi/Projects/pdf-2-latex/files/ai/use-microtype/ai_final.tex:5682: Mi
ssing number, treated as zero.
<to be read again> 
                   \global 
l.5682 \end{figure}
                   
A number should have been here; I inserted `0'.
(If you can't figure out why I needed to see a number,
look up `weird error' in the index to The TeXbook.)

/Users/jrathi/Projects/pdf-2-latex/files/ai/use-microtype/ai_final.tex:5682: Un
defined control sequence.
\@addmarginpar ...dvance \@tempdima -\ht \@marbox 
                                                  \global \setbox \@marbox \...
l.5682 \end{figure}
                   
The control sequence at the end of the top line
of your error message was never \def'ed. If you have
misspelled it (e.g., `\hobx'), type `I' and the correct
spelling (e.g., `I\hbox'). Otherwise just continue,
and I'll forget about whatever was undefined.

/Users/jrathi/Projects/pdf-2-latex/files/ai/use-microtype/ai_final.tex:5682: Mi
ssing number, treated as zero.
<to be read again> 
                   \global 
l.5682 \end{figure}
                   
A number should have been here; I inserted `0'.
(If you can't figure out why I needed to see a number,
look up `weird error' in the index to The TeXbook.)

/Users/jrathi/Projects/pdf-2-latex/files/ai/use-microtype/ai_final.tex:5682: Un
defined control sequence.
\@addmarginpar ...marbox \global \setbox \@marbox 
                                                  \vbox {\vskip \@tempdima \...
l.5682 \end{figure}
                   
The control sequence at the end of the top line
of your error message was never \def'ed. If you have
misspelled it (e.g., `\hobx'), type `I' and the correct
spelling (e.g., `I\hbox'). Otherwise just continue,
and I'll forget about whatever was undefined.

/Users/jrathi/Projects/pdf-2-latex/files/ai/use-microtype/ai_final.tex:5682: Mi
ssing number, treated as zero.
<to be read again> 
                   \vbox 
l.5682 \end{figure}
                   
A number should have been here; I inserted `0'.
(If you can't figure out why I needed to see a number,
look up `weird error' in the index to The TeXbook.)

/Users/jrathi/Projects/pdf-2-latex/files/ai/use-microtype/ai_final.tex:5682: Un
defined control sequence.
\@addmarginpar ...\vskip \@tempdima \box \@marbox 
                                                  }\global \ht \@marbox \z@ ...
l.5682 \end{figure}
                   
The control sequence at the end of the top line
of your error message was never \def'ed. If you have
misspelled it (e.g., `\hobx'), type `I' and the correct
spelling (e.g., `I\hbox'). Otherwise just continue,
and I'll forget about whatever was undefined.

/Users/jrathi/Projects/pdf-2-latex/files/ai/use-microtype/ai_final.tex:5682: Mi
ssing number, treated as zero.
<to be read again> 
                   }
l.5682 \end{figure}
                   
A number should have been here; I inserted `0'.
(If you can't figure out why I needed to see a number,
look up `weird error' in the index to The TeXbook.)

/Users/jrathi/Projects/pdf-2-latex/files/ai/use-microtype/ai_final.tex:5682: Un
defined control sequence.
\@addmarginpar ... \@marbox }\global \ht \@marbox 
                                                  \z@ \global \dp \@marbox \...
l.5682 \end{figure}
                   
The control sequence at the end of the top line
of your error message was never \def'ed. If you have
misspelled it (e.g., `\hobx'), type `I' and the correct
spelling (e.g., `I\hbox'). Otherwise just continue,
and I'll forget about whatever was undefined.

/Users/jrathi/Projects/pdf-2-latex/files/ai/use-microtype/ai_final.tex:5682: Mi
ssing number, treated as zero.
<to be read again> 
                   \global 
l.5682 \end{figure}
                   
A number should have been here; I inserted `0'.
(If you can't figure out why I needed to see a number,
look up `weird error' in the index to The TeXbook.)

/Users/jrathi/Projects/pdf-2-latex/files/ai/use-microtype/ai_final.tex:5682: Il
legal unit of measure (pt inserted).
<to be read again> 
                   \global 
l.5682 \end{figure}
                   
Dimensions can be in units of em, ex, in, pt, pc,
cm, mm, dd, cc, bp, or sp; but yours is a new one!
I'll assume that you meant to say pt, for printer's points.
To recover gracefully from this error, it's best to
delete the erroneous units; e.g., type `2' to delete
two letters. (See Chapter 27 of The TeXbook.)

/Users/jrathi/Projects/pdf-2-latex/files/ai/use-microtype/ai_final.tex:5682: Un
defined control sequence.
\@addmarginpar ...marbox \z@ \global \dp \@marbox 
                                                  \z@ \kern -\@pagedp \noint...
l.5682 \end{figure}
                   
The control sequence at the end of the top line
of your error message was never \def'ed. If you have
misspelled it (e.g., `\hobx'), type `I' and the correct
spelling (e.g., `I\hbox'). Otherwise just continue,
and I'll forget about whatever was undefined.

/Users/jrathi/Projects/pdf-2-latex/files/ai/use-microtype/ai_final.tex:5682: Mi
ssing number, treated as zero.
<to be read again> 
                   \kern 
l.5682 \end{figure}
                   
A number should have been here; I inserted `0'.
(If you can't figure out why I needed to see a number,
look up `weird error' in the index to The TeXbook.)

/Users/jrathi/Projects/pdf-2-latex/files/ai/use-microtype/ai_final.tex:5682: Il
legal unit of measure (pt inserted).
<to be read again> 
                   \kern 
l.5682 \end{figure}
                   
Dimensions can be in units of em, ex, in, pt, pc,
cm, mm, dd, cc, bp, or sp; but yours is a new one!
I'll assume that you meant to say pt, for printer's points.
To recover gracefully from this error, it's best to
delete the erroneous units; e.g., type `2' to delete
two letters. (See Chapter 27 of The TeXbook.)

/Users/jrathi/Projects/pdf-2-latex/files/ai/use-microtype/ai_final.tex:5682: Un
defined control sequence.
\@addmarginpar ...arginparwidth \fi \box \@marbox 
                                                  \hss }\nointerlineskip \hb...
l.5682 \end{figure}
                   
The control sequence at the end of the top line
of your error message was never \def'ed. If you have
misspelled it (e.g., `\hobx'), type `I' and the correct
spelling (e.g., `I\hbox'). Otherwise just continue,
and I'll forget about whatever was undefined.

/Users/jrathi/Projects/pdf-2-latex/files/ai/use-microtype/ai_final.tex:5682: Mi
ssing number, treated as zero.
<to be read again> 
                   \hss 
l.5682 \end{figure}
                   
A number should have been here; I inserted `0'.
(If you can't figure out why I needed to see a number,
look up `weird error' in the index to The TeXbook.)



[157]

/Users/jrathi/Projects/pdf-2-latex/files/ai/use-microtype/ai_final.tex:5704: La
TeX Error: Too many unprocessed floats.

See the LaTeX manual or LaTeX Companion for explanation.
Type  H <return>  for immediate help.
 ...                                              
                                                  
l.5704 \begin{figure}[h]
                        
You've lost some text.  Try typing  <return>  to proceed.
If that doesn't work, type  X <return>  to quit.

/Users/jrathi/Projects/pdf-2-latex/files/ai/use-microtype/ai_final.tex:5704: Un
defined control sequence.
\@xfloat ...@fltovf \fi \global \setbox \@currbox 
                                                  \color@vbox \normalcolor \...
l.5704 \begin{figure}[h]
                        
The control sequence at the end of the top line
of your error message was never \def'ed. If you have
misspelled it (e.g., `\hobx'), type `I' and the correct
spelling (e.g., `I\hbox'). Otherwise just continue,
and I'll forget about whatever was undefined.

/Users/jrathi/Projects/pdf-2-latex/files/ai/use-microtype/ai_final.tex:5704: Mi
ssing number, treated as zero.
<to be read again> 
                   \vbox 
l.5704 \begin{figure}[h]
                        
A number should have been here; I inserted `0'.
(If you can't figure out why I needed to see a number,
look up `weird error' in the index to The TeXbook.)

File: ./images/2025_05_12_af19cd5e0d1b8a465ffeg-190.jpg Graphic file (type bmp)

<./images/2025_05_12_af19cd5e0d1b8a465ffeg-190.jpg>

Underfull \hbox (badness 10000) in paragraph at lines 5707--5707

 []

/Users/jrathi/Projects/pdf-2-latex/files/ai/use-microtype/ai_final.tex:5708: Un
defined control sequence.
\@largefloatcheck ->\ifdim \ht \@currbox 
                                         >\textheight \@tempdima -\textheigh...
l.5708 \end{figure}
                   
The control sequence at the end of the top line
of your error message was never \def'ed. If you have
misspelled it (e.g., `\hobx'), type `I' and the correct
spelling (e.g., `I\hbox'). Otherwise just continue,
and I'll forget about whatever was undefined.

/Users/jrathi/Projects/pdf-2-latex/files/ai/use-microtype/ai_final.tex:5708: Mi
ssing number, treated as zero.
<to be read again> 
                   >
l.5708 \end{figure}
                   
A number should have been here; I inserted `0'.
(If you can't figure out why I needed to see a number,
look up `weird error' in the index to The TeXbook.)

/Users/jrathi/Projects/pdf-2-latex/files/ai/use-microtype/ai_final.tex:5708: Un
defined control sequence.
<argument> \@currbox 
                     
l.5708 \end{figure}
                   
The control sequence at the end of the top line
of your error message was never \def'ed. If you have
misspelled it (e.g., `\hobx'), type `I' and the correct
spelling (e.g., `I\hbox'). Otherwise just continue,
and I'll forget about whatever was undefined.

/Users/jrathi/Projects/pdf-2-latex/files/ai/use-microtype/ai_final.tex:5708: Ar
gument of \@xnext has an extra }.
<inserted text> 
                \par 
l.5708 \end{figure}
                   
I've run across a `}' that doesn't seem to match anything.
For example, `\def\a#1{...}' and `\a}' would produce
this error. If you simply proceed now, the `\par' that
I've just inserted will cause me to report a runaway
argument that might be the root of the problem. But if
your `}' was spurious, just type `2' and it will go away.

Runaway argument?
\@currbox \@currlist \ifnum \count \@currbox >\z@ \advance \@pageht \@pagedp \E
TC.
/Users/jrathi/Projects/pdf-2-latex/files/ai/use-microtype/ai_final.tex:5708: Pa
ragraph ended before \@xnext was complete.
<to be read again> 
                   \par 
l.5708 \end{figure}
                   
I suspect you've forgotten a `}', causing me to apply this
control sequence to too much text. How can we recover?
My plan is to forget the whole thing and hope for the best.

/Users/jrathi/Projects/pdf-2-latex/files/ai/use-microtype/ai_final.tex:5708: Ex
tra \else.
\end@float ...pdima \penalty \@floatpenalty \else 
                                                  \vadjust {\penalty -\@Miv ...
l.5708 \end{figure}
                   
I'm ignoring this; it doesn't match any \if.

/Users/jrathi/Projects/pdf-2-latex/files/ai/use-microtype/ai_final.tex:5708: Yo
u can't use `\vadjust' in vertical mode.
\end@float ...nalty \@floatpenalty \else \vadjust 
                                                  {\penalty -\@Miv \vbox {}\...
l.5708 \end{figure}
                   
Sorry, but I'm not programmed to handle this case;
I'll just pretend that you didn't ask for it.
If you're in the wrong mode, you might be able to
return to the right one by typing `I}' or `I$' or `I\par'.

/Users/jrathi/Projects/pdf-2-latex/files/ai/use-microtype/ai_final.tex:5708: Ar
gument of \@xnext has an extra }.
<inserted text> 
                \par 
l.5708 \end{figure}
                   
I've run across a `}' that doesn't seem to match anything.
For example, `\def\a#1{...}' and `\a}' would produce
this error. If you simply proceed now, the `\par' that
I've just inserted will cause me to report a runaway
argument that might be the root of the problem. But if
your `}' was spurious, just type `2' and it will go away.

Runaway argument?
\@currbox \@currlist \ifnum \count \@currbox >\z@ \advance \@pageht \@pagedp \E
TC.
/Users/jrathi/Projects/pdf-2-latex/files/ai/use-microtype/ai_final.tex:5708: Pa
ragraph ended before \@xnext was complete.
<to be read again> 
                   \par 
l.5708 \end{figure}
                   
I suspect you've forgotten a `}', causing me to apply this
control sequence to too much text. How can we recover?
My plan is to forget the whole thing and hope for the best.


/Users/jrathi/Projects/pdf-2-latex/files/ai/use-microtype/ai_final.tex:5765: La
TeX Error: Too many unprocessed floats.

See the LaTeX manual or LaTeX Companion for explanation.
Type  H <return>  for immediate help.
 ...                                              
                                                  
l.5765 \begin{figure}[h]
                        
You've lost some text.  Try typing  <return>  to proceed.
If that doesn't work, type  X <return>  to quit.

/Users/jrathi/Projects/pdf-2-latex/files/ai/use-microtype/ai_final.tex:5765: Un
defined control sequence.
\@xfloat ...@fltovf \fi \global \setbox \@currbox 
                                                  \color@vbox \normalcolor \...
l.5765 \begin{figure}[h]
                        
The control sequence at the end of the top line
of your error message was never \def'ed. If you have
misspelled it (e.g., `\hobx'), type `I' and the correct
spelling (e.g., `I\hbox'). Otherwise just continue,
and I'll forget about whatever was undefined.

/Users/jrathi/Projects/pdf-2-latex/files/ai/use-microtype/ai_final.tex:5765: Mi
ssing number, treated as zero.
<to be read again> 
                   \vbox 
l.5765 \begin{figure}[h]
                        
A number should have been here; I inserted `0'.
(If you can't figure out why I needed to see a number,
look up `weird error' in the index to The TeXbook.)

File: ./images/2025_05_12_af19cd5e0d1b8a465ffeg-192.jpg Graphic file (type bmp)

<./images/2025_05_12_af19cd5e0d1b8a465ffeg-192.jpg>
/Users/jrathi/Projects/pdf-2-latex/files/ai/use-microtype/ai_final.tex:5769: Un
defined control sequence.
\@largefloatcheck ->\ifdim \ht \@currbox 
                                         >\textheight \@tempdima -\textheigh...
l.5769 \end{figure}
                   
The control sequence at the end of the top line
of your error message was never \def'ed. If you have
misspelled it (e.g., `\hobx'), type `I' and the correct
spelling (e.g., `I\hbox'). Otherwise just continue,
and I'll forget about whatever was undefined.

/Users/jrathi/Projects/pdf-2-latex/files/ai/use-microtype/ai_final.tex:5769: Mi
ssing number, treated as zero.
<to be read again> 
                   >
l.5769 \end{figure}
                   
A number should have been here; I inserted `0'.
(If you can't figure out why I needed to see a number,
look up `weird error' in the index to The TeXbook.)

/Users/jrathi/Projects/pdf-2-latex/files/ai/use-microtype/ai_final.tex:5769: Un
defined control sequence.
<argument> \@currbox 
                     
l.5769 \end{figure}
                   
The control sequence at the end of the top line
of your error message was never \def'ed. If you have
misspelled it (e.g., `\hobx'), type `I' and the correct
spelling (e.g., `I\hbox'). Otherwise just continue,
and I'll forget about whatever was undefined.

/Users/jrathi/Projects/pdf-2-latex/files/ai/use-microtype/ai_final.tex:5770: Mi
ssing number, treated as zero.
<to be read again> 
                   \@elt 
l.5770 
       
A number should have been here; I inserted `0'.
(If you can't figure out why I needed to see a number,
look up `weird error' in the index to The TeXbook.)

/Users/jrathi/Projects/pdf-2-latex/files/ai/use-microtype/ai_final.tex:5770: Mi
ssing = inserted for \ifnum.
<to be read again> 
                   \@elt 
l.5770 
       
I was expecting to see `<', `=', or `>'. Didn't.

/Users/jrathi/Projects/pdf-2-latex/files/ai/use-microtype/ai_final.tex:5770: Mi
ssing number, treated as zero.
<to be read again> 
                   \@elt 
l.5770 
       
A number should have been here; I inserted `0'.
(If you can't figure out why I needed to see a number,
look up `weird error' in the index to The TeXbook.)


/Users/jrathi/Projects/pdf-2-latex/files/ai/use-microtype/ai_final.tex:5770: La
TeX Error: This may be a LaTeX bug.

See the LaTeX manual or LaTeX Companion for explanation.
Type  H <return>  for immediate help.
 ...                                              
                                                  
l.5770 
       
Call for help

/Users/jrathi/Projects/pdf-2-latex/files/ai/use-microtype/ai_final.tex:5770: Un
defined control sequence.
\@addmarginpar ...a <\z@ \global \setbox \@marbox 
                                                  \box \@currbox \fi \@tempd...
l.5770 
       
The control sequence at the end of the top line
of your error message was never \def'ed. If you have
misspelled it (e.g., `\hobx'), type `I' and the correct
spelling (e.g., `I\hbox'). Otherwise just continue,
and I'll forget about whatever was undefined.

/Users/jrathi/Projects/pdf-2-latex/files/ai/use-microtype/ai_final.tex:5770: Mi
ssing number, treated as zero.
<to be read again> 
                   \box 
l.5770 
       
A number should have been here; I inserted `0'.
(If you can't figure out why I needed to see a number,
look up `weird error' in the index to The TeXbook.)

/Users/jrathi/Projects/pdf-2-latex/files/ai/use-microtype/ai_final.tex:5770: Mi
ssing number, treated as zero.
<to be read again> 
                   \@elt 
l.5770 
       
A number should have been here; I inserted `0'.
(If you can't figure out why I needed to see a number,
look up `weird error' in the index to The TeXbook.)

/Users/jrathi/Projects/pdf-2-latex/files/ai/use-microtype/ai_final.tex:5770: Un
defined control sequence.
\@addmarginpar ...advance \@tempdima \ht \@marbox 
                                                  \ifdim \@tempdima >\z@ \@l...
l.5770 
       
The control sequence at the end of the top line
of your error message was never \def'ed. If you have
misspelled it (e.g., `\hobx'), type `I' and the correct
spelling (e.g., `I\hbox'). Otherwise just continue,
and I'll forget about whatever was undefined.

/Users/jrathi/Projects/pdf-2-latex/files/ai/use-microtype/ai_final.tex:5770: Ba
d register code (-76425409).
\@addmarginpar ...e \space moved}\else \@tempdima 
                                                  \z@ \fi \global \@mparbott...
l.5770 
       
A register number must be between 0 and 32767.
I changed this one to zero.

/Users/jrathi/Projects/pdf-2-latex/files/ai/use-microtype/ai_final.tex:5770: Mi
ssing number, treated as zero.
<to be read again> 
                   \global 
l.5770 
       
A number should have been here; I inserted `0'.
(If you can't figure out why I needed to see a number,
look up `weird error' in the index to The TeXbook.)

/Users/jrathi/Projects/pdf-2-latex/files/ai/use-microtype/ai_final.tex:5770: Il
legal unit of measure (pt inserted).
<to be read again> 
                   \global 
l.5770 
       
Dimensions can be in units of em, ex, in, pt, pc,
cm, mm, dd, cc, bp, or sp; but yours is a new one!
I'll assume that you meant to say pt, for printer's points.
To recover gracefully from this error, it's best to
delete the erroneous units; e.g., type `2' to delete
two letters. (See Chapter 27 of The TeXbook.)

/Users/jrathi/Projects/pdf-2-latex/files/ai/use-microtype/ai_final.tex:5770: Un
defined control sequence.
\@addmarginpar ...vance \@mparbottom \dp \@marbox 
                                                  \global \advance \@mparbot...
l.5770 
       
The control sequence at the end of the top line
of your error message was never \def'ed. If you have
misspelled it (e.g., `\hobx'), type `I' and the correct
spelling (e.g., `I\hbox'). Otherwise just continue,
and I'll forget about whatever was undefined.

/Users/jrathi/Projects/pdf-2-latex/files/ai/use-microtype/ai_final.tex:5770: Mi
ssing number, treated as zero.
<to be read again> 
                   \global 
l.5770 
       
A number should have been here; I inserted `0'.
(If you can't figure out why I needed to see a number,
look up `weird error' in the index to The TeXbook.)

/Users/jrathi/Projects/pdf-2-latex/files/ai/use-microtype/ai_final.tex:5770: Un
defined control sequence.
\@addmarginpar ...dvance \@tempdima -\ht \@marbox 
                                                  \global \setbox \@marbox \...
l.5770 
       
The control sequence at the end of the top line
of your error message was never \def'ed. If you have
misspelled it (e.g., `\hobx'), type `I' and the correct
spelling (e.g., `I\hbox'). Otherwise just continue,
and I'll forget about whatever was undefined.

/Users/jrathi/Projects/pdf-2-latex/files/ai/use-microtype/ai_final.tex:5770: Mi
ssing number, treated as zero.
<to be read again> 
                   \global 
l.5770 
       
A number should have been here; I inserted `0'.
(If you can't figure out why I needed to see a number,
look up `weird error' in the index to The TeXbook.)

/Users/jrathi/Projects/pdf-2-latex/files/ai/use-microtype/ai_final.tex:5770: Un
defined control sequence.
\@addmarginpar ...marbox \global \setbox \@marbox 
                                                  \vbox {\vskip \@tempdima \...
l.5770 
       
The control sequence at the end of the top line
of your error message was never \def'ed. If you have
misspelled it (e.g., `\hobx'), type `I' and the correct
spelling (e.g., `I\hbox'). Otherwise just continue,
and I'll forget about whatever was undefined.

/Users/jrathi/Projects/pdf-2-latex/files/ai/use-microtype/ai_final.tex:5770: Mi
ssing number, treated as zero.
<to be read again> 
                   \vbox 
l.5770 
       
A number should have been here; I inserted `0'.
(If you can't figure out why I needed to see a number,
look up `weird error' in the index to The TeXbook.)

/Users/jrathi/Projects/pdf-2-latex/files/ai/use-microtype/ai_final.tex:5770: Un
defined control sequence.
\@addmarginpar ...\vskip \@tempdima \box \@marbox 
                                                  }\global \ht \@marbox \z@ ...
l.5770 
       
The control sequence at the end of the top line
of your error message was never \def'ed. If you have
misspelled it (e.g., `\hobx'), type `I' and the correct
spelling (e.g., `I\hbox'). Otherwise just continue,
and I'll forget about whatever was undefined.

/Users/jrathi/Projects/pdf-2-latex/files/ai/use-microtype/ai_final.tex:5770: Mi
ssing number, treated as zero.
<to be read again> 
                   }
l.5770 
       
A number should have been here; I inserted `0'.
(If you can't figure out why I needed to see a number,
look up `weird error' in the index to The TeXbook.)

/Users/jrathi/Projects/pdf-2-latex/files/ai/use-microtype/ai_final.tex:5770: Un
defined control sequence.
\@addmarginpar ... \@marbox }\global \ht \@marbox 
                                                  \z@ \global \dp \@marbox \...
l.5770 
       
The control sequence at the end of the top line
of your error message was never \def'ed. If you have
misspelled it (e.g., `\hobx'), type `I' and the correct
spelling (e.g., `I\hbox'). Otherwise just continue,
and I'll forget about whatever was undefined.

/Users/jrathi/Projects/pdf-2-latex/files/ai/use-microtype/ai_final.tex:5770: Mi
ssing number, treated as zero.
<to be read again> 
                   \global 
l.5770 
       
A number should have been here; I inserted `0'.
(If you can't figure out why I needed to see a number,
look up `weird error' in the index to The TeXbook.)

/Users/jrathi/Projects/pdf-2-latex/files/ai/use-microtype/ai_final.tex:5770: Il
legal unit of measure (pt inserted).
<to be read again> 
                   \global 
l.5770 
       
Dimensions can be in units of em, ex, in, pt, pc,
cm, mm, dd, cc, bp, or sp; but yours is a new one!
I'll assume that you meant to say pt, for printer's points.
To recover gracefully from this error, it's best to
delete the erroneous units; e.g., type `2' to delete
two letters. (See Chapter 27 of The TeXbook.)

/Users/jrathi/Projects/pdf-2-latex/files/ai/use-microtype/ai_final.tex:5770: Un
defined control sequence.
\@addmarginpar ...marbox \z@ \global \dp \@marbox 
                                                  \z@ \kern -\@pagedp \noint...
l.5770 
       
The control sequence at the end of the top line
of your error message was never \def'ed. If you have
misspelled it (e.g., `\hobx'), type `I' and the correct
spelling (e.g., `I\hbox'). Otherwise just continue,
and I'll forget about whatever was undefined.

/Users/jrathi/Projects/pdf-2-latex/files/ai/use-microtype/ai_final.tex:5770: Mi
ssing number, treated as zero.
<to be read again> 
                   \kern 
l.5770 
       
A number should have been here; I inserted `0'.
(If you can't figure out why I needed to see a number,
look up `weird error' in the index to The TeXbook.)

/Users/jrathi/Projects/pdf-2-latex/files/ai/use-microtype/ai_final.tex:5770: Il
legal unit of measure (pt inserted).
<to be read again> 
                   \kern 
l.5770 
       
Dimensions can be in units of em, ex, in, pt, pc,
cm, mm, dd, cc, bp, or sp; but yours is a new one!
I'll assume that you meant to say pt, for printer's points.
To recover gracefully from this error, it's best to
delete the erroneous units; e.g., type `2' to delete
two letters. (See Chapter 27 of The TeXbook.)

/Users/jrathi/Projects/pdf-2-latex/files/ai/use-microtype/ai_final.tex:5770: Un
defined control sequence.
\@addmarginpar ...arginparwidth \fi \box \@marbox 
                                                  \hss }\nointerlineskip \hb...
l.5770 
       
The control sequence at the end of the top line
of your error message was never \def'ed. If you have
misspelled it (e.g., `\hobx'), type `I' and the correct
spelling (e.g., `I\hbox'). Otherwise just continue,
and I'll forget about whatever was undefined.

/Users/jrathi/Projects/pdf-2-latex/files/ai/use-microtype/ai_final.tex:5770: Mi
ssing number, treated as zero.
<to be read again> 
                   \hss 
l.5770 
       
A number should have been here; I inserted `0'.
(If you can't figure out why I needed to see a number,
look up `weird error' in the index to The TeXbook.)



[158]

[159]

/Users/jrathi/Projects/pdf-2-latex/files/ai/use-microtype/ai_final.tex:5792: La
TeX Error: Too many unprocessed floats.

See the LaTeX manual or LaTeX Companion for explanation.
Type  H <return>  for immediate help.
 ...                                              
                                                  
l.5792 \begin{figure}[h]
                        
You've lost some text.  Try typing  <return>  to proceed.
If that doesn't work, type  X <return>  to quit.

/Users/jrathi/Projects/pdf-2-latex/files/ai/use-microtype/ai_final.tex:5792: Un
defined control sequence.
\@xfloat ...@fltovf \fi \global \setbox \@currbox 
                                                  \color@vbox \normalcolor \...
l.5792 \begin{figure}[h]
                        
The control sequence at the end of the top line
of your error message was never \def'ed. If you have
misspelled it (e.g., `\hobx'), type `I' and the correct
spelling (e.g., `I\hbox'). Otherwise just continue,
and I'll forget about whatever was undefined.

/Users/jrathi/Projects/pdf-2-latex/files/ai/use-microtype/ai_final.tex:5792: Mi
ssing number, treated as zero.
<to be read again> 
                   \vbox 
l.5792 \begin{figure}[h]
                        
A number should have been here; I inserted `0'.
(If you can't figure out why I needed to see a number,
look up `weird error' in the index to The TeXbook.)

File: ./images/2025_05_12_af19cd5e0d1b8a465ffeg-193.jpg Graphic file (type bmp)

<./images/2025_05_12_af19cd5e0d1b8a465ffeg-193.jpg>
/Users/jrathi/Projects/pdf-2-latex/files/ai/use-microtype/ai_final.tex:5796: Un
defined control sequence.
\@largefloatcheck ->\ifdim \ht \@currbox 
                                         >\textheight \@tempdima -\textheigh...
l.5796 \end{figure}
                   
The control sequence at the end of the top line
of your error message was never \def'ed. If you have
misspelled it (e.g., `\hobx'), type `I' and the correct
spelling (e.g., `I\hbox'). Otherwise just continue,
and I'll forget about whatever was undefined.

/Users/jrathi/Projects/pdf-2-latex/files/ai/use-microtype/ai_final.tex:5796: Mi
ssing number, treated as zero.
<to be read again> 
                   >
l.5796 \end{figure}
                   
A number should have been here; I inserted `0'.
(If you can't figure out why I needed to see a number,
look up `weird error' in the index to The TeXbook.)

/Users/jrathi/Projects/pdf-2-latex/files/ai/use-microtype/ai_final.tex:5796: Un
defined control sequence.
<argument> \@currbox 
                     
l.5796 \end{figure}
                   
The control sequence at the end of the top line
of your error message was never \def'ed. If you have
misspelled it (e.g., `\hobx'), type `I' and the correct
spelling (e.g., `I\hbox'). Otherwise just continue,
and I'll forget about whatever was undefined.

/Users/jrathi/Projects/pdf-2-latex/files/ai/use-microtype/ai_final.tex:5796: Ar
gument of \@xnext has an extra }.
<inserted text> 
                \par 
l.5796 \end{figure}
                   
I've run across a `}' that doesn't seem to match anything.
For example, `\def\a#1{...}' and `\a}' would produce
this error. If you simply proceed now, the `\par' that
I've just inserted will cause me to report a runaway
argument that might be the root of the problem. But if
your `}' was spurious, just type `2' and it will go away.

Runaway argument?
\@currbox \@currlist \ifnum \count \@currbox >\z@ \advance \@pageht \@pagedp \E
TC.
/Users/jrathi/Projects/pdf-2-latex/files/ai/use-microtype/ai_final.tex:5796: Pa
ragraph ended before \@xnext was complete.
<to be read again> 
                   \par 
l.5796 \end{figure}
                   
I suspect you've forgotten a `}', causing me to apply this
control sequence to too much text. How can we recover?
My plan is to forget the whole thing and hope for the best.

/Users/jrathi/Projects/pdf-2-latex/files/ai/use-microtype/ai_final.tex:5796: Ex
tra \else.
\end@float ...pdima \penalty \@floatpenalty \else 
                                                  \vadjust {\penalty -\@Miv ...
l.5796 \end{figure}
                   
I'm ignoring this; it doesn't match any \if.

/Users/jrathi/Projects/pdf-2-latex/files/ai/use-microtype/ai_final.tex:5796: Yo
u can't use `\vadjust' in vertical mode.
\end@float ...nalty \@floatpenalty \else \vadjust 
                                                  {\penalty -\@Miv \vbox {}\...
l.5796 \end{figure}
                   
Sorry, but I'm not programmed to handle this case;
I'll just pretend that you didn't ask for it.
If you're in the wrong mode, you might be able to
return to the right one by typing `I}' or `I$' or `I\par'.

/Users/jrathi/Projects/pdf-2-latex/files/ai/use-microtype/ai_final.tex:5796: Ar
gument of \@xnext has an extra }.
<inserted text> 
                \par 
l.5796 \end{figure}
                   
I've run across a `}' that doesn't seem to match anything.
For example, `\def\a#1{...}' and `\a}' would produce
this error. If you simply proceed now, the `\par' that
I've just inserted will cause me to report a runaway
argument that might be the root of the problem. But if
your `}' was spurious, just type `2' and it will go away.

Runaway argument?
\@currbox \@currlist \ifnum \count \@currbox >\z@ \advance \@pageht \@pagedp \E
TC.
/Users/jrathi/Projects/pdf-2-latex/files/ai/use-microtype/ai_final.tex:5796: Pa
ragraph ended before \@xnext was complete.
<to be read again> 
                   \par 
l.5796 \end{figure}
                   
I suspect you've forgotten a `}', causing me to apply this
control sequence to too much text. How can we recover?
My plan is to forget the whole thing and hope for the best.


/Users/jrathi/Projects/pdf-2-latex/files/ai/use-microtype/ai_final.tex:5798: La
TeX Error: Too many unprocessed floats.

See the LaTeX manual or LaTeX Companion for explanation.
Type  H <return>  for immediate help.
 ...                                              
                                                  
l.5798 \begin{figure}[h]
                        
You've lost some text.  Try typing  <return>  to proceed.
If that doesn't work, type  X <return>  to quit.

/Users/jrathi/Projects/pdf-2-latex/files/ai/use-microtype/ai_final.tex:5798: Un
defined control sequence.
\@xfloat ...@fltovf \fi \global \setbox \@currbox 
                                                  \color@vbox \normalcolor \...
l.5798 \begin{figure}[h]
                        
The control sequence at the end of the top line
of your error message was never \def'ed. If you have
misspelled it (e.g., `\hobx'), type `I' and the correct
spelling (e.g., `I\hbox'). Otherwise just continue,
and I'll forget about whatever was undefined.

/Users/jrathi/Projects/pdf-2-latex/files/ai/use-microtype/ai_final.tex:5798: Mi
ssing number, treated as zero.
<to be read again> 
                   \vbox 
l.5798 \begin{figure}[h]
                        
A number should have been here; I inserted `0'.
(If you can't figure out why I needed to see a number,
look up `weird error' in the index to The TeXbook.)

File: ./images/2025_05_12_af19cd5e0d1b8a465ffeg-193(1).jpg Graphic file (type b
mp)
<./images/2025_05_12_af19cd5e0d1b8a465ffeg-193(1).jpg>

Underfull \hbox (badness 10000) in paragraph at lines 5801--5801

 []

/Users/jrathi/Projects/pdf-2-latex/files/ai/use-microtype/ai_final.tex:5802: Un
defined control sequence.
\@largefloatcheck ->\ifdim \ht \@currbox 
                                         >\textheight \@tempdima -\textheigh...
l.5802 \end{figure}
                   
The control sequence at the end of the top line
of your error message was never \def'ed. If you have
misspelled it (e.g., `\hobx'), type `I' and the correct
spelling (e.g., `I\hbox'). Otherwise just continue,
and I'll forget about whatever was undefined.

/Users/jrathi/Projects/pdf-2-latex/files/ai/use-microtype/ai_final.tex:5802: Mi
ssing number, treated as zero.
<to be read again> 
                   >
l.5802 \end{figure}
                   
A number should have been here; I inserted `0'.
(If you can't figure out why I needed to see a number,
look up `weird error' in the index to The TeXbook.)

/Users/jrathi/Projects/pdf-2-latex/files/ai/use-microtype/ai_final.tex:5802: Un
defined control sequence.
<argument> \@currbox 
                     
l.5802 \end{figure}
                   
The control sequence at the end of the top line
of your error message was never \def'ed. If you have
misspelled it (e.g., `\hobx'), type `I' and the correct
spelling (e.g., `I\hbox'). Otherwise just continue,
and I'll forget about whatever was undefined.

/Users/jrathi/Projects/pdf-2-latex/files/ai/use-microtype/ai_final.tex:5802: Mi
ssing number, treated as zero.
<to be read again> 
                   \@elt 
l.5802 \end{figure}
                   
A number should have been here; I inserted `0'.
(If you can't figure out why I needed to see a number,
look up `weird error' in the index to The TeXbook.)

/Users/jrathi/Projects/pdf-2-latex/files/ai/use-microtype/ai_final.tex:5802: Mi
ssing = inserted for \ifnum.
<to be read again> 
                   \@elt 
l.5802 \end{figure}
                   
I was expecting to see `<', `=', or `>'. Didn't.

/Users/jrathi/Projects/pdf-2-latex/files/ai/use-microtype/ai_final.tex:5802: Mi
ssing number, treated as zero.
<to be read again> 
                   \@elt 
l.5802 \end{figure}
                   
A number should have been here; I inserted `0'.
(If you can't figure out why I needed to see a number,
look up `weird error' in the index to The TeXbook.)


/Users/jrathi/Projects/pdf-2-latex/files/ai/use-microtype/ai_final.tex:5802: La
TeX Error: This may be a LaTeX bug.

See the LaTeX manual or LaTeX Companion for explanation.
Type  H <return>  for immediate help.
 ...                                              
                                                  
l.5802 \end{figure}
                   
Call for help

/Users/jrathi/Projects/pdf-2-latex/files/ai/use-microtype/ai_final.tex:5802: Un
defined control sequence.
\@addmarginpar ...a <\z@ \global \setbox \@marbox 
                                                  \box \@currbox \fi \@tempd...
l.5802 \end{figure}
                   
The control sequence at the end of the top line
of your error message was never \def'ed. If you have
misspelled it (e.g., `\hobx'), type `I' and the correct
spelling (e.g., `I\hbox'). Otherwise just continue,
and I'll forget about whatever was undefined.

/Users/jrathi/Projects/pdf-2-latex/files/ai/use-microtype/ai_final.tex:5802: Mi
ssing number, treated as zero.
<to be read again> 
                   \box 
l.5802 \end{figure}
                   
A number should have been here; I inserted `0'.
(If you can't figure out why I needed to see a number,
look up `weird error' in the index to The TeXbook.)

/Users/jrathi/Projects/pdf-2-latex/files/ai/use-microtype/ai_final.tex:5802: Mi
ssing number, treated as zero.
<to be read again> 
                   \@elt 
l.5802 \end{figure}
                   
A number should have been here; I inserted `0'.
(If you can't figure out why I needed to see a number,
look up `weird error' in the index to The TeXbook.)

/Users/jrathi/Projects/pdf-2-latex/files/ai/use-microtype/ai_final.tex:5802: Un
defined control sequence.
\@addmarginpar ...advance \@tempdima \ht \@marbox 
                                                  \ifdim \@tempdima >\z@ \@l...
l.5802 \end{figure}
                   
The control sequence at the end of the top line
of your error message was never \def'ed. If you have
misspelled it (e.g., `\hobx'), type `I' and the correct
spelling (e.g., `I\hbox'). Otherwise just continue,
and I'll forget about whatever was undefined.

/Users/jrathi/Projects/pdf-2-latex/files/ai/use-microtype/ai_final.tex:5802: Ba
d register code (-22680289).
\@addmarginpar ...e \space moved}\else \@tempdima 
                                                  \z@ \fi \global \@mparbott...
l.5802 \end{figure}
                   
A register number must be between 0 and 32767.
I changed this one to zero.

/Users/jrathi/Projects/pdf-2-latex/files/ai/use-microtype/ai_final.tex:5802: Mi
ssing number, treated as zero.
<to be read again> 
                   \global 
l.5802 \end{figure}
                   
A number should have been here; I inserted `0'.
(If you can't figure out why I needed to see a number,
look up `weird error' in the index to The TeXbook.)

/Users/jrathi/Projects/pdf-2-latex/files/ai/use-microtype/ai_final.tex:5802: Il
legal unit of measure (pt inserted).
<to be read again> 
                   \global 
l.5802 \end{figure}
                   
Dimensions can be in units of em, ex, in, pt, pc,
cm, mm, dd, cc, bp, or sp; but yours is a new one!
I'll assume that you meant to say pt, for printer's points.
To recover gracefully from this error, it's best to
delete the erroneous units; e.g., type `2' to delete
two letters. (See Chapter 27 of The TeXbook.)

/Users/jrathi/Projects/pdf-2-latex/files/ai/use-microtype/ai_final.tex:5802: Un
defined control sequence.
\@addmarginpar ...vance \@mparbottom \dp \@marbox 
                                                  \global \advance \@mparbot...
l.5802 \end{figure}
                   
The control sequence at the end of the top line
of your error message was never \def'ed. If you have
misspelled it (e.g., `\hobx'), type `I' and the correct
spelling (e.g., `I\hbox'). Otherwise just continue,
and I'll forget about whatever was undefined.

/Users/jrathi/Projects/pdf-2-latex/files/ai/use-microtype/ai_final.tex:5802: Mi
ssing number, treated as zero.
<to be read again> 
                   \global 
l.5802 \end{figure}
                   
A number should have been here; I inserted `0'.
(If you can't figure out why I needed to see a number,
look up `weird error' in the index to The TeXbook.)

/Users/jrathi/Projects/pdf-2-latex/files/ai/use-microtype/ai_final.tex:5802: Un
defined control sequence.
\@addmarginpar ...dvance \@tempdima -\ht \@marbox 
                                                  \global \setbox \@marbox \...
l.5802 \end{figure}
                   
The control sequence at the end of the top line
of your error message was never \def'ed. If you have
misspelled it (e.g., `\hobx'), type `I' and the correct
spelling (e.g., `I\hbox'). Otherwise just continue,
and I'll forget about whatever was undefined.

/Users/jrathi/Projects/pdf-2-latex/files/ai/use-microtype/ai_final.tex:5802: Mi
ssing number, treated as zero.
<to be read again> 
                   \global 
l.5802 \end{figure}
                   
A number should have been here; I inserted `0'.
(If you can't figure out why I needed to see a number,
look up `weird error' in the index to The TeXbook.)

/Users/jrathi/Projects/pdf-2-latex/files/ai/use-microtype/ai_final.tex:5802: Un
defined control sequence.
\@addmarginpar ...marbox \global \setbox \@marbox 
                                                  \vbox {\vskip \@tempdima \...
l.5802 \end{figure}
                   
The control sequence at the end of the top line
of your error message was never \def'ed. If you have
misspelled it (e.g., `\hobx'), type `I' and the correct
spelling (e.g., `I\hbox'). Otherwise just continue,
and I'll forget about whatever was undefined.

/Users/jrathi/Projects/pdf-2-latex/files/ai/use-microtype/ai_final.tex:5802: Mi
ssing number, treated as zero.
<to be read again> 
                   \vbox 
l.5802 \end{figure}
                   
A number should have been here; I inserted `0'.
(If you can't figure out why I needed to see a number,
look up `weird error' in the index to The TeXbook.)

/Users/jrathi/Projects/pdf-2-latex/files/ai/use-microtype/ai_final.tex:5802: Un
defined control sequence.
\@addmarginpar ...\vskip \@tempdima \box \@marbox 
                                                  }\global \ht \@marbox \z@ ...
l.5802 \end{figure}
                   
The control sequence at the end of the top line
of your error message was never \def'ed. If you have
misspelled it (e.g., `\hobx'), type `I' and the correct
spelling (e.g., `I\hbox'). Otherwise just continue,
and I'll forget about whatever was undefined.

/Users/jrathi/Projects/pdf-2-latex/files/ai/use-microtype/ai_final.tex:5802: Mi
ssing number, treated as zero.
<to be read again> 
                   }
l.5802 \end{figure}
                   
A number should have been here; I inserted `0'.
(If you can't figure out why I needed to see a number,
look up `weird error' in the index to The TeXbook.)

/Users/jrathi/Projects/pdf-2-latex/files/ai/use-microtype/ai_final.tex:5802: Un
defined control sequence.
\@addmarginpar ... \@marbox }\global \ht \@marbox 
                                                  \z@ \global \dp \@marbox \...
l.5802 \end{figure}
                   
The control sequence at the end of the top line
of your error message was never \def'ed. If you have
misspelled it (e.g., `\hobx'), type `I' and the correct
spelling (e.g., `I\hbox'). Otherwise just continue,
and I'll forget about whatever was undefined.

/Users/jrathi/Projects/pdf-2-latex/files/ai/use-microtype/ai_final.tex:5802: Mi
ssing number, treated as zero.
<to be read again> 
                   \global 
l.5802 \end{figure}
                   
A number should have been here; I inserted `0'.
(If you can't figure out why I needed to see a number,
look up `weird error' in the index to The TeXbook.)

/Users/jrathi/Projects/pdf-2-latex/files/ai/use-microtype/ai_final.tex:5802: Il
legal unit of measure (pt inserted).
<to be read again> 
                   \global 
l.5802 \end{figure}
                   
Dimensions can be in units of em, ex, in, pt, pc,
cm, mm, dd, cc, bp, or sp; but yours is a new one!
I'll assume that you meant to say pt, for printer's points.
To recover gracefully from this error, it's best to
delete the erroneous units; e.g., type `2' to delete
two letters. (See Chapter 27 of The TeXbook.)

/Users/jrathi/Projects/pdf-2-latex/files/ai/use-microtype/ai_final.tex:5802: Un
defined control sequence.
\@addmarginpar ...marbox \z@ \global \dp \@marbox 
                                                  \z@ \kern -\@pagedp \noint...
l.5802 \end{figure}
                   
The control sequence at the end of the top line
of your error message was never \def'ed. If you have
misspelled it (e.g., `\hobx'), type `I' and the correct
spelling (e.g., `I\hbox'). Otherwise just continue,
and I'll forget about whatever was undefined.

/Users/jrathi/Projects/pdf-2-latex/files/ai/use-microtype/ai_final.tex:5802: Mi
ssing number, treated as zero.
<to be read again> 
                   \kern 
l.5802 \end{figure}
                   
A number should have been here; I inserted `0'.
(If you can't figure out why I needed to see a number,
look up `weird error' in the index to The TeXbook.)

/Users/jrathi/Projects/pdf-2-latex/files/ai/use-microtype/ai_final.tex:5802: Il
legal unit of measure (pt inserted).
<to be read again> 
                   \kern 
l.5802 \end{figure}
                   
Dimensions can be in units of em, ex, in, pt, pc,
cm, mm, dd, cc, bp, or sp; but yours is a new one!
I'll assume that you meant to say pt, for printer's points.
To recover gracefully from this error, it's best to
delete the erroneous units; e.g., type `2' to delete
two letters. (See Chapter 27 of The TeXbook.)

/Users/jrathi/Projects/pdf-2-latex/files/ai/use-microtype/ai_final.tex:5802: Un
defined control sequence.
\@addmarginpar ...arginparwidth \fi \box \@marbox 
                                                  \hss }\nointerlineskip \hb...
l.5802 \end{figure}
                   
The control sequence at the end of the top line
of your error message was never \def'ed. If you have
misspelled it (e.g., `\hobx'), type `I' and the correct
spelling (e.g., `I\hbox'). Otherwise just continue,
and I'll forget about whatever was undefined.

/Users/jrathi/Projects/pdf-2-latex/files/ai/use-microtype/ai_final.tex:5802: Mi
ssing number, treated as zero.
<to be read again> 
                   \hss 
l.5802 \end{figure}
                   
A number should have been here; I inserted `0'.
(If you can't figure out why I needed to see a number,
look up `weird error' in the index to The TeXbook.)



[160]

[161]

/Users/jrathi/Projects/pdf-2-latex/files/ai/use-microtype/ai_final.tex:5837: La
TeX Error: Too many unprocessed floats.

See the LaTeX manual or LaTeX Companion for explanation.
Type  H <return>  for immediate help.
 ...                                              
                                                  
l.5837 \begin{figure}[h]
                        
You've lost some text.  Try typing  <return>  to proceed.
If that doesn't work, type  X <return>  to quit.

/Users/jrathi/Projects/pdf-2-latex/files/ai/use-microtype/ai_final.tex:5837: Un
defined control sequence.
\@xfloat ...@fltovf \fi \global \setbox \@currbox 
                                                  \color@vbox \normalcolor \...
l.5837 \begin{figure}[h]
                        
The control sequence at the end of the top line
of your error message was never \def'ed. If you have
misspelled it (e.g., `\hobx'), type `I' and the correct
spelling (e.g., `I\hbox'). Otherwise just continue,
and I'll forget about whatever was undefined.

/Users/jrathi/Projects/pdf-2-latex/files/ai/use-microtype/ai_final.tex:5837: Mi
ssing number, treated as zero.
<to be read again> 
                   \vbox 
l.5837 \begin{figure}[h]
                        
A number should have been here; I inserted `0'.
(If you can't figure out why I needed to see a number,
look up `weird error' in the index to The TeXbook.)

File: ./images/2025_05_12_af19cd5e0d1b8a465ffeg-195.jpg Graphic file (type bmp)

<./images/2025_05_12_af19cd5e0d1b8a465ffeg-195.jpg>

Underfull \hbox (badness 10000) in paragraph at lines 5840--5840

 []

/Users/jrathi/Projects/pdf-2-latex/files/ai/use-microtype/ai_final.tex:5841: Un
defined control sequence.
\@largefloatcheck ->\ifdim \ht \@currbox 
                                         >\textheight \@tempdima -\textheigh...
l.5841 \end{figure}
                   
The control sequence at the end of the top line
of your error message was never \def'ed. If you have
misspelled it (e.g., `\hobx'), type `I' and the correct
spelling (e.g., `I\hbox'). Otherwise just continue,
and I'll forget about whatever was undefined.

/Users/jrathi/Projects/pdf-2-latex/files/ai/use-microtype/ai_final.tex:5841: Mi
ssing number, treated as zero.
<to be read again> 
                   >
l.5841 \end{figure}
                   
A number should have been here; I inserted `0'.
(If you can't figure out why I needed to see a number,
look up `weird error' in the index to The TeXbook.)

/Users/jrathi/Projects/pdf-2-latex/files/ai/use-microtype/ai_final.tex:5841: Un
defined control sequence.
<argument> \@currbox 
                     
l.5841 \end{figure}
                   
The control sequence at the end of the top line
of your error message was never \def'ed. If you have
misspelled it (e.g., `\hobx'), type `I' and the correct
spelling (e.g., `I\hbox'). Otherwise just continue,
and I'll forget about whatever was undefined.

/Users/jrathi/Projects/pdf-2-latex/files/ai/use-microtype/ai_final.tex:5841: Ar
gument of \@xnext has an extra }.
<inserted text> 
                \par 
l.5841 \end{figure}
                   
I've run across a `}' that doesn't seem to match anything.
For example, `\def\a#1{...}' and `\a}' would produce
this error. If you simply proceed now, the `\par' that
I've just inserted will cause me to report a runaway
argument that might be the root of the problem. But if
your `}' was spurious, just type `2' and it will go away.

Runaway argument?
\@currbox \@currlist \ifnum \count \@currbox >\z@ \advance \@pageht \@pagedp \E
TC.
/Users/jrathi/Projects/pdf-2-latex/files/ai/use-microtype/ai_final.tex:5841: Pa
ragraph ended before \@xnext was complete.
<to be read again> 
                   \par 
l.5841 \end{figure}
                   
I suspect you've forgotten a `}', causing me to apply this
control sequence to too much text. How can we recover?
My plan is to forget the whole thing and hope for the best.

/Users/jrathi/Projects/pdf-2-latex/files/ai/use-microtype/ai_final.tex:5841: Ex
tra \else.
\end@float ...pdima \penalty \@floatpenalty \else 
                                                  \vadjust {\penalty -\@Miv ...
l.5841 \end{figure}
                   
I'm ignoring this; it doesn't match any \if.

/Users/jrathi/Projects/pdf-2-latex/files/ai/use-microtype/ai_final.tex:5841: Yo
u can't use `\vadjust' in vertical mode.
\end@float ...nalty \@floatpenalty \else \vadjust 
                                                  {\penalty -\@Miv \vbox {}\...
l.5841 \end{figure}
                   
Sorry, but I'm not programmed to handle this case;
I'll just pretend that you didn't ask for it.
If you're in the wrong mode, you might be able to
return to the right one by typing `I}' or `I$' or `I\par'.

/Users/jrathi/Projects/pdf-2-latex/files/ai/use-microtype/ai_final.tex:5841: Ar
gument of \@xnext has an extra }.
<inserted text> 
                \par 
l.5841 \end{figure}
                   
I've run across a `}' that doesn't seem to match anything.
For example, `\def\a#1{...}' and `\a}' would produce
this error. If you simply proceed now, the `\par' that
I've just inserted will cause me to report a runaway
argument that might be the root of the problem. But if
your `}' was spurious, just type `2' and it will go away.

Runaway argument?
\@currbox \@currlist \ifnum \count \@currbox >\z@ \advance \@pageht \@pagedp \E
TC.
/Users/jrathi/Projects/pdf-2-latex/files/ai/use-microtype/ai_final.tex:5841: Pa
ragraph ended before \@xnext was complete.
<to be read again> 
                   \par 
l.5841 \end{figure}
                   
I suspect you've forgotten a `}', causing me to apply this
control sequence to too much text. How can we recover?
My plan is to forget the whole thing and hope for the best.


/Users/jrathi/Projects/pdf-2-latex/files/ai/use-microtype/ai_final.tex:5872: La
TeX Error: Too many unprocessed floats.

See the LaTeX manual or LaTeX Companion for explanation.
Type  H <return>  for immediate help.
 ...                                              
                                                  
l.5872 \begin{figure}[h]
                        
You've lost some text.  Try typing  <return>  to proceed.
If that doesn't work, type  X <return>  to quit.

/Users/jrathi/Projects/pdf-2-latex/files/ai/use-microtype/ai_final.tex:5872: Un
defined control sequence.
\@xfloat ...@fltovf \fi \global \setbox \@currbox 
                                                  \color@vbox \normalcolor \...
l.5872 \begin{figure}[h]
                        
The control sequence at the end of the top line
of your error message was never \def'ed. If you have
misspelled it (e.g., `\hobx'), type `I' and the correct
spelling (e.g., `I\hbox'). Otherwise just continue,
and I'll forget about whatever was undefined.

/Users/jrathi/Projects/pdf-2-latex/files/ai/use-microtype/ai_final.tex:5872: Mi
ssing number, treated as zero.
<to be read again> 
                   \vbox 
l.5872 \begin{figure}[h]
                        
A number should have been here; I inserted `0'.
(If you can't figure out why I needed to see a number,
look up `weird error' in the index to The TeXbook.)

File: ./images/2025_05_12_af19cd5e0d1b8a465ffeg-196(1).jpg Graphic file (type b
mp)
<./images/2025_05_12_af19cd5e0d1b8a465ffeg-196(1).jpg>
/Users/jrathi/Projects/pdf-2-latex/files/ai/use-microtype/ai_final.tex:5876: Un
defined control sequence.
\@largefloatcheck ->\ifdim \ht \@currbox 
                                         >\textheight \@tempdima -\textheigh...
l.5876 \end{figure}
                   
The control sequence at the end of the top line
of your error message was never \def'ed. If you have
misspelled it (e.g., `\hobx'), type `I' and the correct
spelling (e.g., `I\hbox'). Otherwise just continue,
and I'll forget about whatever was undefined.

/Users/jrathi/Projects/pdf-2-latex/files/ai/use-microtype/ai_final.tex:5876: Mi
ssing number, treated as zero.
<to be read again> 
                   >
l.5876 \end{figure}
                   
A number should have been here; I inserted `0'.
(If you can't figure out why I needed to see a number,
look up `weird error' in the index to The TeXbook.)

/Users/jrathi/Projects/pdf-2-latex/files/ai/use-microtype/ai_final.tex:5876: Un
defined control sequence.
<argument> \@currbox 
                     
l.5876 \end{figure}
                   
The control sequence at the end of the top line
of your error message was never \def'ed. If you have
misspelled it (e.g., `\hobx'), type `I' and the correct
spelling (e.g., `I\hbox'). Otherwise just continue,
and I'll forget about whatever was undefined.

/Users/jrathi/Projects/pdf-2-latex/files/ai/use-microtype/ai_final.tex:5877: Mi
ssing number, treated as zero.
<to be read again> 
                   \@elt 
l.5877 
       
A number should have been here; I inserted `0'.
(If you can't figure out why I needed to see a number,
look up `weird error' in the index to The TeXbook.)

/Users/jrathi/Projects/pdf-2-latex/files/ai/use-microtype/ai_final.tex:5877: Mi
ssing = inserted for \ifnum.
<to be read again> 
                   \@elt 
l.5877 
       
I was expecting to see `<', `=', or `>'. Didn't.

/Users/jrathi/Projects/pdf-2-latex/files/ai/use-microtype/ai_final.tex:5877: Mi
ssing number, treated as zero.
<to be read again> 
                   \@elt 
l.5877 
       
A number should have been here; I inserted `0'.
(If you can't figure out why I needed to see a number,
look up `weird error' in the index to The TeXbook.)


/Users/jrathi/Projects/pdf-2-latex/files/ai/use-microtype/ai_final.tex:5877: La
TeX Error: This may be a LaTeX bug.

See the LaTeX manual or LaTeX Companion for explanation.
Type  H <return>  for immediate help.
 ...                                              
                                                  
l.5877 
       
Call for help

/Users/jrathi/Projects/pdf-2-latex/files/ai/use-microtype/ai_final.tex:5877: Un
defined control sequence.
\@addmarginpar ...a <\z@ \global \setbox \@marbox 
                                                  \box \@currbox \fi \@tempd...
l.5877 
       
The control sequence at the end of the top line
of your error message was never \def'ed. If you have
misspelled it (e.g., `\hobx'), type `I' and the correct
spelling (e.g., `I\hbox'). Otherwise just continue,
and I'll forget about whatever was undefined.

/Users/jrathi/Projects/pdf-2-latex/files/ai/use-microtype/ai_final.tex:5877: Mi
ssing number, treated as zero.
<to be read again> 
                   \box 
l.5877 
       
A number should have been here; I inserted `0'.
(If you can't figure out why I needed to see a number,
look up `weird error' in the index to The TeXbook.)

/Users/jrathi/Projects/pdf-2-latex/files/ai/use-microtype/ai_final.tex:5877: Mi
ssing number, treated as zero.
<to be read again> 
                   \@elt 
l.5877 
       
A number should have been here; I inserted `0'.
(If you can't figure out why I needed to see a number,
look up `weird error' in the index to The TeXbook.)

/Users/jrathi/Projects/pdf-2-latex/files/ai/use-microtype/ai_final.tex:5877: Un
defined control sequence.
\@addmarginpar ...advance \@tempdima \ht \@marbox 
                                                  \ifdim \@tempdima >\z@ \@l...
l.5877 
       
The control sequence at the end of the top line
of your error message was never \def'ed. If you have
misspelled it (e.g., `\hobx'), type `I' and the correct
spelling (e.g., `I\hbox'). Otherwise just continue,
and I'll forget about whatever was undefined.

/Users/jrathi/Projects/pdf-2-latex/files/ai/use-microtype/ai_final.tex:5877: Ba
d register code (-34774770).
\@addmarginpar ...e \space moved}\else \@tempdima 
                                                  \z@ \fi \global \@mparbott...
l.5877 
       
A register number must be between 0 and 32767.
I changed this one to zero.

/Users/jrathi/Projects/pdf-2-latex/files/ai/use-microtype/ai_final.tex:5877: Mi
ssing number, treated as zero.
<to be read again> 
                   \global 
l.5877 
       
A number should have been here; I inserted `0'.
(If you can't figure out why I needed to see a number,
look up `weird error' in the index to The TeXbook.)

/Users/jrathi/Projects/pdf-2-latex/files/ai/use-microtype/ai_final.tex:5877: Il
legal unit of measure (pt inserted).
<to be read again> 
                   \global 
l.5877 
       
Dimensions can be in units of em, ex, in, pt, pc,
cm, mm, dd, cc, bp, or sp; but yours is a new one!
I'll assume that you meant to say pt, for printer's points.
To recover gracefully from this error, it's best to
delete the erroneous units; e.g., type `2' to delete
two letters. (See Chapter 27 of The TeXbook.)

/Users/jrathi/Projects/pdf-2-latex/files/ai/use-microtype/ai_final.tex:5877: Un
defined control sequence.
\@addmarginpar ...vance \@mparbottom \dp \@marbox 
                                                  \global \advance \@mparbot...
l.5877 
       
The control sequence at the end of the top line
of your error message was never \def'ed. If you have
misspelled it (e.g., `\hobx'), type `I' and the correct
spelling (e.g., `I\hbox'). Otherwise just continue,
and I'll forget about whatever was undefined.

/Users/jrathi/Projects/pdf-2-latex/files/ai/use-microtype/ai_final.tex:5877: Mi
ssing number, treated as zero.
<to be read again> 
                   \global 
l.5877 
       
A number should have been here; I inserted `0'.
(If you can't figure out why I needed to see a number,
look up `weird error' in the index to The TeXbook.)

/Users/jrathi/Projects/pdf-2-latex/files/ai/use-microtype/ai_final.tex:5877: Un
defined control sequence.
\@addmarginpar ...dvance \@tempdima -\ht \@marbox 
                                                  \global \setbox \@marbox \...
l.5877 
       
The control sequence at the end of the top line
of your error message was never \def'ed. If you have
misspelled it (e.g., `\hobx'), type `I' and the correct
spelling (e.g., `I\hbox'). Otherwise just continue,
and I'll forget about whatever was undefined.

/Users/jrathi/Projects/pdf-2-latex/files/ai/use-microtype/ai_final.tex:5877: Mi
ssing number, treated as zero.
<to be read again> 
                   \global 
l.5877 
       
A number should have been here; I inserted `0'.
(If you can't figure out why I needed to see a number,
look up `weird error' in the index to The TeXbook.)

/Users/jrathi/Projects/pdf-2-latex/files/ai/use-microtype/ai_final.tex:5877: Un
defined control sequence.
\@addmarginpar ...marbox \global \setbox \@marbox 
                                                  \vbox {\vskip \@tempdima \...
l.5877 
       
The control sequence at the end of the top line
of your error message was never \def'ed. If you have
misspelled it (e.g., `\hobx'), type `I' and the correct
spelling (e.g., `I\hbox'). Otherwise just continue,
and I'll forget about whatever was undefined.

/Users/jrathi/Projects/pdf-2-latex/files/ai/use-microtype/ai_final.tex:5877: Mi
ssing number, treated as zero.
<to be read again> 
                   \vbox 
l.5877 
       
A number should have been here; I inserted `0'.
(If you can't figure out why I needed to see a number,
look up `weird error' in the index to The TeXbook.)

/Users/jrathi/Projects/pdf-2-latex/files/ai/use-microtype/ai_final.tex:5877: Un
defined control sequence.
\@addmarginpar ...\vskip \@tempdima \box \@marbox 
                                                  }\global \ht \@marbox \z@ ...
l.5877 
       
The control sequence at the end of the top line
of your error message was never \def'ed. If you have
misspelled it (e.g., `\hobx'), type `I' and the correct
spelling (e.g., `I\hbox'). Otherwise just continue,
and I'll forget about whatever was undefined.

/Users/jrathi/Projects/pdf-2-latex/files/ai/use-microtype/ai_final.tex:5877: Mi
ssing number, treated as zero.
<to be read again> 
                   }
l.5877 
       
A number should have been here; I inserted `0'.
(If you can't figure out why I needed to see a number,
look up `weird error' in the index to The TeXbook.)

/Users/jrathi/Projects/pdf-2-latex/files/ai/use-microtype/ai_final.tex:5877: Un
defined control sequence.
\@addmarginpar ... \@marbox }\global \ht \@marbox 
                                                  \z@ \global \dp \@marbox \...
l.5877 
       
The control sequence at the end of the top line
of your error message was never \def'ed. If you have
misspelled it (e.g., `\hobx'), type `I' and the correct
spelling (e.g., `I\hbox'). Otherwise just continue,
and I'll forget about whatever was undefined.

/Users/jrathi/Projects/pdf-2-latex/files/ai/use-microtype/ai_final.tex:5877: Mi
ssing number, treated as zero.
<to be read again> 
                   \global 
l.5877 
       
A number should have been here; I inserted `0'.
(If you can't figure out why I needed to see a number,
look up `weird error' in the index to The TeXbook.)

/Users/jrathi/Projects/pdf-2-latex/files/ai/use-microtype/ai_final.tex:5877: Il
legal unit of measure (pt inserted).
<to be read again> 
                   \global 
l.5877 
       
Dimensions can be in units of em, ex, in, pt, pc,
cm, mm, dd, cc, bp, or sp; but yours is a new one!
I'll assume that you meant to say pt, for printer's points.
To recover gracefully from this error, it's best to
delete the erroneous units; e.g., type `2' to delete
two letters. (See Chapter 27 of The TeXbook.)

/Users/jrathi/Projects/pdf-2-latex/files/ai/use-microtype/ai_final.tex:5877: Un
defined control sequence.
\@addmarginpar ...marbox \z@ \global \dp \@marbox 
                                                  \z@ \kern -\@pagedp \noint...
l.5877 
       
The control sequence at the end of the top line
of your error message was never \def'ed. If you have
misspelled it (e.g., `\hobx'), type `I' and the correct
spelling (e.g., `I\hbox'). Otherwise just continue,
and I'll forget about whatever was undefined.

/Users/jrathi/Projects/pdf-2-latex/files/ai/use-microtype/ai_final.tex:5877: Mi
ssing number, treated as zero.
<to be read again> 
                   \kern 
l.5877 
       
A number should have been here; I inserted `0'.
(If you can't figure out why I needed to see a number,
look up `weird error' in the index to The TeXbook.)

/Users/jrathi/Projects/pdf-2-latex/files/ai/use-microtype/ai_final.tex:5877: Il
legal unit of measure (pt inserted).
<to be read again> 
                   \kern 
l.5877 
       
Dimensions can be in units of em, ex, in, pt, pc,
cm, mm, dd, cc, bp, or sp; but yours is a new one!
I'll assume that you meant to say pt, for printer's points.
To recover gracefully from this error, it's best to
delete the erroneous units; e.g., type `2' to delete
two letters. (See Chapter 27 of The TeXbook.)

/Users/jrathi/Projects/pdf-2-latex/files/ai/use-microtype/ai_final.tex:5877: Un
defined control sequence.
\@addmarginpar ...arginparwidth \fi \box \@marbox 
                                                  \hss }\nointerlineskip \hb...
l.5877 
       
The control sequence at the end of the top line
of your error message was never \def'ed. If you have
misspelled it (e.g., `\hobx'), type `I' and the correct
spelling (e.g., `I\hbox'). Otherwise just continue,
and I'll forget about whatever was undefined.

/Users/jrathi/Projects/pdf-2-latex/files/ai/use-microtype/ai_final.tex:5877: Mi
ssing number, treated as zero.
<to be read again> 
                   \hss 
l.5877 
       
A number should have been here; I inserted `0'.
(If you can't figure out why I needed to see a number,
look up `weird error' in the index to The TeXbook.)


/Users/jrathi/Projects/pdf-2-latex/files/ai/use-microtype/ai_final.tex:5880: La
TeX Error: Too many unprocessed floats.

See the LaTeX manual or LaTeX Companion for explanation.
Type  H <return>  for immediate help.
 ...                                              
                                                  
l.5880 \begin{figure}[h]
                        
You've lost some text.  Try typing  <return>  to proceed.
If that doesn't work, type  X <return>  to quit.

/Users/jrathi/Projects/pdf-2-latex/files/ai/use-microtype/ai_final.tex:5880: Un
defined control sequence.
\@xfloat ...@fltovf \fi \global \setbox \@currbox 
                                                  \color@vbox \normalcolor \...
l.5880 \begin{figure}[h]
                        
The control sequence at the end of the top line
of your error message was never \def'ed. If you have
misspelled it (e.g., `\hobx'), type `I' and the correct
spelling (e.g., `I\hbox'). Otherwise just continue,
and I'll forget about whatever was undefined.

/Users/jrathi/Projects/pdf-2-latex/files/ai/use-microtype/ai_final.tex:5880: Mi
ssing number, treated as zero.
<to be read again> 
                   \vbox 
l.5880 \begin{figure}[h]
                        
A number should have been here; I inserted `0'.
(If you can't figure out why I needed to see a number,
look up `weird error' in the index to The TeXbook.)

File: ./images/2025_05_12_af19cd5e0d1b8a465ffeg-196.jpg Graphic file (type bmp)

<./images/2025_05_12_af19cd5e0d1b8a465ffeg-196.jpg>

Underfull \hbox (badness 10000) in paragraph at lines 5883--5883

 []

/Users/jrathi/Projects/pdf-2-latex/files/ai/use-microtype/ai_final.tex:5884: Un
defined control sequence.
\@largefloatcheck ->\ifdim \ht \@currbox 
                                         >\textheight \@tempdima -\textheigh...
l.5884 \end{figure}
                   
The control sequence at the end of the top line
of your error message was never \def'ed. If you have
misspelled it (e.g., `\hobx'), type `I' and the correct
spelling (e.g., `I\hbox'). Otherwise just continue,
and I'll forget about whatever was undefined.

/Users/jrathi/Projects/pdf-2-latex/files/ai/use-microtype/ai_final.tex:5884: Mi
ssing number, treated as zero.
<to be read again> 
                   >
l.5884 \end{figure}
                   
A number should have been here; I inserted `0'.
(If you can't figure out why I needed to see a number,
look up `weird error' in the index to The TeXbook.)

/Users/jrathi/Projects/pdf-2-latex/files/ai/use-microtype/ai_final.tex:5884: Un
defined control sequence.
<argument> \@currbox 
                     
l.5884 \end{figure}
                   
The control sequence at the end of the top line
of your error message was never \def'ed. If you have
misspelled it (e.g., `\hobx'), type `I' and the correct
spelling (e.g., `I\hbox'). Otherwise just continue,
and I'll forget about whatever was undefined.

/Users/jrathi/Projects/pdf-2-latex/files/ai/use-microtype/ai_final.tex:5884: Ar
gument of \@xnext has an extra }.
<inserted text> 
                \par 
l.5884 \end{figure}
                   
I've run across a `}' that doesn't seem to match anything.
For example, `\def\a#1{...}' and `\a}' would produce
this error. If you simply proceed now, the `\par' that
I've just inserted will cause me to report a runaway
argument that might be the root of the problem. But if
your `}' was spurious, just type `2' and it will go away.

Runaway argument?
\@currbox \@currlist \ifnum \count \@currbox >\z@ \advance \@pageht \@pagedp \E
TC.
/Users/jrathi/Projects/pdf-2-latex/files/ai/use-microtype/ai_final.tex:5884: Pa
ragraph ended before \@xnext was complete.
<to be read again> 
                   \par 
l.5884 \end{figure}
                   
I suspect you've forgotten a `}', causing me to apply this
control sequence to too much text. How can we recover?
My plan is to forget the whole thing and hope for the best.

/Users/jrathi/Projects/pdf-2-latex/files/ai/use-microtype/ai_final.tex:5884: Ex
tra \else.
\end@float ...pdima \penalty \@floatpenalty \else 
                                                  \vadjust {\penalty -\@Miv ...
l.5884 \end{figure}
                   
I'm ignoring this; it doesn't match any \if.

/Users/jrathi/Projects/pdf-2-latex/files/ai/use-microtype/ai_final.tex:5884: Yo
u can't use `\vadjust' in vertical mode.
\end@float ...nalty \@floatpenalty \else \vadjust 
                                                  {\penalty -\@Miv \vbox {}\...
l.5884 \end{figure}
                   
Sorry, but I'm not programmed to handle this case;
I'll just pretend that you didn't ask for it.
If you're in the wrong mode, you might be able to
return to the right one by typing `I}' or `I$' or `I\par'.

/Users/jrathi/Projects/pdf-2-latex/files/ai/use-microtype/ai_final.tex:5884: Ar
gument of \@xnext has an extra }.
<inserted text> 
                \par 
l.5884 \end{figure}
                   
I've run across a `}' that doesn't seem to match anything.
For example, `\def\a#1{...}' and `\a}' would produce
this error. If you simply proceed now, the `\par' that
I've just inserted will cause me to report a runaway
argument that might be the root of the problem. But if
your `}' was spurious, just type `2' and it will go away.

Runaway argument?
\@currbox \@currlist \ifnum \count \@currbox >\z@ \advance \@pageht \@pagedp \E
TC.
/Users/jrathi/Projects/pdf-2-latex/files/ai/use-microtype/ai_final.tex:5884: Pa
ragraph ended before \@xnext was complete.
<to be read again> 
                   \par 
l.5884 \end{figure}
                   
I suspect you've forgotten a `}', causing me to apply this
control sequence to too much text. How can we recover?
My plan is to forget the whole thing and hope for the best.


Overfull \hbox (59.25pt too wide) in paragraph at lines 5897--5897
[]    \TU/lmtt/m/n/10 $V=\left\{k\right.$ nearest neighbors in $\left.M_{+} \cu
p M_{-}\right\}$[] 
 []


Overfull \hbox (90.75pt too wide) in paragraph at lines 5897--5897
[]    \TU/lmtt/m/n/10 If $\quad\left|M_{+} \cap V\right|>\left|M_{-} \cap V\rig
ht|$ Then Return(,,+")[] 
 []


Overfull \hbox (85.5pt too wide) in paragraph at lines 5897--5897
[]    \TU/lmtt/m/n/10 ElseIf $\left|M_{+} \cap V\right|<\left|M_{-} \cap V\righ
t|$ Then Return(,,-")[] 
 []


/Users/jrathi/Projects/pdf-2-latex/files/ai/use-microtype/ai_final.tex:5901: La
TeX Error: Too many unprocessed floats.

See the LaTeX manual or LaTeX Companion for explanation.
Type  H <return>  for immediate help.
 ...                                              
                                                  
l.5901 \begin{figure}[h]
                        
You've lost some text.  Try typing  <return>  to proceed.
If that doesn't work, type  X <return>  to quit.

/Users/jrathi/Projects/pdf-2-latex/files/ai/use-microtype/ai_final.tex:5901: Un
defined control sequence.
\@xfloat ...@fltovf \fi \global \setbox \@currbox 
                                                  \color@vbox \normalcolor \...
l.5901 \begin{figure}[h]
                        
The control sequence at the end of the top line
of your error message was never \def'ed. If you have
misspelled it (e.g., `\hobx'), type `I' and the correct
spelling (e.g., `I\hbox'). Otherwise just continue,
and I'll forget about whatever was undefined.

/Users/jrathi/Projects/pdf-2-latex/files/ai/use-microtype/ai_final.tex:5901: Mi
ssing number, treated as zero.
<to be read again> 
                   \vbox 
l.5901 \begin{figure}[h]
                        
A number should have been here; I inserted `0'.
(If you can't figure out why I needed to see a number,
look up `weird error' in the index to The TeXbook.)

File: ./images/2025_05_12_af19cd5e0d1b8a465ffeg-197.jpg Graphic file (type bmp)

<./images/2025_05_12_af19cd5e0d1b8a465ffeg-197.jpg>

Underfull \hbox (badness 10000) in paragraph at lines 5904--5904

 []

/Users/jrathi/Projects/pdf-2-latex/files/ai/use-microtype/ai_final.tex:5905: Un
defined control sequence.
\@largefloatcheck ->\ifdim \ht \@currbox 
                                         >\textheight \@tempdima -\textheigh...
l.5905 \end{figure}
                   
The control sequence at the end of the top line
of your error message was never \def'ed. If you have
misspelled it (e.g., `\hobx'), type `I' and the correct
spelling (e.g., `I\hbox'). Otherwise just continue,
and I'll forget about whatever was undefined.

/Users/jrathi/Projects/pdf-2-latex/files/ai/use-microtype/ai_final.tex:5905: Mi
ssing number, treated as zero.
<to be read again> 
                   >
l.5905 \end{figure}
                   
A number should have been here; I inserted `0'.
(If you can't figure out why I needed to see a number,
look up `weird error' in the index to The TeXbook.)

/Users/jrathi/Projects/pdf-2-latex/files/ai/use-microtype/ai_final.tex:5905: Un
defined control sequence.
<argument> \@currbox 
                     
l.5905 \end{figure}
                   
The control sequence at the end of the top line
of your error message was never \def'ed. If you have
misspelled it (e.g., `\hobx'), type `I' and the correct
spelling (e.g., `I\hbox'). Otherwise just continue,
and I'll forget about whatever was undefined.

/Users/jrathi/Projects/pdf-2-latex/files/ai/use-microtype/ai_final.tex:5905: Mi
ssing number, treated as zero.
<to be read again> 
                   \@elt 
l.5905 \end{figure}
                   
A number should have been here; I inserted `0'.
(If you can't figure out why I needed to see a number,
look up `weird error' in the index to The TeXbook.)

/Users/jrathi/Projects/pdf-2-latex/files/ai/use-microtype/ai_final.tex:5905: Mi
ssing = inserted for \ifnum.
<to be read again> 
                   \@elt 
l.5905 \end{figure}
                   
I was expecting to see `<', `=', or `>'. Didn't.

/Users/jrathi/Projects/pdf-2-latex/files/ai/use-microtype/ai_final.tex:5905: Mi
ssing number, treated as zero.
<to be read again> 
                   \@elt 
l.5905 \end{figure}
                   
A number should have been here; I inserted `0'.
(If you can't figure out why I needed to see a number,
look up `weird error' in the index to The TeXbook.)


/Users/jrathi/Projects/pdf-2-latex/files/ai/use-microtype/ai_final.tex:5905: La
TeX Error: This may be a LaTeX bug.

See the LaTeX manual or LaTeX Companion for explanation.
Type  H <return>  for immediate help.
 ...                                              
                                                  
l.5905 \end{figure}
                   
Call for help

/Users/jrathi/Projects/pdf-2-latex/files/ai/use-microtype/ai_final.tex:5905: Un
defined control sequence.
\@addmarginpar ...a <\z@ \global \setbox \@marbox 
                                                  \box \@currbox \fi \@tempd...
l.5905 \end{figure}
                   
The control sequence at the end of the top line
of your error message was never \def'ed. If you have
misspelled it (e.g., `\hobx'), type `I' and the correct
spelling (e.g., `I\hbox'). Otherwise just continue,
and I'll forget about whatever was undefined.

/Users/jrathi/Projects/pdf-2-latex/files/ai/use-microtype/ai_final.tex:5905: Mi
ssing number, treated as zero.
<to be read again> 
                   \box 
l.5905 \end{figure}
                   
A number should have been here; I inserted `0'.
(If you can't figure out why I needed to see a number,
look up `weird error' in the index to The TeXbook.)

/Users/jrathi/Projects/pdf-2-latex/files/ai/use-microtype/ai_final.tex:5905: Mi
ssing number, treated as zero.
<to be read again> 
                   \@elt 
l.5905 \end{figure}
                   
A number should have been here; I inserted `0'.
(If you can't figure out why I needed to see a number,
look up `weird error' in the index to The TeXbook.)

/Users/jrathi/Projects/pdf-2-latex/files/ai/use-microtype/ai_final.tex:5905: Un
defined control sequence.
\@addmarginpar ...advance \@tempdima \ht \@marbox 
                                                  \ifdim \@tempdima >\z@ \@l...
l.5905 \end{figure}
                   
The control sequence at the end of the top line
of your error message was never \def'ed. If you have
misspelled it (e.g., `\hobx'), type `I' and the correct
spelling (e.g., `I\hbox'). Otherwise just continue,
and I'll forget about whatever was undefined.

/Users/jrathi/Projects/pdf-2-latex/files/ai/use-microtype/ai_final.tex:5905: Ba
d register code (-46575646).
\@addmarginpar ...e \space moved}\else \@tempdima 
                                                  \z@ \fi \global \@mparbott...
l.5905 \end{figure}
                   
A register number must be between 0 and 32767.
I changed this one to zero.

/Users/jrathi/Projects/pdf-2-latex/files/ai/use-microtype/ai_final.tex:5905: Mi
ssing number, treated as zero.
<to be read again> 
                   \global 
l.5905 \end{figure}
                   
A number should have been here; I inserted `0'.
(If you can't figure out why I needed to see a number,
look up `weird error' in the index to The TeXbook.)

/Users/jrathi/Projects/pdf-2-latex/files/ai/use-microtype/ai_final.tex:5905: Il
legal unit of measure (pt inserted).
<to be read again> 
                   \global 
l.5905 \end{figure}
                   
Dimensions can be in units of em, ex, in, pt, pc,
cm, mm, dd, cc, bp, or sp; but yours is a new one!
I'll assume that you meant to say pt, for printer's points.
To recover gracefully from this error, it's best to
delete the erroneous units; e.g., type `2' to delete
two letters. (See Chapter 27 of The TeXbook.)

/Users/jrathi/Projects/pdf-2-latex/files/ai/use-microtype/ai_final.tex:5905: Un
defined control sequence.
\@addmarginpar ...vance \@mparbottom \dp \@marbox 
                                                  \global \advance \@mparbot...
l.5905 \end{figure}
                   
The control sequence at the end of the top line
of your error message was never \def'ed. If you have
misspelled it (e.g., `\hobx'), type `I' and the correct
spelling (e.g., `I\hbox'). Otherwise just continue,
and I'll forget about whatever was undefined.

/Users/jrathi/Projects/pdf-2-latex/files/ai/use-microtype/ai_final.tex:5905: Mi
ssing number, treated as zero.
<to be read again> 
                   \global 
l.5905 \end{figure}
                   
A number should have been here; I inserted `0'.
(If you can't figure out why I needed to see a number,
look up `weird error' in the index to The TeXbook.)

/Users/jrathi/Projects/pdf-2-latex/files/ai/use-microtype/ai_final.tex:5905: Un
defined control sequence.
\@addmarginpar ...dvance \@tempdima -\ht \@marbox 
                                                  \global \setbox \@marbox \...
l.5905 \end{figure}
                   
The control sequence at the end of the top line
of your error message was never \def'ed. If you have
misspelled it (e.g., `\hobx'), type `I' and the correct
spelling (e.g., `I\hbox'). Otherwise just continue,
and I'll forget about whatever was undefined.

/Users/jrathi/Projects/pdf-2-latex/files/ai/use-microtype/ai_final.tex:5905: Mi
ssing number, treated as zero.
<to be read again> 
                   \global 
l.5905 \end{figure}
                   
A number should have been here; I inserted `0'.
(If you can't figure out why I needed to see a number,
look up `weird error' in the index to The TeXbook.)

/Users/jrathi/Projects/pdf-2-latex/files/ai/use-microtype/ai_final.tex:5905: Un
defined control sequence.
\@addmarginpar ...marbox \global \setbox \@marbox 
                                                  \vbox {\vskip \@tempdima \...
l.5905 \end{figure}
                   
The control sequence at the end of the top line
of your error message was never \def'ed. If you have
misspelled it (e.g., `\hobx'), type `I' and the correct
spelling (e.g., `I\hbox'). Otherwise just continue,
and I'll forget about whatever was undefined.

/Users/jrathi/Projects/pdf-2-latex/files/ai/use-microtype/ai_final.tex:5905: Mi
ssing number, treated as zero.
<to be read again> 
                   \vbox 
l.5905 \end{figure}
                   
A number should have been here; I inserted `0'.
(If you can't figure out why I needed to see a number,
look up `weird error' in the index to The TeXbook.)

/Users/jrathi/Projects/pdf-2-latex/files/ai/use-microtype/ai_final.tex:5905: Un
defined control sequence.
\@addmarginpar ...\vskip \@tempdima \box \@marbox 
                                                  }\global \ht \@marbox \z@ ...
l.5905 \end{figure}
                   
The control sequence at the end of the top line
of your error message was never \def'ed. If you have
misspelled it (e.g., `\hobx'), type `I' and the correct
spelling (e.g., `I\hbox'). Otherwise just continue,
and I'll forget about whatever was undefined.

/Users/jrathi/Projects/pdf-2-latex/files/ai/use-microtype/ai_final.tex:5905: Mi
ssing number, treated as zero.
<to be read again> 
                   }
l.5905 \end{figure}
                   
A number should have been here; I inserted `0'.
(If you can't figure out why I needed to see a number,
look up `weird error' in the index to The TeXbook.)

/Users/jrathi/Projects/pdf-2-latex/files/ai/use-microtype/ai_final.tex:5905: Un
defined control sequence.
\@addmarginpar ... \@marbox }\global \ht \@marbox 
                                                  \z@ \global \dp \@marbox \...
l.5905 \end{figure}
                   
The control sequence at the end of the top line
of your error message was never \def'ed. If you have
misspelled it (e.g., `\hobx'), type `I' and the correct
spelling (e.g., `I\hbox'). Otherwise just continue,
and I'll forget about whatever was undefined.

/Users/jrathi/Projects/pdf-2-latex/files/ai/use-microtype/ai_final.tex:5905: Mi
ssing number, treated as zero.
<to be read again> 
                   \global 
l.5905 \end{figure}
                   
A number should have been here; I inserted `0'.
(If you can't figure out why I needed to see a number,
look up `weird error' in the index to The TeXbook.)

/Users/jrathi/Projects/pdf-2-latex/files/ai/use-microtype/ai_final.tex:5905: Il
legal unit of measure (pt inserted).
<to be read again> 
                   \global 
l.5905 \end{figure}
                   
Dimensions can be in units of em, ex, in, pt, pc,
cm, mm, dd, cc, bp, or sp; but yours is a new one!
I'll assume that you meant to say pt, for printer's points.
To recover gracefully from this error, it's best to
delete the erroneous units; e.g., type `2' to delete
two letters. (See Chapter 27 of The TeXbook.)

/Users/jrathi/Projects/pdf-2-latex/files/ai/use-microtype/ai_final.tex:5905: Un
defined control sequence.
\@addmarginpar ...marbox \z@ \global \dp \@marbox 
                                                  \z@ \kern -\@pagedp \noint...
l.5905 \end{figure}
                   
The control sequence at the end of the top line
of your error message was never \def'ed. If you have
misspelled it (e.g., `\hobx'), type `I' and the correct
spelling (e.g., `I\hbox'). Otherwise just continue,
and I'll forget about whatever was undefined.

/Users/jrathi/Projects/pdf-2-latex/files/ai/use-microtype/ai_final.tex:5905: Mi
ssing number, treated as zero.
<to be read again> 
                   \kern 
l.5905 \end{figure}
                   
A number should have been here; I inserted `0'.
(If you can't figure out why I needed to see a number,
look up `weird error' in the index to The TeXbook.)

/Users/jrathi/Projects/pdf-2-latex/files/ai/use-microtype/ai_final.tex:5905: Il
legal unit of measure (pt inserted).
<to be read again> 
                   \kern 
l.5905 \end{figure}
                   
Dimensions can be in units of em, ex, in, pt, pc,
cm, mm, dd, cc, bp, or sp; but yours is a new one!
I'll assume that you meant to say pt, for printer's points.
To recover gracefully from this error, it's best to
delete the erroneous units; e.g., type `2' to delete
two letters. (See Chapter 27 of The TeXbook.)

/Users/jrathi/Projects/pdf-2-latex/files/ai/use-microtype/ai_final.tex:5905: Un
defined control sequence.
\@addmarginpar ...arginparwidth \fi \box \@marbox 
                                                  \hss }\nointerlineskip \hb...
l.5905 \end{figure}
                   
The control sequence at the end of the top line
of your error message was never \def'ed. If you have
misspelled it (e.g., `\hobx'), type `I' and the correct
spelling (e.g., `I\hbox'). Otherwise just continue,
and I'll forget about whatever was undefined.

/Users/jrathi/Projects/pdf-2-latex/files/ai/use-microtype/ai_final.tex:5905: Mi
ssing number, treated as zero.
<to be read again> 
                   \hss 
l.5905 \end{figure}
                   
A number should have been here; I inserted `0'.
(If you can't figure out why I needed to see a number,
look up `weird error' in the index to The TeXbook.)



[162]

/Users/jrathi/Projects/pdf-2-latex/files/ai/use-microtype/ai_final.tex:5912: La
TeX Error: Too many unprocessed floats.

See the LaTeX manual or LaTeX Companion for explanation.
Type  H <return>  for immediate help.
 ...                                              
                                                  
l.5912 \begin{figure}[h]
                        
You've lost some text.  Try typing  <return>  to proceed.
If that doesn't work, type  X <return>  to quit.

/Users/jrathi/Projects/pdf-2-latex/files/ai/use-microtype/ai_final.tex:5912: Un
defined control sequence.
\@xfloat ...@fltovf \fi \global \setbox \@currbox 
                                                  \color@vbox \normalcolor \...
l.5912 \begin{figure}[h]
                        
The control sequence at the end of the top line
of your error message was never \def'ed. If you have
misspelled it (e.g., `\hobx'), type `I' and the correct
spelling (e.g., `I\hbox'). Otherwise just continue,
and I'll forget about whatever was undefined.

/Users/jrathi/Projects/pdf-2-latex/files/ai/use-microtype/ai_final.tex:5912: Mi
ssing number, treated as zero.
<to be read again> 
                   \vbox 
l.5912 \begin{figure}[h]
                        
A number should have been here; I inserted `0'.
(If you can't figure out why I needed to see a number,
look up `weird error' in the index to The TeXbook.)

File: ./images/2025_05_12_af19cd5e0d1b8a465ffeg-198(1).jpg Graphic file (type b
mp)
<./images/2025_05_12_af19cd5e0d1b8a465ffeg-198(1).jpg>
File: ./images/2025_05_12_af19cd5e0d1b8a465ffeg-198.jpg Graphic file (type bmp)

<./images/2025_05_12_af19cd5e0d1b8a465ffeg-198.jpg>
/Users/jrathi/Projects/pdf-2-latex/files/ai/use-microtype/ai_final.tex:5917: Un
defined control sequence.
\@largefloatcheck ->\ifdim \ht \@currbox 
                                         >\textheight \@tempdima -\textheigh...
l.5917 \end{figure}
                   
The control sequence at the end of the top line
of your error message was never \def'ed. If you have
misspelled it (e.g., `\hobx'), type `I' and the correct
spelling (e.g., `I\hbox'). Otherwise just continue,
and I'll forget about whatever was undefined.

/Users/jrathi/Projects/pdf-2-latex/files/ai/use-microtype/ai_final.tex:5917: Mi
ssing number, treated as zero.
<to be read again> 
                   >
l.5917 \end{figure}
                   
A number should have been here; I inserted `0'.
(If you can't figure out why I needed to see a number,
look up `weird error' in the index to The TeXbook.)

/Users/jrathi/Projects/pdf-2-latex/files/ai/use-microtype/ai_final.tex:5917: Un
defined control sequence.
<argument> \@currbox 
                     
l.5917 \end{figure}
                   
The control sequence at the end of the top line
of your error message was never \def'ed. If you have
misspelled it (e.g., `\hobx'), type `I' and the correct
spelling (e.g., `I\hbox'). Otherwise just continue,
and I'll forget about whatever was undefined.



[163]
/Users/jrathi/Projects/pdf-2-latex/files/ai/use-microtype/ai_final.tex:5918: Ar
gument of \@xnext has an extra }.
<inserted text> 
                \par 
l.5918 
       
I've run across a `}' that doesn't seem to match anything.
For example, `\def\a#1{...}' and `\a}' would produce
this error. If you simply proceed now, the `\par' that
I've just inserted will cause me to report a runaway
argument that might be the root of the problem. But if
your `}' was spurious, just type `2' and it will go away.

Runaway argument?
\@currbox \@currlist \ifnum \count \@currbox >\z@ \advance \@pageht \@pagedp \E
TC.
/Users/jrathi/Projects/pdf-2-latex/files/ai/use-microtype/ai_final.tex:5918: Pa
ragraph ended before \@xnext was complete.
<to be read again> 
                   \par 
l.5918 
       
I suspect you've forgotten a `}', causing me to apply this
control sequence to too much text. How can we recover?
My plan is to forget the whole thing and hope for the best.


/Users/jrathi/Projects/pdf-2-latex/files/ai/use-microtype/ai_final.tex:5960: La
TeX Error: Too many unprocessed floats.

See the LaTeX manual or LaTeX Companion for explanation.
Type  H <return>  for immediate help.
 ...                                              
                                                  
l.5960 \begin{figure}[h]
                        
You've lost some text.  Try typing  <return>  to proceed.
If that doesn't work, type  X <return>  to quit.

/Users/jrathi/Projects/pdf-2-latex/files/ai/use-microtype/ai_final.tex:5960: Un
defined control sequence.
\@xfloat ...@fltovf \fi \global \setbox \@currbox 
                                                  \color@vbox \normalcolor \...
l.5960 \begin{figure}[h]
                        
The control sequence at the end of the top line
of your error message was never \def'ed. If you have
misspelled it (e.g., `\hobx'), type `I' and the correct
spelling (e.g., `I\hbox'). Otherwise just continue,
and I'll forget about whatever was undefined.

/Users/jrathi/Projects/pdf-2-latex/files/ai/use-microtype/ai_final.tex:5960: Mi
ssing number, treated as zero.
<to be read again> 
                   \vbox 
l.5960 \begin{figure}[h]
                        
A number should have been here; I inserted `0'.
(If you can't figure out why I needed to see a number,
look up `weird error' in the index to The TeXbook.)

File: ./images/2025_05_12_af19cd5e0d1b8a465ffeg-200.jpg Graphic file (type bmp)

<./images/2025_05_12_af19cd5e0d1b8a465ffeg-200.jpg>
/Users/jrathi/Projects/pdf-2-latex/files/ai/use-microtype/ai_final.tex:5964: Un
defined control sequence.
\@largefloatcheck ->\ifdim \ht \@currbox 
                                         >\textheight \@tempdima -\textheigh...
l.5964 \end{figure}
                   
The control sequence at the end of the top line
of your error message was never \def'ed. If you have
misspelled it (e.g., `\hobx'), type `I' and the correct
spelling (e.g., `I\hbox'). Otherwise just continue,
and I'll forget about whatever was undefined.

/Users/jrathi/Projects/pdf-2-latex/files/ai/use-microtype/ai_final.tex:5964: Mi
ssing number, treated as zero.
<to be read again> 
                   >
l.5964 \end{figure}
                   
A number should have been here; I inserted `0'.
(If you can't figure out why I needed to see a number,
look up `weird error' in the index to The TeXbook.)

/Users/jrathi/Projects/pdf-2-latex/files/ai/use-microtype/ai_final.tex:5964: Un
defined control sequence.
<argument> \@currbox 
                     
l.5964 \end{figure}
                   
The control sequence at the end of the top line
of your error message was never \def'ed. If you have
misspelled it (e.g., `\hobx'), type `I' and the correct
spelling (e.g., `I\hbox'). Otherwise just continue,
and I'll forget about whatever was undefined.

/Users/jrathi/Projects/pdf-2-latex/files/ai/use-microtype/ai_final.tex:5964: Mi
ssing number, treated as zero.
<to be read again> 
                   \@elt 
l.5964 \end{figure}
                   
A number should have been here; I inserted `0'.
(If you can't figure out why I needed to see a number,
look up `weird error' in the index to The TeXbook.)

/Users/jrathi/Projects/pdf-2-latex/files/ai/use-microtype/ai_final.tex:5964: Mi
ssing = inserted for \ifnum.
<to be read again> 
                   \@elt 
l.5964 \end{figure}
                   
I was expecting to see `<', `=', or `>'. Didn't.

/Users/jrathi/Projects/pdf-2-latex/files/ai/use-microtype/ai_final.tex:5964: Mi
ssing number, treated as zero.
<to be read again> 
                   \@elt 
l.5964 \end{figure}
                   
A number should have been here; I inserted `0'.
(If you can't figure out why I needed to see a number,
look up `weird error' in the index to The TeXbook.)


/Users/jrathi/Projects/pdf-2-latex/files/ai/use-microtype/ai_final.tex:5964: La
TeX Error: This may be a LaTeX bug.

See the LaTeX manual or LaTeX Companion for explanation.
Type  H <return>  for immediate help.
 ...                                              
                                                  
l.5964 \end{figure}
                   
Call for help

/Users/jrathi/Projects/pdf-2-latex/files/ai/use-microtype/ai_final.tex:5964: Un
defined control sequence.
\@addmarginpar ...a <\z@ \global \setbox \@marbox 
                                                  \box \@currbox \fi \@tempd...
l.5964 \end{figure}
                   
The control sequence at the end of the top line
of your error message was never \def'ed. If you have
misspelled it (e.g., `\hobx'), type `I' and the correct
spelling (e.g., `I\hbox'). Otherwise just continue,
and I'll forget about whatever was undefined.

/Users/jrathi/Projects/pdf-2-latex/files/ai/use-microtype/ai_final.tex:5964: Mi
ssing number, treated as zero.
<to be read again> 
                   \box 
l.5964 \end{figure}
                   
A number should have been here; I inserted `0'.
(If you can't figure out why I needed to see a number,
look up `weird error' in the index to The TeXbook.)

/Users/jrathi/Projects/pdf-2-latex/files/ai/use-microtype/ai_final.tex:5964: Mi
ssing number, treated as zero.
<to be read again> 
                   \@elt 
l.5964 \end{figure}
                   
A number should have been here; I inserted `0'.
(If you can't figure out why I needed to see a number,
look up `weird error' in the index to The TeXbook.)

/Users/jrathi/Projects/pdf-2-latex/files/ai/use-microtype/ai_final.tex:5964: Un
defined control sequence.
\@addmarginpar ...advance \@tempdima \ht \@marbox 
                                                  \ifdim \@tempdima >\z@ \@l...
l.5964 \end{figure}
                   
The control sequence at the end of the top line
of your error message was never \def'ed. If you have
misspelled it (e.g., `\hobx'), type `I' and the correct
spelling (e.g., `I\hbox'). Otherwise just continue,
and I'll forget about whatever was undefined.

/Users/jrathi/Projects/pdf-2-latex/files/ai/use-microtype/ai_final.tex:5964: Ba
d register code (-65044584).
\@addmarginpar ...e \space moved}\else \@tempdima 
                                                  \z@ \fi \global \@mparbott...
l.5964 \end{figure}
                   
A register number must be between 0 and 32767.
I changed this one to zero.

/Users/jrathi/Projects/pdf-2-latex/files/ai/use-microtype/ai_final.tex:5964: Mi
ssing number, treated as zero.
<to be read again> 
                   \global 
l.5964 \end{figure}
                   
A number should have been here; I inserted `0'.
(If you can't figure out why I needed to see a number,
look up `weird error' in the index to The TeXbook.)

/Users/jrathi/Projects/pdf-2-latex/files/ai/use-microtype/ai_final.tex:5964: Il
legal unit of measure (pt inserted).
<to be read again> 
                   \global 
l.5964 \end{figure}
                   
Dimensions can be in units of em, ex, in, pt, pc,
cm, mm, dd, cc, bp, or sp; but yours is a new one!
I'll assume that you meant to say pt, for printer's points.
To recover gracefully from this error, it's best to
delete the erroneous units; e.g., type `2' to delete
two letters. (See Chapter 27 of The TeXbook.)

/Users/jrathi/Projects/pdf-2-latex/files/ai/use-microtype/ai_final.tex:5964: Un
defined control sequence.
\@addmarginpar ...vance \@mparbottom \dp \@marbox 
                                                  \global \advance \@mparbot...
l.5964 \end{figure}
                   
The control sequence at the end of the top line
of your error message was never \def'ed. If you have
misspelled it (e.g., `\hobx'), type `I' and the correct
spelling (e.g., `I\hbox'). Otherwise just continue,
and I'll forget about whatever was undefined.

/Users/jrathi/Projects/pdf-2-latex/files/ai/use-microtype/ai_final.tex:5964: Mi
ssing number, treated as zero.
<to be read again> 
                   \global 
l.5964 \end{figure}
                   
A number should have been here; I inserted `0'.
(If you can't figure out why I needed to see a number,
look up `weird error' in the index to The TeXbook.)

/Users/jrathi/Projects/pdf-2-latex/files/ai/use-microtype/ai_final.tex:5964: Un
defined control sequence.
\@addmarginpar ...dvance \@tempdima -\ht \@marbox 
                                                  \global \setbox \@marbox \...
l.5964 \end{figure}
                   
The control sequence at the end of the top line
of your error message was never \def'ed. If you have
misspelled it (e.g., `\hobx'), type `I' and the correct
spelling (e.g., `I\hbox'). Otherwise just continue,
and I'll forget about whatever was undefined.

/Users/jrathi/Projects/pdf-2-latex/files/ai/use-microtype/ai_final.tex:5964: Mi
ssing number, treated as zero.
<to be read again> 
                   \global 
l.5964 \end{figure}
                   
A number should have been here; I inserted `0'.
(If you can't figure out why I needed to see a number,
look up `weird error' in the index to The TeXbook.)

/Users/jrathi/Projects/pdf-2-latex/files/ai/use-microtype/ai_final.tex:5964: Un
defined control sequence.
\@addmarginpar ...marbox \global \setbox \@marbox 
                                                  \vbox {\vskip \@tempdima \...
l.5964 \end{figure}
                   
The control sequence at the end of the top line
of your error message was never \def'ed. If you have
misspelled it (e.g., `\hobx'), type `I' and the correct
spelling (e.g., `I\hbox'). Otherwise just continue,
and I'll forget about whatever was undefined.

/Users/jrathi/Projects/pdf-2-latex/files/ai/use-microtype/ai_final.tex:5964: Mi
ssing number, treated as zero.
<to be read again> 
                   \vbox 
l.5964 \end{figure}
                   
A number should have been here; I inserted `0'.
(If you can't figure out why I needed to see a number,
look up `weird error' in the index to The TeXbook.)

/Users/jrathi/Projects/pdf-2-latex/files/ai/use-microtype/ai_final.tex:5964: Un
defined control sequence.
\@addmarginpar ...\vskip \@tempdima \box \@marbox 
                                                  }\global \ht \@marbox \z@ ...
l.5964 \end{figure}
                   
The control sequence at the end of the top line
of your error message was never \def'ed. If you have
misspelled it (e.g., `\hobx'), type `I' and the correct
spelling (e.g., `I\hbox'). Otherwise just continue,
and I'll forget about whatever was undefined.

/Users/jrathi/Projects/pdf-2-latex/files/ai/use-microtype/ai_final.tex:5964: Mi
ssing number, treated as zero.
<to be read again> 
                   }
l.5964 \end{figure}
                   
A number should have been here; I inserted `0'.
(If you can't figure out why I needed to see a number,
look up `weird error' in the index to The TeXbook.)

/Users/jrathi/Projects/pdf-2-latex/files/ai/use-microtype/ai_final.tex:5964: Un
defined control sequence.
\@addmarginpar ... \@marbox }\global \ht \@marbox 
                                                  \z@ \global \dp \@marbox \...
l.5964 \end{figure}
                   
The control sequence at the end of the top line
of your error message was never \def'ed. If you have
misspelled it (e.g., `\hobx'), type `I' and the correct
spelling (e.g., `I\hbox'). Otherwise just continue,
and I'll forget about whatever was undefined.

/Users/jrathi/Projects/pdf-2-latex/files/ai/use-microtype/ai_final.tex:5964: Mi
ssing number, treated as zero.
<to be read again> 
                   \global 
l.5964 \end{figure}
                   
A number should have been here; I inserted `0'.
(If you can't figure out why I needed to see a number,
look up `weird error' in the index to The TeXbook.)

/Users/jrathi/Projects/pdf-2-latex/files/ai/use-microtype/ai_final.tex:5964: Il
legal unit of measure (pt inserted).
<to be read again> 
                   \global 
l.5964 \end{figure}
                   
Dimensions can be in units of em, ex, in, pt, pc,
cm, mm, dd, cc, bp, or sp; but yours is a new one!
I'll assume that you meant to say pt, for printer's points.
To recover gracefully from this error, it's best to
delete the erroneous units; e.g., type `2' to delete
two letters. (See Chapter 27 of The TeXbook.)

/Users/jrathi/Projects/pdf-2-latex/files/ai/use-microtype/ai_final.tex:5964: Un
defined control sequence.
\@addmarginpar ...marbox \z@ \global \dp \@marbox 
                                                  \z@ \kern -\@pagedp \noint...
l.5964 \end{figure}
                   
The control sequence at the end of the top line
of your error message was never \def'ed. If you have
misspelled it (e.g., `\hobx'), type `I' and the correct
spelling (e.g., `I\hbox'). Otherwise just continue,
and I'll forget about whatever was undefined.

/Users/jrathi/Projects/pdf-2-latex/files/ai/use-microtype/ai_final.tex:5964: Mi
ssing number, treated as zero.
<to be read again> 
                   \kern 
l.5964 \end{figure}
                   
A number should have been here; I inserted `0'.
(If you can't figure out why I needed to see a number,
look up `weird error' in the index to The TeXbook.)

/Users/jrathi/Projects/pdf-2-latex/files/ai/use-microtype/ai_final.tex:5964: Il
legal unit of measure (pt inserted).
<to be read again> 
                   \kern 
l.5964 \end{figure}
                   
Dimensions can be in units of em, ex, in, pt, pc,
cm, mm, dd, cc, bp, or sp; but yours is a new one!
I'll assume that you meant to say pt, for printer's points.
To recover gracefully from this error, it's best to
delete the erroneous units; e.g., type `2' to delete
two letters. (See Chapter 27 of The TeXbook.)

/Users/jrathi/Projects/pdf-2-latex/files/ai/use-microtype/ai_final.tex:5964: Un
defined control sequence.
\@addmarginpar ...arginparwidth \fi \box \@marbox 
                                                  \hss }\nointerlineskip \hb...
l.5964 \end{figure}
                   
The control sequence at the end of the top line
of your error message was never \def'ed. If you have
misspelled it (e.g., `\hobx'), type `I' and the correct
spelling (e.g., `I\hbox'). Otherwise just continue,
and I'll forget about whatever was undefined.

/Users/jrathi/Projects/pdf-2-latex/files/ai/use-microtype/ai_final.tex:5964: Mi
ssing number, treated as zero.
<to be read again> 
                   \hss 
l.5964 \end{figure}
                   
A number should have been here; I inserted `0'.
(If you can't figure out why I needed to see a number,
look up `weird error' in the index to The TeXbook.)



[164]

[165]

/Users/jrathi/Projects/pdf-2-latex/files/ai/use-microtype/ai_final.tex:5977: La
TeX Error: Too many unprocessed floats.

See the LaTeX manual or LaTeX Companion for explanation.
Type  H <return>  for immediate help.
 ...                                              
                                                  
l.5977 \begin{figure}[h]
                        
You've lost some text.  Try typing  <return>  to proceed.
If that doesn't work, type  X <return>  to quit.

/Users/jrathi/Projects/pdf-2-latex/files/ai/use-microtype/ai_final.tex:5977: Un
defined control sequence.
\@xfloat ...@fltovf \fi \global \setbox \@currbox 
                                                  \color@vbox \normalcolor \...
l.5977 \begin{figure}[h]
                        
The control sequence at the end of the top line
of your error message was never \def'ed. If you have
misspelled it (e.g., `\hobx'), type `I' and the correct
spelling (e.g., `I\hbox'). Otherwise just continue,
and I'll forget about whatever was undefined.

/Users/jrathi/Projects/pdf-2-latex/files/ai/use-microtype/ai_final.tex:5977: Mi
ssing number, treated as zero.
<to be read again> 
                   \vbox 
l.5977 \begin{figure}[h]
                        
A number should have been here; I inserted `0'.
(If you can't figure out why I needed to see a number,
look up `weird error' in the index to The TeXbook.)

File: ./images/2025_05_12_af19cd5e0d1b8a465ffeg-201.jpg Graphic file (type bmp)

<./images/2025_05_12_af19cd5e0d1b8a465ffeg-201.jpg>

Underfull \hbox (badness 10000) in paragraph at lines 5980--5980

 []

/Users/jrathi/Projects/pdf-2-latex/files/ai/use-microtype/ai_final.tex:5981: Un
defined control sequence.
\@largefloatcheck ->\ifdim \ht \@currbox 
                                         >\textheight \@tempdima -\textheigh...
l.5981 \end{figure}
                   
The control sequence at the end of the top line
of your error message was never \def'ed. If you have
misspelled it (e.g., `\hobx'), type `I' and the correct
spelling (e.g., `I\hbox'). Otherwise just continue,
and I'll forget about whatever was undefined.

/Users/jrathi/Projects/pdf-2-latex/files/ai/use-microtype/ai_final.tex:5981: Mi
ssing number, treated as zero.
<to be read again> 
                   >
l.5981 \end{figure}
                   
A number should have been here; I inserted `0'.
(If you can't figure out why I needed to see a number,
look up `weird error' in the index to The TeXbook.)

/Users/jrathi/Projects/pdf-2-latex/files/ai/use-microtype/ai_final.tex:5981: Un
defined control sequence.
<argument> \@currbox 
                     
l.5981 \end{figure}
                   
The control sequence at the end of the top line
of your error message was never \def'ed. If you have
misspelled it (e.g., `\hobx'), type `I' and the correct
spelling (e.g., `I\hbox'). Otherwise just continue,
and I'll forget about whatever was undefined.

/Users/jrathi/Projects/pdf-2-latex/files/ai/use-microtype/ai_final.tex:5981: Ar
gument of \@xnext has an extra }.
<inserted text> 
                \par 
l.5981 \end{figure}
                   
I've run across a `}' that doesn't seem to match anything.
For example, `\def\a#1{...}' and `\a}' would produce
this error. If you simply proceed now, the `\par' that
I've just inserted will cause me to report a runaway
argument that might be the root of the problem. But if
your `}' was spurious, just type `2' and it will go away.

Runaway argument?
\@currbox \@currlist \ifnum \count \@currbox >\z@ \advance \@pageht \@pagedp \E
TC.
/Users/jrathi/Projects/pdf-2-latex/files/ai/use-microtype/ai_final.tex:5981: Pa
ragraph ended before \@xnext was complete.
<to be read again> 
                   \par 
l.5981 \end{figure}
                   
I suspect you've forgotten a `}', causing me to apply this
control sequence to too much text. How can we recover?
My plan is to forget the whole thing and hope for the best.

/Users/jrathi/Projects/pdf-2-latex/files/ai/use-microtype/ai_final.tex:5981: Ex
tra \else.
\end@float ...pdima \penalty \@floatpenalty \else 
                                                  \vadjust {\penalty -\@Miv ...
l.5981 \end{figure}
                   
I'm ignoring this; it doesn't match any \if.

/Users/jrathi/Projects/pdf-2-latex/files/ai/use-microtype/ai_final.tex:5981: Yo
u can't use `\vadjust' in vertical mode.
\end@float ...nalty \@floatpenalty \else \vadjust 
                                                  {\penalty -\@Miv \vbox {}\...
l.5981 \end{figure}
                   
Sorry, but I'm not programmed to handle this case;
I'll just pretend that you didn't ask for it.
If you're in the wrong mode, you might be able to
return to the right one by typing `I}' or `I$' or `I\par'.

/Users/jrathi/Projects/pdf-2-latex/files/ai/use-microtype/ai_final.tex:5981: Ar
gument of \@xnext has an extra }.
<inserted text> 
                \par 
l.5981 \end{figure}
                   
I've run across a `}' that doesn't seem to match anything.
For example, `\def\a#1{...}' and `\a}' would produce
this error. If you simply proceed now, the `\par' that
I've just inserted will cause me to report a runaway
argument that might be the root of the problem. But if
your `}' was spurious, just type `2' and it will go away.

Runaway argument?
\@currbox \@currlist \ifnum \count \@currbox >\z@ \advance \@pageht \@pagedp \E
TC.
/Users/jrathi/Projects/pdf-2-latex/files/ai/use-microtype/ai_final.tex:5981: Pa
ragraph ended before \@xnext was complete.
<to be read again> 
                   \par 
l.5981 \end{figure}
                   
I suspect you've forgotten a `}', causing me to apply this
control sequence to too much text. How can we recover?
My plan is to forget the whole thing and hope for the best.


Overfull \hbox (25.37016pt too wide) in paragraph at lines 5991--6016
 [] 
 []


/Users/jrathi/Projects/pdf-2-latex/files/ai/use-microtype/ai_final.tex:6032: La
TeX Error: Too many unprocessed floats.

See the LaTeX manual or LaTeX Companion for explanation.
Type  H <return>  for immediate help.
 ...                                              
                                                  
l.6032 \begin{figure}[h]
                        
You've lost some text.  Try typing  <return>  to proceed.
If that doesn't work, type  X <return>  to quit.

/Users/jrathi/Projects/pdf-2-latex/files/ai/use-microtype/ai_final.tex:6032: Un
defined control sequence.
\@xfloat ...@fltovf \fi \global \setbox \@currbox 
                                                  \color@vbox \normalcolor \...
l.6032 \begin{figure}[h]
                        
The control sequence at the end of the top line
of your error message was never \def'ed. If you have
misspelled it (e.g., `\hobx'), type `I' and the correct
spelling (e.g., `I\hbox'). Otherwise just continue,
and I'll forget about whatever was undefined.

/Users/jrathi/Projects/pdf-2-latex/files/ai/use-microtype/ai_final.tex:6032: Mi
ssing number, treated as zero.
<to be read again> 
                   \vbox 
l.6032 \begin{figure}[h]
                        
A number should have been here; I inserted `0'.
(If you can't figure out why I needed to see a number,
look up `weird error' in the index to The TeXbook.)

File: ./images/2025_05_12_af19cd5e0d1b8a465ffeg-203.jpg Graphic file (type bmp)

<./images/2025_05_12_af19cd5e0d1b8a465ffeg-203.jpg>
/Users/jrathi/Projects/pdf-2-latex/files/ai/use-microtype/ai_final.tex:6036: Un
defined control sequence.
\@largefloatcheck ->\ifdim \ht \@currbox 
                                         >\textheight \@tempdima -\textheigh...
l.6036 \end{figure}
                   
The control sequence at the end of the top line
of your error message was never \def'ed. If you have
misspelled it (e.g., `\hobx'), type `I' and the correct
spelling (e.g., `I\hbox'). Otherwise just continue,
and I'll forget about whatever was undefined.

/Users/jrathi/Projects/pdf-2-latex/files/ai/use-microtype/ai_final.tex:6036: Mi
ssing number, treated as zero.
<to be read again> 
                   >
l.6036 \end{figure}
                   
A number should have been here; I inserted `0'.
(If you can't figure out why I needed to see a number,
look up `weird error' in the index to The TeXbook.)

/Users/jrathi/Projects/pdf-2-latex/files/ai/use-microtype/ai_final.tex:6036: Un
defined control sequence.
<argument> \@currbox 
                     
l.6036 \end{figure}
                   
The control sequence at the end of the top line
of your error message was never \def'ed. If you have
misspelled it (e.g., `\hobx'), type `I' and the correct
spelling (e.g., `I\hbox'). Otherwise just continue,
and I'll forget about whatever was undefined.

/Users/jrathi/Projects/pdf-2-latex/files/ai/use-microtype/ai_final.tex:6036: Mi
ssing number, treated as zero.
<to be read again> 
                   \@elt 
l.6036 \end{figure}
                   
A number should have been here; I inserted `0'.
(If you can't figure out why I needed to see a number,
look up `weird error' in the index to The TeXbook.)

/Users/jrathi/Projects/pdf-2-latex/files/ai/use-microtype/ai_final.tex:6036: Mi
ssing = inserted for \ifnum.
<to be read again> 
                   \@elt 
l.6036 \end{figure}
                   
I was expecting to see `<', `=', or `>'. Didn't.

/Users/jrathi/Projects/pdf-2-latex/files/ai/use-microtype/ai_final.tex:6036: Mi
ssing number, treated as zero.
<to be read again> 
                   \@elt 
l.6036 \end{figure}
                   
A number should have been here; I inserted `0'.
(If you can't figure out why I needed to see a number,
look up `weird error' in the index to The TeXbook.)


/Users/jrathi/Projects/pdf-2-latex/files/ai/use-microtype/ai_final.tex:6036: La
TeX Error: This may be a LaTeX bug.

See the LaTeX manual or LaTeX Companion for explanation.
Type  H <return>  for immediate help.
 ...                                              
                                                  
l.6036 \end{figure}
                   
Call for help

/Users/jrathi/Projects/pdf-2-latex/files/ai/use-microtype/ai_final.tex:6036: Un
defined control sequence.
\@addmarginpar ...a <\z@ \global \setbox \@marbox 
                                                  \box \@currbox \fi \@tempd...
l.6036 \end{figure}
                   
The control sequence at the end of the top line
of your error message was never \def'ed. If you have
misspelled it (e.g., `\hobx'), type `I' and the correct
spelling (e.g., `I\hbox'). Otherwise just continue,
and I'll forget about whatever was undefined.

/Users/jrathi/Projects/pdf-2-latex/files/ai/use-microtype/ai_final.tex:6036: Mi
ssing number, treated as zero.
<to be read again> 
                   \box 
l.6036 \end{figure}
                   
A number should have been here; I inserted `0'.
(If you can't figure out why I needed to see a number,
look up `weird error' in the index to The TeXbook.)

/Users/jrathi/Projects/pdf-2-latex/files/ai/use-microtype/ai_final.tex:6036: Mi
ssing number, treated as zero.
<to be read again> 
                   \@elt 
l.6036 \end{figure}
                   
A number should have been here; I inserted `0'.
(If you can't figure out why I needed to see a number,
look up `weird error' in the index to The TeXbook.)

/Users/jrathi/Projects/pdf-2-latex/files/ai/use-microtype/ai_final.tex:6036: Un
defined control sequence.
\@addmarginpar ...advance \@tempdima \ht \@marbox 
                                                  \ifdim \@tempdima >\z@ \@l...
l.6036 \end{figure}
                   
The control sequence at the end of the top line
of your error message was never \def'ed. If you have
misspelled it (e.g., `\hobx'), type `I' and the correct
spelling (e.g., `I\hbox'). Otherwise just continue,
and I'll forget about whatever was undefined.

/Users/jrathi/Projects/pdf-2-latex/files/ai/use-microtype/ai_final.tex:6036: Ba
d register code (-81717184).
\@addmarginpar ...e \space moved}\else \@tempdima 
                                                  \z@ \fi \global \@mparbott...
l.6036 \end{figure}
                   
A register number must be between 0 and 32767.
I changed this one to zero.

/Users/jrathi/Projects/pdf-2-latex/files/ai/use-microtype/ai_final.tex:6036: Mi
ssing number, treated as zero.
<to be read again> 
                   \global 
l.6036 \end{figure}
                   
A number should have been here; I inserted `0'.
(If you can't figure out why I needed to see a number,
look up `weird error' in the index to The TeXbook.)

/Users/jrathi/Projects/pdf-2-latex/files/ai/use-microtype/ai_final.tex:6036: Il
legal unit of measure (pt inserted).
<to be read again> 
                   \global 
l.6036 \end{figure}
                   
Dimensions can be in units of em, ex, in, pt, pc,
cm, mm, dd, cc, bp, or sp; but yours is a new one!
I'll assume that you meant to say pt, for printer's points.
To recover gracefully from this error, it's best to
delete the erroneous units; e.g., type `2' to delete
two letters. (See Chapter 27 of The TeXbook.)

/Users/jrathi/Projects/pdf-2-latex/files/ai/use-microtype/ai_final.tex:6036: Un
defined control sequence.
\@addmarginpar ...vance \@mparbottom \dp \@marbox 
                                                  \global \advance \@mparbot...
l.6036 \end{figure}
                   
The control sequence at the end of the top line
of your error message was never \def'ed. If you have
misspelled it (e.g., `\hobx'), type `I' and the correct
spelling (e.g., `I\hbox'). Otherwise just continue,
and I'll forget about whatever was undefined.

/Users/jrathi/Projects/pdf-2-latex/files/ai/use-microtype/ai_final.tex:6036: Mi
ssing number, treated as zero.
<to be read again> 
                   \global 
l.6036 \end{figure}
                   
A number should have been here; I inserted `0'.
(If you can't figure out why I needed to see a number,
look up `weird error' in the index to The TeXbook.)

/Users/jrathi/Projects/pdf-2-latex/files/ai/use-microtype/ai_final.tex:6036: Un
defined control sequence.
\@addmarginpar ...dvance \@tempdima -\ht \@marbox 
                                                  \global \setbox \@marbox \...
l.6036 \end{figure}
                   
The control sequence at the end of the top line
of your error message was never \def'ed. If you have
misspelled it (e.g., `\hobx'), type `I' and the correct
spelling (e.g., `I\hbox'). Otherwise just continue,
and I'll forget about whatever was undefined.

/Users/jrathi/Projects/pdf-2-latex/files/ai/use-microtype/ai_final.tex:6036: Mi
ssing number, treated as zero.
<to be read again> 
                   \global 
l.6036 \end{figure}
                   
A number should have been here; I inserted `0'.
(If you can't figure out why I needed to see a number,
look up `weird error' in the index to The TeXbook.)

/Users/jrathi/Projects/pdf-2-latex/files/ai/use-microtype/ai_final.tex:6036: Un
defined control sequence.
\@addmarginpar ...marbox \global \setbox \@marbox 
                                                  \vbox {\vskip \@tempdima \...
l.6036 \end{figure}
                   
The control sequence at the end of the top line
of your error message was never \def'ed. If you have
misspelled it (e.g., `\hobx'), type `I' and the correct
spelling (e.g., `I\hbox'). Otherwise just continue,
and I'll forget about whatever was undefined.

/Users/jrathi/Projects/pdf-2-latex/files/ai/use-microtype/ai_final.tex:6036: Mi
ssing number, treated as zero.
<to be read again> 
                   \vbox 
l.6036 \end{figure}
                   
A number should have been here; I inserted `0'.
(If you can't figure out why I needed to see a number,
look up `weird error' in the index to The TeXbook.)

/Users/jrathi/Projects/pdf-2-latex/files/ai/use-microtype/ai_final.tex:6036: Un
defined control sequence.
\@addmarginpar ...\vskip \@tempdima \box \@marbox 
                                                  }\global \ht \@marbox \z@ ...
l.6036 \end{figure}
                   
The control sequence at the end of the top line
of your error message was never \def'ed. If you have
misspelled it (e.g., `\hobx'), type `I' and the correct
spelling (e.g., `I\hbox'). Otherwise just continue,
and I'll forget about whatever was undefined.

/Users/jrathi/Projects/pdf-2-latex/files/ai/use-microtype/ai_final.tex:6036: Mi
ssing number, treated as zero.
<to be read again> 
                   }
l.6036 \end{figure}
                   
A number should have been here; I inserted `0'.
(If you can't figure out why I needed to see a number,
look up `weird error' in the index to The TeXbook.)

/Users/jrathi/Projects/pdf-2-latex/files/ai/use-microtype/ai_final.tex:6036: Un
defined control sequence.
\@addmarginpar ... \@marbox }\global \ht \@marbox 
                                                  \z@ \global \dp \@marbox \...
l.6036 \end{figure}
                   
The control sequence at the end of the top line
of your error message was never \def'ed. If you have
misspelled it (e.g., `\hobx'), type `I' and the correct
spelling (e.g., `I\hbox'). Otherwise just continue,
and I'll forget about whatever was undefined.

/Users/jrathi/Projects/pdf-2-latex/files/ai/use-microtype/ai_final.tex:6036: Mi
ssing number, treated as zero.
<to be read again> 
                   \global 
l.6036 \end{figure}
                   
A number should have been here; I inserted `0'.
(If you can't figure out why I needed to see a number,
look up `weird error' in the index to The TeXbook.)

/Users/jrathi/Projects/pdf-2-latex/files/ai/use-microtype/ai_final.tex:6036: Il
legal unit of measure (pt inserted).
<to be read again> 
                   \global 
l.6036 \end{figure}
                   
Dimensions can be in units of em, ex, in, pt, pc,
cm, mm, dd, cc, bp, or sp; but yours is a new one!
I'll assume that you meant to say pt, for printer's points.
To recover gracefully from this error, it's best to
delete the erroneous units; e.g., type `2' to delete
two letters. (See Chapter 27 of The TeXbook.)

/Users/jrathi/Projects/pdf-2-latex/files/ai/use-microtype/ai_final.tex:6036: Un
defined control sequence.
\@addmarginpar ...marbox \z@ \global \dp \@marbox 
                                                  \z@ \kern -\@pagedp \noint...
l.6036 \end{figure}
                   
The control sequence at the end of the top line
of your error message was never \def'ed. If you have
misspelled it (e.g., `\hobx'), type `I' and the correct
spelling (e.g., `I\hbox'). Otherwise just continue,
and I'll forget about whatever was undefined.

/Users/jrathi/Projects/pdf-2-latex/files/ai/use-microtype/ai_final.tex:6036: Mi
ssing number, treated as zero.
<to be read again> 
                   \kern 
l.6036 \end{figure}
                   
A number should have been here; I inserted `0'.
(If you can't figure out why I needed to see a number,
look up `weird error' in the index to The TeXbook.)

/Users/jrathi/Projects/pdf-2-latex/files/ai/use-microtype/ai_final.tex:6036: Il
legal unit of measure (pt inserted).
<to be read again> 
                   \kern 
l.6036 \end{figure}
                   
Dimensions can be in units of em, ex, in, pt, pc,
cm, mm, dd, cc, bp, or sp; but yours is a new one!
I'll assume that you meant to say pt, for printer's points.
To recover gracefully from this error, it's best to
delete the erroneous units; e.g., type `2' to delete
two letters. (See Chapter 27 of The TeXbook.)

/Users/jrathi/Projects/pdf-2-latex/files/ai/use-microtype/ai_final.tex:6036: Un
defined control sequence.
\@addmarginpar ...arginparwidth \fi \box \@marbox 
                                                  \hss }\nointerlineskip \hb...
l.6036 \end{figure}
                   
The control sequence at the end of the top line
of your error message was never \def'ed. If you have
misspelled it (e.g., `\hobx'), type `I' and the correct
spelling (e.g., `I\hbox'). Otherwise just continue,
and I'll forget about whatever was undefined.

/Users/jrathi/Projects/pdf-2-latex/files/ai/use-microtype/ai_final.tex:6036: Mi
ssing number, treated as zero.
<to be read again> 
                   \hss 
l.6036 \end{figure}
                   
A number should have been here; I inserted `0'.
(If you can't figure out why I needed to see a number,
look up `weird error' in the index to The TeXbook.)



[166]

[167]

[168]
Overfull \hbox (199.9833pt too wide) in paragraph at lines 6053--6066
 [] 
 []



[169]

/Users/jrathi/Projects/pdf-2-latex/files/ai/use-microtype/ai_final.tex:6084: La
TeX Error: Too many unprocessed floats.

See the LaTeX manual or LaTeX Companion for explanation.
Type  H <return>  for immediate help.
 ...                                              
                                                  
l.6084 \begin{figure}[h]
                        
You've lost some text.  Try typing  <return>  to proceed.
If that doesn't work, type  X <return>  to quit.

/Users/jrathi/Projects/pdf-2-latex/files/ai/use-microtype/ai_final.tex:6084: Un
defined control sequence.
\@xfloat ...@fltovf \fi \global \setbox \@currbox 
                                                  \color@vbox \normalcolor \...
l.6084 \begin{figure}[h]
                        
The control sequence at the end of the top line
of your error message was never \def'ed. If you have
misspelled it (e.g., `\hobx'), type `I' and the correct
spelling (e.g., `I\hbox'). Otherwise just continue,
and I'll forget about whatever was undefined.

/Users/jrathi/Projects/pdf-2-latex/files/ai/use-microtype/ai_final.tex:6084: Mi
ssing number, treated as zero.
<to be read again> 
                   \vbox 
l.6084 \begin{figure}[h]
                        
A number should have been here; I inserted `0'.
(If you can't figure out why I needed to see a number,
look up `weird error' in the index to The TeXbook.)

File: ./images/2025_05_12_af19cd5e0d1b8a465ffeg-205.jpg Graphic file (type bmp)

<./images/2025_05_12_af19cd5e0d1b8a465ffeg-205.jpg>
/Users/jrathi/Projects/pdf-2-latex/files/ai/use-microtype/ai_final.tex:6088: Un
defined control sequence.
\@largefloatcheck ->\ifdim \ht \@currbox 
                                         >\textheight \@tempdima -\textheigh...
l.6088 \end{figure}
                   
The control sequence at the end of the top line
of your error message was never \def'ed. If you have
misspelled it (e.g., `\hobx'), type `I' and the correct
spelling (e.g., `I\hbox'). Otherwise just continue,
and I'll forget about whatever was undefined.

/Users/jrathi/Projects/pdf-2-latex/files/ai/use-microtype/ai_final.tex:6088: Mi
ssing number, treated as zero.
<to be read again> 
                   >
l.6088 \end{figure}
                   
A number should have been here; I inserted `0'.
(If you can't figure out why I needed to see a number,
look up `weird error' in the index to The TeXbook.)

/Users/jrathi/Projects/pdf-2-latex/files/ai/use-microtype/ai_final.tex:6088: Un
defined control sequence.
<argument> \@currbox 
                     
l.6088 \end{figure}
                   
The control sequence at the end of the top line
of your error message was never \def'ed. If you have
misspelled it (e.g., `\hobx'), type `I' and the correct
spelling (e.g., `I\hbox'). Otherwise just continue,
and I'll forget about whatever was undefined.

/Users/jrathi/Projects/pdf-2-latex/files/ai/use-microtype/ai_final.tex:6088: Ar
gument of \@xnext has an extra }.
<inserted text> 
                \par 
l.6088 \end{figure}
                   
I've run across a `}' that doesn't seem to match anything.
For example, `\def\a#1{...}' and `\a}' would produce
this error. If you simply proceed now, the `\par' that
I've just inserted will cause me to report a runaway
argument that might be the root of the problem. But if
your `}' was spurious, just type `2' and it will go away.

Runaway argument?
\@currbox \@currlist \ifnum \count \@currbox >\z@ \advance \@pageht \@pagedp \E
TC.
/Users/jrathi/Projects/pdf-2-latex/files/ai/use-microtype/ai_final.tex:6088: Pa
ragraph ended before \@xnext was complete.
<to be read again> 
                   \par 
l.6088 \end{figure}
                   
I suspect you've forgotten a `}', causing me to apply this
control sequence to too much text. How can we recover?
My plan is to forget the whole thing and hope for the best.

/Users/jrathi/Projects/pdf-2-latex/files/ai/use-microtype/ai_final.tex:6088: Ex
tra \else.
\end@float ...pdima \penalty \@floatpenalty \else 
                                                  \vadjust {\penalty -\@Miv ...
l.6088 \end{figure}
                   
I'm ignoring this; it doesn't match any \if.

/Users/jrathi/Projects/pdf-2-latex/files/ai/use-microtype/ai_final.tex:6088: Yo
u can't use `\vadjust' in vertical mode.
\end@float ...nalty \@floatpenalty \else \vadjust 
                                                  {\penalty -\@Miv \vbox {}\...
l.6088 \end{figure}
                   
Sorry, but I'm not programmed to handle this case;
I'll just pretend that you didn't ask for it.
If you're in the wrong mode, you might be able to
return to the right one by typing `I}' or `I$' or `I\par'.

/Users/jrathi/Projects/pdf-2-latex/files/ai/use-microtype/ai_final.tex:6088: Ar
gument of \@xnext has an extra }.
<inserted text> 
                \par 
l.6088 \end{figure}
                   
I've run across a `}' that doesn't seem to match anything.
For example, `\def\a#1{...}' and `\a}' would produce
this error. If you simply proceed now, the `\par' that
I've just inserted will cause me to report a runaway
argument that might be the root of the problem. But if
your `}' was spurious, just type `2' and it will go away.

Runaway argument?
\@currbox \@currlist \ifnum \count \@currbox >\z@ \advance \@pageht \@pagedp \E
TC.
/Users/jrathi/Projects/pdf-2-latex/files/ai/use-microtype/ai_final.tex:6088: Pa
ragraph ended before \@xnext was complete.
<to be read again> 
                   \par 
l.6088 \end{figure}
                   
I suspect you've forgotten a `}', causing me to apply this
control sequence to too much text. How can we recover?
My plan is to forget the whole thing and hope for the best.


/Users/jrathi/Projects/pdf-2-latex/files/ai/use-microtype/ai_final.tex:6178: La
TeX Error: Too many unprocessed floats.

See the LaTeX manual or LaTeX Companion for explanation.
Type  H <return>  for immediate help.
 ...                                              
                                                  
l.6178 \begin{figure}[h]
                        
You've lost some text.  Try typing  <return>  to proceed.
If that doesn't work, type  X <return>  to quit.

/Users/jrathi/Projects/pdf-2-latex/files/ai/use-microtype/ai_final.tex:6178: Un
defined control sequence.
\@xfloat ...@fltovf \fi \global \setbox \@currbox 
                                                  \color@vbox \normalcolor \...
l.6178 \begin{figure}[h]
                        
The control sequence at the end of the top line
of your error message was never \def'ed. If you have
misspelled it (e.g., `\hobx'), type `I' and the correct
spelling (e.g., `I\hbox'). Otherwise just continue,
and I'll forget about whatever was undefined.

/Users/jrathi/Projects/pdf-2-latex/files/ai/use-microtype/ai_final.tex:6178: Mi
ssing number, treated as zero.
<to be read again> 
                   \vbox 
l.6178 \begin{figure}[h]
                        
A number should have been here; I inserted `0'.
(If you can't figure out why I needed to see a number,
look up `weird error' in the index to The TeXbook.)

File: ./images/2025_05_12_af19cd5e0d1b8a465ffeg-207.jpg Graphic file (type bmp)

<./images/2025_05_12_af19cd5e0d1b8a465ffeg-207.jpg>

Underfull \hbox (badness 10000) in paragraph at lines 6181--6181

 []

/Users/jrathi/Projects/pdf-2-latex/files/ai/use-microtype/ai_final.tex:6182: Un
defined control sequence.
\@largefloatcheck ->\ifdim \ht \@currbox 
                                         >\textheight \@tempdima -\textheigh...
l.6182 \end{figure}
                   
The control sequence at the end of the top line
of your error message was never \def'ed. If you have
misspelled it (e.g., `\hobx'), type `I' and the correct
spelling (e.g., `I\hbox'). Otherwise just continue,
and I'll forget about whatever was undefined.

/Users/jrathi/Projects/pdf-2-latex/files/ai/use-microtype/ai_final.tex:6182: Mi
ssing number, treated as zero.
<to be read again> 
                   >
l.6182 \end{figure}
                   
A number should have been here; I inserted `0'.
(If you can't figure out why I needed to see a number,
look up `weird error' in the index to The TeXbook.)

/Users/jrathi/Projects/pdf-2-latex/files/ai/use-microtype/ai_final.tex:6182: Un
defined control sequence.
<argument> \@currbox 
                     
l.6182 \end{figure}
                   
The control sequence at the end of the top line
of your error message was never \def'ed. If you have
misspelled it (e.g., `\hobx'), type `I' and the correct
spelling (e.g., `I\hbox'). Otherwise just continue,
and I'll forget about whatever was undefined.

/Users/jrathi/Projects/pdf-2-latex/files/ai/use-microtype/ai_final.tex:6182: Mi
ssing number, treated as zero.
<to be read again> 
                   \@elt 
l.6182 \end{figure}
                   
A number should have been here; I inserted `0'.
(If you can't figure out why I needed to see a number,
look up `weird error' in the index to The TeXbook.)

/Users/jrathi/Projects/pdf-2-latex/files/ai/use-microtype/ai_final.tex:6182: Mi
ssing = inserted for \ifnum.
<to be read again> 
                   \@elt 
l.6182 \end{figure}
                   
I was expecting to see `<', `=', or `>'. Didn't.

/Users/jrathi/Projects/pdf-2-latex/files/ai/use-microtype/ai_final.tex:6182: Mi
ssing number, treated as zero.
<to be read again> 
                   \@elt 
l.6182 \end{figure}
                   
A number should have been here; I inserted `0'.
(If you can't figure out why I needed to see a number,
look up `weird error' in the index to The TeXbook.)


/Users/jrathi/Projects/pdf-2-latex/files/ai/use-microtype/ai_final.tex:6182: La
TeX Error: This may be a LaTeX bug.

See the LaTeX manual or LaTeX Companion for explanation.
Type  H <return>  for immediate help.
 ...                                              
                                                  
l.6182 \end{figure}
                   
Call for help

/Users/jrathi/Projects/pdf-2-latex/files/ai/use-microtype/ai_final.tex:6182: Un
defined control sequence.
\@addmarginpar ...a <\z@ \global \setbox \@marbox 
                                                  \box \@currbox \fi \@tempd...
l.6182 \end{figure}
                   
The control sequence at the end of the top line
of your error message was never \def'ed. If you have
misspelled it (e.g., `\hobx'), type `I' and the correct
spelling (e.g., `I\hbox'). Otherwise just continue,
and I'll forget about whatever was undefined.

/Users/jrathi/Projects/pdf-2-latex/files/ai/use-microtype/ai_final.tex:6182: Mi
ssing number, treated as zero.
<to be read again> 
                   \box 
l.6182 \end{figure}
                   
A number should have been here; I inserted `0'.
(If you can't figure out why I needed to see a number,
look up `weird error' in the index to The TeXbook.)

/Users/jrathi/Projects/pdf-2-latex/files/ai/use-microtype/ai_final.tex:6182: Mi
ssing number, treated as zero.
<to be read again> 
                   \@elt 
l.6182 \end{figure}
                   
A number should have been here; I inserted `0'.
(If you can't figure out why I needed to see a number,
look up `weird error' in the index to The TeXbook.)

/Users/jrathi/Projects/pdf-2-latex/files/ai/use-microtype/ai_final.tex:6182: Un
defined control sequence.
\@addmarginpar ...advance \@tempdima \ht \@marbox 
                                                  \ifdim \@tempdima >\z@ \@l...
l.6182 \end{figure}
                   
The control sequence at the end of the top line
of your error message was never \def'ed. If you have
misspelled it (e.g., `\hobx'), type `I' and the correct
spelling (e.g., `I\hbox'). Otherwise just continue,
and I'll forget about whatever was undefined.

/Users/jrathi/Projects/pdf-2-latex/files/ai/use-microtype/ai_final.tex:6182: Ba
d register code (-67020513).
\@addmarginpar ...e \space moved}\else \@tempdima 
                                                  \z@ \fi \global \@mparbott...
l.6182 \end{figure}
                   
A register number must be between 0 and 32767.
I changed this one to zero.

/Users/jrathi/Projects/pdf-2-latex/files/ai/use-microtype/ai_final.tex:6182: Mi
ssing number, treated as zero.
<to be read again> 
                   \global 
l.6182 \end{figure}
                   
A number should have been here; I inserted `0'.
(If you can't figure out why I needed to see a number,
look up `weird error' in the index to The TeXbook.)

/Users/jrathi/Projects/pdf-2-latex/files/ai/use-microtype/ai_final.tex:6182: Il
legal unit of measure (pt inserted).
<to be read again> 
                   \global 
l.6182 \end{figure}
                   
Dimensions can be in units of em, ex, in, pt, pc,
cm, mm, dd, cc, bp, or sp; but yours is a new one!
I'll assume that you meant to say pt, for printer's points.
To recover gracefully from this error, it's best to
delete the erroneous units; e.g., type `2' to delete
two letters. (See Chapter 27 of The TeXbook.)

/Users/jrathi/Projects/pdf-2-latex/files/ai/use-microtype/ai_final.tex:6182: Un
defined control sequence.
\@addmarginpar ...vance \@mparbottom \dp \@marbox 
                                                  \global \advance \@mparbot...
l.6182 \end{figure}
                   
The control sequence at the end of the top line
of your error message was never \def'ed. If you have
misspelled it (e.g., `\hobx'), type `I' and the correct
spelling (e.g., `I\hbox'). Otherwise just continue,
and I'll forget about whatever was undefined.

/Users/jrathi/Projects/pdf-2-latex/files/ai/use-microtype/ai_final.tex:6182: Mi
ssing number, treated as zero.
<to be read again> 
                   \global 
l.6182 \end{figure}
                   
A number should have been here; I inserted `0'.
(If you can't figure out why I needed to see a number,
look up `weird error' in the index to The TeXbook.)

/Users/jrathi/Projects/pdf-2-latex/files/ai/use-microtype/ai_final.tex:6182: Un
defined control sequence.
\@addmarginpar ...dvance \@tempdima -\ht \@marbox 
                                                  \global \setbox \@marbox \...
l.6182 \end{figure}
                   
The control sequence at the end of the top line
of your error message was never \def'ed. If you have
misspelled it (e.g., `\hobx'), type `I' and the correct
spelling (e.g., `I\hbox'). Otherwise just continue,
and I'll forget about whatever was undefined.

/Users/jrathi/Projects/pdf-2-latex/files/ai/use-microtype/ai_final.tex:6182: Mi
ssing number, treated as zero.
<to be read again> 
                   \global 
l.6182 \end{figure}
                   
A number should have been here; I inserted `0'.
(If you can't figure out why I needed to see a number,
look up `weird error' in the index to The TeXbook.)

/Users/jrathi/Projects/pdf-2-latex/files/ai/use-microtype/ai_final.tex:6182: Un
defined control sequence.
\@addmarginpar ...marbox \global \setbox \@marbox 
                                                  \vbox {\vskip \@tempdima \...
l.6182 \end{figure}
                   
The control sequence at the end of the top line
of your error message was never \def'ed. If you have
misspelled it (e.g., `\hobx'), type `I' and the correct
spelling (e.g., `I\hbox'). Otherwise just continue,
and I'll forget about whatever was undefined.

/Users/jrathi/Projects/pdf-2-latex/files/ai/use-microtype/ai_final.tex:6182: Mi
ssing number, treated as zero.
<to be read again> 
                   \vbox 
l.6182 \end{figure}
                   
A number should have been here; I inserted `0'.
(If you can't figure out why I needed to see a number,
look up `weird error' in the index to The TeXbook.)

/Users/jrathi/Projects/pdf-2-latex/files/ai/use-microtype/ai_final.tex:6182: Un
defined control sequence.
\@addmarginpar ...\vskip \@tempdima \box \@marbox 
                                                  }\global \ht \@marbox \z@ ...
l.6182 \end{figure}
                   
The control sequence at the end of the top line
of your error message was never \def'ed. If you have
misspelled it (e.g., `\hobx'), type `I' and the correct
spelling (e.g., `I\hbox'). Otherwise just continue,
and I'll forget about whatever was undefined.

/Users/jrathi/Projects/pdf-2-latex/files/ai/use-microtype/ai_final.tex:6182: Mi
ssing number, treated as zero.
<to be read again> 
                   }
l.6182 \end{figure}
                   
A number should have been here; I inserted `0'.
(If you can't figure out why I needed to see a number,
look up `weird error' in the index to The TeXbook.)

/Users/jrathi/Projects/pdf-2-latex/files/ai/use-microtype/ai_final.tex:6182: Un
defined control sequence.
\@addmarginpar ... \@marbox }\global \ht \@marbox 
                                                  \z@ \global \dp \@marbox \...
l.6182 \end{figure}
                   
The control sequence at the end of the top line
of your error message was never \def'ed. If you have
misspelled it (e.g., `\hobx'), type `I' and the correct
spelling (e.g., `I\hbox'). Otherwise just continue,
and I'll forget about whatever was undefined.

/Users/jrathi/Projects/pdf-2-latex/files/ai/use-microtype/ai_final.tex:6182: Mi
ssing number, treated as zero.
<to be read again> 
                   \global 
l.6182 \end{figure}
                   
A number should have been here; I inserted `0'.
(If you can't figure out why I needed to see a number,
look up `weird error' in the index to The TeXbook.)

/Users/jrathi/Projects/pdf-2-latex/files/ai/use-microtype/ai_final.tex:6182: Il
legal unit of measure (pt inserted).
<to be read again> 
                   \global 
l.6182 \end{figure}
                   
Dimensions can be in units of em, ex, in, pt, pc,
cm, mm, dd, cc, bp, or sp; but yours is a new one!
I'll assume that you meant to say pt, for printer's points.
To recover gracefully from this error, it's best to
delete the erroneous units; e.g., type `2' to delete
two letters. (See Chapter 27 of The TeXbook.)

/Users/jrathi/Projects/pdf-2-latex/files/ai/use-microtype/ai_final.tex:6182: Un
defined control sequence.
\@addmarginpar ...marbox \z@ \global \dp \@marbox 
                                                  \z@ \kern -\@pagedp \noint...
l.6182 \end{figure}
                   
The control sequence at the end of the top line
of your error message was never \def'ed. If you have
misspelled it (e.g., `\hobx'), type `I' and the correct
spelling (e.g., `I\hbox'). Otherwise just continue,
and I'll forget about whatever was undefined.

/Users/jrathi/Projects/pdf-2-latex/files/ai/use-microtype/ai_final.tex:6182: Mi
ssing number, treated as zero.
<to be read again> 
                   \kern 
l.6182 \end{figure}
                   
A number should have been here; I inserted `0'.
(If you can't figure out why I needed to see a number,
look up `weird error' in the index to The TeXbook.)

/Users/jrathi/Projects/pdf-2-latex/files/ai/use-microtype/ai_final.tex:6182: Il
legal unit of measure (pt inserted).
<to be read again> 
                   \kern 
l.6182 \end{figure}
                   
Dimensions can be in units of em, ex, in, pt, pc,
cm, mm, dd, cc, bp, or sp; but yours is a new one!
I'll assume that you meant to say pt, for printer's points.
To recover gracefully from this error, it's best to
delete the erroneous units; e.g., type `2' to delete
two letters. (See Chapter 27 of The TeXbook.)

/Users/jrathi/Projects/pdf-2-latex/files/ai/use-microtype/ai_final.tex:6182: Un
defined control sequence.
\@addmarginpar ...arginparwidth \fi \box \@marbox 
                                                  \hss }\nointerlineskip \hb...
l.6182 \end{figure}
                   
The control sequence at the end of the top line
of your error message was never \def'ed. If you have
misspelled it (e.g., `\hobx'), type `I' and the correct
spelling (e.g., `I\hbox'). Otherwise just continue,
and I'll forget about whatever was undefined.

/Users/jrathi/Projects/pdf-2-latex/files/ai/use-microtype/ai_final.tex:6182: Mi
ssing number, treated as zero.
<to be read again> 
                   \hss 
l.6182 \end{figure}
                   
A number should have been here; I inserted `0'.
(If you can't figure out why I needed to see a number,
look up `weird error' in the index to The TeXbook.)



[170]

[171]

[172]

/Users/jrathi/Projects/pdf-2-latex/files/ai/use-microtype/ai_final.tex:6245: La
TeX Error: Too many unprocessed floats.

See the LaTeX manual or LaTeX Companion for explanation.
Type  H <return>  for immediate help.
 ...                                              
                                                  
l.6245 \begin{figure}[h]
                        
You've lost some text.  Try typing  <return>  to proceed.
If that doesn't work, type  X <return>  to quit.

/Users/jrathi/Projects/pdf-2-latex/files/ai/use-microtype/ai_final.tex:6245: Un
defined control sequence.
\@xfloat ...@fltovf \fi \global \setbox \@currbox 
                                                  \color@vbox \normalcolor \...
l.6245 \begin{figure}[h]
                        
The control sequence at the end of the top line
of your error message was never \def'ed. If you have
misspelled it (e.g., `\hobx'), type `I' and the correct
spelling (e.g., `I\hbox'). Otherwise just continue,
and I'll forget about whatever was undefined.

/Users/jrathi/Projects/pdf-2-latex/files/ai/use-microtype/ai_final.tex:6245: Mi
ssing number, treated as zero.
<to be read again> 
                   \vbox 
l.6245 \begin{figure}[h]
                        
A number should have been here; I inserted `0'.
(If you can't figure out why I needed to see a number,
look up `weird error' in the index to The TeXbook.)

File: ./images/2025_05_12_af19cd5e0d1b8a465ffeg-209.jpg Graphic file (type bmp)

<./images/2025_05_12_af19cd5e0d1b8a465ffeg-209.jpg>
/Users/jrathi/Projects/pdf-2-latex/files/ai/use-microtype/ai_final.tex:6249: Un
defined control sequence.
\@largefloatcheck ->\ifdim \ht \@currbox 
                                         >\textheight \@tempdima -\textheigh...
l.6249 \end{figure}
                   
The control sequence at the end of the top line
of your error message was never \def'ed. If you have
misspelled it (e.g., `\hobx'), type `I' and the correct
spelling (e.g., `I\hbox'). Otherwise just continue,
and I'll forget about whatever was undefined.

/Users/jrathi/Projects/pdf-2-latex/files/ai/use-microtype/ai_final.tex:6249: Mi
ssing number, treated as zero.
<to be read again> 
                   >
l.6249 \end{figure}
                   
A number should have been here; I inserted `0'.
(If you can't figure out why I needed to see a number,
look up `weird error' in the index to The TeXbook.)

/Users/jrathi/Projects/pdf-2-latex/files/ai/use-microtype/ai_final.tex:6249: Un
defined control sequence.
<argument> \@currbox 
                     
l.6249 \end{figure}
                   
The control sequence at the end of the top line
of your error message was never \def'ed. If you have
misspelled it (e.g., `\hobx'), type `I' and the correct
spelling (e.g., `I\hbox'). Otherwise just continue,
and I'll forget about whatever was undefined.

/Users/jrathi/Projects/pdf-2-latex/files/ai/use-microtype/ai_final.tex:6249: Ar
gument of \@xnext has an extra }.
<inserted text> 
                \par 
l.6249 \end{figure}
                   
I've run across a `}' that doesn't seem to match anything.
For example, `\def\a#1{...}' and `\a}' would produce
this error. If you simply proceed now, the `\par' that
I've just inserted will cause me to report a runaway
argument that might be the root of the problem. But if
your `}' was spurious, just type `2' and it will go away.

Runaway argument?
\@currbox \@currlist \ifnum \count \@currbox >\z@ \advance \@pageht \@pagedp \E
TC.
/Users/jrathi/Projects/pdf-2-latex/files/ai/use-microtype/ai_final.tex:6249: Pa
ragraph ended before \@xnext was complete.
<to be read again> 
                   \par 
l.6249 \end{figure}
                   
I suspect you've forgotten a `}', causing me to apply this
control sequence to too much text. How can we recover?
My plan is to forget the whole thing and hope for the best.

/Users/jrathi/Projects/pdf-2-latex/files/ai/use-microtype/ai_final.tex:6249: Ex
tra \else.
\end@float ...pdima \penalty \@floatpenalty \else 
                                                  \vadjust {\penalty -\@Miv ...
l.6249 \end{figure}
                   
I'm ignoring this; it doesn't match any \if.

/Users/jrathi/Projects/pdf-2-latex/files/ai/use-microtype/ai_final.tex:6249: Yo
u can't use `\vadjust' in vertical mode.
\end@float ...nalty \@floatpenalty \else \vadjust 
                                                  {\penalty -\@Miv \vbox {}\...
l.6249 \end{figure}
                   
Sorry, but I'm not programmed to handle this case;
I'll just pretend that you didn't ask for it.
If you're in the wrong mode, you might be able to
return to the right one by typing `I}' or `I$' or `I\par'.

/Users/jrathi/Projects/pdf-2-latex/files/ai/use-microtype/ai_final.tex:6249: Ar
gument of \@xnext has an extra }.
<inserted text> 
                \par 
l.6249 \end{figure}
                   
I've run across a `}' that doesn't seem to match anything.
For example, `\def\a#1{...}' and `\a}' would produce
this error. If you simply proceed now, the `\par' that
I've just inserted will cause me to report a runaway
argument that might be the root of the problem. But if
your `}' was spurious, just type `2' and it will go away.

Runaway argument?
\@currbox \@currlist \ifnum \count \@currbox >\z@ \advance \@pageht \@pagedp \E
TC.
/Users/jrathi/Projects/pdf-2-latex/files/ai/use-microtype/ai_final.tex:6249: Pa
ragraph ended before \@xnext was complete.
<to be read again> 
                   \par 
l.6249 \end{figure}
                   
I suspect you've forgotten a `}', causing me to apply this
control sequence to too much text. How can we recover?
My plan is to forget the whole thing and hope for the best.


Overfull \hbox (22.5pt too wide) in paragraph at lines 6366--6366
[]        \TU/lmtt/m/n/10 For each value $a_{1}, \ldots, a_{n}$ of $A_{\max }$,
 generate[] 
 []


Overfull \hbox (311.25pt too wide) in paragraph at lines 6366--6366
[]        \TU/lmtt/m/n/10 Divide Data into $D_{1}, \ldots, D_{n}$ with $D_{i}=\
left\{x \in \operatorname{Data} \mid A_{\max }(x)=a_{i}\right\}$[] 
 []


Overfull \hbox (657.75pt too wide) in paragraph at lines 6504--6504
[]    \TU/lmtt/m/n/10 $\begin{array}{rcrcrl}\text { Size } & \text { Errors } &
 \text { Size } & \text { Errors } & \text { Estimate } & \\ 37 & 2197(22.5 \%)
 & 21 & 2223(22.8 \%) & (23.6 \%) & \ll\end{array}$[] 
 []


/Users/jrathi/Projects/pdf-2-latex/files/ai/use-microtype/ai_final.tex:6526: La
TeX Error: Too many unprocessed floats.

See the LaTeX manual or LaTeX Companion for explanation.
Type  H <return>  for immediate help.
 ...                                              
                                                  
l.6526 \begin{figure}[h]
                        
You've lost some text.  Try typing  <return>  to proceed.
If that doesn't work, type  X <return>  to quit.

/Users/jrathi/Projects/pdf-2-latex/files/ai/use-microtype/ai_final.tex:6526: Un
defined control sequence.
\@xfloat ...@fltovf \fi \global \setbox \@currbox 
                                                  \color@vbox \normalcolor \...
l.6526 \begin{figure}[h]
                        
The control sequence at the end of the top line
of your error message was never \def'ed. If you have
misspelled it (e.g., `\hobx'), type `I' and the correct
spelling (e.g., `I\hbox'). Otherwise just continue,
and I'll forget about whatever was undefined.

/Users/jrathi/Projects/pdf-2-latex/files/ai/use-microtype/ai_final.tex:6526: Mi
ssing number, treated as zero.
<to be read again> 
                   \vbox 
l.6526 \begin{figure}[h]
                        
A number should have been here; I inserted `0'.
(If you can't figure out why I needed to see a number,
look up `weird error' in the index to The TeXbook.)

File: ./images/2025_05_12_af19cd5e0d1b8a465ffeg-216.jpg Graphic file (type bmp)

<./images/2025_05_12_af19cd5e0d1b8a465ffeg-216.jpg>

Underfull \hbox (badness 10000) in paragraph at lines 6529--6529

 []

/Users/jrathi/Projects/pdf-2-latex/files/ai/use-microtype/ai_final.tex:6530: Un
defined control sequence.
\@largefloatcheck ->\ifdim \ht \@currbox 
                                         >\textheight \@tempdima -\textheigh...
l.6530 \end{figure}
                   
The control sequence at the end of the top line
of your error message was never \def'ed. If you have
misspelled it (e.g., `\hobx'), type `I' and the correct
spelling (e.g., `I\hbox'). Otherwise just continue,
and I'll forget about whatever was undefined.

/Users/jrathi/Projects/pdf-2-latex/files/ai/use-microtype/ai_final.tex:6530: Mi
ssing number, treated as zero.
<to be read again> 
                   >
l.6530 \end{figure}
                   
A number should have been here; I inserted `0'.
(If you can't figure out why I needed to see a number,
look up `weird error' in the index to The TeXbook.)

/Users/jrathi/Projects/pdf-2-latex/files/ai/use-microtype/ai_final.tex:6530: Un
defined control sequence.
<argument> \@currbox 
                     
l.6530 \end{figure}
                   
The control sequence at the end of the top line
of your error message was never \def'ed. If you have
misspelled it (e.g., `\hobx'), type `I' and the correct
spelling (e.g., `I\hbox'). Otherwise just continue,
and I'll forget about whatever was undefined.

/Users/jrathi/Projects/pdf-2-latex/files/ai/use-microtype/ai_final.tex:6530: Mi
ssing number, treated as zero.
<to be read again> 
                   \@elt 
l.6530 \end{figure}
                   
A number should have been here; I inserted `0'.
(If you can't figure out why I needed to see a number,
look up `weird error' in the index to The TeXbook.)

/Users/jrathi/Projects/pdf-2-latex/files/ai/use-microtype/ai_final.tex:6530: Mi
ssing = inserted for \ifnum.
<to be read again> 
                   \@elt 
l.6530 \end{figure}
                   
I was expecting to see `<', `=', or `>'. Didn't.

/Users/jrathi/Projects/pdf-2-latex/files/ai/use-microtype/ai_final.tex:6530: Mi
ssing number, treated as zero.
<to be read again> 
                   \@elt 
l.6530 \end{figure}
                   
A number should have been here; I inserted `0'.
(If you can't figure out why I needed to see a number,
look up `weird error' in the index to The TeXbook.)


/Users/jrathi/Projects/pdf-2-latex/files/ai/use-microtype/ai_final.tex:6530: La
TeX Error: This may be a LaTeX bug.

See the LaTeX manual or LaTeX Companion for explanation.
Type  H <return>  for immediate help.
 ...                                              
                                                  
l.6530 \end{figure}
                   
Call for help

/Users/jrathi/Projects/pdf-2-latex/files/ai/use-microtype/ai_final.tex:6530: Un
defined control sequence.
\@addmarginpar ...advance \@tempdima \ht \@marbox 
                                                  \ifdim \@tempdima >\z@ \@l...
l.6530 \end{figure}
                   
The control sequence at the end of the top line
of your error message was never \def'ed. If you have
misspelled it (e.g., `\hobx'), type `I' and the correct
spelling (e.g., `I\hbox'). Otherwise just continue,
and I'll forget about whatever was undefined.

/Users/jrathi/Projects/pdf-2-latex/files/ai/use-microtype/ai_final.tex:6530: Ba
d register code (-261355693).
\@addmarginpar ...e \space moved}\else \@tempdima 
                                                  \z@ \fi \global \@mparbott...
l.6530 \end{figure}
                   
A register number must be between 0 and 32767.
I changed this one to zero.

/Users/jrathi/Projects/pdf-2-latex/files/ai/use-microtype/ai_final.tex:6530: Mi
ssing number, treated as zero.
<to be read again> 
                   \global 
l.6530 \end{figure}
                   
A number should have been here; I inserted `0'.
(If you can't figure out why I needed to see a number,
look up `weird error' in the index to The TeXbook.)

/Users/jrathi/Projects/pdf-2-latex/files/ai/use-microtype/ai_final.tex:6530: Il
legal unit of measure (pt inserted).
<to be read again> 
                   \global 
l.6530 \end{figure}
                   
Dimensions can be in units of em, ex, in, pt, pc,
cm, mm, dd, cc, bp, or sp; but yours is a new one!
I'll assume that you meant to say pt, for printer's points.
To recover gracefully from this error, it's best to
delete the erroneous units; e.g., type `2' to delete
two letters. (See Chapter 27 of The TeXbook.)

/Users/jrathi/Projects/pdf-2-latex/files/ai/use-microtype/ai_final.tex:6530: Un
defined control sequence.
\@addmarginpar ...vance \@mparbottom \dp \@marbox 
                                                  \global \advance \@mparbot...
l.6530 \end{figure}
                   
The control sequence at the end of the top line
of your error message was never \def'ed. If you have
misspelled it (e.g., `\hobx'), type `I' and the correct
spelling (e.g., `I\hbox'). Otherwise just continue,
and I'll forget about whatever was undefined.

/Users/jrathi/Projects/pdf-2-latex/files/ai/use-microtype/ai_final.tex:6530: Mi
ssing number, treated as zero.
<to be read again> 
                   \global 
l.6530 \end{figure}
                   
A number should have been here; I inserted `0'.
(If you can't figure out why I needed to see a number,
look up `weird error' in the index to The TeXbook.)

/Users/jrathi/Projects/pdf-2-latex/files/ai/use-microtype/ai_final.tex:6530: Un
defined control sequence.
\@addmarginpar ...dvance \@tempdima -\ht \@marbox 
                                                  \global \setbox \@marbox \...
l.6530 \end{figure}
                   
The control sequence at the end of the top line
of your error message was never \def'ed. If you have
misspelled it (e.g., `\hobx'), type `I' and the correct
spelling (e.g., `I\hbox'). Otherwise just continue,
and I'll forget about whatever was undefined.

/Users/jrathi/Projects/pdf-2-latex/files/ai/use-microtype/ai_final.tex:6530: Mi
ssing number, treated as zero.
<to be read again> 
                   \global 
l.6530 \end{figure}
                   
A number should have been here; I inserted `0'.
(If you can't figure out why I needed to see a number,
look up `weird error' in the index to The TeXbook.)

/Users/jrathi/Projects/pdf-2-latex/files/ai/use-microtype/ai_final.tex:6530: Un
defined control sequence.
\@addmarginpar ...marbox \global \setbox \@marbox 
                                                  \vbox {\vskip \@tempdima \...
l.6530 \end{figure}
                   
The control sequence at the end of the top line
of your error message was never \def'ed. If you have
misspelled it (e.g., `\hobx'), type `I' and the correct
spelling (e.g., `I\hbox'). Otherwise just continue,
and I'll forget about whatever was undefined.

/Users/jrathi/Projects/pdf-2-latex/files/ai/use-microtype/ai_final.tex:6530: Mi
ssing number, treated as zero.
<to be read again> 
                   \vbox 
l.6530 \end{figure}
                   
A number should have been here; I inserted `0'.
(If you can't figure out why I needed to see a number,
look up `weird error' in the index to The TeXbook.)

/Users/jrathi/Projects/pdf-2-latex/files/ai/use-microtype/ai_final.tex:6530: Un
defined control sequence.
\@addmarginpar ...\vskip \@tempdima \box \@marbox 
                                                  }\global \ht \@marbox \z@ ...
l.6530 \end{figure}
                   
The control sequence at the end of the top line
of your error message was never \def'ed. If you have
misspelled it (e.g., `\hobx'), type `I' and the correct
spelling (e.g., `I\hbox'). Otherwise just continue,
and I'll forget about whatever was undefined.

/Users/jrathi/Projects/pdf-2-latex/files/ai/use-microtype/ai_final.tex:6530: Mi
ssing number, treated as zero.
<to be read again> 
                   }
l.6530 \end{figure}
                   
A number should have been here; I inserted `0'.
(If you can't figure out why I needed to see a number,
look up `weird error' in the index to The TeXbook.)

/Users/jrathi/Projects/pdf-2-latex/files/ai/use-microtype/ai_final.tex:6530: Un
defined control sequence.
\@addmarginpar ... \@marbox }\global \ht \@marbox 
                                                  \z@ \global \dp \@marbox \...
l.6530 \end{figure}
                   
The control sequence at the end of the top line
of your error message was never \def'ed. If you have
misspelled it (e.g., `\hobx'), type `I' and the correct
spelling (e.g., `I\hbox'). Otherwise just continue,
and I'll forget about whatever was undefined.

/Users/jrathi/Projects/pdf-2-latex/files/ai/use-microtype/ai_final.tex:6530: Mi
ssing number, treated as zero.
<to be read again> 
                   \global 
l.6530 \end{figure}
                   
A number should have been here; I inserted `0'.
(If you can't figure out why I needed to see a number,
look up `weird error' in the index to The TeXbook.)

/Users/jrathi/Projects/pdf-2-latex/files/ai/use-microtype/ai_final.tex:6530: Il
legal unit of measure (pt inserted).
<to be read again> 
                   \global 
l.6530 \end{figure}
                   
Dimensions can be in units of em, ex, in, pt, pc,
cm, mm, dd, cc, bp, or sp; but yours is a new one!
I'll assume that you meant to say pt, for printer's points.
To recover gracefully from this error, it's best to
delete the erroneous units; e.g., type `2' to delete
two letters. (See Chapter 27 of The TeXbook.)

/Users/jrathi/Projects/pdf-2-latex/files/ai/use-microtype/ai_final.tex:6530: Un
defined control sequence.
\@addmarginpar ...marbox \z@ \global \dp \@marbox 
                                                  \z@ \kern -\@pagedp \noint...
l.6530 \end{figure}
                   
The control sequence at the end of the top line
of your error message was never \def'ed. If you have
misspelled it (e.g., `\hobx'), type `I' and the correct
spelling (e.g., `I\hbox'). Otherwise just continue,
and I'll forget about whatever was undefined.

/Users/jrathi/Projects/pdf-2-latex/files/ai/use-microtype/ai_final.tex:6530: Mi
ssing number, treated as zero.
<to be read again> 
                   \kern 
l.6530 \end{figure}
                   
A number should have been here; I inserted `0'.
(If you can't figure out why I needed to see a number,
look up `weird error' in the index to The TeXbook.)

/Users/jrathi/Projects/pdf-2-latex/files/ai/use-microtype/ai_final.tex:6530: Il
legal unit of measure (pt inserted).
<to be read again> 
                   \kern 
l.6530 \end{figure}
                   
Dimensions can be in units of em, ex, in, pt, pc,
cm, mm, dd, cc, bp, or sp; but yours is a new one!
I'll assume that you meant to say pt, for printer's points.
To recover gracefully from this error, it's best to
delete the erroneous units; e.g., type `2' to delete
two letters. (See Chapter 27 of The TeXbook.)

/Users/jrathi/Projects/pdf-2-latex/files/ai/use-microtype/ai_final.tex:6530: Un
defined control sequence.
\@addmarginpar ...arginparwidth \fi \box \@marbox 
                                                  \hss }\nointerlineskip \hb...
l.6530 \end{figure}
                   
The control sequence at the end of the top line
of your error message was never \def'ed. If you have
misspelled it (e.g., `\hobx'), type `I' and the correct
spelling (e.g., `I\hbox'). Otherwise just continue,
and I'll forget about whatever was undefined.

/Users/jrathi/Projects/pdf-2-latex/files/ai/use-microtype/ai_final.tex:6530: Mi
ssing number, treated as zero.
<to be read again> 
                   \hss 
l.6530 \end{figure}
                   
A number should have been here; I inserted `0'.
(If you can't figure out why I needed to see a number,
look up `weird error' in the index to The TeXbook.)



[173]

[174]

[175]

[176]

[177]
Underfull \vbox (badness 10000) has occurred while \output is active []



[178]

[179]

[180]
Overfull \hbox (264.0pt too wide) in paragraph at lines 6579--6579
[]\TU/lmtt/m/n/10 Partition data into $k$ equally sized blocks $\boldsymbol{X}=
\boldsymbol{X}_{1} \cup \ldots \cup \boldsymbol{X}_{k}$[] 
 []


Overfull \hbox (111.75pt too wide) in paragraph at lines 6579--6579
[]\TU/lmtt/m/n/10 For all $\gamma \in\left\{\gamma_{\text {min }}, \ldots, \gam
ma_{\text {max }}\right\}$[] 
 []


Overfull \hbox (148.5pt too wide) in paragraph at lines 6579--6579
[]        \TU/lmtt/m/n/10 Train a model of complexity $\gamma$ on $\boldsymbol{
X} \backslash \boldsymbol{X}_{i}$[] 
 []


Overfull \hbox (206.25pt too wide) in paragraph at lines 6579--6579
[]        \TU/lmtt/m/n/10 Compute the error $E\left(\gamma, \boldsymbol{X}_{i}\
right)$ on the test set $\boldsymbol{X}_{i}$[] 
 []


Overfull \hbox (211.5pt too wide) in paragraph at lines 6579--6579
[]    \TU/lmtt/m/n/10 Compute the mean error $E(\gamma)=\frac{1}{k} \sum_{i=1}^
{k} E\left(\gamma, \boldsymbol{X}_{i}\right)$[] 
 []


Overfull \hbox (211.5pt too wide) in paragraph at lines 6579--6579
[]\TU/lmtt/m/n/10 Choose the value $\gamma_{\text {opt }}=\operatorname{argmin}
_{\gamma} E(\gamma)$ with smallest mean error[] 
 []


Overfull \hbox (180.0pt too wide) in paragraph at lines 6579--6579
[]\TU/lmtt/m/n/10 Train the final model with complexity $\gamma_{\text {opt }}$
 on the whole data set $\boldsymbol{X}$[] 
 []



[181]

/Users/jrathi/Projects/pdf-2-latex/files/ai/use-microtype/ai_final.tex:6596: La
TeX Error: Too many unprocessed floats.

See the LaTeX manual or LaTeX Companion for explanation.
Type  H <return>  for immediate help.
 ...                                              
                                                  
l.6596 \begin{figure}[h]
                        
You've lost some text.  Try typing  <return>  to proceed.
If that doesn't work, type  X <return>  to quit.

/Users/jrathi/Projects/pdf-2-latex/files/ai/use-microtype/ai_final.tex:6596: Un
defined control sequence.
\@xfloat ...@fltovf \fi \global \setbox \@currbox 
                                                  \color@vbox \normalcolor \...
l.6596 \begin{figure}[h]
                        
The control sequence at the end of the top line
of your error message was never \def'ed. If you have
misspelled it (e.g., `\hobx'), type `I' and the correct
spelling (e.g., `I\hbox'). Otherwise just continue,
and I'll forget about whatever was undefined.

/Users/jrathi/Projects/pdf-2-latex/files/ai/use-microtype/ai_final.tex:6596: Mi
ssing number, treated as zero.
<to be read again> 
                   \vbox 
l.6596 \begin{figure}[h]
                        
A number should have been here; I inserted `0'.
(If you can't figure out why I needed to see a number,
look up `weird error' in the index to The TeXbook.)

File: ./images/2025_05_12_af19cd5e0d1b8a465ffeg-220.jpg Graphic file (type bmp)

<./images/2025_05_12_af19cd5e0d1b8a465ffeg-220.jpg>
/Users/jrathi/Projects/pdf-2-latex/files/ai/use-microtype/ai_final.tex:6600: Un
defined control sequence.
\@largefloatcheck ->\ifdim \ht \@currbox 
                                         >\textheight \@tempdima -\textheigh...
l.6600 \end{figure}
                   
The control sequence at the end of the top line
of your error message was never \def'ed. If you have
misspelled it (e.g., `\hobx'), type `I' and the correct
spelling (e.g., `I\hbox'). Otherwise just continue,
and I'll forget about whatever was undefined.

/Users/jrathi/Projects/pdf-2-latex/files/ai/use-microtype/ai_final.tex:6600: Mi
ssing number, treated as zero.
<to be read again> 
                   >
l.6600 \end{figure}
                   
A number should have been here; I inserted `0'.
(If you can't figure out why I needed to see a number,
look up `weird error' in the index to The TeXbook.)

/Users/jrathi/Projects/pdf-2-latex/files/ai/use-microtype/ai_final.tex:6600: Un
defined control sequence.
<argument> \@currbox 
                     
l.6600 \end{figure}
                   
The control sequence at the end of the top line
of your error message was never \def'ed. If you have
misspelled it (e.g., `\hobx'), type `I' and the correct
spelling (e.g., `I\hbox'). Otherwise just continue,
and I'll forget about whatever was undefined.

/Users/jrathi/Projects/pdf-2-latex/files/ai/use-microtype/ai_final.tex:6600: Ar
gument of \@xnext has an extra }.
<inserted text> 
                \par 
l.6600 \end{figure}
                   
I've run across a `}' that doesn't seem to match anything.
For example, `\def\a#1{...}' and `\a}' would produce
this error. If you simply proceed now, the `\par' that
I've just inserted will cause me to report a runaway
argument that might be the root of the problem. But if
your `}' was spurious, just type `2' and it will go away.

Runaway argument?
\@currbox \@currlist \ifnum \count \@currbox >\z@ \advance \@pageht \@pagedp \E
TC.
/Users/jrathi/Projects/pdf-2-latex/files/ai/use-microtype/ai_final.tex:6600: Pa
ragraph ended before \@xnext was complete.
<to be read again> 
                   \par 
l.6600 \end{figure}
                   
I suspect you've forgotten a `}', causing me to apply this
control sequence to too much text. How can we recover?
My plan is to forget the whole thing and hope for the best.

/Users/jrathi/Projects/pdf-2-latex/files/ai/use-microtype/ai_final.tex:6600: Ex
tra \else.
\end@float ...pdima \penalty \@floatpenalty \else 
                                                  \vadjust {\penalty -\@Miv ...
l.6600 \end{figure}
                   
I'm ignoring this; it doesn't match any \if.

/Users/jrathi/Projects/pdf-2-latex/files/ai/use-microtype/ai_final.tex:6600: Yo
u can't use `\vadjust' in vertical mode.
\end@float ...nalty \@floatpenalty \else \vadjust 
                                                  {\penalty -\@Miv \vbox {}\...
l.6600 \end{figure}
                   
Sorry, but I'm not programmed to handle this case;
I'll just pretend that you didn't ask for it.
If you're in the wrong mode, you might be able to
return to the right one by typing `I}' or `I$' or `I\par'.

/Users/jrathi/Projects/pdf-2-latex/files/ai/use-microtype/ai_final.tex:6600: Ar
gument of \@xnext has an extra }.
<inserted text> 
                \par 
l.6600 \end{figure}
                   
I've run across a `}' that doesn't seem to match anything.
For example, `\def\a#1{...}' and `\a}' would produce
this error. If you simply proceed now, the `\par' that
I've just inserted will cause me to report a runaway
argument that might be the root of the problem. But if
your `}' was spurious, just type `2' and it will go away.

Runaway argument?
\@currbox \@currlist \ifnum \count \@currbox >\z@ \advance \@pageht \@pagedp \E
TC.
/Users/jrathi/Projects/pdf-2-latex/files/ai/use-microtype/ai_final.tex:6600: Pa
ragraph ended before \@xnext was complete.
<to be read again> 
                   \par 
l.6600 \end{figure}
                   
I suspect you've forgotten a `}', causing me to apply this
control sequence to too much text. How can we recover?
My plan is to forget the whole thing and hope for the best.


/Users/jrathi/Projects/pdf-2-latex/files/ai/use-microtype/ai_final.tex:6646: La
TeX Error: Too many unprocessed floats.

See the LaTeX manual or LaTeX Companion for explanation.
Type  H <return>  for immediate help.
 ...                                              
                                                  
l.6646 \begin{figure}[h]
                        
You've lost some text.  Try typing  <return>  to proceed.
If that doesn't work, type  X <return>  to quit.

/Users/jrathi/Projects/pdf-2-latex/files/ai/use-microtype/ai_final.tex:6646: Un
defined control sequence.
\@xfloat ...@fltovf \fi \global \setbox \@currbox 
                                                  \color@vbox \normalcolor \...
l.6646 \begin{figure}[h]
                        
The control sequence at the end of the top line
of your error message was never \def'ed. If you have
misspelled it (e.g., `\hobx'), type `I' and the correct
spelling (e.g., `I\hbox'). Otherwise just continue,
and I'll forget about whatever was undefined.

/Users/jrathi/Projects/pdf-2-latex/files/ai/use-microtype/ai_final.tex:6646: Mi
ssing number, treated as zero.
<to be read again> 
                   \vbox 
l.6646 \begin{figure}[h]
                        
A number should have been here; I inserted `0'.
(If you can't figure out why I needed to see a number,
look up `weird error' in the index to The TeXbook.)

File: ./images/2025_05_12_af19cd5e0d1b8a465ffeg-222(1).jpg Graphic file (type b
mp)
<./images/2025_05_12_af19cd5e0d1b8a465ffeg-222(1).jpg>

Underfull \hbox (badness 1648) in paragraph at lines 6649--6649
[]\TU/Georgia(0)/m/n/10 Figure 69: []Two Bayesian networks for modeling the wea
ther prediction
 []


Underfull \hbox (badness 10000) in paragraph at lines 6649--6649

 []

/Users/jrathi/Projects/pdf-2-latex/files/ai/use-microtype/ai_final.tex:6650: Un
defined control sequence.
\@largefloatcheck ->\ifdim \ht \@currbox 
                                         >\textheight \@tempdima -\textheigh...
l.6650 \end{figure}
                   
The control sequence at the end of the top line
of your error message was never \def'ed. If you have
misspelled it (e.g., `\hobx'), type `I' and the correct
spelling (e.g., `I\hbox'). Otherwise just continue,
and I'll forget about whatever was undefined.

/Users/jrathi/Projects/pdf-2-latex/files/ai/use-microtype/ai_final.tex:6650: Mi
ssing number, treated as zero.
<to be read again> 
                   >
l.6650 \end{figure}
                   
A number should have been here; I inserted `0'.
(If you can't figure out why I needed to see a number,
look up `weird error' in the index to The TeXbook.)

/Users/jrathi/Projects/pdf-2-latex/files/ai/use-microtype/ai_final.tex:6650: Un
defined control sequence.
<argument> \@currbox 
                     
l.6650 \end{figure}
                   
The control sequence at the end of the top line
of your error message was never \def'ed. If you have
misspelled it (e.g., `\hobx'), type `I' and the correct
spelling (e.g., `I\hbox'). Otherwise just continue,
and I'll forget about whatever was undefined.

/Users/jrathi/Projects/pdf-2-latex/files/ai/use-microtype/ai_final.tex:6650: Mi
ssing number, treated as zero.
<to be read again> 
                   \@elt 
l.6650 \end{figure}
                   
A number should have been here; I inserted `0'.
(If you can't figure out why I needed to see a number,
look up `weird error' in the index to The TeXbook.)

/Users/jrathi/Projects/pdf-2-latex/files/ai/use-microtype/ai_final.tex:6650: Mi
ssing = inserted for \ifnum.
<to be read again> 
                   \@elt 
l.6650 \end{figure}
                   
I was expecting to see `<', `=', or `>'. Didn't.

/Users/jrathi/Projects/pdf-2-latex/files/ai/use-microtype/ai_final.tex:6650: Mi
ssing number, treated as zero.
<to be read again> 
                   \@elt 
l.6650 \end{figure}
                   
A number should have been here; I inserted `0'.
(If you can't figure out why I needed to see a number,
look up `weird error' in the index to The TeXbook.)


/Users/jrathi/Projects/pdf-2-latex/files/ai/use-microtype/ai_final.tex:6650: La
TeX Error: This may be a LaTeX bug.

See the LaTeX manual or LaTeX Companion for explanation.
Type  H <return>  for immediate help.
 ...                                              
                                                  
l.6650 \end{figure}
                   
Call for help

/Users/jrathi/Projects/pdf-2-latex/files/ai/use-microtype/ai_final.tex:6650: Un
defined control sequence.
\@addmarginpar ...a <\z@ \global \setbox \@marbox 
                                                  \box \@currbox \fi \@tempd...
l.6650 \end{figure}
                   
The control sequence at the end of the top line
of your error message was never \def'ed. If you have
misspelled it (e.g., `\hobx'), type `I' and the correct
spelling (e.g., `I\hbox'). Otherwise just continue,
and I'll forget about whatever was undefined.

/Users/jrathi/Projects/pdf-2-latex/files/ai/use-microtype/ai_final.tex:6650: Mi
ssing number, treated as zero.
<to be read again> 
                   \box 
l.6650 \end{figure}
                   
A number should have been here; I inserted `0'.
(If you can't figure out why I needed to see a number,
look up `weird error' in the index to The TeXbook.)

/Users/jrathi/Projects/pdf-2-latex/files/ai/use-microtype/ai_final.tex:6650: Mi
ssing number, treated as zero.
<to be read again> 
                   \@elt 
l.6650 \end{figure}
                   
A number should have been here; I inserted `0'.
(If you can't figure out why I needed to see a number,
look up `weird error' in the index to The TeXbook.)

/Users/jrathi/Projects/pdf-2-latex/files/ai/use-microtype/ai_final.tex:6650: Un
defined control sequence.
\@addmarginpar ...advance \@tempdima \ht \@marbox 
                                                  \ifdim \@tempdima >\z@ \@l...
l.6650 \end{figure}
                   
The control sequence at the end of the top line
of your error message was never \def'ed. If you have
misspelled it (e.g., `\hobx'), type `I' and the correct
spelling (e.g., `I\hbox'). Otherwise just continue,
and I'll forget about whatever was undefined.

/Users/jrathi/Projects/pdf-2-latex/files/ai/use-microtype/ai_final.tex:6650: Ba
d register code (-94769383).
\@addmarginpar ...e \space moved}\else \@tempdima 
                                                  \z@ \fi \global \@mparbott...
l.6650 \end{figure}
                   
A register number must be between 0 and 32767.
I changed this one to zero.

/Users/jrathi/Projects/pdf-2-latex/files/ai/use-microtype/ai_final.tex:6650: Mi
ssing number, treated as zero.
<to be read again> 
                   \global 
l.6650 \end{figure}
                   
A number should have been here; I inserted `0'.
(If you can't figure out why I needed to see a number,
look up `weird error' in the index to The TeXbook.)

/Users/jrathi/Projects/pdf-2-latex/files/ai/use-microtype/ai_final.tex:6650: Il
legal unit of measure (pt inserted).
<to be read again> 
                   \global 
l.6650 \end{figure}
                   
Dimensions can be in units of em, ex, in, pt, pc,
cm, mm, dd, cc, bp, or sp; but yours is a new one!
I'll assume that you meant to say pt, for printer's points.
To recover gracefully from this error, it's best to
delete the erroneous units; e.g., type `2' to delete
two letters. (See Chapter 27 of The TeXbook.)

/Users/jrathi/Projects/pdf-2-latex/files/ai/use-microtype/ai_final.tex:6650: Un
defined control sequence.
\@addmarginpar ...vance \@mparbottom \dp \@marbox 
                                                  \global \advance \@mparbot...
l.6650 \end{figure}
                   
The control sequence at the end of the top line
of your error message was never \def'ed. If you have
misspelled it (e.g., `\hobx'), type `I' and the correct
spelling (e.g., `I\hbox'). Otherwise just continue,
and I'll forget about whatever was undefined.

/Users/jrathi/Projects/pdf-2-latex/files/ai/use-microtype/ai_final.tex:6650: Mi
ssing number, treated as zero.
<to be read again> 
                   \global 
l.6650 \end{figure}
                   
A number should have been here; I inserted `0'.
(If you can't figure out why I needed to see a number,
look up `weird error' in the index to The TeXbook.)

/Users/jrathi/Projects/pdf-2-latex/files/ai/use-microtype/ai_final.tex:6650: Un
defined control sequence.
\@addmarginpar ...dvance \@tempdima -\ht \@marbox 
                                                  \global \setbox \@marbox \...
l.6650 \end{figure}
                   
The control sequence at the end of the top line
of your error message was never \def'ed. If you have
misspelled it (e.g., `\hobx'), type `I' and the correct
spelling (e.g., `I\hbox'). Otherwise just continue,
and I'll forget about whatever was undefined.

/Users/jrathi/Projects/pdf-2-latex/files/ai/use-microtype/ai_final.tex:6650: Mi
ssing number, treated as zero.
<to be read again> 
                   \global 
l.6650 \end{figure}
                   
A number should have been here; I inserted `0'.
(If you can't figure out why I needed to see a number,
look up `weird error' in the index to The TeXbook.)

/Users/jrathi/Projects/pdf-2-latex/files/ai/use-microtype/ai_final.tex:6650: Un
defined control sequence.
\@addmarginpar ...marbox \global \setbox \@marbox 
                                                  \vbox {\vskip \@tempdima \...
l.6650 \end{figure}
                   
The control sequence at the end of the top line
of your error message was never \def'ed. If you have
misspelled it (e.g., `\hobx'), type `I' and the correct
spelling (e.g., `I\hbox'). Otherwise just continue,
and I'll forget about whatever was undefined.

/Users/jrathi/Projects/pdf-2-latex/files/ai/use-microtype/ai_final.tex:6650: Mi
ssing number, treated as zero.
<to be read again> 
                   \vbox 
l.6650 \end{figure}
                   
A number should have been here; I inserted `0'.
(If you can't figure out why I needed to see a number,
look up `weird error' in the index to The TeXbook.)

/Users/jrathi/Projects/pdf-2-latex/files/ai/use-microtype/ai_final.tex:6650: Un
defined control sequence.
\@addmarginpar ...\vskip \@tempdima \box \@marbox 
                                                  }\global \ht \@marbox \z@ ...
l.6650 \end{figure}
                   
The control sequence at the end of the top line
of your error message was never \def'ed. If you have
misspelled it (e.g., `\hobx'), type `I' and the correct
spelling (e.g., `I\hbox'). Otherwise just continue,
and I'll forget about whatever was undefined.

/Users/jrathi/Projects/pdf-2-latex/files/ai/use-microtype/ai_final.tex:6650: Mi
ssing number, treated as zero.
<to be read again> 
                   }
l.6650 \end{figure}
                   
A number should have been here; I inserted `0'.
(If you can't figure out why I needed to see a number,
look up `weird error' in the index to The TeXbook.)

/Users/jrathi/Projects/pdf-2-latex/files/ai/use-microtype/ai_final.tex:6650: Un
defined control sequence.
\@addmarginpar ... \@marbox }\global \ht \@marbox 
                                                  \z@ \global \dp \@marbox \...
l.6650 \end{figure}
                   
The control sequence at the end of the top line
of your error message was never \def'ed. If you have
misspelled it (e.g., `\hobx'), type `I' and the correct
spelling (e.g., `I\hbox'). Otherwise just continue,
and I'll forget about whatever was undefined.

/Users/jrathi/Projects/pdf-2-latex/files/ai/use-microtype/ai_final.tex:6650: Mi
ssing number, treated as zero.
<to be read again> 
                   \global 
l.6650 \end{figure}
                   
A number should have been here; I inserted `0'.
(If you can't figure out why I needed to see a number,
look up `weird error' in the index to The TeXbook.)

/Users/jrathi/Projects/pdf-2-latex/files/ai/use-microtype/ai_final.tex:6650: Il
legal unit of measure (pt inserted).
<to be read again> 
                   \global 
l.6650 \end{figure}
                   
Dimensions can be in units of em, ex, in, pt, pc,
cm, mm, dd, cc, bp, or sp; but yours is a new one!
I'll assume that you meant to say pt, for printer's points.
To recover gracefully from this error, it's best to
delete the erroneous units; e.g., type `2' to delete
two letters. (See Chapter 27 of The TeXbook.)

/Users/jrathi/Projects/pdf-2-latex/files/ai/use-microtype/ai_final.tex:6650: Un
defined control sequence.
\@addmarginpar ...marbox \z@ \global \dp \@marbox 
                                                  \z@ \kern -\@pagedp \noint...
l.6650 \end{figure}
                   
The control sequence at the end of the top line
of your error message was never \def'ed. If you have
misspelled it (e.g., `\hobx'), type `I' and the correct
spelling (e.g., `I\hbox'). Otherwise just continue,
and I'll forget about whatever was undefined.

/Users/jrathi/Projects/pdf-2-latex/files/ai/use-microtype/ai_final.tex:6650: Mi
ssing number, treated as zero.
<to be read again> 
                   \kern 
l.6650 \end{figure}
                   
A number should have been here; I inserted `0'.
(If you can't figure out why I needed to see a number,
look up `weird error' in the index to The TeXbook.)

/Users/jrathi/Projects/pdf-2-latex/files/ai/use-microtype/ai_final.tex:6650: Il
legal unit of measure (pt inserted).
<to be read again> 
                   \kern 
l.6650 \end{figure}
                   
Dimensions can be in units of em, ex, in, pt, pc,
cm, mm, dd, cc, bp, or sp; but yours is a new one!
I'll assume that you meant to say pt, for printer's points.
To recover gracefully from this error, it's best to
delete the erroneous units; e.g., type `2' to delete
two letters. (See Chapter 27 of The TeXbook.)

/Users/jrathi/Projects/pdf-2-latex/files/ai/use-microtype/ai_final.tex:6650: Un
defined control sequence.
\@addmarginpar ...arginparwidth \fi \box \@marbox 
                                                  \hss }\nointerlineskip \hb...
l.6650 \end{figure}
                   
The control sequence at the end of the top line
of your error message was never \def'ed. If you have
misspelled it (e.g., `\hobx'), type `I' and the correct
spelling (e.g., `I\hbox'). Otherwise just continue,
and I'll forget about whatever was undefined.

/Users/jrathi/Projects/pdf-2-latex/files/ai/use-microtype/ai_final.tex:6650: Mi
ssing number, treated as zero.
<to be read again> 
                   \hss 
l.6650 \end{figure}
                   
A number should have been here; I inserted `0'.
(If you can't figure out why I needed to see a number,
look up `weird error' in the index to The TeXbook.)


Underfull \vbox (badness 10000) has occurred while \output is active []



[182]

[183]

[184]

/Users/jrathi/Projects/pdf-2-latex/files/ai/use-microtype/ai_final.tex:6667: La
TeX Error: Too many unprocessed floats.

See the LaTeX manual or LaTeX Companion for explanation.
Type  H <return>  for immediate help.
 ...                                              
                                                  
l.6667 \begin{figure}[h]
                        
You've lost some text.  Try typing  <return>  to proceed.
If that doesn't work, type  X <return>  to quit.

/Users/jrathi/Projects/pdf-2-latex/files/ai/use-microtype/ai_final.tex:6667: Un
defined control sequence.
\@xfloat ...@fltovf \fi \global \setbox \@currbox 
                                                  \color@vbox \normalcolor \...
l.6667 \begin{figure}[h]
                        
The control sequence at the end of the top line
of your error message was never \def'ed. If you have
misspelled it (e.g., `\hobx'), type `I' and the correct
spelling (e.g., `I\hbox'). Otherwise just continue,
and I'll forget about whatever was undefined.

/Users/jrathi/Projects/pdf-2-latex/files/ai/use-microtype/ai_final.tex:6667: Mi
ssing number, treated as zero.
<to be read again> 
                   \vbox 
l.6667 \begin{figure}[h]
                        
A number should have been here; I inserted `0'.
(If you can't figure out why I needed to see a number,
look up `weird error' in the index to The TeXbook.)

File: ./images/2025_05_12_af19cd5e0d1b8a465ffeg-222.jpg Graphic file (type bmp)

<./images/2025_05_12_af19cd5e0d1b8a465ffeg-222.jpg>

Underfull \hbox (badness 10000) in paragraph at lines 6670--6670

 []

/Users/jrathi/Projects/pdf-2-latex/files/ai/use-microtype/ai_final.tex:6671: Un
defined control sequence.
\@largefloatcheck ->\ifdim \ht \@currbox 
                                         >\textheight \@tempdima -\textheigh...
l.6671 \end{figure}
                   
The control sequence at the end of the top line
of your error message was never \def'ed. If you have
misspelled it (e.g., `\hobx'), type `I' and the correct
spelling (e.g., `I\hbox'). Otherwise just continue,
and I'll forget about whatever was undefined.

/Users/jrathi/Projects/pdf-2-latex/files/ai/use-microtype/ai_final.tex:6671: Mi
ssing number, treated as zero.
<to be read again> 
                   >
l.6671 \end{figure}
                   
A number should have been here; I inserted `0'.
(If you can't figure out why I needed to see a number,
look up `weird error' in the index to The TeXbook.)

/Users/jrathi/Projects/pdf-2-latex/files/ai/use-microtype/ai_final.tex:6671: Un
defined control sequence.
<argument> \@currbox 
                     
l.6671 \end{figure}
                   
The control sequence at the end of the top line
of your error message was never \def'ed. If you have
misspelled it (e.g., `\hobx'), type `I' and the correct
spelling (e.g., `I\hbox'). Otherwise just continue,
and I'll forget about whatever was undefined.

/Users/jrathi/Projects/pdf-2-latex/files/ai/use-microtype/ai_final.tex:6671: Ar
gument of \@xnext has an extra }.
<inserted text> 
                \par 
l.6671 \end{figure}
                   
I've run across a `}' that doesn't seem to match anything.
For example, `\def\a#1{...}' and `\a}' would produce
this error. If you simply proceed now, the `\par' that
I've just inserted will cause me to report a runaway
argument that might be the root of the problem. But if
your `}' was spurious, just type `2' and it will go away.

Runaway argument?
\@currbox \@currlist \ifnum \count \@currbox >\z@ \advance \@pageht \@pagedp \E
TC.
/Users/jrathi/Projects/pdf-2-latex/files/ai/use-microtype/ai_final.tex:6671: Pa
ragraph ended before \@xnext was complete.
<to be read again> 
                   \par 
l.6671 \end{figure}
                   
I suspect you've forgotten a `}', causing me to apply this
control sequence to too much text. How can we recover?
My plan is to forget the whole thing and hope for the best.

/Users/jrathi/Projects/pdf-2-latex/files/ai/use-microtype/ai_final.tex:6671: Ex
tra \else.
\end@float ...pdima \penalty \@floatpenalty \else 
                                                  \vadjust {\penalty -\@Miv ...
l.6671 \end{figure}
                   
I'm ignoring this; it doesn't match any \if.

/Users/jrathi/Projects/pdf-2-latex/files/ai/use-microtype/ai_final.tex:6671: Yo
u can't use `\vadjust' in vertical mode.
\end@float ...nalty \@floatpenalty \else \vadjust 
                                                  {\penalty -\@Miv \vbox {}\...
l.6671 \end{figure}
                   
Sorry, but I'm not programmed to handle this case;
I'll just pretend that you didn't ask for it.
If you're in the wrong mode, you might be able to
return to the right one by typing `I}' or `I$' or `I\par'.

/Users/jrathi/Projects/pdf-2-latex/files/ai/use-microtype/ai_final.tex:6671: Ar
gument of \@xnext has an extra }.
<inserted text> 
                \par 
l.6671 \end{figure}
                   
I've run across a `}' that doesn't seem to match anything.
For example, `\def\a#1{...}' and `\a}' would produce
this error. If you simply proceed now, the `\par' that
I've just inserted will cause me to report a runaway
argument that might be the root of the problem. But if
your `}' was spurious, just type `2' and it will go away.

Runaway argument?
\@currbox \@currlist \ifnum \count \@currbox >\z@ \advance \@pageht \@pagedp \E
TC.
/Users/jrathi/Projects/pdf-2-latex/files/ai/use-microtype/ai_final.tex:6671: Pa
ragraph ended before \@xnext was complete.
<to be read again> 
                   \par 
l.6671 \end{figure}
                   
I suspect you've forgotten a `}', causing me to apply this
control sequence to too much text. How can we recover?
My plan is to forget the whole thing and hope for the best.


/Users/jrathi/Projects/pdf-2-latex/files/ai/use-microtype/ai_final.tex:6708: La
TeX Error: Too many unprocessed floats.

See the LaTeX manual or LaTeX Companion for explanation.
Type  H <return>  for immediate help.
 ...                                              
                                                  
l.6708 \begin{figure}[h]
                        
You've lost some text.  Try typing  <return>  to proceed.
If that doesn't work, type  X <return>  to quit.

/Users/jrathi/Projects/pdf-2-latex/files/ai/use-microtype/ai_final.tex:6708: Un
defined control sequence.
\@xfloat ...@fltovf \fi \global \setbox \@currbox 
                                                  \color@vbox \normalcolor \...
l.6708 \begin{figure}[h]
                        
The control sequence at the end of the top line
of your error message was never \def'ed. If you have
misspelled it (e.g., `\hobx'), type `I' and the correct
spelling (e.g., `I\hbox'). Otherwise just continue,
and I'll forget about whatever was undefined.

/Users/jrathi/Projects/pdf-2-latex/files/ai/use-microtype/ai_final.tex:6708: Mi
ssing number, treated as zero.
<to be read again> 
                   \vbox 
l.6708 \begin{figure}[h]
                        
A number should have been here; I inserted `0'.
(If you can't figure out why I needed to see a number,
look up `weird error' in the index to The TeXbook.)

File: ./images/2025_05_12_af19cd5e0d1b8a465ffeg-224.jpg Graphic file (type bmp)

<./images/2025_05_12_af19cd5e0d1b8a465ffeg-224.jpg>

Underfull \hbox (badness 10000) in paragraph at lines 6711--6711

 []

/Users/jrathi/Projects/pdf-2-latex/files/ai/use-microtype/ai_final.tex:6712: Un
defined control sequence.
\@largefloatcheck ->\ifdim \ht \@currbox 
                                         >\textheight \@tempdima -\textheigh...
l.6712 \end{figure}
                   
The control sequence at the end of the top line
of your error message was never \def'ed. If you have
misspelled it (e.g., `\hobx'), type `I' and the correct
spelling (e.g., `I\hbox'). Otherwise just continue,
and I'll forget about whatever was undefined.

/Users/jrathi/Projects/pdf-2-latex/files/ai/use-microtype/ai_final.tex:6712: Mi
ssing number, treated as zero.
<to be read again> 
                   >
l.6712 \end{figure}
                   
A number should have been here; I inserted `0'.
(If you can't figure out why I needed to see a number,
look up `weird error' in the index to The TeXbook.)

/Users/jrathi/Projects/pdf-2-latex/files/ai/use-microtype/ai_final.tex:6712: Un
defined control sequence.
<argument> \@currbox 
                     
l.6712 \end{figure}
                   
The control sequence at the end of the top line
of your error message was never \def'ed. If you have
misspelled it (e.g., `\hobx'), type `I' and the correct
spelling (e.g., `I\hbox'). Otherwise just continue,
and I'll forget about whatever was undefined.

/Users/jrathi/Projects/pdf-2-latex/files/ai/use-microtype/ai_final.tex:6712: Mi
ssing number, treated as zero.
<to be read again> 
                   \@elt 
l.6712 \end{figure}
                   
A number should have been here; I inserted `0'.
(If you can't figure out why I needed to see a number,
look up `weird error' in the index to The TeXbook.)

/Users/jrathi/Projects/pdf-2-latex/files/ai/use-microtype/ai_final.tex:6712: Mi
ssing = inserted for \ifnum.
<to be read again> 
                   \@elt 
l.6712 \end{figure}
                   
I was expecting to see `<', `=', or `>'. Didn't.

/Users/jrathi/Projects/pdf-2-latex/files/ai/use-microtype/ai_final.tex:6712: Mi
ssing number, treated as zero.
<to be read again> 
                   \@elt 
l.6712 \end{figure}
                   
A number should have been here; I inserted `0'.
(If you can't figure out why I needed to see a number,
look up `weird error' in the index to The TeXbook.)


/Users/jrathi/Projects/pdf-2-latex/files/ai/use-microtype/ai_final.tex:6712: La
TeX Error: This may be a LaTeX bug.

See the LaTeX manual or LaTeX Companion for explanation.
Type  H <return>  for immediate help.
 ...                                              
                                                  
l.6712 \end{figure}
                   
Call for help

/Users/jrathi/Projects/pdf-2-latex/files/ai/use-microtype/ai_final.tex:6712: Un
defined control sequence.
\@addmarginpar ...advance \@tempdima \ht \@marbox 
                                                  \ifdim \@tempdima >\z@ \@l...
l.6712 \end{figure}
                   
The control sequence at the end of the top line
of your error message was never \def'ed. If you have
misspelled it (e.g., `\hobx'), type `I' and the correct
spelling (e.g., `I\hbox'). Otherwise just continue,
and I'll forget about whatever was undefined.

/Users/jrathi/Projects/pdf-2-latex/files/ai/use-microtype/ai_final.tex:6712: Ba
d register code (-51626840).
\@addmarginpar ...e \space moved}\else \@tempdima 
                                                  \z@ \fi \global \@mparbott...
l.6712 \end{figure}
                   
A register number must be between 0 and 32767.
I changed this one to zero.

/Users/jrathi/Projects/pdf-2-latex/files/ai/use-microtype/ai_final.tex:6712: Mi
ssing number, treated as zero.
<to be read again> 
                   \global 
l.6712 \end{figure}
                   
A number should have been here; I inserted `0'.
(If you can't figure out why I needed to see a number,
look up `weird error' in the index to The TeXbook.)

/Users/jrathi/Projects/pdf-2-latex/files/ai/use-microtype/ai_final.tex:6712: Il
legal unit of measure (pt inserted).
<to be read again> 
                   \global 
l.6712 \end{figure}
                   
Dimensions can be in units of em, ex, in, pt, pc,
cm, mm, dd, cc, bp, or sp; but yours is a new one!
I'll assume that you meant to say pt, for printer's points.
To recover gracefully from this error, it's best to
delete the erroneous units; e.g., type `2' to delete
two letters. (See Chapter 27 of The TeXbook.)

/Users/jrathi/Projects/pdf-2-latex/files/ai/use-microtype/ai_final.tex:6712: Un
defined control sequence.
\@addmarginpar ...vance \@mparbottom \dp \@marbox 
                                                  \global \advance \@mparbot...
l.6712 \end{figure}
                   
The control sequence at the end of the top line
of your error message was never \def'ed. If you have
misspelled it (e.g., `\hobx'), type `I' and the correct
spelling (e.g., `I\hbox'). Otherwise just continue,
and I'll forget about whatever was undefined.

/Users/jrathi/Projects/pdf-2-latex/files/ai/use-microtype/ai_final.tex:6712: Mi
ssing number, treated as zero.
<to be read again> 
                   \global 
l.6712 \end{figure}
                   
A number should have been here; I inserted `0'.
(If you can't figure out why I needed to see a number,
look up `weird error' in the index to The TeXbook.)

/Users/jrathi/Projects/pdf-2-latex/files/ai/use-microtype/ai_final.tex:6712: Un
defined control sequence.
\@addmarginpar ...dvance \@tempdima -\ht \@marbox 
                                                  \global \setbox \@marbox \...
l.6712 \end{figure}
                   
The control sequence at the end of the top line
of your error message was never \def'ed. If you have
misspelled it (e.g., `\hobx'), type `I' and the correct
spelling (e.g., `I\hbox'). Otherwise just continue,
and I'll forget about whatever was undefined.

/Users/jrathi/Projects/pdf-2-latex/files/ai/use-microtype/ai_final.tex:6712: Mi
ssing number, treated as zero.
<to be read again> 
                   \global 
l.6712 \end{figure}
                   
A number should have been here; I inserted `0'.
(If you can't figure out why I needed to see a number,
look up `weird error' in the index to The TeXbook.)

/Users/jrathi/Projects/pdf-2-latex/files/ai/use-microtype/ai_final.tex:6712: Un
defined control sequence.
\@addmarginpar ...marbox \global \setbox \@marbox 
                                                  \vbox {\vskip \@tempdima \...
l.6712 \end{figure}
                   
The control sequence at the end of the top line
of your error message was never \def'ed. If you have
misspelled it (e.g., `\hobx'), type `I' and the correct
spelling (e.g., `I\hbox'). Otherwise just continue,
and I'll forget about whatever was undefined.

/Users/jrathi/Projects/pdf-2-latex/files/ai/use-microtype/ai_final.tex:6712: Mi
ssing number, treated as zero.
<to be read again> 
                   \vbox 
l.6712 \end{figure}
                   
A number should have been here; I inserted `0'.
(If you can't figure out why I needed to see a number,
look up `weird error' in the index to The TeXbook.)

/Users/jrathi/Projects/pdf-2-latex/files/ai/use-microtype/ai_final.tex:6712: Un
defined control sequence.
\@addmarginpar ...\vskip \@tempdima \box \@marbox 
                                                  }\global \ht \@marbox \z@ ...
l.6712 \end{figure}
                   
The control sequence at the end of the top line
of your error message was never \def'ed. If you have
misspelled it (e.g., `\hobx'), type `I' and the correct
spelling (e.g., `I\hbox'). Otherwise just continue,
and I'll forget about whatever was undefined.

/Users/jrathi/Projects/pdf-2-latex/files/ai/use-microtype/ai_final.tex:6712: Mi
ssing number, treated as zero.
<to be read again> 
                   }
l.6712 \end{figure}
                   
A number should have been here; I inserted `0'.
(If you can't figure out why I needed to see a number,
look up `weird error' in the index to The TeXbook.)

/Users/jrathi/Projects/pdf-2-latex/files/ai/use-microtype/ai_final.tex:6712: Un
defined control sequence.
\@addmarginpar ... \@marbox }\global \ht \@marbox 
                                                  \z@ \global \dp \@marbox \...
l.6712 \end{figure}
                   
The control sequence at the end of the top line
of your error message was never \def'ed. If you have
misspelled it (e.g., `\hobx'), type `I' and the correct
spelling (e.g., `I\hbox'). Otherwise just continue,
and I'll forget about whatever was undefined.

/Users/jrathi/Projects/pdf-2-latex/files/ai/use-microtype/ai_final.tex:6712: Mi
ssing number, treated as zero.
<to be read again> 
                   \global 
l.6712 \end{figure}
                   
A number should have been here; I inserted `0'.
(If you can't figure out why I needed to see a number,
look up `weird error' in the index to The TeXbook.)

/Users/jrathi/Projects/pdf-2-latex/files/ai/use-microtype/ai_final.tex:6712: Il
legal unit of measure (pt inserted).
<to be read again> 
                   \global 
l.6712 \end{figure}
                   
Dimensions can be in units of em, ex, in, pt, pc,
cm, mm, dd, cc, bp, or sp; but yours is a new one!
I'll assume that you meant to say pt, for printer's points.
To recover gracefully from this error, it's best to
delete the erroneous units; e.g., type `2' to delete
two letters. (See Chapter 27 of The TeXbook.)

/Users/jrathi/Projects/pdf-2-latex/files/ai/use-microtype/ai_final.tex:6712: Un
defined control sequence.
\@addmarginpar ...marbox \z@ \global \dp \@marbox 
                                                  \z@ \kern -\@pagedp \noint...
l.6712 \end{figure}
                   
The control sequence at the end of the top line
of your error message was never \def'ed. If you have
misspelled it (e.g., `\hobx'), type `I' and the correct
spelling (e.g., `I\hbox'). Otherwise just continue,
and I'll forget about whatever was undefined.

/Users/jrathi/Projects/pdf-2-latex/files/ai/use-microtype/ai_final.tex:6712: Mi
ssing number, treated as zero.
<to be read again> 
                   \kern 
l.6712 \end{figure}
                   
A number should have been here; I inserted `0'.
(If you can't figure out why I needed to see a number,
look up `weird error' in the index to The TeXbook.)

/Users/jrathi/Projects/pdf-2-latex/files/ai/use-microtype/ai_final.tex:6712: Il
legal unit of measure (pt inserted).
<to be read again> 
                   \kern 
l.6712 \end{figure}
                   
Dimensions can be in units of em, ex, in, pt, pc,
cm, mm, dd, cc, bp, or sp; but yours is a new one!
I'll assume that you meant to say pt, for printer's points.
To recover gracefully from this error, it's best to
delete the erroneous units; e.g., type `2' to delete
two letters. (See Chapter 27 of The TeXbook.)

/Users/jrathi/Projects/pdf-2-latex/files/ai/use-microtype/ai_final.tex:6712: Un
defined control sequence.
\@addmarginpar ...arginparwidth \fi \box \@marbox 
                                                  \hss }\nointerlineskip \hb...
l.6712 \end{figure}
                   
The control sequence at the end of the top line
of your error message was never \def'ed. If you have
misspelled it (e.g., `\hobx'), type `I' and the correct
spelling (e.g., `I\hbox'). Otherwise just continue,
and I'll forget about whatever was undefined.

/Users/jrathi/Projects/pdf-2-latex/files/ai/use-microtype/ai_final.tex:6712: Mi
ssing number, treated as zero.
<to be read again> 
                   \hss 
l.6712 \end{figure}
                   
A number should have been here; I inserted `0'.
(If you can't figure out why I needed to see a number,
look up `weird error' in the index to The TeXbook.)



[185]

[186]

[187]
Overfull \hbox (4.16272pt too wide) detected at line 6773
[][]
 []



[188]

[189]

[190]

/Users/jrathi/Projects/pdf-2-latex/files/ai/use-microtype/ai_final.tex:6864: La
TeX Error: Too many unprocessed floats.

See the LaTeX manual or LaTeX Companion for explanation.
Type  H <return>  for immediate help.
 ...                                              
                                                  
l.6864 \begin{figure}[h]
                        
You've lost some text.  Try typing  <return>  to proceed.
If that doesn't work, type  X <return>  to quit.

/Users/jrathi/Projects/pdf-2-latex/files/ai/use-microtype/ai_final.tex:6864: Un
defined control sequence.
\@xfloat ...@fltovf \fi \global \setbox \@currbox 
                                                  \color@vbox \normalcolor \...
l.6864 \begin{figure}[h]
                        
The control sequence at the end of the top line
of your error message was never \def'ed. If you have
misspelled it (e.g., `\hobx'), type `I' and the correct
spelling (e.g., `I\hbox'). Otherwise just continue,
and I'll forget about whatever was undefined.

/Users/jrathi/Projects/pdf-2-latex/files/ai/use-microtype/ai_final.tex:6864: Mi
ssing number, treated as zero.
<to be read again> 
                   \vbox 
l.6864 \begin{figure}[h]
                        
A number should have been here; I inserted `0'.
(If you can't figure out why I needed to see a number,
look up `weird error' in the index to The TeXbook.)

File: ./images/2025_05_12_af19cd5e0d1b8a465ffeg-230(1).jpg Graphic file (type b
mp)
<./images/2025_05_12_af19cd5e0d1b8a465ffeg-230(1).jpg>
/Users/jrathi/Projects/pdf-2-latex/files/ai/use-microtype/ai_final.tex:6868: Un
defined control sequence.
\@largefloatcheck ->\ifdim \ht \@currbox 
                                         >\textheight \@tempdima -\textheigh...
l.6868 \end{figure}
                   
The control sequence at the end of the top line
of your error message was never \def'ed. If you have
misspelled it (e.g., `\hobx'), type `I' and the correct
spelling (e.g., `I\hbox'). Otherwise just continue,
and I'll forget about whatever was undefined.

/Users/jrathi/Projects/pdf-2-latex/files/ai/use-microtype/ai_final.tex:6868: Mi
ssing number, treated as zero.
<to be read again> 
                   >
l.6868 \end{figure}
                   
A number should have been here; I inserted `0'.
(If you can't figure out why I needed to see a number,
look up `weird error' in the index to The TeXbook.)

/Users/jrathi/Projects/pdf-2-latex/files/ai/use-microtype/ai_final.tex:6868: Un
defined control sequence.
<argument> \@currbox 
                     
l.6868 \end{figure}
                   
The control sequence at the end of the top line
of your error message was never \def'ed. If you have
misspelled it (e.g., `\hobx'), type `I' and the correct
spelling (e.g., `I\hbox'). Otherwise just continue,
and I'll forget about whatever was undefined.

/Users/jrathi/Projects/pdf-2-latex/files/ai/use-microtype/ai_final.tex:6868: Ar
gument of \@xnext has an extra }.
<inserted text> 
                \par 
l.6868 \end{figure}
                   
I've run across a `}' that doesn't seem to match anything.
For example, `\def\a#1{...}' and `\a}' would produce
this error. If you simply proceed now, the `\par' that
I've just inserted will cause me to report a runaway
argument that might be the root of the problem. But if
your `}' was spurious, just type `2' and it will go away.

Runaway argument?
\@currbox \@currlist \ifnum \count \@currbox >\z@ \advance \@pageht \@pagedp \E
TC.
/Users/jrathi/Projects/pdf-2-latex/files/ai/use-microtype/ai_final.tex:6868: Pa
ragraph ended before \@xnext was complete.
<to be read again> 
                   \par 
l.6868 \end{figure}
                   
I suspect you've forgotten a `}', causing me to apply this
control sequence to too much text. How can we recover?
My plan is to forget the whole thing and hope for the best.

/Users/jrathi/Projects/pdf-2-latex/files/ai/use-microtype/ai_final.tex:6868: Ex
tra \else.
\end@float ...pdima \penalty \@floatpenalty \else 
                                                  \vadjust {\penalty -\@Miv ...
l.6868 \end{figure}
                   
I'm ignoring this; it doesn't match any \if.

/Users/jrathi/Projects/pdf-2-latex/files/ai/use-microtype/ai_final.tex:6868: Yo
u can't use `\vadjust' in vertical mode.
\end@float ...nalty \@floatpenalty \else \vadjust 
                                                  {\penalty -\@Miv \vbox {}\...
l.6868 \end{figure}
                   
Sorry, but I'm not programmed to handle this case;
I'll just pretend that you didn't ask for it.
If you're in the wrong mode, you might be able to
return to the right one by typing `I}' or `I$' or `I\par'.

/Users/jrathi/Projects/pdf-2-latex/files/ai/use-microtype/ai_final.tex:6868: Ar
gument of \@xnext has an extra }.
<inserted text> 
                \par 
l.6868 \end{figure}
                   
I've run across a `}' that doesn't seem to match anything.
For example, `\def\a#1{...}' and `\a}' would produce
this error. If you simply proceed now, the `\par' that
I've just inserted will cause me to report a runaway
argument that might be the root of the problem. But if
your `}' was spurious, just type `2' and it will go away.

Runaway argument?
\@currbox \@currlist \ifnum \count \@currbox >\z@ \advance \@pageht \@pagedp \E
TC.
/Users/jrathi/Projects/pdf-2-latex/files/ai/use-microtype/ai_final.tex:6868: Pa
ragraph ended before \@xnext was complete.
<to be read again> 
                   \par 
l.6868 \end{figure}
                   
I suspect you've forgotten a `}', causing me to apply this
control sequence to too much text. How can we recover?
My plan is to forget the whole thing and hope for the best.


/Users/jrathi/Projects/pdf-2-latex/files/ai/use-microtype/ai_final.tex:6874: La
TeX Error: Too many unprocessed floats.

See the LaTeX manual or LaTeX Companion for explanation.
Type  H <return>  for immediate help.
 ...                                              
                                                  
l.6874 \begin{figure}[h]
                        
You've lost some text.  Try typing  <return>  to proceed.
If that doesn't work, type  X <return>  to quit.

/Users/jrathi/Projects/pdf-2-latex/files/ai/use-microtype/ai_final.tex:6874: Un
defined control sequence.
\@xfloat ...@fltovf \fi \global \setbox \@currbox 
                                                  \color@vbox \normalcolor \...
l.6874 \begin{figure}[h]
                        
The control sequence at the end of the top line
of your error message was never \def'ed. If you have
misspelled it (e.g., `\hobx'), type `I' and the correct
spelling (e.g., `I\hbox'). Otherwise just continue,
and I'll forget about whatever was undefined.

/Users/jrathi/Projects/pdf-2-latex/files/ai/use-microtype/ai_final.tex:6874: Mi
ssing number, treated as zero.
<to be read again> 
                   \vbox 
l.6874 \begin{figure}[h]
                        
A number should have been here; I inserted `0'.
(If you can't figure out why I needed to see a number,
look up `weird error' in the index to The TeXbook.)

File: ./images/2025_05_12_af19cd5e0d1b8a465ffeg-230.jpg Graphic file (type bmp)

<./images/2025_05_12_af19cd5e0d1b8a465ffeg-230.jpg>

Underfull \hbox (badness 2050) in paragraph at lines 6877--6877
[]\TU/Georgia(0)/m/n/10 Figure 73: []Simple two-dimensional example with four c
learly separated
 []


Underfull \hbox (badness 10000) in paragraph at lines 6877--6877

 []

/Users/jrathi/Projects/pdf-2-latex/files/ai/use-microtype/ai_final.tex:6878: Un
defined control sequence.
\@largefloatcheck ->\ifdim \ht \@currbox 
                                         >\textheight \@tempdima -\textheigh...
l.6878 \end{figure}
                   
The control sequence at the end of the top line
of your error message was never \def'ed. If you have
misspelled it (e.g., `\hobx'), type `I' and the correct
spelling (e.g., `I\hbox'). Otherwise just continue,
and I'll forget about whatever was undefined.

/Users/jrathi/Projects/pdf-2-latex/files/ai/use-microtype/ai_final.tex:6878: Mi
ssing number, treated as zero.
<to be read again> 
                   >
l.6878 \end{figure}
                   
A number should have been here; I inserted `0'.
(If you can't figure out why I needed to see a number,
look up `weird error' in the index to The TeXbook.)

/Users/jrathi/Projects/pdf-2-latex/files/ai/use-microtype/ai_final.tex:6878: Un
defined control sequence.
<argument> \@currbox 
                     
l.6878 \end{figure}
                   
The control sequence at the end of the top line
of your error message was never \def'ed. If you have
misspelled it (e.g., `\hobx'), type `I' and the correct
spelling (e.g., `I\hbox'). Otherwise just continue,
and I'll forget about whatever was undefined.

/Users/jrathi/Projects/pdf-2-latex/files/ai/use-microtype/ai_final.tex:6878: Mi
ssing number, treated as zero.
<to be read again> 
                   \@elt 
l.6878 \end{figure}
                   
A number should have been here; I inserted `0'.
(If you can't figure out why I needed to see a number,
look up `weird error' in the index to The TeXbook.)

/Users/jrathi/Projects/pdf-2-latex/files/ai/use-microtype/ai_final.tex:6878: Mi
ssing = inserted for \ifnum.
<to be read again> 
                   \@elt 
l.6878 \end{figure}
                   
I was expecting to see `<', `=', or `>'. Didn't.

/Users/jrathi/Projects/pdf-2-latex/files/ai/use-microtype/ai_final.tex:6878: Mi
ssing number, treated as zero.
<to be read again> 
                   \@elt 
l.6878 \end{figure}
                   
A number should have been here; I inserted `0'.
(If you can't figure out why I needed to see a number,
look up `weird error' in the index to The TeXbook.)


/Users/jrathi/Projects/pdf-2-latex/files/ai/use-microtype/ai_final.tex:6878: La
TeX Error: This may be a LaTeX bug.

See the LaTeX manual or LaTeX Companion for explanation.
Type  H <return>  for immediate help.
 ...                                              
                                                  
l.6878 \end{figure}
                   
Call for help

/Users/jrathi/Projects/pdf-2-latex/files/ai/use-microtype/ai_final.tex:6878: Un
defined control sequence.
\@addmarginpar ...advance \@tempdima \ht \@marbox 
                                                  \ifdim \@tempdima >\z@ \@l...
l.6878 \end{figure}
                   
The control sequence at the end of the top line
of your error message was never \def'ed. If you have
misspelled it (e.g., `\hobx'), type `I' and the correct
spelling (e.g., `I\hbox'). Otherwise just continue,
and I'll forget about whatever was undefined.

/Users/jrathi/Projects/pdf-2-latex/files/ai/use-microtype/ai_final.tex:6878: Ba
d register code (-34381613).
\@addmarginpar ...e \space moved}\else \@tempdima 
                                                  \z@ \fi \global \@mparbott...
l.6878 \end{figure}
                   
A register number must be between 0 and 32767.
I changed this one to zero.

/Users/jrathi/Projects/pdf-2-latex/files/ai/use-microtype/ai_final.tex:6878: Mi
ssing number, treated as zero.
<to be read again> 
                   \global 
l.6878 \end{figure}
                   
A number should have been here; I inserted `0'.
(If you can't figure out why I needed to see a number,
look up `weird error' in the index to The TeXbook.)

/Users/jrathi/Projects/pdf-2-latex/files/ai/use-microtype/ai_final.tex:6878: Il
legal unit of measure (pt inserted).
<to be read again> 
                   \global 
l.6878 \end{figure}
                   
Dimensions can be in units of em, ex, in, pt, pc,
cm, mm, dd, cc, bp, or sp; but yours is a new one!
I'll assume that you meant to say pt, for printer's points.
To recover gracefully from this error, it's best to
delete the erroneous units; e.g., type `2' to delete
two letters. (See Chapter 27 of The TeXbook.)

/Users/jrathi/Projects/pdf-2-latex/files/ai/use-microtype/ai_final.tex:6878: Un
defined control sequence.
\@addmarginpar ...vance \@mparbottom \dp \@marbox 
                                                  \global \advance \@mparbot...
l.6878 \end{figure}
                   
The control sequence at the end of the top line
of your error message was never \def'ed. If you have
misspelled it (e.g., `\hobx'), type `I' and the correct
spelling (e.g., `I\hbox'). Otherwise just continue,
and I'll forget about whatever was undefined.

/Users/jrathi/Projects/pdf-2-latex/files/ai/use-microtype/ai_final.tex:6878: Mi
ssing number, treated as zero.
<to be read again> 
                   \global 
l.6878 \end{figure}
                   
A number should have been here; I inserted `0'.
(If you can't figure out why I needed to see a number,
look up `weird error' in the index to The TeXbook.)

/Users/jrathi/Projects/pdf-2-latex/files/ai/use-microtype/ai_final.tex:6878: Un
defined control sequence.
\@addmarginpar ...dvance \@tempdima -\ht \@marbox 
                                                  \global \setbox \@marbox \...
l.6878 \end{figure}
                   
The control sequence at the end of the top line
of your error message was never \def'ed. If you have
misspelled it (e.g., `\hobx'), type `I' and the correct
spelling (e.g., `I\hbox'). Otherwise just continue,
and I'll forget about whatever was undefined.

/Users/jrathi/Projects/pdf-2-latex/files/ai/use-microtype/ai_final.tex:6878: Mi
ssing number, treated as zero.
<to be read again> 
                   \global 
l.6878 \end{figure}
                   
A number should have been here; I inserted `0'.
(If you can't figure out why I needed to see a number,
look up `weird error' in the index to The TeXbook.)

/Users/jrathi/Projects/pdf-2-latex/files/ai/use-microtype/ai_final.tex:6878: Un
defined control sequence.
\@addmarginpar ...marbox \global \setbox \@marbox 
                                                  \vbox {\vskip \@tempdima \...
l.6878 \end{figure}
                   
The control sequence at the end of the top line
of your error message was never \def'ed. If you have
misspelled it (e.g., `\hobx'), type `I' and the correct
spelling (e.g., `I\hbox'). Otherwise just continue,
and I'll forget about whatever was undefined.

/Users/jrathi/Projects/pdf-2-latex/files/ai/use-microtype/ai_final.tex:6878: Mi
ssing number, treated as zero.
<to be read again> 
                   \vbox 
l.6878 \end{figure}
                   
A number should have been here; I inserted `0'.
(If you can't figure out why I needed to see a number,
look up `weird error' in the index to The TeXbook.)

/Users/jrathi/Projects/pdf-2-latex/files/ai/use-microtype/ai_final.tex:6878: Un
defined control sequence.
\@addmarginpar ...\vskip \@tempdima \box \@marbox 
                                                  }\global \ht \@marbox \z@ ...
l.6878 \end{figure}
                   
The control sequence at the end of the top line
of your error message was never \def'ed. If you have
misspelled it (e.g., `\hobx'), type `I' and the correct
spelling (e.g., `I\hbox'). Otherwise just continue,
and I'll forget about whatever was undefined.

/Users/jrathi/Projects/pdf-2-latex/files/ai/use-microtype/ai_final.tex:6878: Mi
ssing number, treated as zero.
<to be read again> 
                   }
l.6878 \end{figure}
                   
A number should have been here; I inserted `0'.
(If you can't figure out why I needed to see a number,
look up `weird error' in the index to The TeXbook.)

/Users/jrathi/Projects/pdf-2-latex/files/ai/use-microtype/ai_final.tex:6878: Un
defined control sequence.
\@addmarginpar ... \@marbox }\global \ht \@marbox 
                                                  \z@ \global \dp \@marbox \...
l.6878 \end{figure}
                   
The control sequence at the end of the top line
of your error message was never \def'ed. If you have
misspelled it (e.g., `\hobx'), type `I' and the correct
spelling (e.g., `I\hbox'). Otherwise just continue,
and I'll forget about whatever was undefined.

/Users/jrathi/Projects/pdf-2-latex/files/ai/use-microtype/ai_final.tex:6878: Mi
ssing number, treated as zero.
<to be read again> 
                   \global 
l.6878 \end{figure}
                   
A number should have been here; I inserted `0'.
(If you can't figure out why I needed to see a number,
look up `weird error' in the index to The TeXbook.)

/Users/jrathi/Projects/pdf-2-latex/files/ai/use-microtype/ai_final.tex:6878: Il
legal unit of measure (pt inserted).
<to be read again> 
                   \global 
l.6878 \end{figure}
                   
Dimensions can be in units of em, ex, in, pt, pc,
cm, mm, dd, cc, bp, or sp; but yours is a new one!
I'll assume that you meant to say pt, for printer's points.
To recover gracefully from this error, it's best to
delete the erroneous units; e.g., type `2' to delete
two letters. (See Chapter 27 of The TeXbook.)

/Users/jrathi/Projects/pdf-2-latex/files/ai/use-microtype/ai_final.tex:6878: Un
defined control sequence.
\@addmarginpar ...marbox \z@ \global \dp \@marbox 
                                                  \z@ \kern -\@pagedp \noint...
l.6878 \end{figure}
                   
The control sequence at the end of the top line
of your error message was never \def'ed. If you have
misspelled it (e.g., `\hobx'), type `I' and the correct
spelling (e.g., `I\hbox'). Otherwise just continue,
and I'll forget about whatever was undefined.

/Users/jrathi/Projects/pdf-2-latex/files/ai/use-microtype/ai_final.tex:6878: Mi
ssing number, treated as zero.
<to be read again> 
                   \kern 
l.6878 \end{figure}
                   
A number should have been here; I inserted `0'.
(If you can't figure out why I needed to see a number,
look up `weird error' in the index to The TeXbook.)

/Users/jrathi/Projects/pdf-2-latex/files/ai/use-microtype/ai_final.tex:6878: Il
legal unit of measure (pt inserted).
<to be read again> 
                   \kern 
l.6878 \end{figure}
                   
Dimensions can be in units of em, ex, in, pt, pc,
cm, mm, dd, cc, bp, or sp; but yours is a new one!
I'll assume that you meant to say pt, for printer's points.
To recover gracefully from this error, it's best to
delete the erroneous units; e.g., type `2' to delete
two letters. (See Chapter 27 of The TeXbook.)

/Users/jrathi/Projects/pdf-2-latex/files/ai/use-microtype/ai_final.tex:6878: Un
defined control sequence.
\@addmarginpar ...arginparwidth \fi \box \@marbox 
                                                  \hss }\nointerlineskip \hb...
l.6878 \end{figure}
                   
The control sequence at the end of the top line
of your error message was never \def'ed. If you have
misspelled it (e.g., `\hobx'), type `I' and the correct
spelling (e.g., `I\hbox'). Otherwise just continue,
and I'll forget about whatever was undefined.

/Users/jrathi/Projects/pdf-2-latex/files/ai/use-microtype/ai_final.tex:6878: Mi
ssing number, treated as zero.
<to be read again> 
                   \hss 
l.6878 \end{figure}
                   
A number should have been here; I inserted `0'.
(If you can't figure out why I needed to see a number,
look up `weird error' in the index to The TeXbook.)



[191]

[192]
Overfull \hbox (33.0pt too wide) in paragraph at lines 6943--6943
[]\TU/lmtt/m/n/10 K-MEANS $\left(\boldsymbol{x}_{1}, \ldots, \boldsymbol{x}_{n}
, k\right)$[] 
 []


Overfull \hbox (122.25pt too wide) in paragraph at lines 6943--6943
[]\TU/lmtt/m/n/10 initialize cluster centers $\mu_{1}=x_{i_{1}}, \ldots, \mu_{k
}=x_{i_{k}}$ (e.g. randomly)[] 
 []


Overfull \hbox (190.5pt too wide) in paragraph at lines 6943--6943
[]    \TU/lmtt/m/n/10 classify $\boldsymbol{x}_{1}, \ldots, \boldsymbol{x}_{n}$
 to each[]s nearest $\boldsymbol{\mu}_{i}$[] 
 []


Overfull \hbox (12.0pt too wide) in paragraph at lines 6943--6943
[]    \TU/lmtt/m/n/10 recalculate $\boldsymbol{\mu}_{1}, \ldots, \boldsymbol{\m
u}_{k}$[] 
 []


Overfull \hbox (27.75pt too wide) in paragraph at lines 6943--6943
[]\TU/lmtt/m/n/10 Until no change in $\boldsymbol{\mu}_{1}, \ldots, \boldsymbol
{\mu}_{k}$[] 
 []


Overfull \hbox (216.75pt too wide) in paragraph at lines 6943--6943
[]\TU/lmtt/m/n/10 $\boldsymbol{\operatorname { R e t u r n }}\left(\boldsymbol{
\mu}_{1}, \ldots, \boldsymbol{\mu}_{k}\right)$[] 
 []



[193]

/Users/jrathi/Projects/pdf-2-latex/files/ai/use-microtype/ai_final.tex:6952: La
TeX Error: Too many unprocessed floats.

See the LaTeX manual or LaTeX Companion for explanation.
Type  H <return>  for immediate help.
 ...                                              
                                                  
l.6952 \begin{figure}[h]
                        
You've lost some text.  Try typing  <return>  to proceed.
If that doesn't work, type  X <return>  to quit.

/Users/jrathi/Projects/pdf-2-latex/files/ai/use-microtype/ai_final.tex:6952: Un
defined control sequence.
\@xfloat ...@fltovf \fi \global \setbox \@currbox 
                                                  \color@vbox \normalcolor \...
l.6952 \begin{figure}[h]
                        
The control sequence at the end of the top line
of your error message was never \def'ed. If you have
misspelled it (e.g., `\hobx'), type `I' and the correct
spelling (e.g., `I\hbox'). Otherwise just continue,
and I'll forget about whatever was undefined.

/Users/jrathi/Projects/pdf-2-latex/files/ai/use-microtype/ai_final.tex:6952: Mi
ssing number, treated as zero.
<to be read again> 
                   \vbox 
l.6952 \begin{figure}[h]
                        
A number should have been here; I inserted `0'.
(If you can't figure out why I needed to see a number,
look up `weird error' in the index to The TeXbook.)

File: ./images/2025_05_12_af19cd5e0d1b8a465ffeg-232.jpg Graphic file (type bmp)

<./images/2025_05_12_af19cd5e0d1b8a465ffeg-232.jpg>

Underfull \hbox (badness 10000) in paragraph at lines 6955--6955

 []

/Users/jrathi/Projects/pdf-2-latex/files/ai/use-microtype/ai_final.tex:6956: Un
defined control sequence.
\@largefloatcheck ->\ifdim \ht \@currbox 
                                         >\textheight \@tempdima -\textheigh...
l.6956 \end{figure}
                   
The control sequence at the end of the top line
of your error message was never \def'ed. If you have
misspelled it (e.g., `\hobx'), type `I' and the correct
spelling (e.g., `I\hbox'). Otherwise just continue,
and I'll forget about whatever was undefined.

/Users/jrathi/Projects/pdf-2-latex/files/ai/use-microtype/ai_final.tex:6956: Mi
ssing number, treated as zero.
<to be read again> 
                   >
l.6956 \end{figure}
                   
A number should have been here; I inserted `0'.
(If you can't figure out why I needed to see a number,
look up `weird error' in the index to The TeXbook.)

/Users/jrathi/Projects/pdf-2-latex/files/ai/use-microtype/ai_final.tex:6956: Un
defined control sequence.
<argument> \@currbox 
                     
l.6956 \end{figure}
                   
The control sequence at the end of the top line
of your error message was never \def'ed. If you have
misspelled it (e.g., `\hobx'), type `I' and the correct
spelling (e.g., `I\hbox'). Otherwise just continue,
and I'll forget about whatever was undefined.

/Users/jrathi/Projects/pdf-2-latex/files/ai/use-microtype/ai_final.tex:6956: Ar
gument of \@xnext has an extra }.
<inserted text> 
                \par 
l.6956 \end{figure}
                   
I've run across a `}' that doesn't seem to match anything.
For example, `\def\a#1{...}' and `\a}' would produce
this error. If you simply proceed now, the `\par' that
I've just inserted will cause me to report a runaway
argument that might be the root of the problem. But if
your `}' was spurious, just type `2' and it will go away.

Runaway argument?
\@currbox \@currlist \ifnum \count \@currbox >\z@ \advance \@pageht \@pagedp \E
TC.
/Users/jrathi/Projects/pdf-2-latex/files/ai/use-microtype/ai_final.tex:6956: Pa
ragraph ended before \@xnext was complete.
<to be read again> 
                   \par 
l.6956 \end{figure}
                   
I suspect you've forgotten a `}', causing me to apply this
control sequence to too much text. How can we recover?
My plan is to forget the whole thing and hope for the best.

/Users/jrathi/Projects/pdf-2-latex/files/ai/use-microtype/ai_final.tex:6956: Ex
tra \else.
\end@float ...pdima \penalty \@floatpenalty \else 
                                                  \vadjust {\penalty -\@Miv ...
l.6956 \end{figure}
                   
I'm ignoring this; it doesn't match any \if.

/Users/jrathi/Projects/pdf-2-latex/files/ai/use-microtype/ai_final.tex:6956: Yo
u can't use `\vadjust' in vertical mode.
\end@float ...nalty \@floatpenalty \else \vadjust 
                                                  {\penalty -\@Miv \vbox {}\...
l.6956 \end{figure}
                   
Sorry, but I'm not programmed to handle this case;
I'll just pretend that you didn't ask for it.
If you're in the wrong mode, you might be able to
return to the right one by typing `I}' or `I$' or `I\par'.

/Users/jrathi/Projects/pdf-2-latex/files/ai/use-microtype/ai_final.tex:6956: Ar
gument of \@xnext has an extra }.
<inserted text> 
                \par 
l.6956 \end{figure}
                   
I've run across a `}' that doesn't seem to match anything.
For example, `\def\a#1{...}' and `\a}' would produce
this error. If you simply proceed now, the `\par' that
I've just inserted will cause me to report a runaway
argument that might be the root of the problem. But if
your `}' was spurious, just type `2' and it will go away.

Runaway argument?
\@currbox \@currlist \ifnum \count \@currbox >\z@ \advance \@pageht \@pagedp \E
TC.
/Users/jrathi/Projects/pdf-2-latex/files/ai/use-microtype/ai_final.tex:6956: Pa
ragraph ended before \@xnext was complete.
<to be read again> 
                   \par 
l.6956 \end{figure}
                   
I suspect you've forgotten a `}', causing me to apply this
control sequence to too much text. How can we recover?
My plan is to forget the whole thing and hope for the best.


Package hyperref Warning: Token not allowed in a PDF string (Unicode):
(hyperref)                removing `math shift' on input line 6971.


Package hyperref Warning: Token not allowed in a PDF string (Unicode):
(hyperref)                removing `\left' on input line 6971.


Package hyperref Warning: Token not allowed in a PDF string (Unicode):
(hyperref)                removing `\begingroup' on input line 6971.


Package hyperref Warning: Token not allowed in a PDF string (Unicode):
(hyperref)                removing `\<let>-command' on input line 6971.


Package hyperref Warning: Token not allowed in a PDF string (Unicode):
(hyperref)                removing `\@nomath' on input line 6971.


Package hyperref Warning: Token not allowed in a PDF string (Unicode):
(hyperref)                removing `\begingroup' on input line 6971.


Package hyperref Warning: Token not allowed in a PDF string (Unicode):
(hyperref)                removing `\setbox' on input line 6971.


Package hyperref Warning: Token not allowed in a PDF string (Unicode):
(hyperref)                removing `\z@' on input line 6971.


Package hyperref Warning: Token not allowed in a PDF string (Unicode):
(hyperref)                removing `\hbox' on input line 6971.


Package hyperref Warning: Token not allowed in a PDF string (Unicode):
(hyperref)                removing `\thinmuskip' on input line 6971.


Package hyperref Warning: Token not allowed in a PDF string (Unicode):
(hyperref)                removing `\medmuskip' on input line 6971.


Package hyperref Warning: Token not allowed in a PDF string (Unicode):
(hyperref)                removing `\m@ne' on input line 6971.


Package hyperref Warning: Token not allowed in a PDF string (Unicode):
(hyperref)                removing `\thickmuskip' on input line 6971.


Package hyperref Warning: Token not allowed in a PDF string (Unicode):
(hyperref)                removing `\@ne' on input line 6971.


Package hyperref Warning: Token not allowed in a PDF string (Unicode):
(hyperref)                removing `\setbox' on input line 6971.


Package hyperref Warning: Token not allowed in a PDF string (Unicode):
(hyperref)                removing `\tw@' on input line 6971.


Package hyperref Warning: Token not allowed in a PDF string (Unicode):
(hyperref)                removing `\hbox' on input line 6971.


Package hyperref Warning: Token not allowed in a PDF string (Unicode):
(hyperref)                removing `math shift' on input line 6971.


Package hyperref Warning: Token not allowed in a PDF string (Unicode):
(hyperref)                removing `\mathsurround' on input line 6971.


Package hyperref Warning: Token not allowed in a PDF string (Unicode):
(hyperref)                removing `\z@' on input line 6971.


Package hyperref Warning: Token not allowed in a PDF string (Unicode):
(hyperref)                removing `math shift' on input line 6971.


Package hyperref Warning: Token not allowed in a PDF string (Unicode):
(hyperref)                removing `math shift' on input line 6971.


Package hyperref Warning: Token not allowed in a PDF string (Unicode):
(hyperref)                removing `\mathsurround' on input line 6971.


Package hyperref Warning: Token not allowed in a PDF string (Unicode):
(hyperref)                removing `\z@' on input line 6971.


Package hyperref Warning: Token not allowed in a PDF string (Unicode):
(hyperref)                removing `math shift' on input line 6971.


Package hyperref Warning: Token not allowed in a PDF string (Unicode):
(hyperref)                removing `\<def>-command' on input line 6971.


Package hyperref Warning: Token not allowed in a PDF string (Unicode):
(hyperref)                removing `\mathchoice' on input line 6971.


Package hyperref Warning: Token not allowed in a PDF string (Unicode):
(hyperref)                removing `\hbox' on input line 6971.


Package hyperref Warning: Token not allowed in a PDF string (Unicode):
(hyperref)                removing `math shift' on input line 6971.


Package hyperref Warning: Token not allowed in a PDF string (Unicode):
(hyperref)                removing `\mathsurround' on input line 6971.


Package hyperref Warning: Token not allowed in a PDF string (Unicode):
(hyperref)                removing `\z@' on input line 6971.


Package hyperref Warning: Token not allowed in a PDF string (Unicode):
(hyperref)                removing `\displaystyle' on input line 6971.


Package hyperref Warning: Token not allowed in a PDF string (Unicode):
(hyperref)                removing `math shift' on input line 6971.


Package hyperref Warning: Token not allowed in a PDF string (Unicode):
(hyperref)                removing `\hbox' on input line 6971.


Package hyperref Warning: Token not allowed in a PDF string (Unicode):
(hyperref)                removing `math shift' on input line 6971.


Package hyperref Warning: Token not allowed in a PDF string (Unicode):
(hyperref)                removing `\mathsurround' on input line 6971.


Package hyperref Warning: Token not allowed in a PDF string (Unicode):
(hyperref)                removing `\z@' on input line 6971.


Package hyperref Warning: Token not allowed in a PDF string (Unicode):
(hyperref)                removing `\textstyle' on input line 6971.


Package hyperref Warning: Token not allowed in a PDF string (Unicode):
(hyperref)                removing `math shift' on input line 6971.


Package hyperref Warning: Token not allowed in a PDF string (Unicode):
(hyperref)                removing `\hbox' on input line 6971.


Package hyperref Warning: Token not allowed in a PDF string (Unicode):
(hyperref)                removing `math shift' on input line 6971.


Package hyperref Warning: Token not allowed in a PDF string (Unicode):
(hyperref)                removing `\mathsurround' on input line 6971.


Package hyperref Warning: Token not allowed in a PDF string (Unicode):
(hyperref)                removing `\z@' on input line 6971.


Package hyperref Warning: Token not allowed in a PDF string (Unicode):
(hyperref)                removing `\scriptstyle' on input line 6971.


Package hyperref Warning: Token not allowed in a PDF string (Unicode):
(hyperref)                removing `math shift' on input line 6971.


Package hyperref Warning: Token not allowed in a PDF string (Unicode):
(hyperref)                removing `\hbox' on input line 6971.


Package hyperref Warning: Token not allowed in a PDF string (Unicode):
(hyperref)                removing `math shift' on input line 6971.


Package hyperref Warning: Token not allowed in a PDF string (Unicode):
(hyperref)                removing `\mathsurround' on input line 6971.


Package hyperref Warning: Token not allowed in a PDF string (Unicode):
(hyperref)                removing `\z@' on input line 6971.


Package hyperref Warning: Token not allowed in a PDF string (Unicode):
(hyperref)                removing `\scriptscriptstyle' on input line 6971.


Package hyperref Warning: Token not allowed in a PDF string (Unicode):
(hyperref)                removing `math shift' on input line 6971.


Package hyperref Warning: Token not allowed in a PDF string (Unicode):
(hyperref)                removing `\endgroup' on input line 6971.


Package hyperref Warning: Token not allowed in a PDF string (Unicode):
(hyperref)                removing `\begingroup' on input line 6971.


Package hyperref Warning: Token not allowed in a PDF string (Unicode):
(hyperref)                removing `\<let>-command' on input line 6971.


Package hyperref Warning: Token not allowed in a PDF string (Unicode):
(hyperref)                removing `\@nomath' on input line 6971.


Package hyperref Warning: Token not allowed in a PDF string (Unicode):
(hyperref)                removing `\begingroup' on input line 6971.


Package hyperref Warning: Token not allowed in a PDF string (Unicode):
(hyperref)                removing `\setbox' on input line 6971.


Package hyperref Warning: Token not allowed in a PDF string (Unicode):
(hyperref)                removing `\z@' on input line 6971.


Package hyperref Warning: Token not allowed in a PDF string (Unicode):
(hyperref)                removing `\hbox' on input line 6971.


Package hyperref Warning: Token not allowed in a PDF string (Unicode):
(hyperref)                removing `\thinmuskip' on input line 6971.


Package hyperref Warning: Token not allowed in a PDF string (Unicode):
(hyperref)                removing `\medmuskip' on input line 6971.


Package hyperref Warning: Token not allowed in a PDF string (Unicode):
(hyperref)                removing `\m@ne' on input line 6971.


Package hyperref Warning: Token not allowed in a PDF string (Unicode):
(hyperref)                removing `\thickmuskip' on input line 6971.


Package hyperref Warning: Token not allowed in a PDF string (Unicode):
(hyperref)                removing `\@ne' on input line 6971.


Package hyperref Warning: Token not allowed in a PDF string (Unicode):
(hyperref)                removing `\setbox' on input line 6971.


Package hyperref Warning: Token not allowed in a PDF string (Unicode):
(hyperref)                removing `\tw@' on input line 6971.


Package hyperref Warning: Token not allowed in a PDF string (Unicode):
(hyperref)                removing `\hbox' on input line 6971.


Package hyperref Warning: Token not allowed in a PDF string (Unicode):
(hyperref)                removing `math shift' on input line 6971.


Package hyperref Warning: Token not allowed in a PDF string (Unicode):
(hyperref)                removing `\mathsurround' on input line 6971.


Package hyperref Warning: Token not allowed in a PDF string (Unicode):
(hyperref)                removing `\z@' on input line 6971.


Package hyperref Warning: Token not allowed in a PDF string (Unicode):
(hyperref)                removing `math shift' on input line 6971.


Package hyperref Warning: Token not allowed in a PDF string (Unicode):
(hyperref)                removing `math shift' on input line 6971.


Package hyperref Warning: Token not allowed in a PDF string (Unicode):
(hyperref)                removing `\mathsurround' on input line 6971.


Package hyperref Warning: Token not allowed in a PDF string (Unicode):
(hyperref)                removing `\z@' on input line 6971.


Package hyperref Warning: Token not allowed in a PDF string (Unicode):
(hyperref)                removing `math shift' on input line 6971.


Package hyperref Warning: Token not allowed in a PDF string (Unicode):
(hyperref)                removing `\<def>-command' on input line 6971.


Package hyperref Warning: Token not allowed in a PDF string (Unicode):
(hyperref)                removing `\mathchoice' on input line 6971.


Package hyperref Warning: Token not allowed in a PDF string (Unicode):
(hyperref)                removing `\hbox' on input line 6971.


Package hyperref Warning: Token not allowed in a PDF string (Unicode):
(hyperref)                removing `math shift' on input line 6971.


Package hyperref Warning: Token not allowed in a PDF string (Unicode):
(hyperref)                removing `\mathsurround' on input line 6971.


Package hyperref Warning: Token not allowed in a PDF string (Unicode):
(hyperref)                removing `\z@' on input line 6971.


Package hyperref Warning: Token not allowed in a PDF string (Unicode):
(hyperref)                removing `\displaystyle' on input line 6971.


Package hyperref Warning: Token not allowed in a PDF string (Unicode):
(hyperref)                removing `math shift' on input line 6971.


Package hyperref Warning: Token not allowed in a PDF string (Unicode):
(hyperref)                removing `\hbox' on input line 6971.


Package hyperref Warning: Token not allowed in a PDF string (Unicode):
(hyperref)                removing `math shift' on input line 6971.


Package hyperref Warning: Token not allowed in a PDF string (Unicode):
(hyperref)                removing `\mathsurround' on input line 6971.


Package hyperref Warning: Token not allowed in a PDF string (Unicode):
(hyperref)                removing `\z@' on input line 6971.


Package hyperref Warning: Token not allowed in a PDF string (Unicode):
(hyperref)                removing `\textstyle' on input line 6971.


Package hyperref Warning: Token not allowed in a PDF string (Unicode):
(hyperref)                removing `math shift' on input line 6971.


Package hyperref Warning: Token not allowed in a PDF string (Unicode):
(hyperref)                removing `\hbox' on input line 6971.


Package hyperref Warning: Token not allowed in a PDF string (Unicode):
(hyperref)                removing `math shift' on input line 6971.


Package hyperref Warning: Token not allowed in a PDF string (Unicode):
(hyperref)                removing `\mathsurround' on input line 6971.


Package hyperref Warning: Token not allowed in a PDF string (Unicode):
(hyperref)                removing `\z@' on input line 6971.


Package hyperref Warning: Token not allowed in a PDF string (Unicode):
(hyperref)                removing `\scriptstyle' on input line 6971.


Package hyperref Warning: Token not allowed in a PDF string (Unicode):
(hyperref)                removing `math shift' on input line 6971.


Package hyperref Warning: Token not allowed in a PDF string (Unicode):
(hyperref)                removing `\hbox' on input line 6971.


Package hyperref Warning: Token not allowed in a PDF string (Unicode):
(hyperref)                removing `math shift' on input line 6971.


Package hyperref Warning: Token not allowed in a PDF string (Unicode):
(hyperref)                removing `\mathsurround' on input line 6971.


Package hyperref Warning: Token not allowed in a PDF string (Unicode):
(hyperref)                removing `\z@' on input line 6971.


Package hyperref Warning: Token not allowed in a PDF string (Unicode):
(hyperref)                removing `\scriptscriptstyle' on input line 6971.


Package hyperref Warning: Token not allowed in a PDF string (Unicode):
(hyperref)                removing `math shift' on input line 6971.


Package hyperref Warning: Token not allowed in a PDF string (Unicode):
(hyperref)                removing `\endgroup' on input line 6971.


Package hyperref Warning: Token not allowed in a PDF string (Unicode):
(hyperref)                removing `\right' on input line 6971.


Package hyperref Warning: Token not allowed in a PDF string (Unicode):
(hyperref)                removing `math shift' on input line 6971.


/Users/jrathi/Projects/pdf-2-latex/files/ai/use-microtype/ai_final.tex:6979: La
TeX Error: Too many unprocessed floats.

See the LaTeX manual or LaTeX Companion for explanation.
Type  H <return>  for immediate help.
 ...                                              
                                                  
l.6979 \begin{figure}[h]
                        
You've lost some text.  Try typing  <return>  to proceed.
If that doesn't work, type  X <return>  to quit.

/Users/jrathi/Projects/pdf-2-latex/files/ai/use-microtype/ai_final.tex:6979: Un
defined control sequence.
\@xfloat ...@fltovf \fi \global \setbox \@currbox 
                                                  \color@vbox \normalcolor \...
l.6979 \begin{figure}[h]
                        
The control sequence at the end of the top line
of your error message was never \def'ed. If you have
misspelled it (e.g., `\hobx'), type `I' and the correct
spelling (e.g., `I\hbox'). Otherwise just continue,
and I'll forget about whatever was undefined.

/Users/jrathi/Projects/pdf-2-latex/files/ai/use-microtype/ai_final.tex:6979: Mi
ssing number, treated as zero.
<to be read again> 
                   \vbox 
l.6979 \begin{figure}[h]
                        
A number should have been here; I inserted `0'.
(If you can't figure out why I needed to see a number,
look up `weird error' in the index to The TeXbook.)

File: ./images/2025_05_12_af19cd5e0d1b8a465ffeg-234.jpg Graphic file (type bmp)

<./images/2025_05_12_af19cd5e0d1b8a465ffeg-234.jpg>

Underfull \hbox (badness 10000) in paragraph at lines 6982--6982

 []

/Users/jrathi/Projects/pdf-2-latex/files/ai/use-microtype/ai_final.tex:6983: Un
defined control sequence.
\@largefloatcheck ->\ifdim \ht \@currbox 
                                         >\textheight \@tempdima -\textheigh...
l.6983 \end{figure}
                   
The control sequence at the end of the top line
of your error message was never \def'ed. If you have
misspelled it (e.g., `\hobx'), type `I' and the correct
spelling (e.g., `I\hbox'). Otherwise just continue,
and I'll forget about whatever was undefined.

/Users/jrathi/Projects/pdf-2-latex/files/ai/use-microtype/ai_final.tex:6983: Mi
ssing number, treated as zero.
<to be read again> 
                   >
l.6983 \end{figure}
                   
A number should have been here; I inserted `0'.
(If you can't figure out why I needed to see a number,
look up `weird error' in the index to The TeXbook.)

/Users/jrathi/Projects/pdf-2-latex/files/ai/use-microtype/ai_final.tex:6983: Un
defined control sequence.
<argument> \@currbox 
                     
l.6983 \end{figure}
                   
The control sequence at the end of the top line
of your error message was never \def'ed. If you have
misspelled it (e.g., `\hobx'), type `I' and the correct
spelling (e.g., `I\hbox'). Otherwise just continue,
and I'll forget about whatever was undefined.

/Users/jrathi/Projects/pdf-2-latex/files/ai/use-microtype/ai_final.tex:6983: Mi
ssing number, treated as zero.
<to be read again> 
                   \@elt 
l.6983 \end{figure}
                   
A number should have been here; I inserted `0'.
(If you can't figure out why I needed to see a number,
look up `weird error' in the index to The TeXbook.)

/Users/jrathi/Projects/pdf-2-latex/files/ai/use-microtype/ai_final.tex:6983: Mi
ssing = inserted for \ifnum.
<to be read again> 
                   \@elt 
l.6983 \end{figure}
                   
I was expecting to see `<', `=', or `>'. Didn't.

/Users/jrathi/Projects/pdf-2-latex/files/ai/use-microtype/ai_final.tex:6983: Mi
ssing number, treated as zero.
<to be read again> 
                   \@elt 
l.6983 \end{figure}
                   
A number should have been here; I inserted `0'.
(If you can't figure out why I needed to see a number,
look up `weird error' in the index to The TeXbook.)


/Users/jrathi/Projects/pdf-2-latex/files/ai/use-microtype/ai_final.tex:6983: La
TeX Error: This may be a LaTeX bug.

See the LaTeX manual or LaTeX Companion for explanation.
Type  H <return>  for immediate help.
 ...                                              
                                                  
l.6983 \end{figure}
                   
Call for help

/Users/jrathi/Projects/pdf-2-latex/files/ai/use-microtype/ai_final.tex:6983: Un
defined control sequence.
\@addmarginpar ...a <\z@ \global \setbox \@marbox 
                                                  \box \@currbox \fi \@tempd...
l.6983 \end{figure}
                   
The control sequence at the end of the top line
of your error message was never \def'ed. If you have
misspelled it (e.g., `\hobx'), type `I' and the correct
spelling (e.g., `I\hbox'). Otherwise just continue,
and I'll forget about whatever was undefined.

/Users/jrathi/Projects/pdf-2-latex/files/ai/use-microtype/ai_final.tex:6983: Mi
ssing number, treated as zero.
<to be read again> 
                   \box 
l.6983 \end{figure}
                   
A number should have been here; I inserted `0'.
(If you can't figure out why I needed to see a number,
look up `weird error' in the index to The TeXbook.)

/Users/jrathi/Projects/pdf-2-latex/files/ai/use-microtype/ai_final.tex:6983: Mi
ssing number, treated as zero.
<to be read again> 
                   \@elt 
l.6983 \end{figure}
                   
A number should have been here; I inserted `0'.
(If you can't figure out why I needed to see a number,
look up `weird error' in the index to The TeXbook.)

/Users/jrathi/Projects/pdf-2-latex/files/ai/use-microtype/ai_final.tex:6983: Un
defined control sequence.
\@addmarginpar ...advance \@tempdima \ht \@marbox 
                                                  \ifdim \@tempdima >\z@ \@l...
l.6983 \end{figure}
                   
The control sequence at the end of the top line
of your error message was never \def'ed. If you have
misspelled it (e.g., `\hobx'), type `I' and the correct
spelling (e.g., `I\hbox'). Otherwise just continue,
and I'll forget about whatever was undefined.

/Users/jrathi/Projects/pdf-2-latex/files/ai/use-microtype/ai_final.tex:6983: Ba
d register code (-37058015).
\@addmarginpar ...e \space moved}\else \@tempdima 
                                                  \z@ \fi \global \@mparbott...
l.6983 \end{figure}
                   
A register number must be between 0 and 32767.
I changed this one to zero.

/Users/jrathi/Projects/pdf-2-latex/files/ai/use-microtype/ai_final.tex:6983: Mi
ssing number, treated as zero.
<to be read again> 
                   \global 
l.6983 \end{figure}
                   
A number should have been here; I inserted `0'.
(If you can't figure out why I needed to see a number,
look up `weird error' in the index to The TeXbook.)

/Users/jrathi/Projects/pdf-2-latex/files/ai/use-microtype/ai_final.tex:6983: Il
legal unit of measure (pt inserted).
<to be read again> 
                   \global 
l.6983 \end{figure}
                   
Dimensions can be in units of em, ex, in, pt, pc,
cm, mm, dd, cc, bp, or sp; but yours is a new one!
I'll assume that you meant to say pt, for printer's points.
To recover gracefully from this error, it's best to
delete the erroneous units; e.g., type `2' to delete
two letters. (See Chapter 27 of The TeXbook.)

/Users/jrathi/Projects/pdf-2-latex/files/ai/use-microtype/ai_final.tex:6983: Un
defined control sequence.
\@addmarginpar ...vance \@mparbottom \dp \@marbox 
                                                  \global \advance \@mparbot...
l.6983 \end{figure}
                   
The control sequence at the end of the top line
of your error message was never \def'ed. If you have
misspelled it (e.g., `\hobx'), type `I' and the correct
spelling (e.g., `I\hbox'). Otherwise just continue,
and I'll forget about whatever was undefined.

/Users/jrathi/Projects/pdf-2-latex/files/ai/use-microtype/ai_final.tex:6983: Mi
ssing number, treated as zero.
<to be read again> 
                   \global 
l.6983 \end{figure}
                   
A number should have been here; I inserted `0'.
(If you can't figure out why I needed to see a number,
look up `weird error' in the index to The TeXbook.)

/Users/jrathi/Projects/pdf-2-latex/files/ai/use-microtype/ai_final.tex:6983: Un
defined control sequence.
\@addmarginpar ...dvance \@tempdima -\ht \@marbox 
                                                  \global \setbox \@marbox \...
l.6983 \end{figure}
                   
The control sequence at the end of the top line
of your error message was never \def'ed. If you have
misspelled it (e.g., `\hobx'), type `I' and the correct
spelling (e.g., `I\hbox'). Otherwise just continue,
and I'll forget about whatever was undefined.

/Users/jrathi/Projects/pdf-2-latex/files/ai/use-microtype/ai_final.tex:6983: Mi
ssing number, treated as zero.
<to be read again> 
                   \global 
l.6983 \end{figure}
                   
A number should have been here; I inserted `0'.
(If you can't figure out why I needed to see a number,
look up `weird error' in the index to The TeXbook.)

/Users/jrathi/Projects/pdf-2-latex/files/ai/use-microtype/ai_final.tex:6983: Un
defined control sequence.
\@addmarginpar ...marbox \global \setbox \@marbox 
                                                  \vbox {\vskip \@tempdima \...
l.6983 \end{figure}
                   
The control sequence at the end of the top line
of your error message was never \def'ed. If you have
misspelled it (e.g., `\hobx'), type `I' and the correct
spelling (e.g., `I\hbox'). Otherwise just continue,
and I'll forget about whatever was undefined.

/Users/jrathi/Projects/pdf-2-latex/files/ai/use-microtype/ai_final.tex:6983: Mi
ssing number, treated as zero.
<to be read again> 
                   \vbox 
l.6983 \end{figure}
                   
A number should have been here; I inserted `0'.
(If you can't figure out why I needed to see a number,
look up `weird error' in the index to The TeXbook.)

/Users/jrathi/Projects/pdf-2-latex/files/ai/use-microtype/ai_final.tex:6983: Un
defined control sequence.
\@addmarginpar ...\vskip \@tempdima \box \@marbox 
                                                  }\global \ht \@marbox \z@ ...
l.6983 \end{figure}
                   
The control sequence at the end of the top line
of your error message was never \def'ed. If you have
misspelled it (e.g., `\hobx'), type `I' and the correct
spelling (e.g., `I\hbox'). Otherwise just continue,
and I'll forget about whatever was undefined.

/Users/jrathi/Projects/pdf-2-latex/files/ai/use-microtype/ai_final.tex:6983: Mi
ssing number, treated as zero.
<to be read again> 
                   }
l.6983 \end{figure}
                   
A number should have been here; I inserted `0'.
(If you can't figure out why I needed to see a number,
look up `weird error' in the index to The TeXbook.)

/Users/jrathi/Projects/pdf-2-latex/files/ai/use-microtype/ai_final.tex:6983: Un
defined control sequence.
\@addmarginpar ... \@marbox }\global \ht \@marbox 
                                                  \z@ \global \dp \@marbox \...
l.6983 \end{figure}
                   
The control sequence at the end of the top line
of your error message was never \def'ed. If you have
misspelled it (e.g., `\hobx'), type `I' and the correct
spelling (e.g., `I\hbox'). Otherwise just continue,
and I'll forget about whatever was undefined.

/Users/jrathi/Projects/pdf-2-latex/files/ai/use-microtype/ai_final.tex:6983: Mi
ssing number, treated as zero.
<to be read again> 
                   \global 
l.6983 \end{figure}
                   
A number should have been here; I inserted `0'.
(If you can't figure out why I needed to see a number,
look up `weird error' in the index to The TeXbook.)

/Users/jrathi/Projects/pdf-2-latex/files/ai/use-microtype/ai_final.tex:6983: Il
legal unit of measure (pt inserted).
<to be read again> 
                   \global 
l.6983 \end{figure}
                   
Dimensions can be in units of em, ex, in, pt, pc,
cm, mm, dd, cc, bp, or sp; but yours is a new one!
I'll assume that you meant to say pt, for printer's points.
To recover gracefully from this error, it's best to
delete the erroneous units; e.g., type `2' to delete
two letters. (See Chapter 27 of The TeXbook.)

/Users/jrathi/Projects/pdf-2-latex/files/ai/use-microtype/ai_final.tex:6983: Un
defined control sequence.
\@addmarginpar ...marbox \z@ \global \dp \@marbox 
                                                  \z@ \kern -\@pagedp \noint...
l.6983 \end{figure}
                   
The control sequence at the end of the top line
of your error message was never \def'ed. If you have
misspelled it (e.g., `\hobx'), type `I' and the correct
spelling (e.g., `I\hbox'). Otherwise just continue,
and I'll forget about whatever was undefined.

/Users/jrathi/Projects/pdf-2-latex/files/ai/use-microtype/ai_final.tex:6983: Mi
ssing number, treated as zero.
<to be read again> 
                   \kern 
l.6983 \end{figure}
                   
A number should have been here; I inserted `0'.
(If you can't figure out why I needed to see a number,
look up `weird error' in the index to The TeXbook.)

/Users/jrathi/Projects/pdf-2-latex/files/ai/use-microtype/ai_final.tex:6983: Il
legal unit of measure (pt inserted).
<to be read again> 
                   \kern 
l.6983 \end{figure}
                   
Dimensions can be in units of em, ex, in, pt, pc,
cm, mm, dd, cc, bp, or sp; but yours is a new one!
I'll assume that you meant to say pt, for printer's points.
To recover gracefully from this error, it's best to
delete the erroneous units; e.g., type `2' to delete
two letters. (See Chapter 27 of The TeXbook.)

/Users/jrathi/Projects/pdf-2-latex/files/ai/use-microtype/ai_final.tex:6983: Un
defined control sequence.
\@addmarginpar ...arginparwidth \fi \box \@marbox 
                                                  \hss }\nointerlineskip \hb...
l.6983 \end{figure}
                   
The control sequence at the end of the top line
of your error message was never \def'ed. If you have
misspelled it (e.g., `\hobx'), type `I' and the correct
spelling (e.g., `I\hbox'). Otherwise just continue,
and I'll forget about whatever was undefined.

/Users/jrathi/Projects/pdf-2-latex/files/ai/use-microtype/ai_final.tex:6983: Mi
ssing number, treated as zero.
<to be read again> 
                   \hss 
l.6983 \end{figure}
                   
A number should have been here; I inserted `0'.
(If you can't figure out why I needed to see a number,
look up `weird error' in the index to The TeXbook.)



[194]

/Users/jrathi/Projects/pdf-2-latex/files/ai/use-microtype/ai_final.tex:6986: La
TeX Error: Too many unprocessed floats.

See the LaTeX manual or LaTeX Companion for explanation.
Type  H <return>  for immediate help.
 ...                                              
                                                  
l.6986 \begin{figure}[h]
                        
You've lost some text.  Try typing  <return>  to proceed.
If that doesn't work, type  X <return>  to quit.

/Users/jrathi/Projects/pdf-2-latex/files/ai/use-microtype/ai_final.tex:6986: Un
defined control sequence.
\@xfloat ...@fltovf \fi \global \setbox \@currbox 
                                                  \color@vbox \normalcolor \...
l.6986 \begin{figure}[h]
                        
The control sequence at the end of the top line
of your error message was never \def'ed. If you have
misspelled it (e.g., `\hobx'), type `I' and the correct
spelling (e.g., `I\hbox'). Otherwise just continue,
and I'll forget about whatever was undefined.

/Users/jrathi/Projects/pdf-2-latex/files/ai/use-microtype/ai_final.tex:6986: Mi
ssing number, treated as zero.
<to be read again> 
                   \vbox 
l.6986 \begin{figure}[h]
                        
A number should have been here; I inserted `0'.
(If you can't figure out why I needed to see a number,
look up `weird error' in the index to The TeXbook.)

File: ./images/2025_05_12_af19cd5e0d1b8a465ffeg-234(1).jpg Graphic file (type b
mp)
<./images/2025_05_12_af19cd5e0d1b8a465ffeg-234(1).jpg>

Underfull \hbox (badness 10000) in paragraph at lines 6989--6989

 []

/Users/jrathi/Projects/pdf-2-latex/files/ai/use-microtype/ai_final.tex:6990: Un
defined control sequence.
\@largefloatcheck ->\ifdim \ht \@currbox 
                                         >\textheight \@tempdima -\textheigh...
l.6990 \end{figure}
                   
The control sequence at the end of the top line
of your error message was never \def'ed. If you have
misspelled it (e.g., `\hobx'), type `I' and the correct
spelling (e.g., `I\hbox'). Otherwise just continue,
and I'll forget about whatever was undefined.

/Users/jrathi/Projects/pdf-2-latex/files/ai/use-microtype/ai_final.tex:6990: Mi
ssing number, treated as zero.
<to be read again> 
                   >
l.6990 \end{figure}
                   
A number should have been here; I inserted `0'.
(If you can't figure out why I needed to see a number,
look up `weird error' in the index to The TeXbook.)

/Users/jrathi/Projects/pdf-2-latex/files/ai/use-microtype/ai_final.tex:6990: Un
defined control sequence.
<argument> \@currbox 
                     
l.6990 \end{figure}
                   
The control sequence at the end of the top line
of your error message was never \def'ed. If you have
misspelled it (e.g., `\hobx'), type `I' and the correct
spelling (e.g., `I\hbox'). Otherwise just continue,
and I'll forget about whatever was undefined.

/Users/jrathi/Projects/pdf-2-latex/files/ai/use-microtype/ai_final.tex:6990: Ar
gument of \@xnext has an extra }.
<inserted text> 
                \par 
l.6990 \end{figure}
                   
I've run across a `}' that doesn't seem to match anything.
For example, `\def\a#1{...}' and `\a}' would produce
this error. If you simply proceed now, the `\par' that
I've just inserted will cause me to report a runaway
argument that might be the root of the problem. But if
your `}' was spurious, just type `2' and it will go away.

Runaway argument?
\@currbox \@currlist \ifnum \count \@currbox >\z@ \advance \@pageht \@pagedp \E
TC.
/Users/jrathi/Projects/pdf-2-latex/files/ai/use-microtype/ai_final.tex:6990: Pa
ragraph ended before \@xnext was complete.
<to be read again> 
                   \par 
l.6990 \end{figure}
                   
I suspect you've forgotten a `}', causing me to apply this
control sequence to too much text. How can we recover?
My plan is to forget the whole thing and hope for the best.

/Users/jrathi/Projects/pdf-2-latex/files/ai/use-microtype/ai_final.tex:6990: Ex
tra \else.
\end@float ...pdima \penalty \@floatpenalty \else 
                                                  \vadjust {\penalty -\@Miv ...
l.6990 \end{figure}
                   
I'm ignoring this; it doesn't match any \if.

/Users/jrathi/Projects/pdf-2-latex/files/ai/use-microtype/ai_final.tex:6990: Yo
u can't use `\vadjust' in vertical mode.
\end@float ...nalty \@floatpenalty \else \vadjust 
                                                  {\penalty -\@Miv \vbox {}\...
l.6990 \end{figure}
                   
Sorry, but I'm not programmed to handle this case;
I'll just pretend that you didn't ask for it.
If you're in the wrong mode, you might be able to
return to the right one by typing `I}' or `I$' or `I\par'.

/Users/jrathi/Projects/pdf-2-latex/files/ai/use-microtype/ai_final.tex:6990: Ar
gument of \@xnext has an extra }.
<inserted text> 
                \par 
l.6990 \end{figure}
                   
I've run across a `}' that doesn't seem to match anything.
For example, `\def\a#1{...}' and `\a}' would produce
this error. If you simply proceed now, the `\par' that
I've just inserted will cause me to report a runaway
argument that might be the root of the problem. But if
your `}' was spurious, just type `2' and it will go away.

Runaway argument?
\@currbox \@currlist \ifnum \count \@currbox >\z@ \advance \@pageht \@pagedp \E
TC.
/Users/jrathi/Projects/pdf-2-latex/files/ai/use-microtype/ai_final.tex:6990: Pa
ragraph ended before \@xnext was complete.
<to be read again> 
                   \par 
l.6990 \end{figure}
                   
I suspect you've forgotten a `}', causing me to apply this
control sequence to too much text. How can we recover?
My plan is to forget the whole thing and hope for the best.


Overfull \hbox (185.25pt too wide) in paragraph at lines 7074--7074
[]\TU/lmtt/m/n/10 $\operatorname{OMRk}\left(\boldsymbol{x}_{1}, \ldots, \boldsy
mbol{x}_{n}, p, k_{\text {max }}\right)$[] 
 []


Overfull \hbox (22.5pt too wide) in paragraph at lines 7074--7074
[]        \TU/lmtt/m/n/10 Generate a random partition with $k$ clusters (initia
lization)[] 
 []


/Users/jrathi/Projects/pdf-2-latex/files/ai/use-microtype/ai_final.tex:7079: La
TeX Error: Too many unprocessed floats.

See the LaTeX manual or LaTeX Companion for explanation.
Type  H <return>  for immediate help.
 ...                                              
                                                  
l.7079 \begin{figure}[h]
                        
You've lost some text.  Try typing  <return>  to proceed.
If that doesn't work, type  X <return>  to quit.

/Users/jrathi/Projects/pdf-2-latex/files/ai/use-microtype/ai_final.tex:7079: Un
defined control sequence.
\@xfloat ...@fltovf \fi \global \setbox \@currbox 
                                                  \color@vbox \normalcolor \...
l.7079 \begin{figure}[h]
                        
The control sequence at the end of the top line
of your error message was never \def'ed. If you have
misspelled it (e.g., `\hobx'), type `I' and the correct
spelling (e.g., `I\hbox'). Otherwise just continue,
and I'll forget about whatever was undefined.

/Users/jrathi/Projects/pdf-2-latex/files/ai/use-microtype/ai_final.tex:7079: Mi
ssing number, treated as zero.
<to be read again> 
                   \vbox 
l.7079 \begin{figure}[h]
                        
A number should have been here; I inserted `0'.
(If you can't figure out why I needed to see a number,
look up `weird error' in the index to The TeXbook.)

File: ./images/2025_05_12_af19cd5e0d1b8a465ffeg-237.jpg Graphic file (type bmp)

<./images/2025_05_12_af19cd5e0d1b8a465ffeg-237.jpg>

Underfull \hbox (badness 10000) in paragraph at lines 7082--7082

 []

/Users/jrathi/Projects/pdf-2-latex/files/ai/use-microtype/ai_final.tex:7083: Un
defined control sequence.
\@largefloatcheck ->\ifdim \ht \@currbox 
                                         >\textheight \@tempdima -\textheigh...
l.7083 \end{figure}
                   
The control sequence at the end of the top line
of your error message was never \def'ed. If you have
misspelled it (e.g., `\hobx'), type `I' and the correct
spelling (e.g., `I\hbox'). Otherwise just continue,
and I'll forget about whatever was undefined.

/Users/jrathi/Projects/pdf-2-latex/files/ai/use-microtype/ai_final.tex:7083: Mi
ssing number, treated as zero.
<to be read again> 
                   >
l.7083 \end{figure}
                   
A number should have been here; I inserted `0'.
(If you can't figure out why I needed to see a number,
look up `weird error' in the index to The TeXbook.)

/Users/jrathi/Projects/pdf-2-latex/files/ai/use-microtype/ai_final.tex:7083: Un
defined control sequence.
<argument> \@currbox 
                     
l.7083 \end{figure}
                   
The control sequence at the end of the top line
of your error message was never \def'ed. If you have
misspelled it (e.g., `\hobx'), type `I' and the correct
spelling (e.g., `I\hbox'). Otherwise just continue,
and I'll forget about whatever was undefined.

/Users/jrathi/Projects/pdf-2-latex/files/ai/use-microtype/ai_final.tex:7083: Mi
ssing number, treated as zero.
<to be read again> 
                   \@elt 
l.7083 \end{figure}
                   
A number should have been here; I inserted `0'.
(If you can't figure out why I needed to see a number,
look up `weird error' in the index to The TeXbook.)

/Users/jrathi/Projects/pdf-2-latex/files/ai/use-microtype/ai_final.tex:7083: Mi
ssing = inserted for \ifnum.
<to be read again> 
                   \@elt 
l.7083 \end{figure}
                   
I was expecting to see `<', `=', or `>'. Didn't.

/Users/jrathi/Projects/pdf-2-latex/files/ai/use-microtype/ai_final.tex:7083: Mi
ssing number, treated as zero.
<to be read again> 
                   \@elt 
l.7083 \end{figure}
                   
A number should have been here; I inserted `0'.
(If you can't figure out why I needed to see a number,
look up `weird error' in the index to The TeXbook.)


/Users/jrathi/Projects/pdf-2-latex/files/ai/use-microtype/ai_final.tex:7083: La
TeX Error: This may be a LaTeX bug.

See the LaTeX manual or LaTeX Companion for explanation.
Type  H <return>  for immediate help.
 ...                                              
                                                  
l.7083 \end{figure}
                   
Call for help

/Users/jrathi/Projects/pdf-2-latex/files/ai/use-microtype/ai_final.tex:7083: Un
defined control sequence.
\@addmarginpar ...advance \@tempdima \ht \@marbox 
                                                  \ifdim \@tempdima >\z@ \@l...
l.7083 \end{figure}
                   
The control sequence at the end of the top line
of your error message was never \def'ed. If you have
misspelled it (e.g., `\hobx'), type `I' and the correct
spelling (e.g., `I\hbox'). Otherwise just continue,
and I'll forget about whatever was undefined.

/Users/jrathi/Projects/pdf-2-latex/files/ai/use-microtype/ai_final.tex:7083: Ba
d register code (-95960468).
\@addmarginpar ...e \space moved}\else \@tempdima 
                                                  \z@ \fi \global \@mparbott...
l.7083 \end{figure}
                   
A register number must be between 0 and 32767.
I changed this one to zero.

/Users/jrathi/Projects/pdf-2-latex/files/ai/use-microtype/ai_final.tex:7083: Mi
ssing number, treated as zero.
<to be read again> 
                   \global 
l.7083 \end{figure}
                   
A number should have been here; I inserted `0'.
(If you can't figure out why I needed to see a number,
look up `weird error' in the index to The TeXbook.)

/Users/jrathi/Projects/pdf-2-latex/files/ai/use-microtype/ai_final.tex:7083: Il
legal unit of measure (pt inserted).
<to be read again> 
                   \global 
l.7083 \end{figure}
                   
Dimensions can be in units of em, ex, in, pt, pc,
cm, mm, dd, cc, bp, or sp; but yours is a new one!
I'll assume that you meant to say pt, for printer's points.
To recover gracefully from this error, it's best to
delete the erroneous units; e.g., type `2' to delete
two letters. (See Chapter 27 of The TeXbook.)

/Users/jrathi/Projects/pdf-2-latex/files/ai/use-microtype/ai_final.tex:7083: Un
defined control sequence.
\@addmarginpar ...vance \@mparbottom \dp \@marbox 
                                                  \global \advance \@mparbot...
l.7083 \end{figure}
                   
The control sequence at the end of the top line
of your error message was never \def'ed. If you have
misspelled it (e.g., `\hobx'), type `I' and the correct
spelling (e.g., `I\hbox'). Otherwise just continue,
and I'll forget about whatever was undefined.

/Users/jrathi/Projects/pdf-2-latex/files/ai/use-microtype/ai_final.tex:7083: Mi
ssing number, treated as zero.
<to be read again> 
                   \global 
l.7083 \end{figure}
                   
A number should have been here; I inserted `0'.
(If you can't figure out why I needed to see a number,
look up `weird error' in the index to The TeXbook.)

/Users/jrathi/Projects/pdf-2-latex/files/ai/use-microtype/ai_final.tex:7083: Un
defined control sequence.
\@addmarginpar ...dvance \@tempdima -\ht \@marbox 
                                                  \global \setbox \@marbox \...
l.7083 \end{figure}
                   
The control sequence at the end of the top line
of your error message was never \def'ed. If you have
misspelled it (e.g., `\hobx'), type `I' and the correct
spelling (e.g., `I\hbox'). Otherwise just continue,
and I'll forget about whatever was undefined.

/Users/jrathi/Projects/pdf-2-latex/files/ai/use-microtype/ai_final.tex:7083: Mi
ssing number, treated as zero.
<to be read again> 
                   \global 
l.7083 \end{figure}
                   
A number should have been here; I inserted `0'.
(If you can't figure out why I needed to see a number,
look up `weird error' in the index to The TeXbook.)

/Users/jrathi/Projects/pdf-2-latex/files/ai/use-microtype/ai_final.tex:7083: Un
defined control sequence.
\@addmarginpar ...marbox \global \setbox \@marbox 
                                                  \vbox {\vskip \@tempdima \...
l.7083 \end{figure}
                   
The control sequence at the end of the top line
of your error message was never \def'ed. If you have
misspelled it (e.g., `\hobx'), type `I' and the correct
spelling (e.g., `I\hbox'). Otherwise just continue,
and I'll forget about whatever was undefined.

/Users/jrathi/Projects/pdf-2-latex/files/ai/use-microtype/ai_final.tex:7083: Mi
ssing number, treated as zero.
<to be read again> 
                   \vbox 
l.7083 \end{figure}
                   
A number should have been here; I inserted `0'.
(If you can't figure out why I needed to see a number,
look up `weird error' in the index to The TeXbook.)

/Users/jrathi/Projects/pdf-2-latex/files/ai/use-microtype/ai_final.tex:7083: Un
defined control sequence.
\@addmarginpar ...\vskip \@tempdima \box \@marbox 
                                                  }\global \ht \@marbox \z@ ...
l.7083 \end{figure}
                   
The control sequence at the end of the top line
of your error message was never \def'ed. If you have
misspelled it (e.g., `\hobx'), type `I' and the correct
spelling (e.g., `I\hbox'). Otherwise just continue,
and I'll forget about whatever was undefined.

/Users/jrathi/Projects/pdf-2-latex/files/ai/use-microtype/ai_final.tex:7083: Mi
ssing number, treated as zero.
<to be read again> 
                   }
l.7083 \end{figure}
                   
A number should have been here; I inserted `0'.
(If you can't figure out why I needed to see a number,
look up `weird error' in the index to The TeXbook.)

/Users/jrathi/Projects/pdf-2-latex/files/ai/use-microtype/ai_final.tex:7083: Un
defined control sequence.
\@addmarginpar ... \@marbox }\global \ht \@marbox 
                                                  \z@ \global \dp \@marbox \...
l.7083 \end{figure}
                   
The control sequence at the end of the top line
of your error message was never \def'ed. If you have
misspelled it (e.g., `\hobx'), type `I' and the correct
spelling (e.g., `I\hbox'). Otherwise just continue,
and I'll forget about whatever was undefined.

/Users/jrathi/Projects/pdf-2-latex/files/ai/use-microtype/ai_final.tex:7083: Mi
ssing number, treated as zero.
<to be read again> 
                   \global 
l.7083 \end{figure}
                   
A number should have been here; I inserted `0'.
(If you can't figure out why I needed to see a number,
look up `weird error' in the index to The TeXbook.)

/Users/jrathi/Projects/pdf-2-latex/files/ai/use-microtype/ai_final.tex:7083: Il
legal unit of measure (pt inserted).
<to be read again> 
                   \global 
l.7083 \end{figure}
                   
Dimensions can be in units of em, ex, in, pt, pc,
cm, mm, dd, cc, bp, or sp; but yours is a new one!
I'll assume that you meant to say pt, for printer's points.
To recover gracefully from this error, it's best to
delete the erroneous units; e.g., type `2' to delete
two letters. (See Chapter 27 of The TeXbook.)

/Users/jrathi/Projects/pdf-2-latex/files/ai/use-microtype/ai_final.tex:7083: Un
defined control sequence.
\@addmarginpar ...marbox \z@ \global \dp \@marbox 
                                                  \z@ \kern -\@pagedp \noint...
l.7083 \end{figure}
                   
The control sequence at the end of the top line
of your error message was never \def'ed. If you have
misspelled it (e.g., `\hobx'), type `I' and the correct
spelling (e.g., `I\hbox'). Otherwise just continue,
and I'll forget about whatever was undefined.

/Users/jrathi/Projects/pdf-2-latex/files/ai/use-microtype/ai_final.tex:7083: Mi
ssing number, treated as zero.
<to be read again> 
                   \kern 
l.7083 \end{figure}
                   
A number should have been here; I inserted `0'.
(If you can't figure out why I needed to see a number,
look up `weird error' in the index to The TeXbook.)

/Users/jrathi/Projects/pdf-2-latex/files/ai/use-microtype/ai_final.tex:7083: Il
legal unit of measure (pt inserted).
<to be read again> 
                   \kern 
l.7083 \end{figure}
                   
Dimensions can be in units of em, ex, in, pt, pc,
cm, mm, dd, cc, bp, or sp; but yours is a new one!
I'll assume that you meant to say pt, for printer's points.
To recover gracefully from this error, it's best to
delete the erroneous units; e.g., type `2' to delete
two letters. (See Chapter 27 of The TeXbook.)

/Users/jrathi/Projects/pdf-2-latex/files/ai/use-microtype/ai_final.tex:7083: Un
defined control sequence.
\@addmarginpar ...arginparwidth \fi \box \@marbox 
                                                  \hss }\nointerlineskip \hb...
l.7083 \end{figure}
                   
The control sequence at the end of the top line
of your error message was never \def'ed. If you have
misspelled it (e.g., `\hobx'), type `I' and the correct
spelling (e.g., `I\hbox'). Otherwise just continue,
and I'll forget about whatever was undefined.

/Users/jrathi/Projects/pdf-2-latex/files/ai/use-microtype/ai_final.tex:7083: Mi
ssing number, treated as zero.
<to be read again> 
                   \hss 
l.7083 \end{figure}
                   
A number should have been here; I inserted `0'.
(If you can't figure out why I needed to see a number,
look up `weird error' in the index to The TeXbook.)



[195]

[196]

[197]

/Users/jrathi/Projects/pdf-2-latex/files/ai/use-microtype/ai_final.tex:7092: La
TeX Error: Too many unprocessed floats.

See the LaTeX manual or LaTeX Companion for explanation.
Type  H <return>  for immediate help.
 ...                                              
                                                  
l.7092 \begin{figure}[h]
                        
You've lost some text.  Try typing  <return>  to proceed.
If that doesn't work, type  X <return>  to quit.

/Users/jrathi/Projects/pdf-2-latex/files/ai/use-microtype/ai_final.tex:7092: Un
defined control sequence.
\@xfloat ...@fltovf \fi \global \setbox \@currbox 
                                                  \color@vbox \normalcolor \...
l.7092 \begin{figure}[h]
                        
The control sequence at the end of the top line
of your error message was never \def'ed. If you have
misspelled it (e.g., `\hobx'), type `I' and the correct
spelling (e.g., `I\hbox'). Otherwise just continue,
and I'll forget about whatever was undefined.

/Users/jrathi/Projects/pdf-2-latex/files/ai/use-microtype/ai_final.tex:7092: Mi
ssing number, treated as zero.
<to be read again> 
                   \vbox 
l.7092 \begin{figure}[h]
                        
A number should have been here; I inserted `0'.
(If you can't figure out why I needed to see a number,
look up `weird error' in the index to The TeXbook.)

File: ./images/2025_05_12_af19cd5e0d1b8a465ffeg-238.jpg Graphic file (type bmp)

<./images/2025_05_12_af19cd5e0d1b8a465ffeg-238.jpg>
/Users/jrathi/Projects/pdf-2-latex/files/ai/use-microtype/ai_final.tex:7096: Un
defined control sequence.
\@largefloatcheck ->\ifdim \ht \@currbox 
                                         >\textheight \@tempdima -\textheigh...
l.7096 \end{figure}
                   
The control sequence at the end of the top line
of your error message was never \def'ed. If you have
misspelled it (e.g., `\hobx'), type `I' and the correct
spelling (e.g., `I\hbox'). Otherwise just continue,
and I'll forget about whatever was undefined.

/Users/jrathi/Projects/pdf-2-latex/files/ai/use-microtype/ai_final.tex:7096: Mi
ssing number, treated as zero.
<to be read again> 
                   >
l.7096 \end{figure}
                   
A number should have been here; I inserted `0'.
(If you can't figure out why I needed to see a number,
look up `weird error' in the index to The TeXbook.)

/Users/jrathi/Projects/pdf-2-latex/files/ai/use-microtype/ai_final.tex:7096: Un
defined control sequence.
<argument> \@currbox 
                     
l.7096 \end{figure}
                   
The control sequence at the end of the top line
of your error message was never \def'ed. If you have
misspelled it (e.g., `\hobx'), type `I' and the correct
spelling (e.g., `I\hbox'). Otherwise just continue,
and I'll forget about whatever was undefined.

/Users/jrathi/Projects/pdf-2-latex/files/ai/use-microtype/ai_final.tex:7096: Ar
gument of \@xnext has an extra }.
<inserted text> 
                \par 
l.7096 \end{figure}
                   
I've run across a `}' that doesn't seem to match anything.
For example, `\def\a#1{...}' and `\a}' would produce
this error. If you simply proceed now, the `\par' that
I've just inserted will cause me to report a runaway
argument that might be the root of the problem. But if
your `}' was spurious, just type `2' and it will go away.

Runaway argument?
\@currbox \@currlist \ifnum \count \@currbox >\z@ \advance \@pageht \@pagedp \E
TC.
/Users/jrathi/Projects/pdf-2-latex/files/ai/use-microtype/ai_final.tex:7096: Pa
ragraph ended before \@xnext was complete.
<to be read again> 
                   \par 
l.7096 \end{figure}
                   
I suspect you've forgotten a `}', causing me to apply this
control sequence to too much text. How can we recover?
My plan is to forget the whole thing and hope for the best.

/Users/jrathi/Projects/pdf-2-latex/files/ai/use-microtype/ai_final.tex:7096: Ex
tra \else.
\end@float ...pdima \penalty \@floatpenalty \else 
                                                  \vadjust {\penalty -\@Miv ...
l.7096 \end{figure}
                   
I'm ignoring this; it doesn't match any \if.

/Users/jrathi/Projects/pdf-2-latex/files/ai/use-microtype/ai_final.tex:7096: Yo
u can't use `\vadjust' in vertical mode.
\end@float ...nalty \@floatpenalty \else \vadjust 
                                                  {\penalty -\@Miv \vbox {}\...
l.7096 \end{figure}
                   
Sorry, but I'm not programmed to handle this case;
I'll just pretend that you didn't ask for it.
If you're in the wrong mode, you might be able to
return to the right one by typing `I}' or `I$' or `I\par'.

/Users/jrathi/Projects/pdf-2-latex/files/ai/use-microtype/ai_final.tex:7096: Ar
gument of \@xnext has an extra }.
<inserted text> 
                \par 
l.7096 \end{figure}
                   
I've run across a `}' that doesn't seem to match anything.
For example, `\def\a#1{...}' and `\a}' would produce
this error. If you simply proceed now, the `\par' that
I've just inserted will cause me to report a runaway
argument that might be the root of the problem. But if
your `}' was spurious, just type `2' and it will go away.

Runaway argument?
\@currbox \@currlist \ifnum \count \@currbox >\z@ \advance \@pageht \@pagedp \E
TC.
/Users/jrathi/Projects/pdf-2-latex/files/ai/use-microtype/ai_final.tex:7096: Pa
ragraph ended before \@xnext was complete.
<to be read again> 
                   \par 
l.7096 \end{figure}
                   
I suspect you've forgotten a `}', causing me to apply this
control sequence to too much text. How can we recover?
My plan is to forget the whole thing and hope for the best.


/Users/jrathi/Projects/pdf-2-latex/files/ai/use-microtype/ai_final.tex:7114: La
TeX Error: Too many unprocessed floats.

See the LaTeX manual or LaTeX Companion for explanation.
Type  H <return>  for immediate help.
 ...                                              
                                                  
l.7114 \begin{figure}[h]
                        
You've lost some text.  Try typing  <return>  to proceed.
If that doesn't work, type  X <return>  to quit.

/Users/jrathi/Projects/pdf-2-latex/files/ai/use-microtype/ai_final.tex:7114: Un
defined control sequence.
\@xfloat ...@fltovf \fi \global \setbox \@currbox 
                                                  \color@vbox \normalcolor \...
l.7114 \begin{figure}[h]
                        
The control sequence at the end of the top line
of your error message was never \def'ed. If you have
misspelled it (e.g., `\hobx'), type `I' and the correct
spelling (e.g., `I\hbox'). Otherwise just continue,
and I'll forget about whatever was undefined.

/Users/jrathi/Projects/pdf-2-latex/files/ai/use-microtype/ai_final.tex:7114: Mi
ssing number, treated as zero.
<to be read again> 
                   \vbox 
l.7114 \begin{figure}[h]
                        
A number should have been here; I inserted `0'.
(If you can't figure out why I needed to see a number,
look up `weird error' in the index to The TeXbook.)

File: ./images/2025_05_12_af19cd5e0d1b8a465ffeg-239.jpg Graphic file (type bmp)

<./images/2025_05_12_af19cd5e0d1b8a465ffeg-239.jpg>

Underfull \hbox (badness 10000) in paragraph at lines 7117--7117

 []

/Users/jrathi/Projects/pdf-2-latex/files/ai/use-microtype/ai_final.tex:7118: Un
defined control sequence.
\@largefloatcheck ->\ifdim \ht \@currbox 
                                         >\textheight \@tempdima -\textheigh...
l.7118 \end{figure}
                   
The control sequence at the end of the top line
of your error message was never \def'ed. If you have
misspelled it (e.g., `\hobx'), type `I' and the correct
spelling (e.g., `I\hbox'). Otherwise just continue,
and I'll forget about whatever was undefined.

/Users/jrathi/Projects/pdf-2-latex/files/ai/use-microtype/ai_final.tex:7118: Mi
ssing number, treated as zero.
<to be read again> 
                   >
l.7118 \end{figure}
                   
A number should have been here; I inserted `0'.
(If you can't figure out why I needed to see a number,
look up `weird error' in the index to The TeXbook.)

/Users/jrathi/Projects/pdf-2-latex/files/ai/use-microtype/ai_final.tex:7118: Un
defined control sequence.
<argument> \@currbox 
                     
l.7118 \end{figure}
                   
The control sequence at the end of the top line
of your error message was never \def'ed. If you have
misspelled it (e.g., `\hobx'), type `I' and the correct
spelling (e.g., `I\hbox'). Otherwise just continue,
and I'll forget about whatever was undefined.

/Users/jrathi/Projects/pdf-2-latex/files/ai/use-microtype/ai_final.tex:7118: Mi
ssing number, treated as zero.
<to be read again> 
                   \@elt 
l.7118 \end{figure}
                   
A number should have been here; I inserted `0'.
(If you can't figure out why I needed to see a number,
look up `weird error' in the index to The TeXbook.)

/Users/jrathi/Projects/pdf-2-latex/files/ai/use-microtype/ai_final.tex:7118: Mi
ssing = inserted for \ifnum.
<to be read again> 
                   \@elt 
l.7118 \end{figure}
                   
I was expecting to see `<', `=', or `>'. Didn't.

/Users/jrathi/Projects/pdf-2-latex/files/ai/use-microtype/ai_final.tex:7118: Mi
ssing number, treated as zero.
<to be read again> 
                   \@elt 
l.7118 \end{figure}
                   
A number should have been here; I inserted `0'.
(If you can't figure out why I needed to see a number,
look up `weird error' in the index to The TeXbook.)


/Users/jrathi/Projects/pdf-2-latex/files/ai/use-microtype/ai_final.tex:7118: La
TeX Error: This may be a LaTeX bug.

See the LaTeX manual or LaTeX Companion for explanation.
Type  H <return>  for immediate help.
 ...                                              
                                                  
l.7118 \end{figure}
                   
Call for help

/Users/jrathi/Projects/pdf-2-latex/files/ai/use-microtype/ai_final.tex:7118: Un
defined control sequence.
\@addmarginpar ...a <\z@ \global \setbox \@marbox 
                                                  \box \@currbox \fi \@tempd...
l.7118 \end{figure}
                   
The control sequence at the end of the top line
of your error message was never \def'ed. If you have
misspelled it (e.g., `\hobx'), type `I' and the correct
spelling (e.g., `I\hbox'). Otherwise just continue,
and I'll forget about whatever was undefined.

/Users/jrathi/Projects/pdf-2-latex/files/ai/use-microtype/ai_final.tex:7118: Mi
ssing number, treated as zero.
<to be read again> 
                   \box 
l.7118 \end{figure}
                   
A number should have been here; I inserted `0'.
(If you can't figure out why I needed to see a number,
look up `weird error' in the index to The TeXbook.)

/Users/jrathi/Projects/pdf-2-latex/files/ai/use-microtype/ai_final.tex:7118: Mi
ssing number, treated as zero.
<to be read again> 
                   \@elt 
l.7118 \end{figure}
                   
A number should have been here; I inserted `0'.
(If you can't figure out why I needed to see a number,
look up `weird error' in the index to The TeXbook.)

/Users/jrathi/Projects/pdf-2-latex/files/ai/use-microtype/ai_final.tex:7118: Un
defined control sequence.
\@addmarginpar ...advance \@tempdima \ht \@marbox 
                                                  \ifdim \@tempdima >\z@ \@l...
l.7118 \end{figure}
                   
The control sequence at the end of the top line
of your error message was never \def'ed. If you have
misspelled it (e.g., `\hobx'), type `I' and the correct
spelling (e.g., `I\hbox'). Otherwise just continue,
and I'll forget about whatever was undefined.

/Users/jrathi/Projects/pdf-2-latex/files/ai/use-microtype/ai_final.tex:7118: Ba
d register code (-46533950).
\@addmarginpar ...e \space moved}\else \@tempdima 
                                                  \z@ \fi \global \@mparbott...
l.7118 \end{figure}
                   
A register number must be between 0 and 32767.
I changed this one to zero.

/Users/jrathi/Projects/pdf-2-latex/files/ai/use-microtype/ai_final.tex:7118: Mi
ssing number, treated as zero.
<to be read again> 
                   \global 
l.7118 \end{figure}
                   
A number should have been here; I inserted `0'.
(If you can't figure out why I needed to see a number,
look up `weird error' in the index to The TeXbook.)

/Users/jrathi/Projects/pdf-2-latex/files/ai/use-microtype/ai_final.tex:7118: Il
legal unit of measure (pt inserted).
<to be read again> 
                   \global 
l.7118 \end{figure}
                   
Dimensions can be in units of em, ex, in, pt, pc,
cm, mm, dd, cc, bp, or sp; but yours is a new one!
I'll assume that you meant to say pt, for printer's points.
To recover gracefully from this error, it's best to
delete the erroneous units; e.g., type `2' to delete
two letters. (See Chapter 27 of The TeXbook.)

/Users/jrathi/Projects/pdf-2-latex/files/ai/use-microtype/ai_final.tex:7118: Un
defined control sequence.
\@addmarginpar ...vance \@mparbottom \dp \@marbox 
                                                  \global \advance \@mparbot...
l.7118 \end{figure}
                   
The control sequence at the end of the top line
of your error message was never \def'ed. If you have
misspelled it (e.g., `\hobx'), type `I' and the correct
spelling (e.g., `I\hbox'). Otherwise just continue,
and I'll forget about whatever was undefined.

/Users/jrathi/Projects/pdf-2-latex/files/ai/use-microtype/ai_final.tex:7118: Mi
ssing number, treated as zero.
<to be read again> 
                   \global 
l.7118 \end{figure}
                   
A number should have been here; I inserted `0'.
(If you can't figure out why I needed to see a number,
look up `weird error' in the index to The TeXbook.)

/Users/jrathi/Projects/pdf-2-latex/files/ai/use-microtype/ai_final.tex:7118: Un
defined control sequence.
\@addmarginpar ...dvance \@tempdima -\ht \@marbox 
                                                  \global \setbox \@marbox \...
l.7118 \end{figure}
                   
The control sequence at the end of the top line
of your error message was never \def'ed. If you have
misspelled it (e.g., `\hobx'), type `I' and the correct
spelling (e.g., `I\hbox'). Otherwise just continue,
and I'll forget about whatever was undefined.

/Users/jrathi/Projects/pdf-2-latex/files/ai/use-microtype/ai_final.tex:7118: Mi
ssing number, treated as zero.
<to be read again> 
                   \global 
l.7118 \end{figure}
                   
A number should have been here; I inserted `0'.
(If you can't figure out why I needed to see a number,
look up `weird error' in the index to The TeXbook.)

/Users/jrathi/Projects/pdf-2-latex/files/ai/use-microtype/ai_final.tex:7118: Un
defined control sequence.
\@addmarginpar ...marbox \global \setbox \@marbox 
                                                  \vbox {\vskip \@tempdima \...
l.7118 \end{figure}
                   
The control sequence at the end of the top line
of your error message was never \def'ed. If you have
misspelled it (e.g., `\hobx'), type `I' and the correct
spelling (e.g., `I\hbox'). Otherwise just continue,
and I'll forget about whatever was undefined.

/Users/jrathi/Projects/pdf-2-latex/files/ai/use-microtype/ai_final.tex:7118: Mi
ssing number, treated as zero.
<to be read again> 
                   \vbox 
l.7118 \end{figure}
                   
A number should have been here; I inserted `0'.
(If you can't figure out why I needed to see a number,
look up `weird error' in the index to The TeXbook.)

/Users/jrathi/Projects/pdf-2-latex/files/ai/use-microtype/ai_final.tex:7118: Un
defined control sequence.
\@addmarginpar ...\vskip \@tempdima \box \@marbox 
                                                  }\global \ht \@marbox \z@ ...
l.7118 \end{figure}
                   
The control sequence at the end of the top line
of your error message was never \def'ed. If you have
misspelled it (e.g., `\hobx'), type `I' and the correct
spelling (e.g., `I\hbox'). Otherwise just continue,
and I'll forget about whatever was undefined.

/Users/jrathi/Projects/pdf-2-latex/files/ai/use-microtype/ai_final.tex:7118: Mi
ssing number, treated as zero.
<to be read again> 
                   }
l.7118 \end{figure}
                   
A number should have been here; I inserted `0'.
(If you can't figure out why I needed to see a number,
look up `weird error' in the index to The TeXbook.)

/Users/jrathi/Projects/pdf-2-latex/files/ai/use-microtype/ai_final.tex:7118: Un
defined control sequence.
\@addmarginpar ... \@marbox }\global \ht \@marbox 
                                                  \z@ \global \dp \@marbox \...
l.7118 \end{figure}
                   
The control sequence at the end of the top line
of your error message was never \def'ed. If you have
misspelled it (e.g., `\hobx'), type `I' and the correct
spelling (e.g., `I\hbox'). Otherwise just continue,
and I'll forget about whatever was undefined.

/Users/jrathi/Projects/pdf-2-latex/files/ai/use-microtype/ai_final.tex:7118: Mi
ssing number, treated as zero.
<to be read again> 
                   \global 
l.7118 \end{figure}
                   
A number should have been here; I inserted `0'.
(If you can't figure out why I needed to see a number,
look up `weird error' in the index to The TeXbook.)

/Users/jrathi/Projects/pdf-2-latex/files/ai/use-microtype/ai_final.tex:7118: Il
legal unit of measure (pt inserted).
<to be read again> 
                   \global 
l.7118 \end{figure}
                   
Dimensions can be in units of em, ex, in, pt, pc,
cm, mm, dd, cc, bp, or sp; but yours is a new one!
I'll assume that you meant to say pt, for printer's points.
To recover gracefully from this error, it's best to
delete the erroneous units; e.g., type `2' to delete
two letters. (See Chapter 27 of The TeXbook.)

/Users/jrathi/Projects/pdf-2-latex/files/ai/use-microtype/ai_final.tex:7118: Un
defined control sequence.
\@addmarginpar ...marbox \z@ \global \dp \@marbox 
                                                  \z@ \kern -\@pagedp \noint...
l.7118 \end{figure}
                   
The control sequence at the end of the top line
of your error message was never \def'ed. If you have
misspelled it (e.g., `\hobx'), type `I' and the correct
spelling (e.g., `I\hbox'). Otherwise just continue,
and I'll forget about whatever was undefined.

/Users/jrathi/Projects/pdf-2-latex/files/ai/use-microtype/ai_final.tex:7118: Mi
ssing number, treated as zero.
<to be read again> 
                   \kern 
l.7118 \end{figure}
                   
A number should have been here; I inserted `0'.
(If you can't figure out why I needed to see a number,
look up `weird error' in the index to The TeXbook.)

/Users/jrathi/Projects/pdf-2-latex/files/ai/use-microtype/ai_final.tex:7118: Il
legal unit of measure (pt inserted).
<to be read again> 
                   \kern 
l.7118 \end{figure}
                   
Dimensions can be in units of em, ex, in, pt, pc,
cm, mm, dd, cc, bp, or sp; but yours is a new one!
I'll assume that you meant to say pt, for printer's points.
To recover gracefully from this error, it's best to
delete the erroneous units; e.g., type `2' to delete
two letters. (See Chapter 27 of The TeXbook.)

/Users/jrathi/Projects/pdf-2-latex/files/ai/use-microtype/ai_final.tex:7118: Un
defined control sequence.
\@addmarginpar ...arginparwidth \fi \box \@marbox 
                                                  \hss }\nointerlineskip \hb...
l.7118 \end{figure}
                   
The control sequence at the end of the top line
of your error message was never \def'ed. If you have
misspelled it (e.g., `\hobx'), type `I' and the correct
spelling (e.g., `I\hbox'). Otherwise just continue,
and I'll forget about whatever was undefined.

/Users/jrathi/Projects/pdf-2-latex/files/ai/use-microtype/ai_final.tex:7118: Mi
ssing number, treated as zero.
<to be read again> 
                   \hss 
l.7118 \end{figure}
                   
A number should have been here; I inserted `0'.
(If you can't figure out why I needed to see a number,
look up `weird error' in the index to The TeXbook.)



[198]

/Users/jrathi/Projects/pdf-2-latex/files/ai/use-microtype/ai_final.tex:7119: La
TeX Error: Too many unprocessed floats.

See the LaTeX manual or LaTeX Companion for explanation.
Type  H <return>  for immediate help.
 ...                                              
                                                  
l.7119 \begin{figure}[h]
                        
You've lost some text.  Try typing  <return>  to proceed.
If that doesn't work, type  X <return>  to quit.

/Users/jrathi/Projects/pdf-2-latex/files/ai/use-microtype/ai_final.tex:7119: Un
defined control sequence.
\@xfloat ...@fltovf \fi \global \setbox \@currbox 
                                                  \color@vbox \normalcolor \...
l.7119 \begin{figure}[h]
                        
The control sequence at the end of the top line
of your error message was never \def'ed. If you have
misspelled it (e.g., `\hobx'), type `I' and the correct
spelling (e.g., `I\hbox'). Otherwise just continue,
and I'll forget about whatever was undefined.

/Users/jrathi/Projects/pdf-2-latex/files/ai/use-microtype/ai_final.tex:7119: Mi
ssing number, treated as zero.
<to be read again> 
                   \vbox 
l.7119 \begin{figure}[h]
                        
A number should have been here; I inserted `0'.
(If you can't figure out why I needed to see a number,
look up `weird error' in the index to The TeXbook.)

File: ./images/2025_05_12_af19cd5e0d1b8a465ffeg-240.jpg Graphic file (type bmp)

<./images/2025_05_12_af19cd5e0d1b8a465ffeg-240.jpg>

Underfull \hbox (badness 10000) in paragraph at lines 7122--7122

 []

/Users/jrathi/Projects/pdf-2-latex/files/ai/use-microtype/ai_final.tex:7123: Un
defined control sequence.
\@largefloatcheck ->\ifdim \ht \@currbox 
                                         >\textheight \@tempdima -\textheigh...
l.7123 \end{figure}
                   
The control sequence at the end of the top line
of your error message was never \def'ed. If you have
misspelled it (e.g., `\hobx'), type `I' and the correct
spelling (e.g., `I\hbox'). Otherwise just continue,
and I'll forget about whatever was undefined.

/Users/jrathi/Projects/pdf-2-latex/files/ai/use-microtype/ai_final.tex:7123: Mi
ssing number, treated as zero.
<to be read again> 
                   >
l.7123 \end{figure}
                   
A number should have been here; I inserted `0'.
(If you can't figure out why I needed to see a number,
look up `weird error' in the index to The TeXbook.)

/Users/jrathi/Projects/pdf-2-latex/files/ai/use-microtype/ai_final.tex:7123: Un
defined control sequence.
<argument> \@currbox 
                     
l.7123 \end{figure}
                   
The control sequence at the end of the top line
of your error message was never \def'ed. If you have
misspelled it (e.g., `\hobx'), type `I' and the correct
spelling (e.g., `I\hbox'). Otherwise just continue,
and I'll forget about whatever was undefined.

/Users/jrathi/Projects/pdf-2-latex/files/ai/use-microtype/ai_final.tex:7123: Ar
gument of \@xnext has an extra }.
<inserted text> 
                \par 
l.7123 \end{figure}
                   
I've run across a `}' that doesn't seem to match anything.
For example, `\def\a#1{...}' and `\a}' would produce
this error. If you simply proceed now, the `\par' that
I've just inserted will cause me to report a runaway
argument that might be the root of the problem. But if
your `}' was spurious, just type `2' and it will go away.

Runaway argument?
\@currbox \@currlist \ifnum \count \@currbox >\z@ \advance \@pageht \@pagedp \E
TC.
/Users/jrathi/Projects/pdf-2-latex/files/ai/use-microtype/ai_final.tex:7123: Pa
ragraph ended before \@xnext was complete.
<to be read again> 
                   \par 
l.7123 \end{figure}
                   
I suspect you've forgotten a `}', causing me to apply this
control sequence to too much text. How can we recover?
My plan is to forget the whole thing and hope for the best.

/Users/jrathi/Projects/pdf-2-latex/files/ai/use-microtype/ai_final.tex:7123: Ex
tra \else.
\end@float ...pdima \penalty \@floatpenalty \else 
                                                  \vadjust {\penalty -\@Miv ...
l.7123 \end{figure}
                   
I'm ignoring this; it doesn't match any \if.

/Users/jrathi/Projects/pdf-2-latex/files/ai/use-microtype/ai_final.tex:7123: Yo
u can't use `\vadjust' in vertical mode.
\end@float ...nalty \@floatpenalty \else \vadjust 
                                                  {\penalty -\@Miv \vbox {}\...
l.7123 \end{figure}
                   
Sorry, but I'm not programmed to handle this case;
I'll just pretend that you didn't ask for it.
If you're in the wrong mode, you might be able to
return to the right one by typing `I}' or `I$' or `I\par'.

/Users/jrathi/Projects/pdf-2-latex/files/ai/use-microtype/ai_final.tex:7123: Ar
gument of \@xnext has an extra }.
<inserted text> 
                \par 
l.7123 \end{figure}
                   
I've run across a `}' that doesn't seem to match anything.
For example, `\def\a#1{...}' and `\a}' would produce
this error. If you simply proceed now, the `\par' that
I've just inserted will cause me to report a runaway
argument that might be the root of the problem. But if
your `}' was spurious, just type `2' and it will go away.

Runaway argument?
\@currbox \@currlist \ifnum \count \@currbox >\z@ \advance \@pageht \@pagedp \E
TC.
/Users/jrathi/Projects/pdf-2-latex/files/ai/use-microtype/ai_final.tex:7123: Pa
ragraph ended before \@xnext was complete.
<to be read again> 
                   \par 
l.7123 \end{figure}
                   
I suspect you've forgotten a `}', causing me to apply this
control sequence to too much text. How can we recover?
My plan is to forget the whole thing and hope for the best.


/Users/jrathi/Projects/pdf-2-latex/files/ai/use-microtype/ai_final.tex:7249: La
TeX Error: Too many unprocessed floats.

See the LaTeX manual or LaTeX Companion for explanation.
Type  H <return>  for immediate help.
 ...                                              
                                                  
l.7249 \begin{figure}[h]
                        
You've lost some text.  Try typing  <return>  to proceed.
If that doesn't work, type  X <return>  to quit.

/Users/jrathi/Projects/pdf-2-latex/files/ai/use-microtype/ai_final.tex:7249: Un
defined control sequence.
\@xfloat ...@fltovf \fi \global \setbox \@currbox 
                                                  \color@vbox \normalcolor \...
l.7249 \begin{figure}[h]
                        
The control sequence at the end of the top line
of your error message was never \def'ed. If you have
misspelled it (e.g., `\hobx'), type `I' and the correct
spelling (e.g., `I\hbox'). Otherwise just continue,
and I'll forget about whatever was undefined.

/Users/jrathi/Projects/pdf-2-latex/files/ai/use-microtype/ai_final.tex:7249: Mi
ssing number, treated as zero.
<to be read again> 
                   \vbox 
l.7249 \begin{figure}[h]
                        
A number should have been here; I inserted `0'.
(If you can't figure out why I needed to see a number,
look up `weird error' in the index to The TeXbook.)

File: ./images/2025_05_12_af19cd5e0d1b8a465ffeg-244.jpg Graphic file (type bmp)

<./images/2025_05_12_af19cd5e0d1b8a465ffeg-244.jpg>
/Users/jrathi/Projects/pdf-2-latex/files/ai/use-microtype/ai_final.tex:7252: Un
defined control sequence.
\@largefloatcheck ->\ifdim \ht \@currbox 
                                         >\textheight \@tempdima -\textheigh...
l.7252 \end{figure}
                   
The control sequence at the end of the top line
of your error message was never \def'ed. If you have
misspelled it (e.g., `\hobx'), type `I' and the correct
spelling (e.g., `I\hbox'). Otherwise just continue,
and I'll forget about whatever was undefined.

/Users/jrathi/Projects/pdf-2-latex/files/ai/use-microtype/ai_final.tex:7252: Mi
ssing number, treated as zero.
<to be read again> 
                   >
l.7252 \end{figure}
                   
A number should have been here; I inserted `0'.
(If you can't figure out why I needed to see a number,
look up `weird error' in the index to The TeXbook.)

/Users/jrathi/Projects/pdf-2-latex/files/ai/use-microtype/ai_final.tex:7252: Un
defined control sequence.
<argument> \@currbox 
                     
l.7252 \end{figure}
                   
The control sequence at the end of the top line
of your error message was never \def'ed. If you have
misspelled it (e.g., `\hobx'), type `I' and the correct
spelling (e.g., `I\hbox'). Otherwise just continue,
and I'll forget about whatever was undefined.

/Users/jrathi/Projects/pdf-2-latex/files/ai/use-microtype/ai_final.tex:7252: Mi
ssing number, treated as zero.
<to be read again> 
                   \@elt 
l.7252 \end{figure}
                   
A number should have been here; I inserted `0'.
(If you can't figure out why I needed to see a number,
look up `weird error' in the index to The TeXbook.)

/Users/jrathi/Projects/pdf-2-latex/files/ai/use-microtype/ai_final.tex:7252: Mi
ssing = inserted for \ifnum.
<to be read again> 
                   \@elt 
l.7252 \end{figure}
                   
I was expecting to see `<', `=', or `>'. Didn't.

/Users/jrathi/Projects/pdf-2-latex/files/ai/use-microtype/ai_final.tex:7252: Mi
ssing number, treated as zero.
<to be read again> 
                   \@elt 
l.7252 \end{figure}
                   
A number should have been here; I inserted `0'.
(If you can't figure out why I needed to see a number,
look up `weird error' in the index to The TeXbook.)


/Users/jrathi/Projects/pdf-2-latex/files/ai/use-microtype/ai_final.tex:7252: La
TeX Error: This may be a LaTeX bug.

See the LaTeX manual or LaTeX Companion for explanation.
Type  H <return>  for immediate help.
 ...                                              
                                                  
l.7252 \end{figure}
                   
Call for help

/Users/jrathi/Projects/pdf-2-latex/files/ai/use-microtype/ai_final.tex:7252: Un
defined control sequence.
\@addmarginpar ...advance \@tempdima \ht \@marbox 
                                                  \ifdim \@tempdima >\z@ \@l...
l.7252 \end{figure}
                   
The control sequence at the end of the top line
of your error message was never \def'ed. If you have
misspelled it (e.g., `\hobx'), type `I' and the correct
spelling (e.g., `I\hbox'). Otherwise just continue,
and I'll forget about whatever was undefined.

/Users/jrathi/Projects/pdf-2-latex/files/ai/use-microtype/ai_final.tex:7252: Ba
d register code (-164734957).
\@addmarginpar ...e \space moved}\else \@tempdima 
                                                  \z@ \fi \global \@mparbott...
l.7252 \end{figure}
                   
A register number must be between 0 and 32767.
I changed this one to zero.

/Users/jrathi/Projects/pdf-2-latex/files/ai/use-microtype/ai_final.tex:7252: Mi
ssing number, treated as zero.
<to be read again> 
                   \global 
l.7252 \end{figure}
                   
A number should have been here; I inserted `0'.
(If you can't figure out why I needed to see a number,
look up `weird error' in the index to The TeXbook.)

/Users/jrathi/Projects/pdf-2-latex/files/ai/use-microtype/ai_final.tex:7252: Il
legal unit of measure (pt inserted).
<to be read again> 
                   \global 
l.7252 \end{figure}
                   
Dimensions can be in units of em, ex, in, pt, pc,
cm, mm, dd, cc, bp, or sp; but yours is a new one!
I'll assume that you meant to say pt, for printer's points.
To recover gracefully from this error, it's best to
delete the erroneous units; e.g., type `2' to delete
two letters. (See Chapter 27 of The TeXbook.)

/Users/jrathi/Projects/pdf-2-latex/files/ai/use-microtype/ai_final.tex:7252: Un
defined control sequence.
\@addmarginpar ...vance \@mparbottom \dp \@marbox 
                                                  \global \advance \@mparbot...
l.7252 \end{figure}
                   
The control sequence at the end of the top line
of your error message was never \def'ed. If you have
misspelled it (e.g., `\hobx'), type `I' and the correct
spelling (e.g., `I\hbox'). Otherwise just continue,
and I'll forget about whatever was undefined.

/Users/jrathi/Projects/pdf-2-latex/files/ai/use-microtype/ai_final.tex:7252: Mi
ssing number, treated as zero.
<to be read again> 
                   \global 
l.7252 \end{figure}
                   
A number should have been here; I inserted `0'.
(If you can't figure out why I needed to see a number,
look up `weird error' in the index to The TeXbook.)

/Users/jrathi/Projects/pdf-2-latex/files/ai/use-microtype/ai_final.tex:7252: Un
defined control sequence.
\@addmarginpar ...dvance \@tempdima -\ht \@marbox 
                                                  \global \setbox \@marbox \...
l.7252 \end{figure}
                   
The control sequence at the end of the top line
of your error message was never \def'ed. If you have
misspelled it (e.g., `\hobx'), type `I' and the correct
spelling (e.g., `I\hbox'). Otherwise just continue,
and I'll forget about whatever was undefined.

/Users/jrathi/Projects/pdf-2-latex/files/ai/use-microtype/ai_final.tex:7252: Mi
ssing number, treated as zero.
<to be read again> 
                   \global 
l.7252 \end{figure}
                   
A number should have been here; I inserted `0'.
(If you can't figure out why I needed to see a number,
look up `weird error' in the index to The TeXbook.)

/Users/jrathi/Projects/pdf-2-latex/files/ai/use-microtype/ai_final.tex:7252: Un
defined control sequence.
\@addmarginpar ...marbox \global \setbox \@marbox 
                                                  \vbox {\vskip \@tempdima \...
l.7252 \end{figure}
                   
The control sequence at the end of the top line
of your error message was never \def'ed. If you have
misspelled it (e.g., `\hobx'), type `I' and the correct
spelling (e.g., `I\hbox'). Otherwise just continue,
and I'll forget about whatever was undefined.

/Users/jrathi/Projects/pdf-2-latex/files/ai/use-microtype/ai_final.tex:7252: Mi
ssing number, treated as zero.
<to be read again> 
                   \vbox 
l.7252 \end{figure}
                   
A number should have been here; I inserted `0'.
(If you can't figure out why I needed to see a number,
look up `weird error' in the index to The TeXbook.)

/Users/jrathi/Projects/pdf-2-latex/files/ai/use-microtype/ai_final.tex:7252: Un
defined control sequence.
\@addmarginpar ...\vskip \@tempdima \box \@marbox 
                                                  }\global \ht \@marbox \z@ ...
l.7252 \end{figure}
                   
The control sequence at the end of the top line
of your error message was never \def'ed. If you have
misspelled it (e.g., `\hobx'), type `I' and the correct
spelling (e.g., `I\hbox'). Otherwise just continue,
and I'll forget about whatever was undefined.

/Users/jrathi/Projects/pdf-2-latex/files/ai/use-microtype/ai_final.tex:7252: Mi
ssing number, treated as zero.
<to be read again> 
                   }
l.7252 \end{figure}
                   
A number should have been here; I inserted `0'.
(If you can't figure out why I needed to see a number,
look up `weird error' in the index to The TeXbook.)

/Users/jrathi/Projects/pdf-2-latex/files/ai/use-microtype/ai_final.tex:7252: Un
defined control sequence.
\@addmarginpar ... \@marbox }\global \ht \@marbox 
                                                  \z@ \global \dp \@marbox \...
l.7252 \end{figure}
                   
The control sequence at the end of the top line
of your error message was never \def'ed. If you have
misspelled it (e.g., `\hobx'), type `I' and the correct
spelling (e.g., `I\hbox'). Otherwise just continue,
and I'll forget about whatever was undefined.

/Users/jrathi/Projects/pdf-2-latex/files/ai/use-microtype/ai_final.tex:7252: Mi
ssing number, treated as zero.
<to be read again> 
                   \global 
l.7252 \end{figure}
                   
A number should have been here; I inserted `0'.
(If you can't figure out why I needed to see a number,
look up `weird error' in the index to The TeXbook.)

/Users/jrathi/Projects/pdf-2-latex/files/ai/use-microtype/ai_final.tex:7252: Il
legal unit of measure (pt inserted).
<to be read again> 
                   \global 
l.7252 \end{figure}
                   
Dimensions can be in units of em, ex, in, pt, pc,
cm, mm, dd, cc, bp, or sp; but yours is a new one!
I'll assume that you meant to say pt, for printer's points.
To recover gracefully from this error, it's best to
delete the erroneous units; e.g., type `2' to delete
two letters. (See Chapter 27 of The TeXbook.)

/Users/jrathi/Projects/pdf-2-latex/files/ai/use-microtype/ai_final.tex:7252: Un
defined control sequence.
\@addmarginpar ...marbox \z@ \global \dp \@marbox 
                                                  \z@ \kern -\@pagedp \noint...
l.7252 \end{figure}
                   
The control sequence at the end of the top line
of your error message was never \def'ed. If you have
misspelled it (e.g., `\hobx'), type `I' and the correct
spelling (e.g., `I\hbox'). Otherwise just continue,
and I'll forget about whatever was undefined.

/Users/jrathi/Projects/pdf-2-latex/files/ai/use-microtype/ai_final.tex:7252: Mi
ssing number, treated as zero.
<to be read again> 
                   \kern 
l.7252 \end{figure}
                   
A number should have been here; I inserted `0'.
(If you can't figure out why I needed to see a number,
look up `weird error' in the index to The TeXbook.)

/Users/jrathi/Projects/pdf-2-latex/files/ai/use-microtype/ai_final.tex:7252: Il
legal unit of measure (pt inserted).
<to be read again> 
                   \kern 
l.7252 \end{figure}
                   
Dimensions can be in units of em, ex, in, pt, pc,
cm, mm, dd, cc, bp, or sp; but yours is a new one!
I'll assume that you meant to say pt, for printer's points.
To recover gracefully from this error, it's best to
delete the erroneous units; e.g., type `2' to delete
two letters. (See Chapter 27 of The TeXbook.)

/Users/jrathi/Projects/pdf-2-latex/files/ai/use-microtype/ai_final.tex:7252: Un
defined control sequence.
\@addmarginpar ...arginparwidth \fi \box \@marbox 
                                                  \hss }\nointerlineskip \hb...
l.7252 \end{figure}
                   
The control sequence at the end of the top line
of your error message was never \def'ed. If you have
misspelled it (e.g., `\hobx'), type `I' and the correct
spelling (e.g., `I\hbox'). Otherwise just continue,
and I'll forget about whatever was undefined.

/Users/jrathi/Projects/pdf-2-latex/files/ai/use-microtype/ai_final.tex:7252: Mi
ssing number, treated as zero.
<to be read again> 
                   \hss 
l.7252 \end{figure}
                   
A number should have been here; I inserted `0'.
(If you can't figure out why I needed to see a number,
look up `weird error' in the index to The TeXbook.)


Underfull \vbox (badness 1331) has occurred while \output is active []



[199]

[200]

[201]

[202]

[203]

[204]

/Users/jrathi/Projects/pdf-2-latex/files/ai/use-microtype/ai_final.tex:7300: La
TeX Error: Too many unprocessed floats.

See the LaTeX manual or LaTeX Companion for explanation.
Type  H <return>  for immediate help.
 ...                                              
                                                  
l.7300 \begin{figure}[h]
                        
You've lost some text.  Try typing  <return>  to proceed.
If that doesn't work, type  X <return>  to quit.

/Users/jrathi/Projects/pdf-2-latex/files/ai/use-microtype/ai_final.tex:7300: Un
defined control sequence.
\@xfloat ...@fltovf \fi \global \setbox \@currbox 
                                                  \color@vbox \normalcolor \...
l.7300 \begin{figure}[h]
                        
The control sequence at the end of the top line
of your error message was never \def'ed. If you have
misspelled it (e.g., `\hobx'), type `I' and the correct
spelling (e.g., `I\hbox'). Otherwise just continue,
and I'll forget about whatever was undefined.

/Users/jrathi/Projects/pdf-2-latex/files/ai/use-microtype/ai_final.tex:7300: Mi
ssing number, treated as zero.
<to be read again> 
                   \vbox 
l.7300 \begin{figure}[h]
                        
A number should have been here; I inserted `0'.
(If you can't figure out why I needed to see a number,
look up `weird error' in the index to The TeXbook.)

File: ./images/2025_05_12_af19cd5e0d1b8a465ffeg-246.jpg Graphic file (type bmp)

<./images/2025_05_12_af19cd5e0d1b8a465ffeg-246.jpg>
/Users/jrathi/Projects/pdf-2-latex/files/ai/use-microtype/ai_final.tex:7303: Un
defined control sequence.
\@largefloatcheck ->\ifdim \ht \@currbox 
                                         >\textheight \@tempdima -\textheigh...
l.7303 \end{figure}
                   
The control sequence at the end of the top line
of your error message was never \def'ed. If you have
misspelled it (e.g., `\hobx'), type `I' and the correct
spelling (e.g., `I\hbox'). Otherwise just continue,
and I'll forget about whatever was undefined.

/Users/jrathi/Projects/pdf-2-latex/files/ai/use-microtype/ai_final.tex:7303: Mi
ssing number, treated as zero.
<to be read again> 
                   >
l.7303 \end{figure}
                   
A number should have been here; I inserted `0'.
(If you can't figure out why I needed to see a number,
look up `weird error' in the index to The TeXbook.)

/Users/jrathi/Projects/pdf-2-latex/files/ai/use-microtype/ai_final.tex:7303: Un
defined control sequence.
<argument> \@currbox 
                     
l.7303 \end{figure}
                   
The control sequence at the end of the top line
of your error message was never \def'ed. If you have
misspelled it (e.g., `\hobx'), type `I' and the correct
spelling (e.g., `I\hbox'). Otherwise just continue,
and I'll forget about whatever was undefined.

/Users/jrathi/Projects/pdf-2-latex/files/ai/use-microtype/ai_final.tex:7303: Ar
gument of \@xnext has an extra }.
<inserted text> 
                \par 
l.7303 \end{figure}
                   
I've run across a `}' that doesn't seem to match anything.
For example, `\def\a#1{...}' and `\a}' would produce
this error. If you simply proceed now, the `\par' that
I've just inserted will cause me to report a runaway
argument that might be the root of the problem. But if
your `}' was spurious, just type `2' and it will go away.

Runaway argument?
\@currbox \@currlist \ifnum \count \@currbox >\z@ \advance \@pageht \@pagedp \E
TC.
/Users/jrathi/Projects/pdf-2-latex/files/ai/use-microtype/ai_final.tex:7303: Pa
ragraph ended before \@xnext was complete.
<to be read again> 
                   \par 
l.7303 \end{figure}
                   
I suspect you've forgotten a `}', causing me to apply this
control sequence to too much text. How can we recover?
My plan is to forget the whole thing and hope for the best.

/Users/jrathi/Projects/pdf-2-latex/files/ai/use-microtype/ai_final.tex:7303: Ex
tra \else.
\end@float ...pdima \penalty \@floatpenalty \else 
                                                  \vadjust {\penalty -\@Miv ...
l.7303 \end{figure}
                   
I'm ignoring this; it doesn't match any \if.

/Users/jrathi/Projects/pdf-2-latex/files/ai/use-microtype/ai_final.tex:7303: Yo
u can't use `\vadjust' in vertical mode.
\end@float ...nalty \@floatpenalty \else \vadjust 
                                                  {\penalty -\@Miv \vbox {}\...
l.7303 \end{figure}
                   
Sorry, but I'm not programmed to handle this case;
I'll just pretend that you didn't ask for it.
If you're in the wrong mode, you might be able to
return to the right one by typing `I}' or `I$' or `I\par'.

/Users/jrathi/Projects/pdf-2-latex/files/ai/use-microtype/ai_final.tex:7303: Ar
gument of \@xnext has an extra }.
<inserted text> 
                \par 
l.7303 \end{figure}
                   
I've run across a `}' that doesn't seem to match anything.
For example, `\def\a#1{...}' and `\a}' would produce
this error. If you simply proceed now, the `\par' that
I've just inserted will cause me to report a runaway
argument that might be the root of the problem. But if
your `}' was spurious, just type `2' and it will go away.

Runaway argument?
\@currbox \@currlist \ifnum \count \@currbox >\z@ \advance \@pageht \@pagedp \E
TC.
/Users/jrathi/Projects/pdf-2-latex/files/ai/use-microtype/ai_final.tex:7303: Pa
ragraph ended before \@xnext was complete.
<to be read again> 
                   \par 
l.7303 \end{figure}
                   
I suspect you've forgotten a `}', causing me to apply this
control sequence to too much text. How can we recover?
My plan is to forget the whole thing and hope for the best.


/Users/jrathi/Projects/pdf-2-latex/files/ai/use-microtype/ai_final.tex:7353: La
TeX Error: Too many unprocessed floats.

See the LaTeX manual or LaTeX Companion for explanation.
Type  H <return>  for immediate help.
 ...                                              
                                                  
l.7353 \begin{figure}[h]
                        
You've lost some text.  Try typing  <return>  to proceed.
If that doesn't work, type  X <return>  to quit.

/Users/jrathi/Projects/pdf-2-latex/files/ai/use-microtype/ai_final.tex:7353: Un
defined control sequence.
\@xfloat ...@fltovf \fi \global \setbox \@currbox 
                                                  \color@vbox \normalcolor \...
l.7353 \begin{figure}[h]
                        
The control sequence at the end of the top line
of your error message was never \def'ed. If you have
misspelled it (e.g., `\hobx'), type `I' and the correct
spelling (e.g., `I\hbox'). Otherwise just continue,
and I'll forget about whatever was undefined.

/Users/jrathi/Projects/pdf-2-latex/files/ai/use-microtype/ai_final.tex:7353: Mi
ssing number, treated as zero.
<to be read again> 
                   \vbox 
l.7353 \begin{figure}[h]
                        
A number should have been here; I inserted `0'.
(If you can't figure out why I needed to see a number,
look up `weird error' in the index to The TeXbook.)

File: ./images/2025_05_12_af19cd5e0d1b8a465ffeg-247(2).jpg Graphic file (type b
mp)
<./images/2025_05_12_af19cd5e0d1b8a465ffeg-247(2).jpg>
/Users/jrathi/Projects/pdf-2-latex/files/ai/use-microtype/ai_final.tex:7356: Un
defined control sequence.
\@largefloatcheck ->\ifdim \ht \@currbox 
                                         >\textheight \@tempdima -\textheigh...
l.7356 \end{figure}
                   
The control sequence at the end of the top line
of your error message was never \def'ed. If you have
misspelled it (e.g., `\hobx'), type `I' and the correct
spelling (e.g., `I\hbox'). Otherwise just continue,
and I'll forget about whatever was undefined.

/Users/jrathi/Projects/pdf-2-latex/files/ai/use-microtype/ai_final.tex:7356: Mi
ssing number, treated as zero.
<to be read again> 
                   >
l.7356 \end{figure}
                   
A number should have been here; I inserted `0'.
(If you can't figure out why I needed to see a number,
look up `weird error' in the index to The TeXbook.)

/Users/jrathi/Projects/pdf-2-latex/files/ai/use-microtype/ai_final.tex:7356: Un
defined control sequence.
<argument> \@currbox 
                     
l.7356 \end{figure}
                   
The control sequence at the end of the top line
of your error message was never \def'ed. If you have
misspelled it (e.g., `\hobx'), type `I' and the correct
spelling (e.g., `I\hbox'). Otherwise just continue,
and I'll forget about whatever was undefined.

/Users/jrathi/Projects/pdf-2-latex/files/ai/use-microtype/ai_final.tex:7356: Mi
ssing number, treated as zero.
<to be read again> 
                   \@elt 
l.7356 \end{figure}
                   
A number should have been here; I inserted `0'.
(If you can't figure out why I needed to see a number,
look up `weird error' in the index to The TeXbook.)

/Users/jrathi/Projects/pdf-2-latex/files/ai/use-microtype/ai_final.tex:7356: Mi
ssing = inserted for \ifnum.
<to be read again> 
                   \@elt 
l.7356 \end{figure}
                   
I was expecting to see `<', `=', or `>'. Didn't.

/Users/jrathi/Projects/pdf-2-latex/files/ai/use-microtype/ai_final.tex:7356: Mi
ssing number, treated as zero.
<to be read again> 
                   \@elt 
l.7356 \end{figure}
                   
A number should have been here; I inserted `0'.
(If you can't figure out why I needed to see a number,
look up `weird error' in the index to The TeXbook.)


/Users/jrathi/Projects/pdf-2-latex/files/ai/use-microtype/ai_final.tex:7356: La
TeX Error: This may be a LaTeX bug.

See the LaTeX manual or LaTeX Companion for explanation.
Type  H <return>  for immediate help.
 ...                                              
                                                  
l.7356 \end{figure}
                   
Call for help

/Users/jrathi/Projects/pdf-2-latex/files/ai/use-microtype/ai_final.tex:7356: Un
defined control sequence.
\@addmarginpar ...advance \@tempdima \ht \@marbox 
                                                  \ifdim \@tempdima >\z@ \@l...
l.7356 \end{figure}
                   
The control sequence at the end of the top line
of your error message was never \def'ed. If you have
misspelled it (e.g., `\hobx'), type `I' and the correct
spelling (e.g., `I\hbox'). Otherwise just continue,
and I'll forget about whatever was undefined.

/Users/jrathi/Projects/pdf-2-latex/files/ai/use-microtype/ai_final.tex:7356: Ba
d register code (-35959218).
\@addmarginpar ...e \space moved}\else \@tempdima 
                                                  \z@ \fi \global \@mparbott...
l.7356 \end{figure}
                   
A register number must be between 0 and 32767.
I changed this one to zero.

/Users/jrathi/Projects/pdf-2-latex/files/ai/use-microtype/ai_final.tex:7356: Mi
ssing number, treated as zero.
<to be read again> 
                   \global 
l.7356 \end{figure}
                   
A number should have been here; I inserted `0'.
(If you can't figure out why I needed to see a number,
look up `weird error' in the index to The TeXbook.)

/Users/jrathi/Projects/pdf-2-latex/files/ai/use-microtype/ai_final.tex:7356: Il
legal unit of measure (pt inserted).
<to be read again> 
                   \global 
l.7356 \end{figure}
                   
Dimensions can be in units of em, ex, in, pt, pc,
cm, mm, dd, cc, bp, or sp; but yours is a new one!
I'll assume that you meant to say pt, for printer's points.
To recover gracefully from this error, it's best to
delete the erroneous units; e.g., type `2' to delete
two letters. (See Chapter 27 of The TeXbook.)

/Users/jrathi/Projects/pdf-2-latex/files/ai/use-microtype/ai_final.tex:7356: Un
defined control sequence.
\@addmarginpar ...vance \@mparbottom \dp \@marbox 
                                                  \global \advance \@mparbot...
l.7356 \end{figure}
                   
The control sequence at the end of the top line
of your error message was never \def'ed. If you have
misspelled it (e.g., `\hobx'), type `I' and the correct
spelling (e.g., `I\hbox'). Otherwise just continue,
and I'll forget about whatever was undefined.

/Users/jrathi/Projects/pdf-2-latex/files/ai/use-microtype/ai_final.tex:7356: Mi
ssing number, treated as zero.
<to be read again> 
                   \global 
l.7356 \end{figure}
                   
A number should have been here; I inserted `0'.
(If you can't figure out why I needed to see a number,
look up `weird error' in the index to The TeXbook.)

/Users/jrathi/Projects/pdf-2-latex/files/ai/use-microtype/ai_final.tex:7356: Un
defined control sequence.
\@addmarginpar ...dvance \@tempdima -\ht \@marbox 
                                                  \global \setbox \@marbox \...
l.7356 \end{figure}
                   
The control sequence at the end of the top line
of your error message was never \def'ed. If you have
misspelled it (e.g., `\hobx'), type `I' and the correct
spelling (e.g., `I\hbox'). Otherwise just continue,
and I'll forget about whatever was undefined.

/Users/jrathi/Projects/pdf-2-latex/files/ai/use-microtype/ai_final.tex:7356: Mi
ssing number, treated as zero.
<to be read again> 
                   \global 
l.7356 \end{figure}
                   
A number should have been here; I inserted `0'.
(If you can't figure out why I needed to see a number,
look up `weird error' in the index to The TeXbook.)

/Users/jrathi/Projects/pdf-2-latex/files/ai/use-microtype/ai_final.tex:7356: Un
defined control sequence.
\@addmarginpar ...marbox \global \setbox \@marbox 
                                                  \vbox {\vskip \@tempdima \...
l.7356 \end{figure}
                   
The control sequence at the end of the top line
of your error message was never \def'ed. If you have
misspelled it (e.g., `\hobx'), type `I' and the correct
spelling (e.g., `I\hbox'). Otherwise just continue,
and I'll forget about whatever was undefined.

/Users/jrathi/Projects/pdf-2-latex/files/ai/use-microtype/ai_final.tex:7356: Mi
ssing number, treated as zero.
<to be read again> 
                   \vbox 
l.7356 \end{figure}
                   
A number should have been here; I inserted `0'.
(If you can't figure out why I needed to see a number,
look up `weird error' in the index to The TeXbook.)

/Users/jrathi/Projects/pdf-2-latex/files/ai/use-microtype/ai_final.tex:7356: Un
defined control sequence.
\@addmarginpar ...\vskip \@tempdima \box \@marbox 
                                                  }\global \ht \@marbox \z@ ...
l.7356 \end{figure}
                   
The control sequence at the end of the top line
of your error message was never \def'ed. If you have
misspelled it (e.g., `\hobx'), type `I' and the correct
spelling (e.g., `I\hbox'). Otherwise just continue,
and I'll forget about whatever was undefined.

/Users/jrathi/Projects/pdf-2-latex/files/ai/use-microtype/ai_final.tex:7356: Mi
ssing number, treated as zero.
<to be read again> 
                   }
l.7356 \end{figure}
                   
A number should have been here; I inserted `0'.
(If you can't figure out why I needed to see a number,
look up `weird error' in the index to The TeXbook.)

/Users/jrathi/Projects/pdf-2-latex/files/ai/use-microtype/ai_final.tex:7356: Un
defined control sequence.
\@addmarginpar ... \@marbox }\global \ht \@marbox 
                                                  \z@ \global \dp \@marbox \...
l.7356 \end{figure}
                   
The control sequence at the end of the top line
of your error message was never \def'ed. If you have
misspelled it (e.g., `\hobx'), type `I' and the correct
spelling (e.g., `I\hbox'). Otherwise just continue,
and I'll forget about whatever was undefined.

/Users/jrathi/Projects/pdf-2-latex/files/ai/use-microtype/ai_final.tex:7356: Mi
ssing number, treated as zero.
<to be read again> 
                   \global 
l.7356 \end{figure}
                   
A number should have been here; I inserted `0'.
(If you can't figure out why I needed to see a number,
look up `weird error' in the index to The TeXbook.)

/Users/jrathi/Projects/pdf-2-latex/files/ai/use-microtype/ai_final.tex:7356: Il
legal unit of measure (pt inserted).
<to be read again> 
                   \global 
l.7356 \end{figure}
                   
Dimensions can be in units of em, ex, in, pt, pc,
cm, mm, dd, cc, bp, or sp; but yours is a new one!
I'll assume that you meant to say pt, for printer's points.
To recover gracefully from this error, it's best to
delete the erroneous units; e.g., type `2' to delete
two letters. (See Chapter 27 of The TeXbook.)

/Users/jrathi/Projects/pdf-2-latex/files/ai/use-microtype/ai_final.tex:7356: Un
defined control sequence.
\@addmarginpar ...marbox \z@ \global \dp \@marbox 
                                                  \z@ \kern -\@pagedp \noint...
l.7356 \end{figure}
                   
The control sequence at the end of the top line
of your error message was never \def'ed. If you have
misspelled it (e.g., `\hobx'), type `I' and the correct
spelling (e.g., `I\hbox'). Otherwise just continue,
and I'll forget about whatever was undefined.

/Users/jrathi/Projects/pdf-2-latex/files/ai/use-microtype/ai_final.tex:7356: Mi
ssing number, treated as zero.
<to be read again> 
                   \kern 
l.7356 \end{figure}
                   
A number should have been here; I inserted `0'.
(If you can't figure out why I needed to see a number,
look up `weird error' in the index to The TeXbook.)

/Users/jrathi/Projects/pdf-2-latex/files/ai/use-microtype/ai_final.tex:7356: Il
legal unit of measure (pt inserted).
<to be read again> 
                   \kern 
l.7356 \end{figure}
                   
Dimensions can be in units of em, ex, in, pt, pc,
cm, mm, dd, cc, bp, or sp; but yours is a new one!
I'll assume that you meant to say pt, for printer's points.
To recover gracefully from this error, it's best to
delete the erroneous units; e.g., type `2' to delete
two letters. (See Chapter 27 of The TeXbook.)

/Users/jrathi/Projects/pdf-2-latex/files/ai/use-microtype/ai_final.tex:7356: Un
defined control sequence.
\@addmarginpar ...arginparwidth \fi \box \@marbox 
                                                  \hss }\nointerlineskip \hb...
l.7356 \end{figure}
                   
The control sequence at the end of the top line
of your error message was never \def'ed. If you have
misspelled it (e.g., `\hobx'), type `I' and the correct
spelling (e.g., `I\hbox'). Otherwise just continue,
and I'll forget about whatever was undefined.

/Users/jrathi/Projects/pdf-2-latex/files/ai/use-microtype/ai_final.tex:7356: Mi
ssing number, treated as zero.
<to be read again> 
                   \hss 
l.7356 \end{figure}
                   
A number should have been here; I inserted `0'.
(If you can't figure out why I needed to see a number,
look up `weird error' in the index to The TeXbook.)


/Users/jrathi/Projects/pdf-2-latex/files/ai/use-microtype/ai_final.tex:7358: La
TeX Error: Too many unprocessed floats.

See the LaTeX manual or LaTeX Companion for explanation.
Type  H <return>  for immediate help.
 ...                                              
                                                  
l.7358 \begin{figure}[h]
                        
You've lost some text.  Try typing  <return>  to proceed.
If that doesn't work, type  X <return>  to quit.

/Users/jrathi/Projects/pdf-2-latex/files/ai/use-microtype/ai_final.tex:7358: Un
defined control sequence.
\@xfloat ...@fltovf \fi \global \setbox \@currbox 
                                                  \color@vbox \normalcolor \...
l.7358 \begin{figure}[h]
                        
The control sequence at the end of the top line
of your error message was never \def'ed. If you have
misspelled it (e.g., `\hobx'), type `I' and the correct
spelling (e.g., `I\hbox'). Otherwise just continue,
and I'll forget about whatever was undefined.

/Users/jrathi/Projects/pdf-2-latex/files/ai/use-microtype/ai_final.tex:7358: Mi
ssing number, treated as zero.
<to be read again> 
                   \vbox 
l.7358 \begin{figure}[h]
                        
A number should have been here; I inserted `0'.
(If you can't figure out why I needed to see a number,
look up `weird error' in the index to The TeXbook.)

File: ./images/2025_05_12_af19cd5e0d1b8a465ffeg-247.jpg Graphic file (type bmp)

<./images/2025_05_12_af19cd5e0d1b8a465ffeg-247.jpg>
/Users/jrathi/Projects/pdf-2-latex/files/ai/use-microtype/ai_final.tex:7361: Un
defined control sequence.
\@largefloatcheck ->\ifdim \ht \@currbox 
                                         >\textheight \@tempdima -\textheigh...
l.7361 \end{figure}
                   
The control sequence at the end of the top line
of your error message was never \def'ed. If you have
misspelled it (e.g., `\hobx'), type `I' and the correct
spelling (e.g., `I\hbox'). Otherwise just continue,
and I'll forget about whatever was undefined.

/Users/jrathi/Projects/pdf-2-latex/files/ai/use-microtype/ai_final.tex:7361: Mi
ssing number, treated as zero.
<to be read again> 
                   >
l.7361 \end{figure}
                   
A number should have been here; I inserted `0'.
(If you can't figure out why I needed to see a number,
look up `weird error' in the index to The TeXbook.)

/Users/jrathi/Projects/pdf-2-latex/files/ai/use-microtype/ai_final.tex:7361: Un
defined control sequence.
<argument> \@currbox 
                     
l.7361 \end{figure}
                   
The control sequence at the end of the top line
of your error message was never \def'ed. If you have
misspelled it (e.g., `\hobx'), type `I' and the correct
spelling (e.g., `I\hbox'). Otherwise just continue,
and I'll forget about whatever was undefined.

/Users/jrathi/Projects/pdf-2-latex/files/ai/use-microtype/ai_final.tex:7361: Ar
gument of \@xnext has an extra }.
<inserted text> 
                \par 
l.7361 \end{figure}
                   
I've run across a `}' that doesn't seem to match anything.
For example, `\def\a#1{...}' and `\a}' would produce
this error. If you simply proceed now, the `\par' that
I've just inserted will cause me to report a runaway
argument that might be the root of the problem. But if
your `}' was spurious, just type `2' and it will go away.

Runaway argument?
\@currbox \@currlist \ifnum \count \@currbox >\z@ \advance \@pageht \@pagedp \E
TC.
/Users/jrathi/Projects/pdf-2-latex/files/ai/use-microtype/ai_final.tex:7361: Pa
ragraph ended before \@xnext was complete.
<to be read again> 
                   \par 
l.7361 \end{figure}
                   
I suspect you've forgotten a `}', causing me to apply this
control sequence to too much text. How can we recover?
My plan is to forget the whole thing and hope for the best.

/Users/jrathi/Projects/pdf-2-latex/files/ai/use-microtype/ai_final.tex:7361: Ex
tra \else.
\end@float ...pdima \penalty \@floatpenalty \else 
                                                  \vadjust {\penalty -\@Miv ...
l.7361 \end{figure}
                   
I'm ignoring this; it doesn't match any \if.

/Users/jrathi/Projects/pdf-2-latex/files/ai/use-microtype/ai_final.tex:7361: Yo
u can't use `\vadjust' in vertical mode.
\end@float ...nalty \@floatpenalty \else \vadjust 
                                                  {\penalty -\@Miv \vbox {}\...
l.7361 \end{figure}
                   
Sorry, but I'm not programmed to handle this case;
I'll just pretend that you didn't ask for it.
If you're in the wrong mode, you might be able to
return to the right one by typing `I}' or `I$' or `I\par'.

/Users/jrathi/Projects/pdf-2-latex/files/ai/use-microtype/ai_final.tex:7361: Ar
gument of \@xnext has an extra }.
<inserted text> 
                \par 
l.7361 \end{figure}
                   
I've run across a `}' that doesn't seem to match anything.
For example, `\def\a#1{...}' and `\a}' would produce
this error. If you simply proceed now, the `\par' that
I've just inserted will cause me to report a runaway
argument that might be the root of the problem. But if
your `}' was spurious, just type `2' and it will go away.

Runaway argument?
\@currbox \@currlist \ifnum \count \@currbox >\z@ \advance \@pageht \@pagedp \E
TC.
/Users/jrathi/Projects/pdf-2-latex/files/ai/use-microtype/ai_final.tex:7361: Pa
ragraph ended before \@xnext was complete.
<to be read again> 
                   \par 
l.7361 \end{figure}
                   
I suspect you've forgotten a `}', causing me to apply this
control sequence to too much text. How can we recover?
My plan is to forget the whole thing and hope for the best.


/Users/jrathi/Projects/pdf-2-latex/files/ai/use-microtype/ai_final.tex:7363: La
TeX Error: Too many unprocessed floats.

See the LaTeX manual or LaTeX Companion for explanation.
Type  H <return>  for immediate help.
 ...                                              
                                                  
l.7363 \begin{figure}[h]
                        
You've lost some text.  Try typing  <return>  to proceed.
If that doesn't work, type  X <return>  to quit.

/Users/jrathi/Projects/pdf-2-latex/files/ai/use-microtype/ai_final.tex:7363: Un
defined control sequence.
\@xfloat ...@fltovf \fi \global \setbox \@currbox 
                                                  \color@vbox \normalcolor \...
l.7363 \begin{figure}[h]
                        
The control sequence at the end of the top line
of your error message was never \def'ed. If you have
misspelled it (e.g., `\hobx'), type `I' and the correct
spelling (e.g., `I\hbox'). Otherwise just continue,
and I'll forget about whatever was undefined.

/Users/jrathi/Projects/pdf-2-latex/files/ai/use-microtype/ai_final.tex:7363: Mi
ssing number, treated as zero.
<to be read again> 
                   \vbox 
l.7363 \begin{figure}[h]
                        
A number should have been here; I inserted `0'.
(If you can't figure out why I needed to see a number,
look up `weird error' in the index to The TeXbook.)

File: ./images/2025_05_12_af19cd5e0d1b8a465ffeg-247(1).jpg Graphic file (type b
mp)
<./images/2025_05_12_af19cd5e0d1b8a465ffeg-247(1).jpg>
/Users/jrathi/Projects/pdf-2-latex/files/ai/use-microtype/ai_final.tex:7366: Un
defined control sequence.
\@largefloatcheck ->\ifdim \ht \@currbox 
                                         >\textheight \@tempdima -\textheigh...
l.7366 \end{figure}
                   
The control sequence at the end of the top line
of your error message was never \def'ed. If you have
misspelled it (e.g., `\hobx'), type `I' and the correct
spelling (e.g., `I\hbox'). Otherwise just continue,
and I'll forget about whatever was undefined.

/Users/jrathi/Projects/pdf-2-latex/files/ai/use-microtype/ai_final.tex:7366: Mi
ssing number, treated as zero.
<to be read again> 
                   >
l.7366 \end{figure}
                   
A number should have been here; I inserted `0'.
(If you can't figure out why I needed to see a number,
look up `weird error' in the index to The TeXbook.)

/Users/jrathi/Projects/pdf-2-latex/files/ai/use-microtype/ai_final.tex:7366: Un
defined control sequence.
<argument> \@currbox 
                     
l.7366 \end{figure}
                   
The control sequence at the end of the top line
of your error message was never \def'ed. If you have
misspelled it (e.g., `\hobx'), type `I' and the correct
spelling (e.g., `I\hbox'). Otherwise just continue,
and I'll forget about whatever was undefined.

/Users/jrathi/Projects/pdf-2-latex/files/ai/use-microtype/ai_final.tex:7366: Mi
ssing number, treated as zero.
<to be read again> 
                   \@elt 
l.7366 \end{figure}
                   
A number should have been here; I inserted `0'.
(If you can't figure out why I needed to see a number,
look up `weird error' in the index to The TeXbook.)

/Users/jrathi/Projects/pdf-2-latex/files/ai/use-microtype/ai_final.tex:7366: Mi
ssing = inserted for \ifnum.
<to be read again> 
                   \@elt 
l.7366 \end{figure}
                   
I was expecting to see `<', `=', or `>'. Didn't.

/Users/jrathi/Projects/pdf-2-latex/files/ai/use-microtype/ai_final.tex:7366: Mi
ssing number, treated as zero.
<to be read again> 
                   \@elt 
l.7366 \end{figure}
                   
A number should have been here; I inserted `0'.
(If you can't figure out why I needed to see a number,
look up `weird error' in the index to The TeXbook.)


/Users/jrathi/Projects/pdf-2-latex/files/ai/use-microtype/ai_final.tex:7366: La
TeX Error: This may be a LaTeX bug.

See the LaTeX manual or LaTeX Companion for explanation.
Type  H <return>  for immediate help.
 ...                                              
                                                  
l.7366 \end{figure}
                   
Call for help

/Users/jrathi/Projects/pdf-2-latex/files/ai/use-microtype/ai_final.tex:7366: Un
defined control sequence.
\@addmarginpar ...advance \@tempdima \ht \@marbox 
                                                  \ifdim \@tempdima >\z@ \@l...
l.7366 \end{figure}
                   
The control sequence at the end of the top line
of your error message was never \def'ed. If you have
misspelled it (e.g., `\hobx'), type `I' and the correct
spelling (e.g., `I\hbox'). Otherwise just continue,
and I'll forget about whatever was undefined.

/Users/jrathi/Projects/pdf-2-latex/files/ai/use-microtype/ai_final.tex:7366: Ba
d register code (-25929145).
\@addmarginpar ...e \space moved}\else \@tempdima 
                                                  \z@ \fi \global \@mparbott...
l.7366 \end{figure}
                   
A register number must be between 0 and 32767.
I changed this one to zero.

/Users/jrathi/Projects/pdf-2-latex/files/ai/use-microtype/ai_final.tex:7366: Mi
ssing number, treated as zero.
<to be read again> 
                   \global 
l.7366 \end{figure}
                   
A number should have been here; I inserted `0'.
(If you can't figure out why I needed to see a number,
look up `weird error' in the index to The TeXbook.)

/Users/jrathi/Projects/pdf-2-latex/files/ai/use-microtype/ai_final.tex:7366: Il
legal unit of measure (pt inserted).
<to be read again> 
                   \global 
l.7366 \end{figure}
                   
Dimensions can be in units of em, ex, in, pt, pc,
cm, mm, dd, cc, bp, or sp; but yours is a new one!
I'll assume that you meant to say pt, for printer's points.
To recover gracefully from this error, it's best to
delete the erroneous units; e.g., type `2' to delete
two letters. (See Chapter 27 of The TeXbook.)

/Users/jrathi/Projects/pdf-2-latex/files/ai/use-microtype/ai_final.tex:7366: Un
defined control sequence.
\@addmarginpar ...vance \@mparbottom \dp \@marbox 
                                                  \global \advance \@mparbot...
l.7366 \end{figure}
                   
The control sequence at the end of the top line
of your error message was never \def'ed. If you have
misspelled it (e.g., `\hobx'), type `I' and the correct
spelling (e.g., `I\hbox'). Otherwise just continue,
and I'll forget about whatever was undefined.

/Users/jrathi/Projects/pdf-2-latex/files/ai/use-microtype/ai_final.tex:7366: Mi
ssing number, treated as zero.
<to be read again> 
                   \global 
l.7366 \end{figure}
                   
A number should have been here; I inserted `0'.
(If you can't figure out why I needed to see a number,
look up `weird error' in the index to The TeXbook.)

/Users/jrathi/Projects/pdf-2-latex/files/ai/use-microtype/ai_final.tex:7366: Un
defined control sequence.
\@addmarginpar ...dvance \@tempdima -\ht \@marbox 
                                                  \global \setbox \@marbox \...
l.7366 \end{figure}
                   
The control sequence at the end of the top line
of your error message was never \def'ed. If you have
misspelled it (e.g., `\hobx'), type `I' and the correct
spelling (e.g., `I\hbox'). Otherwise just continue,
and I'll forget about whatever was undefined.

/Users/jrathi/Projects/pdf-2-latex/files/ai/use-microtype/ai_final.tex:7366: Mi
ssing number, treated as zero.
<to be read again> 
                   \global 
l.7366 \end{figure}
                   
A number should have been here; I inserted `0'.
(If you can't figure out why I needed to see a number,
look up `weird error' in the index to The TeXbook.)

/Users/jrathi/Projects/pdf-2-latex/files/ai/use-microtype/ai_final.tex:7366: Un
defined control sequence.
\@addmarginpar ...marbox \global \setbox \@marbox 
                                                  \vbox {\vskip \@tempdima \...
l.7366 \end{figure}
                   
The control sequence at the end of the top line
of your error message was never \def'ed. If you have
misspelled it (e.g., `\hobx'), type `I' and the correct
spelling (e.g., `I\hbox'). Otherwise just continue,
and I'll forget about whatever was undefined.

/Users/jrathi/Projects/pdf-2-latex/files/ai/use-microtype/ai_final.tex:7366: Mi
ssing number, treated as zero.
<to be read again> 
                   \vbox 
l.7366 \end{figure}
                   
A number should have been here; I inserted `0'.
(If you can't figure out why I needed to see a number,
look up `weird error' in the index to The TeXbook.)

/Users/jrathi/Projects/pdf-2-latex/files/ai/use-microtype/ai_final.tex:7366: Un
defined control sequence.
\@addmarginpar ...\vskip \@tempdima \box \@marbox 
                                                  }\global \ht \@marbox \z@ ...
l.7366 \end{figure}
                   
The control sequence at the end of the top line
of your error message was never \def'ed. If you have
misspelled it (e.g., `\hobx'), type `I' and the correct
spelling (e.g., `I\hbox'). Otherwise just continue,
and I'll forget about whatever was undefined.

/Users/jrathi/Projects/pdf-2-latex/files/ai/use-microtype/ai_final.tex:7366: Mi
ssing number, treated as zero.
<to be read again> 
                   }
l.7366 \end{figure}
                   
A number should have been here; I inserted `0'.
(If you can't figure out why I needed to see a number,
look up `weird error' in the index to The TeXbook.)

/Users/jrathi/Projects/pdf-2-latex/files/ai/use-microtype/ai_final.tex:7366: Un
defined control sequence.
\@addmarginpar ... \@marbox }\global \ht \@marbox 
                                                  \z@ \global \dp \@marbox \...
l.7366 \end{figure}
                   
The control sequence at the end of the top line
of your error message was never \def'ed. If you have
misspelled it (e.g., `\hobx'), type `I' and the correct
spelling (e.g., `I\hbox'). Otherwise just continue,
and I'll forget about whatever was undefined.

/Users/jrathi/Projects/pdf-2-latex/files/ai/use-microtype/ai_final.tex:7366: Mi
ssing number, treated as zero.
<to be read again> 
                   \global 
l.7366 \end{figure}
                   
A number should have been here; I inserted `0'.
(If you can't figure out why I needed to see a number,
look up `weird error' in the index to The TeXbook.)

/Users/jrathi/Projects/pdf-2-latex/files/ai/use-microtype/ai_final.tex:7366: Il
legal unit of measure (pt inserted).
<to be read again> 
                   \global 
l.7366 \end{figure}
                   
Dimensions can be in units of em, ex, in, pt, pc,
cm, mm, dd, cc, bp, or sp; but yours is a new one!
I'll assume that you meant to say pt, for printer's points.
To recover gracefully from this error, it's best to
delete the erroneous units; e.g., type `2' to delete
two letters. (See Chapter 27 of The TeXbook.)

/Users/jrathi/Projects/pdf-2-latex/files/ai/use-microtype/ai_final.tex:7366: Un
defined control sequence.
\@addmarginpar ...marbox \z@ \global \dp \@marbox 
                                                  \z@ \kern -\@pagedp \noint...
l.7366 \end{figure}
                   
The control sequence at the end of the top line
of your error message was never \def'ed. If you have
misspelled it (e.g., `\hobx'), type `I' and the correct
spelling (e.g., `I\hbox'). Otherwise just continue,
and I'll forget about whatever was undefined.

/Users/jrathi/Projects/pdf-2-latex/files/ai/use-microtype/ai_final.tex:7366: Mi
ssing number, treated as zero.
<to be read again> 
                   \kern 
l.7366 \end{figure}
                   
A number should have been here; I inserted `0'.
(If you can't figure out why I needed to see a number,
look up `weird error' in the index to The TeXbook.)

/Users/jrathi/Projects/pdf-2-latex/files/ai/use-microtype/ai_final.tex:7366: Il
legal unit of measure (pt inserted).
<to be read again> 
                   \kern 
l.7366 \end{figure}
                   
Dimensions can be in units of em, ex, in, pt, pc,
cm, mm, dd, cc, bp, or sp; but yours is a new one!
I'll assume that you meant to say pt, for printer's points.
To recover gracefully from this error, it's best to
delete the erroneous units; e.g., type `2' to delete
two letters. (See Chapter 27 of The TeXbook.)

/Users/jrathi/Projects/pdf-2-latex/files/ai/use-microtype/ai_final.tex:7366: Un
defined control sequence.
\@addmarginpar ...arginparwidth \fi \box \@marbox 
                                                  \hss }\nointerlineskip \hb...
l.7366 \end{figure}
                   
The control sequence at the end of the top line
of your error message was never \def'ed. If you have
misspelled it (e.g., `\hobx'), type `I' and the correct
spelling (e.g., `I\hbox'). Otherwise just continue,
and I'll forget about whatever was undefined.

/Users/jrathi/Projects/pdf-2-latex/files/ai/use-microtype/ai_final.tex:7366: Mi
ssing number, treated as zero.
<to be read again> 
                   \hss 
l.7366 \end{figure}
                   
A number should have been here; I inserted `0'.
(If you can't figure out why I needed to see a number,
look up `weird error' in the index to The TeXbook.)



[205]
Overfull \hbox (43.5pt too wide) in paragraph at lines 7389--7389
[]\TU/lmtt/m/n/10 cat <datei> | tr -d "[:punct:]" | tr -s "[:space:]" "\n" | so
rt | uniq -ci[] 
 []



[206]

[207]

/Users/jrathi/Projects/pdf-2-latex/files/ai/use-microtype/ai_final.tex:7423: La
TeX Error: Too many unprocessed floats.

See the LaTeX manual or LaTeX Companion for explanation.
Type  H <return>  for immediate help.
 ...                                              
                                                  
l.7423 \begin{figure}[h]
                        
You've lost some text.  Try typing  <return>  to proceed.
If that doesn't work, type  X <return>  to quit.

/Users/jrathi/Projects/pdf-2-latex/files/ai/use-microtype/ai_final.tex:7423: Un
defined control sequence.
\@xfloat ...@fltovf \fi \global \setbox \@currbox 
                                                  \color@vbox \normalcolor \...
l.7423 \begin{figure}[h]
                        
The control sequence at the end of the top line
of your error message was never \def'ed. If you have
misspelled it (e.g., `\hobx'), type `I' and the correct
spelling (e.g., `I\hbox'). Otherwise just continue,
and I'll forget about whatever was undefined.

/Users/jrathi/Projects/pdf-2-latex/files/ai/use-microtype/ai_final.tex:7423: Mi
ssing number, treated as zero.
<to be read again> 
                   \vbox 
l.7423 \begin{figure}[h]
                        
A number should have been here; I inserted `0'.
(If you can't figure out why I needed to see a number,
look up `weird error' in the index to The TeXbook.)

File: ./images/2025_05_12_af19cd5e0d1b8a465ffeg-250.jpg Graphic file (type bmp)

<./images/2025_05_12_af19cd5e0d1b8a465ffeg-250.jpg>
/Users/jrathi/Projects/pdf-2-latex/files/ai/use-microtype/ai_final.tex:7426: Un
defined control sequence.
\@largefloatcheck ->\ifdim \ht \@currbox 
                                         >\textheight \@tempdima -\textheigh...
l.7426 \end{figure}
                   
The control sequence at the end of the top line
of your error message was never \def'ed. If you have
misspelled it (e.g., `\hobx'), type `I' and the correct
spelling (e.g., `I\hbox'). Otherwise just continue,
and I'll forget about whatever was undefined.

/Users/jrathi/Projects/pdf-2-latex/files/ai/use-microtype/ai_final.tex:7426: Mi
ssing number, treated as zero.
<to be read again> 
                   >
l.7426 \end{figure}
                   
A number should have been here; I inserted `0'.
(If you can't figure out why I needed to see a number,
look up `weird error' in the index to The TeXbook.)

/Users/jrathi/Projects/pdf-2-latex/files/ai/use-microtype/ai_final.tex:7426: Un
defined control sequence.
<argument> \@currbox 
                     
l.7426 \end{figure}
                   
The control sequence at the end of the top line
of your error message was never \def'ed. If you have
misspelled it (e.g., `\hobx'), type `I' and the correct
spelling (e.g., `I\hbox'). Otherwise just continue,
and I'll forget about whatever was undefined.

/Users/jrathi/Projects/pdf-2-latex/files/ai/use-microtype/ai_final.tex:7426: Ar
gument of \@xnext has an extra }.
<inserted text> 
                \par 
l.7426 \end{figure}
                   
I've run across a `}' that doesn't seem to match anything.
For example, `\def\a#1{...}' and `\a}' would produce
this error. If you simply proceed now, the `\par' that
I've just inserted will cause me to report a runaway
argument that might be the root of the problem. But if
your `}' was spurious, just type `2' and it will go away.

Runaway argument?
\@currbox \@currlist \ifnum \count \@currbox >\z@ \advance \@pageht \@pagedp \E
TC.
/Users/jrathi/Projects/pdf-2-latex/files/ai/use-microtype/ai_final.tex:7426: Pa
ragraph ended before \@xnext was complete.
<to be read again> 
                   \par 
l.7426 \end{figure}
                   
I suspect you've forgotten a `}', causing me to apply this
control sequence to too much text. How can we recover?
My plan is to forget the whole thing and hope for the best.

/Users/jrathi/Projects/pdf-2-latex/files/ai/use-microtype/ai_final.tex:7426: Ex
tra \else.
\end@float ...pdima \penalty \@floatpenalty \else 
                                                  \vadjust {\penalty -\@Miv ...
l.7426 \end{figure}
                   
I'm ignoring this; it doesn't match any \if.

/Users/jrathi/Projects/pdf-2-latex/files/ai/use-microtype/ai_final.tex:7426: Yo
u can't use `\vadjust' in vertical mode.
\end@float ...nalty \@floatpenalty \else \vadjust 
                                                  {\penalty -\@Miv \vbox {}\...
l.7426 \end{figure}
                   
Sorry, but I'm not programmed to handle this case;
I'll just pretend that you didn't ask for it.
If you're in the wrong mode, you might be able to
return to the right one by typing `I}' or `I$' or `I\par'.

/Users/jrathi/Projects/pdf-2-latex/files/ai/use-microtype/ai_final.tex:7426: Ar
gument of \@xnext has an extra }.
<inserted text> 
                \par 
l.7426 \end{figure}
                   
I've run across a `}' that doesn't seem to match anything.
For example, `\def\a#1{...}' and `\a}' would produce
this error. If you simply proceed now, the `\par' that
I've just inserted will cause me to report a runaway
argument that might be the root of the problem. But if
your `}' was spurious, just type `2' and it will go away.

Runaway argument?
\@currbox \@currlist \ifnum \count \@currbox >\z@ \advance \@pageht \@pagedp \E
TC.
/Users/jrathi/Projects/pdf-2-latex/files/ai/use-microtype/ai_final.tex:7426: Pa
ragraph ended before \@xnext was complete.
<to be read again> 
                   \par 
l.7426 \end{figure}
                   
I suspect you've forgotten a `}', causing me to apply this
control sequence to too much text. How can we recover?
My plan is to forget the whole thing and hope for the best.


/Users/jrathi/Projects/pdf-2-latex/files/ai/use-microtype/ai_final.tex:7478: La
TeX Error: Too many unprocessed floats.

See the LaTeX manual or LaTeX Companion for explanation.
Type  H <return>  for immediate help.
 ...                                              
                                                  
l.7478 \begin{figure}[h]
                        
You've lost some text.  Try typing  <return>  to proceed.
If that doesn't work, type  X <return>  to quit.

/Users/jrathi/Projects/pdf-2-latex/files/ai/use-microtype/ai_final.tex:7478: Un
defined control sequence.
\@xfloat ...@fltovf \fi \global \setbox \@currbox 
                                                  \color@vbox \normalcolor \...
l.7478 \begin{figure}[h]
                        
The control sequence at the end of the top line
of your error message was never \def'ed. If you have
misspelled it (e.g., `\hobx'), type `I' and the correct
spelling (e.g., `I\hbox'). Otherwise just continue,
and I'll forget about whatever was undefined.

/Users/jrathi/Projects/pdf-2-latex/files/ai/use-microtype/ai_final.tex:7478: Mi
ssing number, treated as zero.
<to be read again> 
                   \vbox 
l.7478 \begin{figure}[h]
                        
A number should have been here; I inserted `0'.
(If you can't figure out why I needed to see a number,
look up `weird error' in the index to The TeXbook.)

File: ./images/2025_05_12_af19cd5e0d1b8a465ffeg-252.jpg Graphic file (type bmp)

<./images/2025_05_12_af19cd5e0d1b8a465ffeg-252.jpg>

Underfull \hbox (badness 10000) in paragraph at lines 7481--7481

 []

/Users/jrathi/Projects/pdf-2-latex/files/ai/use-microtype/ai_final.tex:7482: Un
defined control sequence.
\@largefloatcheck ->\ifdim \ht \@currbox 
                                         >\textheight \@tempdima -\textheigh...
l.7482 \end{figure}
                   
The control sequence at the end of the top line
of your error message was never \def'ed. If you have
misspelled it (e.g., `\hobx'), type `I' and the correct
spelling (e.g., `I\hbox'). Otherwise just continue,
and I'll forget about whatever was undefined.

/Users/jrathi/Projects/pdf-2-latex/files/ai/use-microtype/ai_final.tex:7482: Mi
ssing number, treated as zero.
<to be read again> 
                   >
l.7482 \end{figure}
                   
A number should have been here; I inserted `0'.
(If you can't figure out why I needed to see a number,
look up `weird error' in the index to The TeXbook.)

/Users/jrathi/Projects/pdf-2-latex/files/ai/use-microtype/ai_final.tex:7482: Un
defined control sequence.
<argument> \@currbox 
                     
l.7482 \end{figure}
                   
The control sequence at the end of the top line
of your error message was never \def'ed. If you have
misspelled it (e.g., `\hobx'), type `I' and the correct
spelling (e.g., `I\hbox'). Otherwise just continue,
and I'll forget about whatever was undefined.

/Users/jrathi/Projects/pdf-2-latex/files/ai/use-microtype/ai_final.tex:7482: Mi
ssing number, treated as zero.
<to be read again> 
                   \@elt 
l.7482 \end{figure}
                   
A number should have been here; I inserted `0'.
(If you can't figure out why I needed to see a number,
look up `weird error' in the index to The TeXbook.)

/Users/jrathi/Projects/pdf-2-latex/files/ai/use-microtype/ai_final.tex:7482: Mi
ssing = inserted for \ifnum.
<to be read again> 
                   \@elt 
l.7482 \end{figure}
                   
I was expecting to see `<', `=', or `>'. Didn't.

/Users/jrathi/Projects/pdf-2-latex/files/ai/use-microtype/ai_final.tex:7482: Mi
ssing number, treated as zero.
<to be read again> 
                   \@elt 
l.7482 \end{figure}
                   
A number should have been here; I inserted `0'.
(If you can't figure out why I needed to see a number,
look up `weird error' in the index to The TeXbook.)


/Users/jrathi/Projects/pdf-2-latex/files/ai/use-microtype/ai_final.tex:7482: La
TeX Error: This may be a LaTeX bug.

See the LaTeX manual or LaTeX Companion for explanation.
Type  H <return>  for immediate help.
 ...                                              
                                                  
l.7482 \end{figure}
                   
Call for help

/Users/jrathi/Projects/pdf-2-latex/files/ai/use-microtype/ai_final.tex:7482: Un
defined control sequence.
\@addmarginpar ...a <\z@ \global \setbox \@marbox 
                                                  \box \@currbox \fi \@tempd...
l.7482 \end{figure}
                   
The control sequence at the end of the top line
of your error message was never \def'ed. If you have
misspelled it (e.g., `\hobx'), type `I' and the correct
spelling (e.g., `I\hbox'). Otherwise just continue,
and I'll forget about whatever was undefined.

/Users/jrathi/Projects/pdf-2-latex/files/ai/use-microtype/ai_final.tex:7482: Mi
ssing number, treated as zero.
<to be read again> 
                   \box 
l.7482 \end{figure}
                   
A number should have been here; I inserted `0'.
(If you can't figure out why I needed to see a number,
look up `weird error' in the index to The TeXbook.)

/Users/jrathi/Projects/pdf-2-latex/files/ai/use-microtype/ai_final.tex:7482: Mi
ssing number, treated as zero.
<to be read again> 
                   \@elt 
l.7482 \end{figure}
                   
A number should have been here; I inserted `0'.
(If you can't figure out why I needed to see a number,
look up `weird error' in the index to The TeXbook.)

/Users/jrathi/Projects/pdf-2-latex/files/ai/use-microtype/ai_final.tex:7482: Un
defined control sequence.
\@addmarginpar ...advance \@tempdima \ht \@marbox 
                                                  \ifdim \@tempdima >\z@ \@l...
l.7482 \end{figure}
                   
The control sequence at the end of the top line
of your error message was never \def'ed. If you have
misspelled it (e.g., `\hobx'), type `I' and the correct
spelling (e.g., `I\hbox'). Otherwise just continue,
and I'll forget about whatever was undefined.

/Users/jrathi/Projects/pdf-2-latex/files/ai/use-microtype/ai_final.tex:7482: Ba
d register code (-95489648).
\@addmarginpar ...e \space moved}\else \@tempdima 
                                                  \z@ \fi \global \@mparbott...
l.7482 \end{figure}
                   
A register number must be between 0 and 32767.
I changed this one to zero.

/Users/jrathi/Projects/pdf-2-latex/files/ai/use-microtype/ai_final.tex:7482: Mi
ssing number, treated as zero.
<to be read again> 
                   \global 
l.7482 \end{figure}
                   
A number should have been here; I inserted `0'.
(If you can't figure out why I needed to see a number,
look up `weird error' in the index to The TeXbook.)

/Users/jrathi/Projects/pdf-2-latex/files/ai/use-microtype/ai_final.tex:7482: Il
legal unit of measure (pt inserted).
<to be read again> 
                   \global 
l.7482 \end{figure}
                   
Dimensions can be in units of em, ex, in, pt, pc,
cm, mm, dd, cc, bp, or sp; but yours is a new one!
I'll assume that you meant to say pt, for printer's points.
To recover gracefully from this error, it's best to
delete the erroneous units; e.g., type `2' to delete
two letters. (See Chapter 27 of The TeXbook.)

/Users/jrathi/Projects/pdf-2-latex/files/ai/use-microtype/ai_final.tex:7482: Un
defined control sequence.
\@addmarginpar ...vance \@mparbottom \dp \@marbox 
                                                  \global \advance \@mparbot...
l.7482 \end{figure}
                   
The control sequence at the end of the top line
of your error message was never \def'ed. If you have
misspelled it (e.g., `\hobx'), type `I' and the correct
spelling (e.g., `I\hbox'). Otherwise just continue,
and I'll forget about whatever was undefined.

/Users/jrathi/Projects/pdf-2-latex/files/ai/use-microtype/ai_final.tex:7482: Mi
ssing number, treated as zero.
<to be read again> 
                   \global 
l.7482 \end{figure}
                   
A number should have been here; I inserted `0'.
(If you can't figure out why I needed to see a number,
look up `weird error' in the index to The TeXbook.)

/Users/jrathi/Projects/pdf-2-latex/files/ai/use-microtype/ai_final.tex:7482: Un
defined control sequence.
\@addmarginpar ...dvance \@tempdima -\ht \@marbox 
                                                  \global \setbox \@marbox \...
l.7482 \end{figure}
                   
The control sequence at the end of the top line
of your error message was never \def'ed. If you have
misspelled it (e.g., `\hobx'), type `I' and the correct
spelling (e.g., `I\hbox'). Otherwise just continue,
and I'll forget about whatever was undefined.

/Users/jrathi/Projects/pdf-2-latex/files/ai/use-microtype/ai_final.tex:7482: Mi
ssing number, treated as zero.
<to be read again> 
                   \global 
l.7482 \end{figure}
                   
A number should have been here; I inserted `0'.
(If you can't figure out why I needed to see a number,
look up `weird error' in the index to The TeXbook.)

/Users/jrathi/Projects/pdf-2-latex/files/ai/use-microtype/ai_final.tex:7482: Un
defined control sequence.
\@addmarginpar ...marbox \global \setbox \@marbox 
                                                  \vbox {\vskip \@tempdima \...
l.7482 \end{figure}
                   
The control sequence at the end of the top line
of your error message was never \def'ed. If you have
misspelled it (e.g., `\hobx'), type `I' and the correct
spelling (e.g., `I\hbox'). Otherwise just continue,
and I'll forget about whatever was undefined.

/Users/jrathi/Projects/pdf-2-latex/files/ai/use-microtype/ai_final.tex:7482: Mi
ssing number, treated as zero.
<to be read again> 
                   \vbox 
l.7482 \end{figure}
                   
A number should have been here; I inserted `0'.
(If you can't figure out why I needed to see a number,
look up `weird error' in the index to The TeXbook.)

/Users/jrathi/Projects/pdf-2-latex/files/ai/use-microtype/ai_final.tex:7482: Un
defined control sequence.
\@addmarginpar ...\vskip \@tempdima \box \@marbox 
                                                  }\global \ht \@marbox \z@ ...
l.7482 \end{figure}
                   
The control sequence at the end of the top line
of your error message was never \def'ed. If you have
misspelled it (e.g., `\hobx'), type `I' and the correct
spelling (e.g., `I\hbox'). Otherwise just continue,
and I'll forget about whatever was undefined.

/Users/jrathi/Projects/pdf-2-latex/files/ai/use-microtype/ai_final.tex:7482: Mi
ssing number, treated as zero.
<to be read again> 
                   }
l.7482 \end{figure}
                   
A number should have been here; I inserted `0'.
(If you can't figure out why I needed to see a number,
look up `weird error' in the index to The TeXbook.)

/Users/jrathi/Projects/pdf-2-latex/files/ai/use-microtype/ai_final.tex:7482: Un
defined control sequence.
\@addmarginpar ... \@marbox }\global \ht \@marbox 
                                                  \z@ \global \dp \@marbox \...
l.7482 \end{figure}
                   
The control sequence at the end of the top line
of your error message was never \def'ed. If you have
misspelled it (e.g., `\hobx'), type `I' and the correct
spelling (e.g., `I\hbox'). Otherwise just continue,
and I'll forget about whatever was undefined.

/Users/jrathi/Projects/pdf-2-latex/files/ai/use-microtype/ai_final.tex:7482: Mi
ssing number, treated as zero.
<to be read again> 
                   \global 
l.7482 \end{figure}
                   
A number should have been here; I inserted `0'.
(If you can't figure out why I needed to see a number,
look up `weird error' in the index to The TeXbook.)

/Users/jrathi/Projects/pdf-2-latex/files/ai/use-microtype/ai_final.tex:7482: Il
legal unit of measure (pt inserted).
<to be read again> 
                   \global 
l.7482 \end{figure}
                   
Dimensions can be in units of em, ex, in, pt, pc,
cm, mm, dd, cc, bp, or sp; but yours is a new one!
I'll assume that you meant to say pt, for printer's points.
To recover gracefully from this error, it's best to
delete the erroneous units; e.g., type `2' to delete
two letters. (See Chapter 27 of The TeXbook.)

/Users/jrathi/Projects/pdf-2-latex/files/ai/use-microtype/ai_final.tex:7482: Un
defined control sequence.
\@addmarginpar ...marbox \z@ \global \dp \@marbox 
                                                  \z@ \kern -\@pagedp \noint...
l.7482 \end{figure}
                   
The control sequence at the end of the top line
of your error message was never \def'ed. If you have
misspelled it (e.g., `\hobx'), type `I' and the correct
spelling (e.g., `I\hbox'). Otherwise just continue,
and I'll forget about whatever was undefined.

/Users/jrathi/Projects/pdf-2-latex/files/ai/use-microtype/ai_final.tex:7482: Mi
ssing number, treated as zero.
<to be read again> 
                   \kern 
l.7482 \end{figure}
                   
A number should have been here; I inserted `0'.
(If you can't figure out why I needed to see a number,
look up `weird error' in the index to The TeXbook.)

/Users/jrathi/Projects/pdf-2-latex/files/ai/use-microtype/ai_final.tex:7482: Il
legal unit of measure (pt inserted).
<to be read again> 
                   \kern 
l.7482 \end{figure}
                   
Dimensions can be in units of em, ex, in, pt, pc,
cm, mm, dd, cc, bp, or sp; but yours is a new one!
I'll assume that you meant to say pt, for printer's points.
To recover gracefully from this error, it's best to
delete the erroneous units; e.g., type `2' to delete
two letters. (See Chapter 27 of The TeXbook.)

/Users/jrathi/Projects/pdf-2-latex/files/ai/use-microtype/ai_final.tex:7482: Un
defined control sequence.
\@addmarginpar ...arginparwidth \fi \box \@marbox 
                                                  \hss }\nointerlineskip \hb...
l.7482 \end{figure}
                   
The control sequence at the end of the top line
of your error message was never \def'ed. If you have
misspelled it (e.g., `\hobx'), type `I' and the correct
spelling (e.g., `I\hbox'). Otherwise just continue,
and I'll forget about whatever was undefined.

/Users/jrathi/Projects/pdf-2-latex/files/ai/use-microtype/ai_final.tex:7482: Mi
ssing number, treated as zero.
<to be read again> 
                   \hss 
l.7482 \end{figure}
                   
A number should have been here; I inserted `0'.
(If you can't figure out why I needed to see a number,
look up `weird error' in the index to The TeXbook.)



[208]

[209]

/Users/jrathi/Projects/pdf-2-latex/files/ai/use-microtype/ai_final.tex:7483: La
TeX Error: Too many unprocessed floats.

See the LaTeX manual or LaTeX Companion for explanation.
Type  H <return>  for immediate help.
 ...                                              
                                                  
l.7483 \begin{figure}[h]
                        
You've lost some text.  Try typing  <return>  to proceed.
If that doesn't work, type  X <return>  to quit.

/Users/jrathi/Projects/pdf-2-latex/files/ai/use-microtype/ai_final.tex:7483: Un
defined control sequence.
\@xfloat ...@fltovf \fi \global \setbox \@currbox 
                                                  \color@vbox \normalcolor \...
l.7483 \begin{figure}[h]
                        
The control sequence at the end of the top line
of your error message was never \def'ed. If you have
misspelled it (e.g., `\hobx'), type `I' and the correct
spelling (e.g., `I\hbox'). Otherwise just continue,
and I'll forget about whatever was undefined.

/Users/jrathi/Projects/pdf-2-latex/files/ai/use-microtype/ai_final.tex:7483: Mi
ssing number, treated as zero.
<to be read again> 
                   \vbox 
l.7483 \begin{figure}[h]
                        
A number should have been here; I inserted `0'.
(If you can't figure out why I needed to see a number,
look up `weird error' in the index to The TeXbook.)

File: ./images/2025_05_12_af19cd5e0d1b8a465ffeg-253.jpg Graphic file (type bmp)

<./images/2025_05_12_af19cd5e0d1b8a465ffeg-253.jpg>

Underfull \hbox (badness 10000) in paragraph at lines 7486--7486

 []

/Users/jrathi/Projects/pdf-2-latex/files/ai/use-microtype/ai_final.tex:7487: Un
defined control sequence.
\@largefloatcheck ->\ifdim \ht \@currbox 
                                         >\textheight \@tempdima -\textheigh...
l.7487 \end{figure}
                   
The control sequence at the end of the top line
of your error message was never \def'ed. If you have
misspelled it (e.g., `\hobx'), type `I' and the correct
spelling (e.g., `I\hbox'). Otherwise just continue,
and I'll forget about whatever was undefined.

/Users/jrathi/Projects/pdf-2-latex/files/ai/use-microtype/ai_final.tex:7487: Mi
ssing number, treated as zero.
<to be read again> 
                   >
l.7487 \end{figure}
                   
A number should have been here; I inserted `0'.
(If you can't figure out why I needed to see a number,
look up `weird error' in the index to The TeXbook.)

/Users/jrathi/Projects/pdf-2-latex/files/ai/use-microtype/ai_final.tex:7487: Un
defined control sequence.
<argument> \@currbox 
                     
l.7487 \end{figure}
                   
The control sequence at the end of the top line
of your error message was never \def'ed. If you have
misspelled it (e.g., `\hobx'), type `I' and the correct
spelling (e.g., `I\hbox'). Otherwise just continue,
and I'll forget about whatever was undefined.

/Users/jrathi/Projects/pdf-2-latex/files/ai/use-microtype/ai_final.tex:7487: Ar
gument of \@xnext has an extra }.
<inserted text> 
                \par 
l.7487 \end{figure}
                   
I've run across a `}' that doesn't seem to match anything.
For example, `\def\a#1{...}' and `\a}' would produce
this error. If you simply proceed now, the `\par' that
I've just inserted will cause me to report a runaway
argument that might be the root of the problem. But if
your `}' was spurious, just type `2' and it will go away.

Runaway argument?
\@currbox \@currlist \ifnum \count \@currbox >\z@ \advance \@pageht \@pagedp \E
TC.
/Users/jrathi/Projects/pdf-2-latex/files/ai/use-microtype/ai_final.tex:7487: Pa
ragraph ended before \@xnext was complete.
<to be read again> 
                   \par 
l.7487 \end{figure}
                   
I suspect you've forgotten a `}', causing me to apply this
control sequence to too much text. How can we recover?
My plan is to forget the whole thing and hope for the best.

/Users/jrathi/Projects/pdf-2-latex/files/ai/use-microtype/ai_final.tex:7487: Ex
tra \else.
\end@float ...pdima \penalty \@floatpenalty \else 
                                                  \vadjust {\penalty -\@Miv ...
l.7487 \end{figure}
                   
I'm ignoring this; it doesn't match any \if.

/Users/jrathi/Projects/pdf-2-latex/files/ai/use-microtype/ai_final.tex:7487: Yo
u can't use `\vadjust' in vertical mode.
\end@float ...nalty \@floatpenalty \else \vadjust 
                                                  {\penalty -\@Miv \vbox {}\...
l.7487 \end{figure}
                   
Sorry, but I'm not programmed to handle this case;
I'll just pretend that you didn't ask for it.
If you're in the wrong mode, you might be able to
return to the right one by typing `I}' or `I$' or `I\par'.

/Users/jrathi/Projects/pdf-2-latex/files/ai/use-microtype/ai_final.tex:7487: Ar
gument of \@xnext has an extra }.
<inserted text> 
                \par 
l.7487 \end{figure}
                   
I've run across a `}' that doesn't seem to match anything.
For example, `\def\a#1{...}' and `\a}' would produce
this error. If you simply proceed now, the `\par' that
I've just inserted will cause me to report a runaway
argument that might be the root of the problem. But if
your `}' was spurious, just type `2' and it will go away.

Runaway argument?
\@currbox \@currlist \ifnum \count \@currbox >\z@ \advance \@pageht \@pagedp \E
TC.
/Users/jrathi/Projects/pdf-2-latex/files/ai/use-microtype/ai_final.tex:7487: Pa
ragraph ended before \@xnext was complete.
<to be read again> 
                   \par 
l.7487 \end{figure}
                   
I suspect you've forgotten a `}', causing me to apply this
control sequence to too much text. How can we recover?
My plan is to forget the whole thing and hope for the best.


/Users/jrathi/Projects/pdf-2-latex/files/ai/use-microtype/ai_final.tex:7490: La
TeX Error: Too many unprocessed floats.

See the LaTeX manual or LaTeX Companion for explanation.
Type  H <return>  for immediate help.
 ...                                              
                                                  
l.7490 \begin{figure}[h]
                        
You've lost some text.  Try typing  <return>  to proceed.
If that doesn't work, type  X <return>  to quit.

/Users/jrathi/Projects/pdf-2-latex/files/ai/use-microtype/ai_final.tex:7490: Un
defined control sequence.
\@xfloat ...@fltovf \fi \global \setbox \@currbox 
                                                  \color@vbox \normalcolor \...
l.7490 \begin{figure}[h]
                        
The control sequence at the end of the top line
of your error message was never \def'ed. If you have
misspelled it (e.g., `\hobx'), type `I' and the correct
spelling (e.g., `I\hbox'). Otherwise just continue,
and I'll forget about whatever was undefined.

/Users/jrathi/Projects/pdf-2-latex/files/ai/use-microtype/ai_final.tex:7490: Mi
ssing number, treated as zero.
<to be read again> 
                   \vbox 
l.7490 \begin{figure}[h]
                        
A number should have been here; I inserted `0'.
(If you can't figure out why I needed to see a number,
look up `weird error' in the index to The TeXbook.)

File: ./images/2025_05_12_af19cd5e0d1b8a465ffeg-253(1).jpg Graphic file (type b
mp)
<./images/2025_05_12_af19cd5e0d1b8a465ffeg-253(1).jpg>

Underfull \hbox (badness 10000) in paragraph at lines 7493--7493

 []

/Users/jrathi/Projects/pdf-2-latex/files/ai/use-microtype/ai_final.tex:7494: Un
defined control sequence.
\@largefloatcheck ->\ifdim \ht \@currbox 
                                         >\textheight \@tempdima -\textheigh...
l.7494 \end{figure}
                   
The control sequence at the end of the top line
of your error message was never \def'ed. If you have
misspelled it (e.g., `\hobx'), type `I' and the correct
spelling (e.g., `I\hbox'). Otherwise just continue,
and I'll forget about whatever was undefined.

/Users/jrathi/Projects/pdf-2-latex/files/ai/use-microtype/ai_final.tex:7494: Mi
ssing number, treated as zero.
<to be read again> 
                   >
l.7494 \end{figure}
                   
A number should have been here; I inserted `0'.
(If you can't figure out why I needed to see a number,
look up `weird error' in the index to The TeXbook.)

/Users/jrathi/Projects/pdf-2-latex/files/ai/use-microtype/ai_final.tex:7494: Un
defined control sequence.
<argument> \@currbox 
                     
l.7494 \end{figure}
                   
The control sequence at the end of the top line
of your error message was never \def'ed. If you have
misspelled it (e.g., `\hobx'), type `I' and the correct
spelling (e.g., `I\hbox'). Otherwise just continue,
and I'll forget about whatever was undefined.

/Users/jrathi/Projects/pdf-2-latex/files/ai/use-microtype/ai_final.tex:7494: Mi
ssing number, treated as zero.
<to be read again> 
                   \@elt 
l.7494 \end{figure}
                   
A number should have been here; I inserted `0'.
(If you can't figure out why I needed to see a number,
look up `weird error' in the index to The TeXbook.)

/Users/jrathi/Projects/pdf-2-latex/files/ai/use-microtype/ai_final.tex:7494: Mi
ssing = inserted for \ifnum.
<to be read again> 
                   \@elt 
l.7494 \end{figure}
                   
I was expecting to see `<', `=', or `>'. Didn't.

/Users/jrathi/Projects/pdf-2-latex/files/ai/use-microtype/ai_final.tex:7494: Mi
ssing number, treated as zero.
<to be read again> 
                   \@elt 
l.7494 \end{figure}
                   
A number should have been here; I inserted `0'.
(If you can't figure out why I needed to see a number,
look up `weird error' in the index to The TeXbook.)


/Users/jrathi/Projects/pdf-2-latex/files/ai/use-microtype/ai_final.tex:7494: La
TeX Error: This may be a LaTeX bug.

See the LaTeX manual or LaTeX Companion for explanation.
Type  H <return>  for immediate help.
 ...                                              
                                                  
l.7494 \end{figure}
                   
Call for help

/Users/jrathi/Projects/pdf-2-latex/files/ai/use-microtype/ai_final.tex:7494: Un
defined control sequence.
\@addmarginpar ...a <\z@ \global \setbox \@marbox 
                                                  \box \@currbox \fi \@tempd...
l.7494 \end{figure}
                   
The control sequence at the end of the top line
of your error message was never \def'ed. If you have
misspelled it (e.g., `\hobx'), type `I' and the correct
spelling (e.g., `I\hbox'). Otherwise just continue,
and I'll forget about whatever was undefined.

/Users/jrathi/Projects/pdf-2-latex/files/ai/use-microtype/ai_final.tex:7494: Mi
ssing number, treated as zero.
<to be read again> 
                   \box 
l.7494 \end{figure}
                   
A number should have been here; I inserted `0'.
(If you can't figure out why I needed to see a number,
look up `weird error' in the index to The TeXbook.)

/Users/jrathi/Projects/pdf-2-latex/files/ai/use-microtype/ai_final.tex:7494: Mi
ssing number, treated as zero.
<to be read again> 
                   \@elt 
l.7494 \end{figure}
                   
A number should have been here; I inserted `0'.
(If you can't figure out why I needed to see a number,
look up `weird error' in the index to The TeXbook.)

/Users/jrathi/Projects/pdf-2-latex/files/ai/use-microtype/ai_final.tex:7494: Un
defined control sequence.
\@addmarginpar ...advance \@tempdima \ht \@marbox 
                                                  \ifdim \@tempdima >\z@ \@l...
l.7494 \end{figure}
                   
The control sequence at the end of the top line
of your error message was never \def'ed. If you have
misspelled it (e.g., `\hobx'), type `I' and the correct
spelling (e.g., `I\hbox'). Otherwise just continue,
and I'll forget about whatever was undefined.

/Users/jrathi/Projects/pdf-2-latex/files/ai/use-microtype/ai_final.tex:7494: Ba
d register code (-25351163).
\@addmarginpar ...e \space moved}\else \@tempdima 
                                                  \z@ \fi \global \@mparbott...
l.7494 \end{figure}
                   
A register number must be between 0 and 32767.
I changed this one to zero.

/Users/jrathi/Projects/pdf-2-latex/files/ai/use-microtype/ai_final.tex:7494: Mi
ssing number, treated as zero.
<to be read again> 
                   \global 
l.7494 \end{figure}
                   
A number should have been here; I inserted `0'.
(If you can't figure out why I needed to see a number,
look up `weird error' in the index to The TeXbook.)

/Users/jrathi/Projects/pdf-2-latex/files/ai/use-microtype/ai_final.tex:7494: Il
legal unit of measure (pt inserted).
<to be read again> 
                   \global 
l.7494 \end{figure}
                   
Dimensions can be in units of em, ex, in, pt, pc,
cm, mm, dd, cc, bp, or sp; but yours is a new one!
I'll assume that you meant to say pt, for printer's points.
To recover gracefully from this error, it's best to
delete the erroneous units; e.g., type `2' to delete
two letters. (See Chapter 27 of The TeXbook.)

/Users/jrathi/Projects/pdf-2-latex/files/ai/use-microtype/ai_final.tex:7494: Un
defined control sequence.
\@addmarginpar ...vance \@mparbottom \dp \@marbox 
                                                  \global \advance \@mparbot...
l.7494 \end{figure}
                   
The control sequence at the end of the top line
of your error message was never \def'ed. If you have
misspelled it (e.g., `\hobx'), type `I' and the correct
spelling (e.g., `I\hbox'). Otherwise just continue,
and I'll forget about whatever was undefined.

/Users/jrathi/Projects/pdf-2-latex/files/ai/use-microtype/ai_final.tex:7494: Mi
ssing number, treated as zero.
<to be read again> 
                   \global 
l.7494 \end{figure}
                   
A number should have been here; I inserted `0'.
(If you can't figure out why I needed to see a number,
look up `weird error' in the index to The TeXbook.)

/Users/jrathi/Projects/pdf-2-latex/files/ai/use-microtype/ai_final.tex:7494: Un
defined control sequence.
\@addmarginpar ...dvance \@tempdima -\ht \@marbox 
                                                  \global \setbox \@marbox \...
l.7494 \end{figure}
                   
The control sequence at the end of the top line
of your error message was never \def'ed. If you have
misspelled it (e.g., `\hobx'), type `I' and the correct
spelling (e.g., `I\hbox'). Otherwise just continue,
and I'll forget about whatever was undefined.

/Users/jrathi/Projects/pdf-2-latex/files/ai/use-microtype/ai_final.tex:7494: Mi
ssing number, treated as zero.
<to be read again> 
                   \global 
l.7494 \end{figure}
                   
A number should have been here; I inserted `0'.
(If you can't figure out why I needed to see a number,
look up `weird error' in the index to The TeXbook.)

/Users/jrathi/Projects/pdf-2-latex/files/ai/use-microtype/ai_final.tex:7494: Un
defined control sequence.
\@addmarginpar ...marbox \global \setbox \@marbox 
                                                  \vbox {\vskip \@tempdima \...
l.7494 \end{figure}
                   
The control sequence at the end of the top line
of your error message was never \def'ed. If you have
misspelled it (e.g., `\hobx'), type `I' and the correct
spelling (e.g., `I\hbox'). Otherwise just continue,
and I'll forget about whatever was undefined.

/Users/jrathi/Projects/pdf-2-latex/files/ai/use-microtype/ai_final.tex:7494: Mi
ssing number, treated as zero.
<to be read again> 
                   \vbox 
l.7494 \end{figure}
                   
A number should have been here; I inserted `0'.
(If you can't figure out why I needed to see a number,
look up `weird error' in the index to The TeXbook.)

/Users/jrathi/Projects/pdf-2-latex/files/ai/use-microtype/ai_final.tex:7494: Un
defined control sequence.
\@addmarginpar ...\vskip \@tempdima \box \@marbox 
                                                  }\global \ht \@marbox \z@ ...
l.7494 \end{figure}
                   
The control sequence at the end of the top line
of your error message was never \def'ed. If you have
misspelled it (e.g., `\hobx'), type `I' and the correct
spelling (e.g., `I\hbox'). Otherwise just continue,
and I'll forget about whatever was undefined.

/Users/jrathi/Projects/pdf-2-latex/files/ai/use-microtype/ai_final.tex:7494: Mi
ssing number, treated as zero.
<to be read again> 
                   }
l.7494 \end{figure}
                   
A number should have been here; I inserted `0'.
(If you can't figure out why I needed to see a number,
look up `weird error' in the index to The TeXbook.)

/Users/jrathi/Projects/pdf-2-latex/files/ai/use-microtype/ai_final.tex:7494: Un
defined control sequence.
\@addmarginpar ... \@marbox }\global \ht \@marbox 
                                                  \z@ \global \dp \@marbox \...
l.7494 \end{figure}
                   
The control sequence at the end of the top line
of your error message was never \def'ed. If you have
misspelled it (e.g., `\hobx'), type `I' and the correct
spelling (e.g., `I\hbox'). Otherwise just continue,
and I'll forget about whatever was undefined.

/Users/jrathi/Projects/pdf-2-latex/files/ai/use-microtype/ai_final.tex:7494: Mi
ssing number, treated as zero.
<to be read again> 
                   \global 
l.7494 \end{figure}
                   
A number should have been here; I inserted `0'.
(If you can't figure out why I needed to see a number,
look up `weird error' in the index to The TeXbook.)

/Users/jrathi/Projects/pdf-2-latex/files/ai/use-microtype/ai_final.tex:7494: Il
legal unit of measure (pt inserted).
<to be read again> 
                   \global 
l.7494 \end{figure}
                   
Dimensions can be in units of em, ex, in, pt, pc,
cm, mm, dd, cc, bp, or sp; but yours is a new one!
I'll assume that you meant to say pt, for printer's points.
To recover gracefully from this error, it's best to
delete the erroneous units; e.g., type `2' to delete
two letters. (See Chapter 27 of The TeXbook.)

/Users/jrathi/Projects/pdf-2-latex/files/ai/use-microtype/ai_final.tex:7494: Un
defined control sequence.
\@addmarginpar ...marbox \z@ \global \dp \@marbox 
                                                  \z@ \kern -\@pagedp \noint...
l.7494 \end{figure}
                   
The control sequence at the end of the top line
of your error message was never \def'ed. If you have
misspelled it (e.g., `\hobx'), type `I' and the correct
spelling (e.g., `I\hbox'). Otherwise just continue,
and I'll forget about whatever was undefined.

/Users/jrathi/Projects/pdf-2-latex/files/ai/use-microtype/ai_final.tex:7494: Mi
ssing number, treated as zero.
<to be read again> 
                   \kern 
l.7494 \end{figure}
                   
A number should have been here; I inserted `0'.
(If you can't figure out why I needed to see a number,
look up `weird error' in the index to The TeXbook.)

/Users/jrathi/Projects/pdf-2-latex/files/ai/use-microtype/ai_final.tex:7494: Il
legal unit of measure (pt inserted).
<to be read again> 
                   \kern 
l.7494 \end{figure}
                   
Dimensions can be in units of em, ex, in, pt, pc,
cm, mm, dd, cc, bp, or sp; but yours is a new one!
I'll assume that you meant to say pt, for printer's points.
To recover gracefully from this error, it's best to
delete the erroneous units; e.g., type `2' to delete
two letters. (See Chapter 27 of The TeXbook.)

/Users/jrathi/Projects/pdf-2-latex/files/ai/use-microtype/ai_final.tex:7494: Un
defined control sequence.
\@addmarginpar ...arginparwidth \fi \box \@marbox 
                                                  \hss }\nointerlineskip \hb...
l.7494 \end{figure}
                   
The control sequence at the end of the top line
of your error message was never \def'ed. If you have
misspelled it (e.g., `\hobx'), type `I' and the correct
spelling (e.g., `I\hbox'). Otherwise just continue,
and I'll forget about whatever was undefined.

/Users/jrathi/Projects/pdf-2-latex/files/ai/use-microtype/ai_final.tex:7494: Mi
ssing number, treated as zero.
<to be read again> 
                   \hss 
l.7494 \end{figure}
                   
A number should have been here; I inserted `0'.
(If you can't figure out why I needed to see a number,
look up `weird error' in the index to The TeXbook.)



[210]

[211]

/Users/jrathi/Projects/pdf-2-latex/files/ai/use-microtype/ai_final.tex:7537: La
TeX Error: Too many unprocessed floats.

See the LaTeX manual or LaTeX Companion for explanation.
Type  H <return>  for immediate help.
 ...                                              
                                                  
l.7537 \begin{figure}[h]
                        
You've lost some text.  Try typing  <return>  to proceed.
If that doesn't work, type  X <return>  to quit.

/Users/jrathi/Projects/pdf-2-latex/files/ai/use-microtype/ai_final.tex:7537: Un
defined control sequence.
\@xfloat ...@fltovf \fi \global \setbox \@currbox 
                                                  \color@vbox \normalcolor \...
l.7537 \begin{figure}[h]
                        
The control sequence at the end of the top line
of your error message was never \def'ed. If you have
misspelled it (e.g., `\hobx'), type `I' and the correct
spelling (e.g., `I\hbox'). Otherwise just continue,
and I'll forget about whatever was undefined.

/Users/jrathi/Projects/pdf-2-latex/files/ai/use-microtype/ai_final.tex:7537: Mi
ssing number, treated as zero.
<to be read again> 
                   \vbox 
l.7537 \begin{figure}[h]
                        
A number should have been here; I inserted `0'.
(If you can't figure out why I needed to see a number,
look up `weird error' in the index to The TeXbook.)

File: ./images/2025_05_12_af19cd5e0d1b8a465ffeg-254.jpg Graphic file (type bmp)

<./images/2025_05_12_af19cd5e0d1b8a465ffeg-254.jpg>
/Users/jrathi/Projects/pdf-2-latex/files/ai/use-microtype/ai_final.tex:7541: Un
defined control sequence.
\@largefloatcheck ->\ifdim \ht \@currbox 
                                         >\textheight \@tempdima -\textheigh...
l.7541 \end{figure}
                   
The control sequence at the end of the top line
of your error message was never \def'ed. If you have
misspelled it (e.g., `\hobx'), type `I' and the correct
spelling (e.g., `I\hbox'). Otherwise just continue,
and I'll forget about whatever was undefined.

/Users/jrathi/Projects/pdf-2-latex/files/ai/use-microtype/ai_final.tex:7541: Mi
ssing number, treated as zero.
<to be read again> 
                   >
l.7541 \end{figure}
                   
A number should have been here; I inserted `0'.
(If you can't figure out why I needed to see a number,
look up `weird error' in the index to The TeXbook.)

/Users/jrathi/Projects/pdf-2-latex/files/ai/use-microtype/ai_final.tex:7541: Un
defined control sequence.
<argument> \@currbox 
                     
l.7541 \end{figure}
                   
The control sequence at the end of the top line
of your error message was never \def'ed. If you have
misspelled it (e.g., `\hobx'), type `I' and the correct
spelling (e.g., `I\hbox'). Otherwise just continue,
and I'll forget about whatever was undefined.

/Users/jrathi/Projects/pdf-2-latex/files/ai/use-microtype/ai_final.tex:7541: Ar
gument of \@xnext has an extra }.
<inserted text> 
                \par 
l.7541 \end{figure}
                   
I've run across a `}' that doesn't seem to match anything.
For example, `\def\a#1{...}' and `\a}' would produce
this error. If you simply proceed now, the `\par' that
I've just inserted will cause me to report a runaway
argument that might be the root of the problem. But if
your `}' was spurious, just type `2' and it will go away.

Runaway argument?
\@currbox \@currlist \ifnum \count \@currbox >\z@ \advance \@pageht \@pagedp \E
TC.
/Users/jrathi/Projects/pdf-2-latex/files/ai/use-microtype/ai_final.tex:7541: Pa
ragraph ended before \@xnext was complete.
<to be read again> 
                   \par 
l.7541 \end{figure}
                   
I suspect you've forgotten a `}', causing me to apply this
control sequence to too much text. How can we recover?
My plan is to forget the whole thing and hope for the best.

/Users/jrathi/Projects/pdf-2-latex/files/ai/use-microtype/ai_final.tex:7541: Ex
tra \else.
\end@float ...pdima \penalty \@floatpenalty \else 
                                                  \vadjust {\penalty -\@Miv ...
l.7541 \end{figure}
                   
I'm ignoring this; it doesn't match any \if.

/Users/jrathi/Projects/pdf-2-latex/files/ai/use-microtype/ai_final.tex:7541: Yo
u can't use `\vadjust' in vertical mode.
\end@float ...nalty \@floatpenalty \else \vadjust 
                                                  {\penalty -\@Miv \vbox {}\...
l.7541 \end{figure}
                   
Sorry, but I'm not programmed to handle this case;
I'll just pretend that you didn't ask for it.
If you're in the wrong mode, you might be able to
return to the right one by typing `I}' or `I$' or `I\par'.

/Users/jrathi/Projects/pdf-2-latex/files/ai/use-microtype/ai_final.tex:7541: Ar
gument of \@xnext has an extra }.
<inserted text> 
                \par 
l.7541 \end{figure}
                   
I've run across a `}' that doesn't seem to match anything.
For example, `\def\a#1{...}' and `\a}' would produce
this error. If you simply proceed now, the `\par' that
I've just inserted will cause me to report a runaway
argument that might be the root of the problem. But if
your `}' was spurious, just type `2' and it will go away.

Runaway argument?
\@currbox \@currlist \ifnum \count \@currbox >\z@ \advance \@pageht \@pagedp \E
TC.
/Users/jrathi/Projects/pdf-2-latex/files/ai/use-microtype/ai_final.tex:7541: Pa
ragraph ended before \@xnext was complete.
<to be read again> 
                   \par 
l.7541 \end{figure}
                   
I suspect you've forgotten a `}', causing me to apply this
control sequence to too much text. How can we recover?
My plan is to forget the whole thing and hope for the best.


/Users/jrathi/Projects/pdf-2-latex/files/ai/use-microtype/ai_final.tex:7574: La
TeX Error: Too many unprocessed floats.

See the LaTeX manual or LaTeX Companion for explanation.
Type  H <return>  for immediate help.
 ...                                              
                                                  
l.7574 \begin{figure}[h]
                        
You've lost some text.  Try typing  <return>  to proceed.
If that doesn't work, type  X <return>  to quit.

/Users/jrathi/Projects/pdf-2-latex/files/ai/use-microtype/ai_final.tex:7574: Un
defined control sequence.
\@xfloat ...@fltovf \fi \global \setbox \@currbox 
                                                  \color@vbox \normalcolor \...
l.7574 \begin{figure}[h]
                        
The control sequence at the end of the top line
of your error message was never \def'ed. If you have
misspelled it (e.g., `\hobx'), type `I' and the correct
spelling (e.g., `I\hbox'). Otherwise just continue,
and I'll forget about whatever was undefined.

/Users/jrathi/Projects/pdf-2-latex/files/ai/use-microtype/ai_final.tex:7574: Mi
ssing number, treated as zero.
<to be read again> 
                   \vbox 
l.7574 \begin{figure}[h]
                        
A number should have been here; I inserted `0'.
(If you can't figure out why I needed to see a number,
look up `weird error' in the index to The TeXbook.)

File: ./images/2025_05_12_af19cd5e0d1b8a465ffeg-256.jpg Graphic file (type bmp)

<./images/2025_05_12_af19cd5e0d1b8a465ffeg-256.jpg>
/Users/jrathi/Projects/pdf-2-latex/files/ai/use-microtype/ai_final.tex:7577: Un
defined control sequence.
\@largefloatcheck ->\ifdim \ht \@currbox 
                                         >\textheight \@tempdima -\textheigh...
l.7577 \end{figure}
                   
The control sequence at the end of the top line
of your error message was never \def'ed. If you have
misspelled it (e.g., `\hobx'), type `I' and the correct
spelling (e.g., `I\hbox'). Otherwise just continue,
and I'll forget about whatever was undefined.

/Users/jrathi/Projects/pdf-2-latex/files/ai/use-microtype/ai_final.tex:7577: Mi
ssing number, treated as zero.
<to be read again> 
                   >
l.7577 \end{figure}
                   
A number should have been here; I inserted `0'.
(If you can't figure out why I needed to see a number,
look up `weird error' in the index to The TeXbook.)

/Users/jrathi/Projects/pdf-2-latex/files/ai/use-microtype/ai_final.tex:7577: Un
defined control sequence.
<argument> \@currbox 
                     
l.7577 \end{figure}
                   
The control sequence at the end of the top line
of your error message was never \def'ed. If you have
misspelled it (e.g., `\hobx'), type `I' and the correct
spelling (e.g., `I\hbox'). Otherwise just continue,
and I'll forget about whatever was undefined.

/Users/jrathi/Projects/pdf-2-latex/files/ai/use-microtype/ai_final.tex:7577: Mi
ssing number, treated as zero.
<to be read again> 
                   \@elt 
l.7577 \end{figure}
                   
A number should have been here; I inserted `0'.
(If you can't figure out why I needed to see a number,
look up `weird error' in the index to The TeXbook.)

/Users/jrathi/Projects/pdf-2-latex/files/ai/use-microtype/ai_final.tex:7577: Mi
ssing = inserted for \ifnum.
<to be read again> 
                   \@elt 
l.7577 \end{figure}
                   
I was expecting to see `<', `=', or `>'. Didn't.

/Users/jrathi/Projects/pdf-2-latex/files/ai/use-microtype/ai_final.tex:7577: Mi
ssing number, treated as zero.
<to be read again> 
                   \@elt 
l.7577 \end{figure}
                   
A number should have been here; I inserted `0'.
(If you can't figure out why I needed to see a number,
look up `weird error' in the index to The TeXbook.)


/Users/jrathi/Projects/pdf-2-latex/files/ai/use-microtype/ai_final.tex:7577: La
TeX Error: This may be a LaTeX bug.

See the LaTeX manual or LaTeX Companion for explanation.
Type  H <return>  for immediate help.
 ...                                              
                                                  
l.7577 \end{figure}
                   
Call for help

/Users/jrathi/Projects/pdf-2-latex/files/ai/use-microtype/ai_final.tex:7577: Un
defined control sequence.
\@addmarginpar ...a <\z@ \global \setbox \@marbox 
                                                  \box \@currbox \fi \@tempd...
l.7577 \end{figure}
                   
The control sequence at the end of the top line
of your error message was never \def'ed. If you have
misspelled it (e.g., `\hobx'), type `I' and the correct
spelling (e.g., `I\hbox'). Otherwise just continue,
and I'll forget about whatever was undefined.

/Users/jrathi/Projects/pdf-2-latex/files/ai/use-microtype/ai_final.tex:7577: Mi
ssing number, treated as zero.
<to be read again> 
                   \box 
l.7577 \end{figure}
                   
A number should have been here; I inserted `0'.
(If you can't figure out why I needed to see a number,
look up `weird error' in the index to The TeXbook.)

/Users/jrathi/Projects/pdf-2-latex/files/ai/use-microtype/ai_final.tex:7577: Mi
ssing number, treated as zero.
<to be read again> 
                   \@elt 
l.7577 \end{figure}
                   
A number should have been here; I inserted `0'.
(If you can't figure out why I needed to see a number,
look up `weird error' in the index to The TeXbook.)

/Users/jrathi/Projects/pdf-2-latex/files/ai/use-microtype/ai_final.tex:7577: Un
defined control sequence.
\@addmarginpar ...advance \@tempdima \ht \@marbox 
                                                  \ifdim \@tempdima >\z@ \@l...
l.7577 \end{figure}
                   
The control sequence at the end of the top line
of your error message was never \def'ed. If you have
misspelled it (e.g., `\hobx'), type `I' and the correct
spelling (e.g., `I\hbox'). Otherwise just continue,
and I'll forget about whatever was undefined.

/Users/jrathi/Projects/pdf-2-latex/files/ai/use-microtype/ai_final.tex:7577: Ba
d register code (-42288461).
\@addmarginpar ...e \space moved}\else \@tempdima 
                                                  \z@ \fi \global \@mparbott...
l.7577 \end{figure}
                   
A register number must be between 0 and 32767.
I changed this one to zero.

/Users/jrathi/Projects/pdf-2-latex/files/ai/use-microtype/ai_final.tex:7577: Mi
ssing number, treated as zero.
<to be read again> 
                   \global 
l.7577 \end{figure}
                   
A number should have been here; I inserted `0'.
(If you can't figure out why I needed to see a number,
look up `weird error' in the index to The TeXbook.)

/Users/jrathi/Projects/pdf-2-latex/files/ai/use-microtype/ai_final.tex:7577: Il
legal unit of measure (pt inserted).
<to be read again> 
                   \global 
l.7577 \end{figure}
                   
Dimensions can be in units of em, ex, in, pt, pc,
cm, mm, dd, cc, bp, or sp; but yours is a new one!
I'll assume that you meant to say pt, for printer's points.
To recover gracefully from this error, it's best to
delete the erroneous units; e.g., type `2' to delete
two letters. (See Chapter 27 of The TeXbook.)

/Users/jrathi/Projects/pdf-2-latex/files/ai/use-microtype/ai_final.tex:7577: Un
defined control sequence.
\@addmarginpar ...vance \@mparbottom \dp \@marbox 
                                                  \global \advance \@mparbot...
l.7577 \end{figure}
                   
The control sequence at the end of the top line
of your error message was never \def'ed. If you have
misspelled it (e.g., `\hobx'), type `I' and the correct
spelling (e.g., `I\hbox'). Otherwise just continue,
and I'll forget about whatever was undefined.

/Users/jrathi/Projects/pdf-2-latex/files/ai/use-microtype/ai_final.tex:7577: Mi
ssing number, treated as zero.
<to be read again> 
                   \global 
l.7577 \end{figure}
                   
A number should have been here; I inserted `0'.
(If you can't figure out why I needed to see a number,
look up `weird error' in the index to The TeXbook.)

/Users/jrathi/Projects/pdf-2-latex/files/ai/use-microtype/ai_final.tex:7577: Un
defined control sequence.
\@addmarginpar ...dvance \@tempdima -\ht \@marbox 
                                                  \global \setbox \@marbox \...
l.7577 \end{figure}
                   
The control sequence at the end of the top line
of your error message was never \def'ed. If you have
misspelled it (e.g., `\hobx'), type `I' and the correct
spelling (e.g., `I\hbox'). Otherwise just continue,
and I'll forget about whatever was undefined.

/Users/jrathi/Projects/pdf-2-latex/files/ai/use-microtype/ai_final.tex:7577: Mi
ssing number, treated as zero.
<to be read again> 
                   \global 
l.7577 \end{figure}
                   
A number should have been here; I inserted `0'.
(If you can't figure out why I needed to see a number,
look up `weird error' in the index to The TeXbook.)

/Users/jrathi/Projects/pdf-2-latex/files/ai/use-microtype/ai_final.tex:7577: Un
defined control sequence.
\@addmarginpar ...marbox \global \setbox \@marbox 
                                                  \vbox {\vskip \@tempdima \...
l.7577 \end{figure}
                   
The control sequence at the end of the top line
of your error message was never \def'ed. If you have
misspelled it (e.g., `\hobx'), type `I' and the correct
spelling (e.g., `I\hbox'). Otherwise just continue,
and I'll forget about whatever was undefined.

/Users/jrathi/Projects/pdf-2-latex/files/ai/use-microtype/ai_final.tex:7577: Mi
ssing number, treated as zero.
<to be read again> 
                   \vbox 
l.7577 \end{figure}
                   
A number should have been here; I inserted `0'.
(If you can't figure out why I needed to see a number,
look up `weird error' in the index to The TeXbook.)

/Users/jrathi/Projects/pdf-2-latex/files/ai/use-microtype/ai_final.tex:7577: Un
defined control sequence.
\@addmarginpar ...\vskip \@tempdima \box \@marbox 
                                                  }\global \ht \@marbox \z@ ...
l.7577 \end{figure}
                   
The control sequence at the end of the top line
of your error message was never \def'ed. If you have
misspelled it (e.g., `\hobx'), type `I' and the correct
spelling (e.g., `I\hbox'). Otherwise just continue,
and I'll forget about whatever was undefined.

/Users/jrathi/Projects/pdf-2-latex/files/ai/use-microtype/ai_final.tex:7577: Mi
ssing number, treated as zero.
<to be read again> 
                   }
l.7577 \end{figure}
                   
A number should have been here; I inserted `0'.
(If you can't figure out why I needed to see a number,
look up `weird error' in the index to The TeXbook.)

/Users/jrathi/Projects/pdf-2-latex/files/ai/use-microtype/ai_final.tex:7577: Un
defined control sequence.
\@addmarginpar ... \@marbox }\global \ht \@marbox 
                                                  \z@ \global \dp \@marbox \...
l.7577 \end{figure}
                   
The control sequence at the end of the top line
of your error message was never \def'ed. If you have
misspelled it (e.g., `\hobx'), type `I' and the correct
spelling (e.g., `I\hbox'). Otherwise just continue,
and I'll forget about whatever was undefined.

/Users/jrathi/Projects/pdf-2-latex/files/ai/use-microtype/ai_final.tex:7577: Mi
ssing number, treated as zero.
<to be read again> 
                   \global 
l.7577 \end{figure}
                   
A number should have been here; I inserted `0'.
(If you can't figure out why I needed to see a number,
look up `weird error' in the index to The TeXbook.)

/Users/jrathi/Projects/pdf-2-latex/files/ai/use-microtype/ai_final.tex:7577: Il
legal unit of measure (pt inserted).
<to be read again> 
                   \global 
l.7577 \end{figure}
                   
Dimensions can be in units of em, ex, in, pt, pc,
cm, mm, dd, cc, bp, or sp; but yours is a new one!
I'll assume that you meant to say pt, for printer's points.
To recover gracefully from this error, it's best to
delete the erroneous units; e.g., type `2' to delete
two letters. (See Chapter 27 of The TeXbook.)

/Users/jrathi/Projects/pdf-2-latex/files/ai/use-microtype/ai_final.tex:7577: Un
defined control sequence.
\@addmarginpar ...marbox \z@ \global \dp \@marbox 
                                                  \z@ \kern -\@pagedp \noint...
l.7577 \end{figure}
                   
The control sequence at the end of the top line
of your error message was never \def'ed. If you have
misspelled it (e.g., `\hobx'), type `I' and the correct
spelling (e.g., `I\hbox'). Otherwise just continue,
and I'll forget about whatever was undefined.

/Users/jrathi/Projects/pdf-2-latex/files/ai/use-microtype/ai_final.tex:7577: Mi
ssing number, treated as zero.
<to be read again> 
                   \kern 
l.7577 \end{figure}
                   
A number should have been here; I inserted `0'.
(If you can't figure out why I needed to see a number,
look up `weird error' in the index to The TeXbook.)

/Users/jrathi/Projects/pdf-2-latex/files/ai/use-microtype/ai_final.tex:7577: Il
legal unit of measure (pt inserted).
<to be read again> 
                   \kern 
l.7577 \end{figure}
                   
Dimensions can be in units of em, ex, in, pt, pc,
cm, mm, dd, cc, bp, or sp; but yours is a new one!
I'll assume that you meant to say pt, for printer's points.
To recover gracefully from this error, it's best to
delete the erroneous units; e.g., type `2' to delete
two letters. (See Chapter 27 of The TeXbook.)

/Users/jrathi/Projects/pdf-2-latex/files/ai/use-microtype/ai_final.tex:7577: Un
defined control sequence.
\@addmarginpar ...arginparwidth \fi \box \@marbox 
                                                  \hss }\nointerlineskip \hb...
l.7577 \end{figure}
                   
The control sequence at the end of the top line
of your error message was never \def'ed. If you have
misspelled it (e.g., `\hobx'), type `I' and the correct
spelling (e.g., `I\hbox'). Otherwise just continue,
and I'll forget about whatever was undefined.

/Users/jrathi/Projects/pdf-2-latex/files/ai/use-microtype/ai_final.tex:7577: Mi
ssing number, treated as zero.
<to be read again> 
                   \hss 
l.7577 \end{figure}
                   
A number should have been here; I inserted `0'.
(If you can't figure out why I needed to see a number,
look up `weird error' in the index to The TeXbook.)



[212]

/Users/jrathi/Projects/pdf-2-latex/files/ai/use-microtype/ai_final.tex:7581: La
TeX Error: Too many unprocessed floats.

See the LaTeX manual or LaTeX Companion for explanation.
Type  H <return>  for immediate help.
 ...                                              
                                                  
l.7581 \begin{figure}[h]
                        
You've lost some text.  Try typing  <return>  to proceed.
If that doesn't work, type  X <return>  to quit.

/Users/jrathi/Projects/pdf-2-latex/files/ai/use-microtype/ai_final.tex:7581: Un
defined control sequence.
\@xfloat ...@fltovf \fi \global \setbox \@currbox 
                                                  \color@vbox \normalcolor \...
l.7581 \begin{figure}[h]
                        
The control sequence at the end of the top line
of your error message was never \def'ed. If you have
misspelled it (e.g., `\hobx'), type `I' and the correct
spelling (e.g., `I\hbox'). Otherwise just continue,
and I'll forget about whatever was undefined.

/Users/jrathi/Projects/pdf-2-latex/files/ai/use-microtype/ai_final.tex:7581: Mi
ssing number, treated as zero.
<to be read again> 
                   \vbox 
l.7581 \begin{figure}[h]
                        
A number should have been here; I inserted `0'.
(If you can't figure out why I needed to see a number,
look up `weird error' in the index to The TeXbook.)

File: ./images/2025_05_12_af19cd5e0d1b8a465ffeg-256(1).jpg Graphic file (type b
mp)
<./images/2025_05_12_af19cd5e0d1b8a465ffeg-256(1).jpg>

Underfull \hbox (badness 10000) in paragraph at lines 7584--7584

 []

/Users/jrathi/Projects/pdf-2-latex/files/ai/use-microtype/ai_final.tex:7585: Un
defined control sequence.
\@largefloatcheck ->\ifdim \ht \@currbox 
                                         >\textheight \@tempdima -\textheigh...
l.7585 \end{figure}
                   
The control sequence at the end of the top line
of your error message was never \def'ed. If you have
misspelled it (e.g., `\hobx'), type `I' and the correct
spelling (e.g., `I\hbox'). Otherwise just continue,
and I'll forget about whatever was undefined.

/Users/jrathi/Projects/pdf-2-latex/files/ai/use-microtype/ai_final.tex:7585: Mi
ssing number, treated as zero.
<to be read again> 
                   >
l.7585 \end{figure}
                   
A number should have been here; I inserted `0'.
(If you can't figure out why I needed to see a number,
look up `weird error' in the index to The TeXbook.)

/Users/jrathi/Projects/pdf-2-latex/files/ai/use-microtype/ai_final.tex:7585: Un
defined control sequence.
<argument> \@currbox 
                     
l.7585 \end{figure}
                   
The control sequence at the end of the top line
of your error message was never \def'ed. If you have
misspelled it (e.g., `\hobx'), type `I' and the correct
spelling (e.g., `I\hbox'). Otherwise just continue,
and I'll forget about whatever was undefined.

/Users/jrathi/Projects/pdf-2-latex/files/ai/use-microtype/ai_final.tex:7585: Ar
gument of \@xnext has an extra }.
<inserted text> 
                \par 
l.7585 \end{figure}
                   
I've run across a `}' that doesn't seem to match anything.
For example, `\def\a#1{...}' and `\a}' would produce
this error. If you simply proceed now, the `\par' that
I've just inserted will cause me to report a runaway
argument that might be the root of the problem. But if
your `}' was spurious, just type `2' and it will go away.

Runaway argument?
\@currbox \@currlist \ifnum \count \@currbox >\z@ \advance \@pageht \@pagedp \E
TC.
/Users/jrathi/Projects/pdf-2-latex/files/ai/use-microtype/ai_final.tex:7585: Pa
ragraph ended before \@xnext was complete.
<to be read again> 
                   \par 
l.7585 \end{figure}
                   
I suspect you've forgotten a `}', causing me to apply this
control sequence to too much text. How can we recover?
My plan is to forget the whole thing and hope for the best.

/Users/jrathi/Projects/pdf-2-latex/files/ai/use-microtype/ai_final.tex:7585: Ex
tra \else.
\end@float ...pdima \penalty \@floatpenalty \else 
                                                  \vadjust {\penalty -\@Miv ...
l.7585 \end{figure}
                   
I'm ignoring this; it doesn't match any \if.

/Users/jrathi/Projects/pdf-2-latex/files/ai/use-microtype/ai_final.tex:7585: Yo
u can't use `\vadjust' in vertical mode.
\end@float ...nalty \@floatpenalty \else \vadjust 
                                                  {\penalty -\@Miv \vbox {}\...
l.7585 \end{figure}
                   
Sorry, but I'm not programmed to handle this case;
I'll just pretend that you didn't ask for it.
If you're in the wrong mode, you might be able to
return to the right one by typing `I}' or `I$' or `I\par'.

/Users/jrathi/Projects/pdf-2-latex/files/ai/use-microtype/ai_final.tex:7585: Ar
gument of \@xnext has an extra }.
<inserted text> 
                \par 
l.7585 \end{figure}
                   
I've run across a `}' that doesn't seem to match anything.
For example, `\def\a#1{...}' and `\a}' would produce
this error. If you simply proceed now, the `\par' that
I've just inserted will cause me to report a runaway
argument that might be the root of the problem. But if
your `}' was spurious, just type `2' and it will go away.

Runaway argument?
\@currbox \@currlist \ifnum \count \@currbox >\z@ \advance \@pageht \@pagedp \E
TC.
/Users/jrathi/Projects/pdf-2-latex/files/ai/use-microtype/ai_final.tex:7585: Pa
ragraph ended before \@xnext was complete.
<to be read again> 
                   \par 
l.7585 \end{figure}
                   
I suspect you've forgotten a `}', causing me to apply this
control sequence to too much text. How can we recover?
My plan is to forget the whole thing and hope for the best.


/Users/jrathi/Projects/pdf-2-latex/files/ai/use-microtype/ai_final.tex:7592: La
TeX Error: Too many unprocessed floats.

See the LaTeX manual or LaTeX Companion for explanation.
Type  H <return>  for immediate help.
 ...                                              
                                                  
l.7592 \begin{figure}[h]
                        
You've lost some text.  Try typing  <return>  to proceed.
If that doesn't work, type  X <return>  to quit.

/Users/jrathi/Projects/pdf-2-latex/files/ai/use-microtype/ai_final.tex:7592: Un
defined control sequence.
\@xfloat ...@fltovf \fi \global \setbox \@currbox 
                                                  \color@vbox \normalcolor \...
l.7592 \begin{figure}[h]
                        
The control sequence at the end of the top line
of your error message was never \def'ed. If you have
misspelled it (e.g., `\hobx'), type `I' and the correct
spelling (e.g., `I\hbox'). Otherwise just continue,
and I'll forget about whatever was undefined.

/Users/jrathi/Projects/pdf-2-latex/files/ai/use-microtype/ai_final.tex:7592: Mi
ssing number, treated as zero.
<to be read again> 
                   \vbox 
l.7592 \begin{figure}[h]
                        
A number should have been here; I inserted `0'.
(If you can't figure out why I needed to see a number,
look up `weird error' in the index to The TeXbook.)

File: ./images/2025_05_12_af19cd5e0d1b8a465ffeg-257(1).jpg Graphic file (type b
mp)
<./images/2025_05_12_af19cd5e0d1b8a465ffeg-257(1).jpg>
/Users/jrathi/Projects/pdf-2-latex/files/ai/use-microtype/ai_final.tex:7595: Un
defined control sequence.
\@largefloatcheck ->\ifdim \ht \@currbox 
                                         >\textheight \@tempdima -\textheigh...
l.7595 \end{figure}
                   
The control sequence at the end of the top line
of your error message was never \def'ed. If you have
misspelled it (e.g., `\hobx'), type `I' and the correct
spelling (e.g., `I\hbox'). Otherwise just continue,
and I'll forget about whatever was undefined.

/Users/jrathi/Projects/pdf-2-latex/files/ai/use-microtype/ai_final.tex:7595: Mi
ssing number, treated as zero.
<to be read again> 
                   >
l.7595 \end{figure}
                   
A number should have been here; I inserted `0'.
(If you can't figure out why I needed to see a number,
look up `weird error' in the index to The TeXbook.)

/Users/jrathi/Projects/pdf-2-latex/files/ai/use-microtype/ai_final.tex:7595: Un
defined control sequence.
<argument> \@currbox 
                     
l.7595 \end{figure}
                   
The control sequence at the end of the top line
of your error message was never \def'ed. If you have
misspelled it (e.g., `\hobx'), type `I' and the correct
spelling (e.g., `I\hbox'). Otherwise just continue,
and I'll forget about whatever was undefined.

/Users/jrathi/Projects/pdf-2-latex/files/ai/use-microtype/ai_final.tex:7595: Mi
ssing number, treated as zero.
<to be read again> 
                   \@elt 
l.7595 \end{figure}
                   
A number should have been here; I inserted `0'.
(If you can't figure out why I needed to see a number,
look up `weird error' in the index to The TeXbook.)

/Users/jrathi/Projects/pdf-2-latex/files/ai/use-microtype/ai_final.tex:7595: Mi
ssing = inserted for \ifnum.
<to be read again> 
                   \@elt 
l.7595 \end{figure}
                   
I was expecting to see `<', `=', or `>'. Didn't.

/Users/jrathi/Projects/pdf-2-latex/files/ai/use-microtype/ai_final.tex:7595: Mi
ssing number, treated as zero.
<to be read again> 
                   \@elt 
l.7595 \end{figure}
                   
A number should have been here; I inserted `0'.
(If you can't figure out why I needed to see a number,
look up `weird error' in the index to The TeXbook.)


/Users/jrathi/Projects/pdf-2-latex/files/ai/use-microtype/ai_final.tex:7595: La
TeX Error: This may be a LaTeX bug.

See the LaTeX manual or LaTeX Companion for explanation.
Type  H <return>  for immediate help.
 ...                                              
                                                  
l.7595 \end{figure}
                   
Call for help

/Users/jrathi/Projects/pdf-2-latex/files/ai/use-microtype/ai_final.tex:7595: Un
defined control sequence.
\@addmarginpar ...advance \@tempdima \ht \@marbox 
                                                  \ifdim \@tempdima >\z@ \@l...
l.7595 \end{figure}
                   
The control sequence at the end of the top line
of your error message was never \def'ed. If you have
misspelled it (e.g., `\hobx'), type `I' and the correct
spelling (e.g., `I\hbox'). Otherwise just continue,
and I'll forget about whatever was undefined.

/Users/jrathi/Projects/pdf-2-latex/files/ai/use-microtype/ai_final.tex:7595: Ba
d register code (-14365790).
\@addmarginpar ...e \space moved}\else \@tempdima 
                                                  \z@ \fi \global \@mparbott...
l.7595 \end{figure}
                   
A register number must be between 0 and 32767.
I changed this one to zero.

/Users/jrathi/Projects/pdf-2-latex/files/ai/use-microtype/ai_final.tex:7595: Mi
ssing number, treated as zero.
<to be read again> 
                   \global 
l.7595 \end{figure}
                   
A number should have been here; I inserted `0'.
(If you can't figure out why I needed to see a number,
look up `weird error' in the index to The TeXbook.)

/Users/jrathi/Projects/pdf-2-latex/files/ai/use-microtype/ai_final.tex:7595: Il
legal unit of measure (pt inserted).
<to be read again> 
                   \global 
l.7595 \end{figure}
                   
Dimensions can be in units of em, ex, in, pt, pc,
cm, mm, dd, cc, bp, or sp; but yours is a new one!
I'll assume that you meant to say pt, for printer's points.
To recover gracefully from this error, it's best to
delete the erroneous units; e.g., type `2' to delete
two letters. (See Chapter 27 of The TeXbook.)

/Users/jrathi/Projects/pdf-2-latex/files/ai/use-microtype/ai_final.tex:7595: Un
defined control sequence.
\@addmarginpar ...vance \@mparbottom \dp \@marbox 
                                                  \global \advance \@mparbot...
l.7595 \end{figure}
                   
The control sequence at the end of the top line
of your error message was never \def'ed. If you have
misspelled it (e.g., `\hobx'), type `I' and the correct
spelling (e.g., `I\hbox'). Otherwise just continue,
and I'll forget about whatever was undefined.

/Users/jrathi/Projects/pdf-2-latex/files/ai/use-microtype/ai_final.tex:7595: Mi
ssing number, treated as zero.
<to be read again> 
                   \global 
l.7595 \end{figure}
                   
A number should have been here; I inserted `0'.
(If you can't figure out why I needed to see a number,
look up `weird error' in the index to The TeXbook.)

/Users/jrathi/Projects/pdf-2-latex/files/ai/use-microtype/ai_final.tex:7595: Un
defined control sequence.
\@addmarginpar ...dvance \@tempdima -\ht \@marbox 
                                                  \global \setbox \@marbox \...
l.7595 \end{figure}
                   
The control sequence at the end of the top line
of your error message was never \def'ed. If you have
misspelled it (e.g., `\hobx'), type `I' and the correct
spelling (e.g., `I\hbox'). Otherwise just continue,
and I'll forget about whatever was undefined.

/Users/jrathi/Projects/pdf-2-latex/files/ai/use-microtype/ai_final.tex:7595: Mi
ssing number, treated as zero.
<to be read again> 
                   \global 
l.7595 \end{figure}
                   
A number should have been here; I inserted `0'.
(If you can't figure out why I needed to see a number,
look up `weird error' in the index to The TeXbook.)

/Users/jrathi/Projects/pdf-2-latex/files/ai/use-microtype/ai_final.tex:7595: Un
defined control sequence.
\@addmarginpar ...marbox \global \setbox \@marbox 
                                                  \vbox {\vskip \@tempdima \...
l.7595 \end{figure}
                   
The control sequence at the end of the top line
of your error message was never \def'ed. If you have
misspelled it (e.g., `\hobx'), type `I' and the correct
spelling (e.g., `I\hbox'). Otherwise just continue,
and I'll forget about whatever was undefined.

/Users/jrathi/Projects/pdf-2-latex/files/ai/use-microtype/ai_final.tex:7595: Mi
ssing number, treated as zero.
<to be read again> 
                   \vbox 
l.7595 \end{figure}
                   
A number should have been here; I inserted `0'.
(If you can't figure out why I needed to see a number,
look up `weird error' in the index to The TeXbook.)

/Users/jrathi/Projects/pdf-2-latex/files/ai/use-microtype/ai_final.tex:7595: Un
defined control sequence.
\@addmarginpar ...\vskip \@tempdima \box \@marbox 
                                                  }\global \ht \@marbox \z@ ...
l.7595 \end{figure}
                   
The control sequence at the end of the top line
of your error message was never \def'ed. If you have
misspelled it (e.g., `\hobx'), type `I' and the correct
spelling (e.g., `I\hbox'). Otherwise just continue,
and I'll forget about whatever was undefined.

/Users/jrathi/Projects/pdf-2-latex/files/ai/use-microtype/ai_final.tex:7595: Mi
ssing number, treated as zero.
<to be read again> 
                   }
l.7595 \end{figure}
                   
A number should have been here; I inserted `0'.
(If you can't figure out why I needed to see a number,
look up `weird error' in the index to The TeXbook.)

/Users/jrathi/Projects/pdf-2-latex/files/ai/use-microtype/ai_final.tex:7595: Un
defined control sequence.
\@addmarginpar ... \@marbox }\global \ht \@marbox 
                                                  \z@ \global \dp \@marbox \...
l.7595 \end{figure}
                   
The control sequence at the end of the top line
of your error message was never \def'ed. If you have
misspelled it (e.g., `\hobx'), type `I' and the correct
spelling (e.g., `I\hbox'). Otherwise just continue,
and I'll forget about whatever was undefined.

/Users/jrathi/Projects/pdf-2-latex/files/ai/use-microtype/ai_final.tex:7595: Mi
ssing number, treated as zero.
<to be read again> 
                   \global 
l.7595 \end{figure}
                   
A number should have been here; I inserted `0'.
(If you can't figure out why I needed to see a number,
look up `weird error' in the index to The TeXbook.)

/Users/jrathi/Projects/pdf-2-latex/files/ai/use-microtype/ai_final.tex:7595: Il
legal unit of measure (pt inserted).
<to be read again> 
                   \global 
l.7595 \end{figure}
                   
Dimensions can be in units of em, ex, in, pt, pc,
cm, mm, dd, cc, bp, or sp; but yours is a new one!
I'll assume that you meant to say pt, for printer's points.
To recover gracefully from this error, it's best to
delete the erroneous units; e.g., type `2' to delete
two letters. (See Chapter 27 of The TeXbook.)

/Users/jrathi/Projects/pdf-2-latex/files/ai/use-microtype/ai_final.tex:7595: Un
defined control sequence.
\@addmarginpar ...marbox \z@ \global \dp \@marbox 
                                                  \z@ \kern -\@pagedp \noint...
l.7595 \end{figure}
                   
The control sequence at the end of the top line
of your error message was never \def'ed. If you have
misspelled it (e.g., `\hobx'), type `I' and the correct
spelling (e.g., `I\hbox'). Otherwise just continue,
and I'll forget about whatever was undefined.

/Users/jrathi/Projects/pdf-2-latex/files/ai/use-microtype/ai_final.tex:7595: Mi
ssing number, treated as zero.
<to be read again> 
                   \kern 
l.7595 \end{figure}
                   
A number should have been here; I inserted `0'.
(If you can't figure out why I needed to see a number,
look up `weird error' in the index to The TeXbook.)

/Users/jrathi/Projects/pdf-2-latex/files/ai/use-microtype/ai_final.tex:7595: Il
legal unit of measure (pt inserted).
<to be read again> 
                   \kern 
l.7595 \end{figure}
                   
Dimensions can be in units of em, ex, in, pt, pc,
cm, mm, dd, cc, bp, or sp; but yours is a new one!
I'll assume that you meant to say pt, for printer's points.
To recover gracefully from this error, it's best to
delete the erroneous units; e.g., type `2' to delete
two letters. (See Chapter 27 of The TeXbook.)

/Users/jrathi/Projects/pdf-2-latex/files/ai/use-microtype/ai_final.tex:7595: Un
defined control sequence.
\@addmarginpar ...arginparwidth \fi \box \@marbox 
                                                  \hss }\nointerlineskip \hb...
l.7595 \end{figure}
                   
The control sequence at the end of the top line
of your error message was never \def'ed. If you have
misspelled it (e.g., `\hobx'), type `I' and the correct
spelling (e.g., `I\hbox'). Otherwise just continue,
and I'll forget about whatever was undefined.

/Users/jrathi/Projects/pdf-2-latex/files/ai/use-microtype/ai_final.tex:7595: Mi
ssing number, treated as zero.
<to be read again> 
                   \hss 
l.7595 \end{figure}
                   
A number should have been here; I inserted `0'.
(If you can't figure out why I needed to see a number,
look up `weird error' in the index to The TeXbook.)


/Users/jrathi/Projects/pdf-2-latex/files/ai/use-microtype/ai_final.tex:7597: La
TeX Error: Too many unprocessed floats.

See the LaTeX manual or LaTeX Companion for explanation.
Type  H <return>  for immediate help.
 ...                                              
                                                  
l.7597 \begin{figure}[h]
                        
You've lost some text.  Try typing  <return>  to proceed.
If that doesn't work, type  X <return>  to quit.

/Users/jrathi/Projects/pdf-2-latex/files/ai/use-microtype/ai_final.tex:7597: Un
defined control sequence.
\@xfloat ...@fltovf \fi \global \setbox \@currbox 
                                                  \color@vbox \normalcolor \...
l.7597 \begin{figure}[h]
                        
The control sequence at the end of the top line
of your error message was never \def'ed. If you have
misspelled it (e.g., `\hobx'), type `I' and the correct
spelling (e.g., `I\hbox'). Otherwise just continue,
and I'll forget about whatever was undefined.

/Users/jrathi/Projects/pdf-2-latex/files/ai/use-microtype/ai_final.tex:7597: Mi
ssing number, treated as zero.
<to be read again> 
                   \vbox 
l.7597 \begin{figure}[h]
                        
A number should have been here; I inserted `0'.
(If you can't figure out why I needed to see a number,
look up `weird error' in the index to The TeXbook.)

File: ./images/2025_05_12_af19cd5e0d1b8a465ffeg-257(2).jpg Graphic file (type b
mp)
<./images/2025_05_12_af19cd5e0d1b8a465ffeg-257(2).jpg>

Underfull \hbox (badness 10000) in paragraph at lines 7600--7600

 []

/Users/jrathi/Projects/pdf-2-latex/files/ai/use-microtype/ai_final.tex:7601: Un
defined control sequence.
\@largefloatcheck ->\ifdim \ht \@currbox 
                                         >\textheight \@tempdima -\textheigh...
l.7601 \end{figure}
                   
The control sequence at the end of the top line
of your error message was never \def'ed. If you have
misspelled it (e.g., `\hobx'), type `I' and the correct
spelling (e.g., `I\hbox'). Otherwise just continue,
and I'll forget about whatever was undefined.

/Users/jrathi/Projects/pdf-2-latex/files/ai/use-microtype/ai_final.tex:7601: Mi
ssing number, treated as zero.
<to be read again> 
                   >
l.7601 \end{figure}
                   
A number should have been here; I inserted `0'.
(If you can't figure out why I needed to see a number,
look up `weird error' in the index to The TeXbook.)

/Users/jrathi/Projects/pdf-2-latex/files/ai/use-microtype/ai_final.tex:7601: Un
defined control sequence.
<argument> \@currbox 
                     
l.7601 \end{figure}
                   
The control sequence at the end of the top line
of your error message was never \def'ed. If you have
misspelled it (e.g., `\hobx'), type `I' and the correct
spelling (e.g., `I\hbox'). Otherwise just continue,
and I'll forget about whatever was undefined.

/Users/jrathi/Projects/pdf-2-latex/files/ai/use-microtype/ai_final.tex:7601: Ar
gument of \@xnext has an extra }.
<inserted text> 
                \par 
l.7601 \end{figure}
                   
I've run across a `}' that doesn't seem to match anything.
For example, `\def\a#1{...}' and `\a}' would produce
this error. If you simply proceed now, the `\par' that
I've just inserted will cause me to report a runaway
argument that might be the root of the problem. But if
your `}' was spurious, just type `2' and it will go away.

Runaway argument?
\@currbox \@currlist \ifnum \count \@currbox >\z@ \advance \@pageht \@pagedp \E
TC.
/Users/jrathi/Projects/pdf-2-latex/files/ai/use-microtype/ai_final.tex:7601: Pa
ragraph ended before \@xnext was complete.
<to be read again> 
                   \par 
l.7601 \end{figure}
                   
I suspect you've forgotten a `}', causing me to apply this
control sequence to too much text. How can we recover?
My plan is to forget the whole thing and hope for the best.

/Users/jrathi/Projects/pdf-2-latex/files/ai/use-microtype/ai_final.tex:7601: Ex
tra \else.
\end@float ...pdima \penalty \@floatpenalty \else 
                                                  \vadjust {\penalty -\@Miv ...
l.7601 \end{figure}
                   
I'm ignoring this; it doesn't match any \if.

/Users/jrathi/Projects/pdf-2-latex/files/ai/use-microtype/ai_final.tex:7601: Yo
u can't use `\vadjust' in vertical mode.
\end@float ...nalty \@floatpenalty \else \vadjust 
                                                  {\penalty -\@Miv \vbox {}\...
l.7601 \end{figure}
                   
Sorry, but I'm not programmed to handle this case;
I'll just pretend that you didn't ask for it.
If you're in the wrong mode, you might be able to
return to the right one by typing `I}' or `I$' or `I\par'.

/Users/jrathi/Projects/pdf-2-latex/files/ai/use-microtype/ai_final.tex:7601: Ar
gument of \@xnext has an extra }.
<inserted text> 
                \par 
l.7601 \end{figure}
                   
I've run across a `}' that doesn't seem to match anything.
For example, `\def\a#1{...}' and `\a}' would produce
this error. If you simply proceed now, the `\par' that
I've just inserted will cause me to report a runaway
argument that might be the root of the problem. But if
your `}' was spurious, just type `2' and it will go away.

Runaway argument?
\@currbox \@currlist \ifnum \count \@currbox >\z@ \advance \@pageht \@pagedp \E
TC.
/Users/jrathi/Projects/pdf-2-latex/files/ai/use-microtype/ai_final.tex:7601: Pa
ragraph ended before \@xnext was complete.
<to be read again> 
                   \par 
l.7601 \end{figure}
                   
I suspect you've forgotten a `}', causing me to apply this
control sequence to too much text. How can we recover?
My plan is to forget the whole thing and hope for the best.


/Users/jrathi/Projects/pdf-2-latex/files/ai/use-microtype/ai_final.tex:7602: La
TeX Error: Too many unprocessed floats.

See the LaTeX manual or LaTeX Companion for explanation.
Type  H <return>  for immediate help.
 ...                                              
                                                  
l.7602 \begin{figure}[h]
                        
You've lost some text.  Try typing  <return>  to proceed.
If that doesn't work, type  X <return>  to quit.

/Users/jrathi/Projects/pdf-2-latex/files/ai/use-microtype/ai_final.tex:7602: Un
defined control sequence.
\@xfloat ...@fltovf \fi \global \setbox \@currbox 
                                                  \color@vbox \normalcolor \...
l.7602 \begin{figure}[h]
                        
The control sequence at the end of the top line
of your error message was never \def'ed. If you have
misspelled it (e.g., `\hobx'), type `I' and the correct
spelling (e.g., `I\hbox'). Otherwise just continue,
and I'll forget about whatever was undefined.

/Users/jrathi/Projects/pdf-2-latex/files/ai/use-microtype/ai_final.tex:7602: Mi
ssing number, treated as zero.
<to be read again> 
                   \vbox 
l.7602 \begin{figure}[h]
                        
A number should have been here; I inserted `0'.
(If you can't figure out why I needed to see a number,
look up `weird error' in the index to The TeXbook.)

File: ./images/2025_05_12_af19cd5e0d1b8a465ffeg-257.jpg Graphic file (type bmp)

<./images/2025_05_12_af19cd5e0d1b8a465ffeg-257.jpg>

Underfull \hbox (badness 10000) in paragraph at lines 7605--7605

 []

/Users/jrathi/Projects/pdf-2-latex/files/ai/use-microtype/ai_final.tex:7606: Un
defined control sequence.
\@largefloatcheck ->\ifdim \ht \@currbox 
                                         >\textheight \@tempdima -\textheigh...
l.7606 \end{figure}
                   
The control sequence at the end of the top line
of your error message was never \def'ed. If you have
misspelled it (e.g., `\hobx'), type `I' and the correct
spelling (e.g., `I\hbox'). Otherwise just continue,
and I'll forget about whatever was undefined.

/Users/jrathi/Projects/pdf-2-latex/files/ai/use-microtype/ai_final.tex:7606: Mi
ssing number, treated as zero.
<to be read again> 
                   >
l.7606 \end{figure}
                   
A number should have been here; I inserted `0'.
(If you can't figure out why I needed to see a number,
look up `weird error' in the index to The TeXbook.)

/Users/jrathi/Projects/pdf-2-latex/files/ai/use-microtype/ai_final.tex:7606: Un
defined control sequence.
<argument> \@currbox 
                     
l.7606 \end{figure}
                   
The control sequence at the end of the top line
of your error message was never \def'ed. If you have
misspelled it (e.g., `\hobx'), type `I' and the correct
spelling (e.g., `I\hbox'). Otherwise just continue,
and I'll forget about whatever was undefined.

/Users/jrathi/Projects/pdf-2-latex/files/ai/use-microtype/ai_final.tex:7606: Mi
ssing number, treated as zero.
<to be read again> 
                   \@elt 
l.7606 \end{figure}
                   
A number should have been here; I inserted `0'.
(If you can't figure out why I needed to see a number,
look up `weird error' in the index to The TeXbook.)

/Users/jrathi/Projects/pdf-2-latex/files/ai/use-microtype/ai_final.tex:7606: Mi
ssing = inserted for \ifnum.
<to be read again> 
                   \@elt 
l.7606 \end{figure}
                   
I was expecting to see `<', `=', or `>'. Didn't.

/Users/jrathi/Projects/pdf-2-latex/files/ai/use-microtype/ai_final.tex:7606: Mi
ssing number, treated as zero.
<to be read again> 
                   \@elt 
l.7606 \end{figure}
                   
A number should have been here; I inserted `0'.
(If you can't figure out why I needed to see a number,
look up `weird error' in the index to The TeXbook.)


/Users/jrathi/Projects/pdf-2-latex/files/ai/use-microtype/ai_final.tex:7606: La
TeX Error: This may be a LaTeX bug.

See the LaTeX manual or LaTeX Companion for explanation.
Type  H <return>  for immediate help.
 ...                                              
                                                  
l.7606 \end{figure}
                   
Call for help

/Users/jrathi/Projects/pdf-2-latex/files/ai/use-microtype/ai_final.tex:7606: Un
defined control sequence.
\@addmarginpar ...advance \@tempdima \ht \@marbox 
                                                  \ifdim \@tempdima >\z@ \@l...
l.7606 \end{figure}
                   
The control sequence at the end of the top line
of your error message was never \def'ed. If you have
misspelled it (e.g., `\hobx'), type `I' and the correct
spelling (e.g., `I\hbox'). Otherwise just continue,
and I'll forget about whatever was undefined.

/Users/jrathi/Projects/pdf-2-latex/files/ai/use-microtype/ai_final.tex:7606: Ba
d register code (-12591235).
\@addmarginpar ...e \space moved}\else \@tempdima 
                                                  \z@ \fi \global \@mparbott...
l.7606 \end{figure}
                   
A register number must be between 0 and 32767.
I changed this one to zero.

/Users/jrathi/Projects/pdf-2-latex/files/ai/use-microtype/ai_final.tex:7606: Mi
ssing number, treated as zero.
<to be read again> 
                   \global 
l.7606 \end{figure}
                   
A number should have been here; I inserted `0'.
(If you can't figure out why I needed to see a number,
look up `weird error' in the index to The TeXbook.)

/Users/jrathi/Projects/pdf-2-latex/files/ai/use-microtype/ai_final.tex:7606: Il
legal unit of measure (pt inserted).
<to be read again> 
                   \global 
l.7606 \end{figure}
                   
Dimensions can be in units of em, ex, in, pt, pc,
cm, mm, dd, cc, bp, or sp; but yours is a new one!
I'll assume that you meant to say pt, for printer's points.
To recover gracefully from this error, it's best to
delete the erroneous units; e.g., type `2' to delete
two letters. (See Chapter 27 of The TeXbook.)

/Users/jrathi/Projects/pdf-2-latex/files/ai/use-microtype/ai_final.tex:7606: Un
defined control sequence.
\@addmarginpar ...vance \@mparbottom \dp \@marbox 
                                                  \global \advance \@mparbot...
l.7606 \end{figure}
                   
The control sequence at the end of the top line
of your error message was never \def'ed. If you have
misspelled it (e.g., `\hobx'), type `I' and the correct
spelling (e.g., `I\hbox'). Otherwise just continue,
and I'll forget about whatever was undefined.

/Users/jrathi/Projects/pdf-2-latex/files/ai/use-microtype/ai_final.tex:7606: Mi
ssing number, treated as zero.
<to be read again> 
                   \global 
l.7606 \end{figure}
                   
A number should have been here; I inserted `0'.
(If you can't figure out why I needed to see a number,
look up `weird error' in the index to The TeXbook.)

/Users/jrathi/Projects/pdf-2-latex/files/ai/use-microtype/ai_final.tex:7606: Un
defined control sequence.
\@addmarginpar ...dvance \@tempdima -\ht \@marbox 
                                                  \global \setbox \@marbox \...
l.7606 \end{figure}
                   
The control sequence at the end of the top line
of your error message was never \def'ed. If you have
misspelled it (e.g., `\hobx'), type `I' and the correct
spelling (e.g., `I\hbox'). Otherwise just continue,
and I'll forget about whatever was undefined.

/Users/jrathi/Projects/pdf-2-latex/files/ai/use-microtype/ai_final.tex:7606: Mi
ssing number, treated as zero.
<to be read again> 
                   \global 
l.7606 \end{figure}
                   
A number should have been here; I inserted `0'.
(If you can't figure out why I needed to see a number,
look up `weird error' in the index to The TeXbook.)

/Users/jrathi/Projects/pdf-2-latex/files/ai/use-microtype/ai_final.tex:7606: Un
defined control sequence.
\@addmarginpar ...marbox \global \setbox \@marbox 
                                                  \vbox {\vskip \@tempdima \...
l.7606 \end{figure}
                   
The control sequence at the end of the top line
of your error message was never \def'ed. If you have
misspelled it (e.g., `\hobx'), type `I' and the correct
spelling (e.g., `I\hbox'). Otherwise just continue,
and I'll forget about whatever was undefined.

/Users/jrathi/Projects/pdf-2-latex/files/ai/use-microtype/ai_final.tex:7606: Mi
ssing number, treated as zero.
<to be read again> 
                   \vbox 
l.7606 \end{figure}
                   
A number should have been here; I inserted `0'.
(If you can't figure out why I needed to see a number,
look up `weird error' in the index to The TeXbook.)

/Users/jrathi/Projects/pdf-2-latex/files/ai/use-microtype/ai_final.tex:7606: Un
defined control sequence.
\@addmarginpar ...\vskip \@tempdima \box \@marbox 
                                                  }\global \ht \@marbox \z@ ...
l.7606 \end{figure}
                   
The control sequence at the end of the top line
of your error message was never \def'ed. If you have
misspelled it (e.g., `\hobx'), type `I' and the correct
spelling (e.g., `I\hbox'). Otherwise just continue,
and I'll forget about whatever was undefined.

/Users/jrathi/Projects/pdf-2-latex/files/ai/use-microtype/ai_final.tex:7606: Mi
ssing number, treated as zero.
<to be read again> 
                   }
l.7606 \end{figure}
                   
A number should have been here; I inserted `0'.
(If you can't figure out why I needed to see a number,
look up `weird error' in the index to The TeXbook.)

/Users/jrathi/Projects/pdf-2-latex/files/ai/use-microtype/ai_final.tex:7606: Un
defined control sequence.
\@addmarginpar ... \@marbox }\global \ht \@marbox 
                                                  \z@ \global \dp \@marbox \...
l.7606 \end{figure}
                   
The control sequence at the end of the top line
of your error message was never \def'ed. If you have
misspelled it (e.g., `\hobx'), type `I' and the correct
spelling (e.g., `I\hbox'). Otherwise just continue,
and I'll forget about whatever was undefined.

/Users/jrathi/Projects/pdf-2-latex/files/ai/use-microtype/ai_final.tex:7606: Mi
ssing number, treated as zero.
<to be read again> 
                   \global 
l.7606 \end{figure}
                   
A number should have been here; I inserted `0'.
(If you can't figure out why I needed to see a number,
look up `weird error' in the index to The TeXbook.)

/Users/jrathi/Projects/pdf-2-latex/files/ai/use-microtype/ai_final.tex:7606: Il
legal unit of measure (pt inserted).
<to be read again> 
                   \global 
l.7606 \end{figure}
                   
Dimensions can be in units of em, ex, in, pt, pc,
cm, mm, dd, cc, bp, or sp; but yours is a new one!
I'll assume that you meant to say pt, for printer's points.
To recover gracefully from this error, it's best to
delete the erroneous units; e.g., type `2' to delete
two letters. (See Chapter 27 of The TeXbook.)

/Users/jrathi/Projects/pdf-2-latex/files/ai/use-microtype/ai_final.tex:7606: Un
defined control sequence.
\@addmarginpar ...marbox \z@ \global \dp \@marbox 
                                                  \z@ \kern -\@pagedp \noint...
l.7606 \end{figure}
                   
The control sequence at the end of the top line
of your error message was never \def'ed. If you have
misspelled it (e.g., `\hobx'), type `I' and the correct
spelling (e.g., `I\hbox'). Otherwise just continue,
and I'll forget about whatever was undefined.

/Users/jrathi/Projects/pdf-2-latex/files/ai/use-microtype/ai_final.tex:7606: Mi
ssing number, treated as zero.
<to be read again> 
                   \kern 
l.7606 \end{figure}
                   
A number should have been here; I inserted `0'.
(If you can't figure out why I needed to see a number,
look up `weird error' in the index to The TeXbook.)

/Users/jrathi/Projects/pdf-2-latex/files/ai/use-microtype/ai_final.tex:7606: Il
legal unit of measure (pt inserted).
<to be read again> 
                   \kern 
l.7606 \end{figure}
                   
Dimensions can be in units of em, ex, in, pt, pc,
cm, mm, dd, cc, bp, or sp; but yours is a new one!
I'll assume that you meant to say pt, for printer's points.
To recover gracefully from this error, it's best to
delete the erroneous units; e.g., type `2' to delete
two letters. (See Chapter 27 of The TeXbook.)

/Users/jrathi/Projects/pdf-2-latex/files/ai/use-microtype/ai_final.tex:7606: Un
defined control sequence.
\@addmarginpar ...arginparwidth \fi \box \@marbox 
                                                  \hss }\nointerlineskip \hb...
l.7606 \end{figure}
                   
The control sequence at the end of the top line
of your error message was never \def'ed. If you have
misspelled it (e.g., `\hobx'), type `I' and the correct
spelling (e.g., `I\hbox'). Otherwise just continue,
and I'll forget about whatever was undefined.

/Users/jrathi/Projects/pdf-2-latex/files/ai/use-microtype/ai_final.tex:7606: Mi
ssing number, treated as zero.
<to be read again> 
                   \hss 
l.7606 \end{figure}
                   
A number should have been here; I inserted `0'.
(If you can't figure out why I needed to see a number,
look up `weird error' in the index to The TeXbook.)



[213]

[214]

[215]

[216]

/Users/jrathi/Projects/pdf-2-latex/files/ai/use-microtype/ai_final.tex:7728: La
TeX Error: Too many unprocessed floats.

See the LaTeX manual or LaTeX Companion for explanation.
Type  H <return>  for immediate help.
 ...                                              
                                                  
l.7728 \begin{figure}[h]
                        
You've lost some text.  Try typing  <return>  to proceed.
If that doesn't work, type  X <return>  to quit.

/Users/jrathi/Projects/pdf-2-latex/files/ai/use-microtype/ai_final.tex:7728: Un
defined control sequence.
\@xfloat ...@fltovf \fi \global \setbox \@currbox 
                                                  \color@vbox \normalcolor \...
l.7728 \begin{figure}[h]
                        
The control sequence at the end of the top line
of your error message was never \def'ed. If you have
misspelled it (e.g., `\hobx'), type `I' and the correct
spelling (e.g., `I\hbox'). Otherwise just continue,
and I'll forget about whatever was undefined.

/Users/jrathi/Projects/pdf-2-latex/files/ai/use-microtype/ai_final.tex:7728: Mi
ssing number, treated as zero.
<to be read again> 
                   \vbox 
l.7728 \begin{figure}[h]
                        
A number should have been here; I inserted `0'.
(If you can't figure out why I needed to see a number,
look up `weird error' in the index to The TeXbook.)

File: ./images/2025_05_12_af19cd5e0d1b8a465ffeg-262.jpg Graphic file (type bmp)

<./images/2025_05_12_af19cd5e0d1b8a465ffeg-262.jpg>
/Users/jrathi/Projects/pdf-2-latex/files/ai/use-microtype/ai_final.tex:7731: Un
defined control sequence.
\@largefloatcheck ->\ifdim \ht \@currbox 
                                         >\textheight \@tempdima -\textheigh...
l.7731 \end{figure}
                   
The control sequence at the end of the top line
of your error message was never \def'ed. If you have
misspelled it (e.g., `\hobx'), type `I' and the correct
spelling (e.g., `I\hbox'). Otherwise just continue,
and I'll forget about whatever was undefined.

/Users/jrathi/Projects/pdf-2-latex/files/ai/use-microtype/ai_final.tex:7731: Mi
ssing number, treated as zero.
<to be read again> 
                   >
l.7731 \end{figure}
                   
A number should have been here; I inserted `0'.
(If you can't figure out why I needed to see a number,
look up `weird error' in the index to The TeXbook.)

/Users/jrathi/Projects/pdf-2-latex/files/ai/use-microtype/ai_final.tex:7731: Un
defined control sequence.
<argument> \@currbox 
                     
l.7731 \end{figure}
                   
The control sequence at the end of the top line
of your error message was never \def'ed. If you have
misspelled it (e.g., `\hobx'), type `I' and the correct
spelling (e.g., `I\hbox'). Otherwise just continue,
and I'll forget about whatever was undefined.

/Users/jrathi/Projects/pdf-2-latex/files/ai/use-microtype/ai_final.tex:7731: Ar
gument of \@xnext has an extra }.
<inserted text> 
                \par 
l.7731 \end{figure}
                   
I've run across a `}' that doesn't seem to match anything.
For example, `\def\a#1{...}' and `\a}' would produce
this error. If you simply proceed now, the `\par' that
I've just inserted will cause me to report a runaway
argument that might be the root of the problem. But if
your `}' was spurious, just type `2' and it will go away.

Runaway argument?
\@currbox \@currlist \ifnum \count \@currbox >\z@ \advance \@pageht \@pagedp \E
TC.
/Users/jrathi/Projects/pdf-2-latex/files/ai/use-microtype/ai_final.tex:7731: Pa
ragraph ended before \@xnext was complete.
<to be read again> 
                   \par 
l.7731 \end{figure}
                   
I suspect you've forgotten a `}', causing me to apply this
control sequence to too much text. How can we recover?
My plan is to forget the whole thing and hope for the best.

/Users/jrathi/Projects/pdf-2-latex/files/ai/use-microtype/ai_final.tex:7731: Ex
tra \else.
\end@float ...pdima \penalty \@floatpenalty \else 
                                                  \vadjust {\penalty -\@Miv ...
l.7731 \end{figure}
                   
I'm ignoring this; it doesn't match any \if.

/Users/jrathi/Projects/pdf-2-latex/files/ai/use-microtype/ai_final.tex:7731: Yo
u can't use `\vadjust' in vertical mode.
\end@float ...nalty \@floatpenalty \else \vadjust 
                                                  {\penalty -\@Miv \vbox {}\...
l.7731 \end{figure}
                   
Sorry, but I'm not programmed to handle this case;
I'll just pretend that you didn't ask for it.
If you're in the wrong mode, you might be able to
return to the right one by typing `I}' or `I$' or `I\par'.

/Users/jrathi/Projects/pdf-2-latex/files/ai/use-microtype/ai_final.tex:7731: Ar
gument of \@xnext has an extra }.
<inserted text> 
                \par 
l.7731 \end{figure}
                   
I've run across a `}' that doesn't seem to match anything.
For example, `\def\a#1{...}' and `\a}' would produce
this error. If you simply proceed now, the `\par' that
I've just inserted will cause me to report a runaway
argument that might be the root of the problem. But if
your `}' was spurious, just type `2' and it will go away.

Runaway argument?
\@currbox \@currlist \ifnum \count \@currbox >\z@ \advance \@pageht \@pagedp \E
TC.
/Users/jrathi/Projects/pdf-2-latex/files/ai/use-microtype/ai_final.tex:7731: Pa
ragraph ended before \@xnext was complete.
<to be read again> 
                   \par 
l.7731 \end{figure}
                   
I suspect you've forgotten a `}', causing me to apply this
control sequence to too much text. How can we recover?
My plan is to forget the whole thing and hope for the best.


/Users/jrathi/Projects/pdf-2-latex/files/ai/use-microtype/ai_final.tex:7788: La
TeX Error: Too many unprocessed floats.

See the LaTeX manual or LaTeX Companion for explanation.
Type  H <return>  for immediate help.
 ...                                              
                                                  
l.7788 \begin{figure}[h]
                        
You've lost some text.  Try typing  <return>  to proceed.
If that doesn't work, type  X <return>  to quit.

/Users/jrathi/Projects/pdf-2-latex/files/ai/use-microtype/ai_final.tex:7788: Un
defined control sequence.
\@xfloat ...@fltovf \fi \global \setbox \@currbox 
                                                  \color@vbox \normalcolor \...
l.7788 \begin{figure}[h]
                        
The control sequence at the end of the top line
of your error message was never \def'ed. If you have
misspelled it (e.g., `\hobx'), type `I' and the correct
spelling (e.g., `I\hbox'). Otherwise just continue,
and I'll forget about whatever was undefined.

/Users/jrathi/Projects/pdf-2-latex/files/ai/use-microtype/ai_final.tex:7788: Mi
ssing number, treated as zero.
<to be read again> 
                   \vbox 
l.7788 \begin{figure}[h]
                        
A number should have been here; I inserted `0'.
(If you can't figure out why I needed to see a number,
look up `weird error' in the index to The TeXbook.)

File: ./images/2025_05_12_af19cd5e0d1b8a465ffeg-264(1).jpg Graphic file (type b
mp)
<./images/2025_05_12_af19cd5e0d1b8a465ffeg-264(1).jpg>

Underfull \hbox (badness 10000) in paragraph at lines 7791--7791

 []

/Users/jrathi/Projects/pdf-2-latex/files/ai/use-microtype/ai_final.tex:7792: Un
defined control sequence.
\@largefloatcheck ->\ifdim \ht \@currbox 
                                         >\textheight \@tempdima -\textheigh...
l.7792 \end{figure}
                   
The control sequence at the end of the top line
of your error message was never \def'ed. If you have
misspelled it (e.g., `\hobx'), type `I' and the correct
spelling (e.g., `I\hbox'). Otherwise just continue,
and I'll forget about whatever was undefined.

/Users/jrathi/Projects/pdf-2-latex/files/ai/use-microtype/ai_final.tex:7792: Mi
ssing number, treated as zero.
<to be read again> 
                   >
l.7792 \end{figure}
                   
A number should have been here; I inserted `0'.
(If you can't figure out why I needed to see a number,
look up `weird error' in the index to The TeXbook.)

/Users/jrathi/Projects/pdf-2-latex/files/ai/use-microtype/ai_final.tex:7792: Un
defined control sequence.
<argument> \@currbox 
                     
l.7792 \end{figure}
                   
The control sequence at the end of the top line
of your error message was never \def'ed. If you have
misspelled it (e.g., `\hobx'), type `I' and the correct
spelling (e.g., `I\hbox'). Otherwise just continue,
and I'll forget about whatever was undefined.

/Users/jrathi/Projects/pdf-2-latex/files/ai/use-microtype/ai_final.tex:7792: Mi
ssing number, treated as zero.
<to be read again> 
                   \@elt 
l.7792 \end{figure}
                   
A number should have been here; I inserted `0'.
(If you can't figure out why I needed to see a number,
look up `weird error' in the index to The TeXbook.)

/Users/jrathi/Projects/pdf-2-latex/files/ai/use-microtype/ai_final.tex:7792: Mi
ssing = inserted for \ifnum.
<to be read again> 
                   \@elt 
l.7792 \end{figure}
                   
I was expecting to see `<', `=', or `>'. Didn't.

/Users/jrathi/Projects/pdf-2-latex/files/ai/use-microtype/ai_final.tex:7792: Mi
ssing number, treated as zero.
<to be read again> 
                   \@elt 
l.7792 \end{figure}
                   
A number should have been here; I inserted `0'.
(If you can't figure out why I needed to see a number,
look up `weird error' in the index to The TeXbook.)


/Users/jrathi/Projects/pdf-2-latex/files/ai/use-microtype/ai_final.tex:7792: La
TeX Error: This may be a LaTeX bug.

See the LaTeX manual or LaTeX Companion for explanation.
Type  H <return>  for immediate help.
 ...                                              
                                                  
l.7792 \end{figure}
                   
Call for help

/Users/jrathi/Projects/pdf-2-latex/files/ai/use-microtype/ai_final.tex:7792: Un
defined control sequence.
\@addmarginpar ...advance \@tempdima \ht \@marbox 
                                                  \ifdim \@tempdima >\z@ \@l...
l.7792 \end{figure}
                   
The control sequence at the end of the top line
of your error message was never \def'ed. If you have
misspelled it (e.g., `\hobx'), type `I' and the correct
spelling (e.g., `I\hbox'). Otherwise just continue,
and I'll forget about whatever was undefined.

/Users/jrathi/Projects/pdf-2-latex/files/ai/use-microtype/ai_final.tex:7792: Ba
d register code (-101400322).
\@addmarginpar ...e \space moved}\else \@tempdima 
                                                  \z@ \fi \global \@mparbott...
l.7792 \end{figure}
                   
A register number must be between 0 and 32767.
I changed this one to zero.

/Users/jrathi/Projects/pdf-2-latex/files/ai/use-microtype/ai_final.tex:7792: Mi
ssing number, treated as zero.
<to be read again> 
                   \global 
l.7792 \end{figure}
                   
A number should have been here; I inserted `0'.
(If you can't figure out why I needed to see a number,
look up `weird error' in the index to The TeXbook.)

/Users/jrathi/Projects/pdf-2-latex/files/ai/use-microtype/ai_final.tex:7792: Il
legal unit of measure (pt inserted).
<to be read again> 
                   \global 
l.7792 \end{figure}
                   
Dimensions can be in units of em, ex, in, pt, pc,
cm, mm, dd, cc, bp, or sp; but yours is a new one!
I'll assume that you meant to say pt, for printer's points.
To recover gracefully from this error, it's best to
delete the erroneous units; e.g., type `2' to delete
two letters. (See Chapter 27 of The TeXbook.)

/Users/jrathi/Projects/pdf-2-latex/files/ai/use-microtype/ai_final.tex:7792: Un
defined control sequence.
\@addmarginpar ...vance \@mparbottom \dp \@marbox 
                                                  \global \advance \@mparbot...
l.7792 \end{figure}
                   
The control sequence at the end of the top line
of your error message was never \def'ed. If you have
misspelled it (e.g., `\hobx'), type `I' and the correct
spelling (e.g., `I\hbox'). Otherwise just continue,
and I'll forget about whatever was undefined.

/Users/jrathi/Projects/pdf-2-latex/files/ai/use-microtype/ai_final.tex:7792: Mi
ssing number, treated as zero.
<to be read again> 
                   \global 
l.7792 \end{figure}
                   
A number should have been here; I inserted `0'.
(If you can't figure out why I needed to see a number,
look up `weird error' in the index to The TeXbook.)

/Users/jrathi/Projects/pdf-2-latex/files/ai/use-microtype/ai_final.tex:7792: Un
defined control sequence.
\@addmarginpar ...dvance \@tempdima -\ht \@marbox 
                                                  \global \setbox \@marbox \...
l.7792 \end{figure}
                   
The control sequence at the end of the top line
of your error message was never \def'ed. If you have
misspelled it (e.g., `\hobx'), type `I' and the correct
spelling (e.g., `I\hbox'). Otherwise just continue,
and I'll forget about whatever was undefined.

/Users/jrathi/Projects/pdf-2-latex/files/ai/use-microtype/ai_final.tex:7792: Mi
ssing number, treated as zero.
<to be read again> 
                   \global 
l.7792 \end{figure}
                   
A number should have been here; I inserted `0'.
(If you can't figure out why I needed to see a number,
look up `weird error' in the index to The TeXbook.)

/Users/jrathi/Projects/pdf-2-latex/files/ai/use-microtype/ai_final.tex:7792: Un
defined control sequence.
\@addmarginpar ...marbox \global \setbox \@marbox 
                                                  \vbox {\vskip \@tempdima \...
l.7792 \end{figure}
                   
The control sequence at the end of the top line
of your error message was never \def'ed. If you have
misspelled it (e.g., `\hobx'), type `I' and the correct
spelling (e.g., `I\hbox'). Otherwise just continue,
and I'll forget about whatever was undefined.

/Users/jrathi/Projects/pdf-2-latex/files/ai/use-microtype/ai_final.tex:7792: Mi
ssing number, treated as zero.
<to be read again> 
                   \vbox 
l.7792 \end{figure}
                   
A number should have been here; I inserted `0'.
(If you can't figure out why I needed to see a number,
look up `weird error' in the index to The TeXbook.)

/Users/jrathi/Projects/pdf-2-latex/files/ai/use-microtype/ai_final.tex:7792: Un
defined control sequence.
\@addmarginpar ...\vskip \@tempdima \box \@marbox 
                                                  }\global \ht \@marbox \z@ ...
l.7792 \end{figure}
                   
The control sequence at the end of the top line
of your error message was never \def'ed. If you have
misspelled it (e.g., `\hobx'), type `I' and the correct
spelling (e.g., `I\hbox'). Otherwise just continue,
and I'll forget about whatever was undefined.

/Users/jrathi/Projects/pdf-2-latex/files/ai/use-microtype/ai_final.tex:7792: Mi
ssing number, treated as zero.
<to be read again> 
                   }
l.7792 \end{figure}
                   
A number should have been here; I inserted `0'.
(If you can't figure out why I needed to see a number,
look up `weird error' in the index to The TeXbook.)

/Users/jrathi/Projects/pdf-2-latex/files/ai/use-microtype/ai_final.tex:7792: Un
defined control sequence.
\@addmarginpar ... \@marbox }\global \ht \@marbox 
                                                  \z@ \global \dp \@marbox \...
l.7792 \end{figure}
                   
The control sequence at the end of the top line
of your error message was never \def'ed. If you have
misspelled it (e.g., `\hobx'), type `I' and the correct
spelling (e.g., `I\hbox'). Otherwise just continue,
and I'll forget about whatever was undefined.

/Users/jrathi/Projects/pdf-2-latex/files/ai/use-microtype/ai_final.tex:7792: Mi
ssing number, treated as zero.
<to be read again> 
                   \global 
l.7792 \end{figure}
                   
A number should have been here; I inserted `0'.
(If you can't figure out why I needed to see a number,
look up `weird error' in the index to The TeXbook.)

/Users/jrathi/Projects/pdf-2-latex/files/ai/use-microtype/ai_final.tex:7792: Il
legal unit of measure (pt inserted).
<to be read again> 
                   \global 
l.7792 \end{figure}
                   
Dimensions can be in units of em, ex, in, pt, pc,
cm, mm, dd, cc, bp, or sp; but yours is a new one!
I'll assume that you meant to say pt, for printer's points.
To recover gracefully from this error, it's best to
delete the erroneous units; e.g., type `2' to delete
two letters. (See Chapter 27 of The TeXbook.)

/Users/jrathi/Projects/pdf-2-latex/files/ai/use-microtype/ai_final.tex:7792: Un
defined control sequence.
\@addmarginpar ...marbox \z@ \global \dp \@marbox 
                                                  \z@ \kern -\@pagedp \noint...
l.7792 \end{figure}
                   
The control sequence at the end of the top line
of your error message was never \def'ed. If you have
misspelled it (e.g., `\hobx'), type `I' and the correct
spelling (e.g., `I\hbox'). Otherwise just continue,
and I'll forget about whatever was undefined.

/Users/jrathi/Projects/pdf-2-latex/files/ai/use-microtype/ai_final.tex:7792: Mi
ssing number, treated as zero.
<to be read again> 
                   \kern 
l.7792 \end{figure}
                   
A number should have been here; I inserted `0'.
(If you can't figure out why I needed to see a number,
look up `weird error' in the index to The TeXbook.)

/Users/jrathi/Projects/pdf-2-latex/files/ai/use-microtype/ai_final.tex:7792: Il
legal unit of measure (pt inserted).
<to be read again> 
                   \kern 
l.7792 \end{figure}
                   
Dimensions can be in units of em, ex, in, pt, pc,
cm, mm, dd, cc, bp, or sp; but yours is a new one!
I'll assume that you meant to say pt, for printer's points.
To recover gracefully from this error, it's best to
delete the erroneous units; e.g., type `2' to delete
two letters. (See Chapter 27 of The TeXbook.)

/Users/jrathi/Projects/pdf-2-latex/files/ai/use-microtype/ai_final.tex:7792: Un
defined control sequence.
\@addmarginpar ...arginparwidth \fi \box \@marbox 
                                                  \hss }\nointerlineskip \hb...
l.7792 \end{figure}
                   
The control sequence at the end of the top line
of your error message was never \def'ed. If you have
misspelled it (e.g., `\hobx'), type `I' and the correct
spelling (e.g., `I\hbox'). Otherwise just continue,
and I'll forget about whatever was undefined.

/Users/jrathi/Projects/pdf-2-latex/files/ai/use-microtype/ai_final.tex:7792: Mi
ssing number, treated as zero.
<to be read again> 
                   \hss 
l.7792 \end{figure}
                   
A number should have been here; I inserted `0'.
(If you can't figure out why I needed to see a number,
look up `weird error' in the index to The TeXbook.)



[217]

[218]

/Users/jrathi/Projects/pdf-2-latex/files/ai/use-microtype/ai_final.tex:7793: La
TeX Error: Too many unprocessed floats.

See the LaTeX manual or LaTeX Companion for explanation.
Type  H <return>  for immediate help.
 ...                                              
                                                  
l.7793 \begin{figure}[h]
                        
You've lost some text.  Try typing  <return>  to proceed.
If that doesn't work, type  X <return>  to quit.

/Users/jrathi/Projects/pdf-2-latex/files/ai/use-microtype/ai_final.tex:7793: Un
defined control sequence.
\@xfloat ...@fltovf \fi \global \setbox \@currbox 
                                                  \color@vbox \normalcolor \...
l.7793 \begin{figure}[h]
                        
The control sequence at the end of the top line
of your error message was never \def'ed. If you have
misspelled it (e.g., `\hobx'), type `I' and the correct
spelling (e.g., `I\hbox'). Otherwise just continue,
and I'll forget about whatever was undefined.

/Users/jrathi/Projects/pdf-2-latex/files/ai/use-microtype/ai_final.tex:7793: Mi
ssing number, treated as zero.
<to be read again> 
                   \vbox 
l.7793 \begin{figure}[h]
                        
A number should have been here; I inserted `0'.
(If you can't figure out why I needed to see a number,
look up `weird error' in the index to The TeXbook.)

File: ./images/2025_05_12_af19cd5e0d1b8a465ffeg-264.jpg Graphic file (type bmp)

<./images/2025_05_12_af19cd5e0d1b8a465ffeg-264.jpg>
/Users/jrathi/Projects/pdf-2-latex/files/ai/use-microtype/ai_final.tex:7797: Un
defined control sequence.
\@largefloatcheck ->\ifdim \ht \@currbox 
                                         >\textheight \@tempdima -\textheigh...
l.7797 \end{figure}
                   
The control sequence at the end of the top line
of your error message was never \def'ed. If you have
misspelled it (e.g., `\hobx'), type `I' and the correct
spelling (e.g., `I\hbox'). Otherwise just continue,
and I'll forget about whatever was undefined.

/Users/jrathi/Projects/pdf-2-latex/files/ai/use-microtype/ai_final.tex:7797: Mi
ssing number, treated as zero.
<to be read again> 
                   >
l.7797 \end{figure}
                   
A number should have been here; I inserted `0'.
(If you can't figure out why I needed to see a number,
look up `weird error' in the index to The TeXbook.)

/Users/jrathi/Projects/pdf-2-latex/files/ai/use-microtype/ai_final.tex:7797: Un
defined control sequence.
<argument> \@currbox 
                     
l.7797 \end{figure}
                   
The control sequence at the end of the top line
of your error message was never \def'ed. If you have
misspelled it (e.g., `\hobx'), type `I' and the correct
spelling (e.g., `I\hbox'). Otherwise just continue,
and I'll forget about whatever was undefined.

/Users/jrathi/Projects/pdf-2-latex/files/ai/use-microtype/ai_final.tex:7797: Ar
gument of \@xnext has an extra }.
<inserted text> 
                \par 
l.7797 \end{figure}
                   
I've run across a `}' that doesn't seem to match anything.
For example, `\def\a#1{...}' and `\a}' would produce
this error. If you simply proceed now, the `\par' that
I've just inserted will cause me to report a runaway
argument that might be the root of the problem. But if
your `}' was spurious, just type `2' and it will go away.

Runaway argument?
\@currbox \@currlist \ifnum \count \@currbox >\z@ \advance \@pageht \@pagedp \E
TC.
/Users/jrathi/Projects/pdf-2-latex/files/ai/use-microtype/ai_final.tex:7797: Pa
ragraph ended before \@xnext was complete.
<to be read again> 
                   \par 
l.7797 \end{figure}
                   
I suspect you've forgotten a `}', causing me to apply this
control sequence to too much text. How can we recover?
My plan is to forget the whole thing and hope for the best.

/Users/jrathi/Projects/pdf-2-latex/files/ai/use-microtype/ai_final.tex:7797: Ex
tra \else.
\end@float ...pdima \penalty \@floatpenalty \else 
                                                  \vadjust {\penalty -\@Miv ...
l.7797 \end{figure}
                   
I'm ignoring this; it doesn't match any \if.

/Users/jrathi/Projects/pdf-2-latex/files/ai/use-microtype/ai_final.tex:7797: Yo
u can't use `\vadjust' in vertical mode.
\end@float ...nalty \@floatpenalty \else \vadjust 
                                                  {\penalty -\@Miv \vbox {}\...
l.7797 \end{figure}
                   
Sorry, but I'm not programmed to handle this case;
I'll just pretend that you didn't ask for it.
If you're in the wrong mode, you might be able to
return to the right one by typing `I}' or `I$' or `I\par'.

/Users/jrathi/Projects/pdf-2-latex/files/ai/use-microtype/ai_final.tex:7797: Ar
gument of \@xnext has an extra }.
<inserted text> 
                \par 
l.7797 \end{figure}
                   
I've run across a `}' that doesn't seem to match anything.
For example, `\def\a#1{...}' and `\a}' would produce
this error. If you simply proceed now, the `\par' that
I've just inserted will cause me to report a runaway
argument that might be the root of the problem. But if
your `}' was spurious, just type `2' and it will go away.

Runaway argument?
\@currbox \@currlist \ifnum \count \@currbox >\z@ \advance \@pageht \@pagedp \E
TC.
/Users/jrathi/Projects/pdf-2-latex/files/ai/use-microtype/ai_final.tex:7797: Pa
ragraph ended before \@xnext was complete.
<to be read again> 
                   \par 
l.7797 \end{figure}
                   
I suspect you've forgotten a `}', causing me to apply this
control sequence to too much text. How can we recover?
My plan is to forget the whole thing and hope for the best.


/Users/jrathi/Projects/pdf-2-latex/files/ai/use-microtype/ai_final.tex:7961: La
TeX Error: Too many unprocessed floats.

See the LaTeX manual or LaTeX Companion for explanation.
Type  H <return>  for immediate help.
 ...                                              
                                                  
l.7961 \begin{figure}[h]
                        
You've lost some text.  Try typing  <return>  to proceed.
If that doesn't work, type  X <return>  to quit.

/Users/jrathi/Projects/pdf-2-latex/files/ai/use-microtype/ai_final.tex:7961: Un
defined control sequence.
\@xfloat ...@fltovf \fi \global \setbox \@currbox 
                                                  \color@vbox \normalcolor \...
l.7961 \begin{figure}[h]
                        
The control sequence at the end of the top line
of your error message was never \def'ed. If you have
misspelled it (e.g., `\hobx'), type `I' and the correct
spelling (e.g., `I\hbox'). Otherwise just continue,
and I'll forget about whatever was undefined.

/Users/jrathi/Projects/pdf-2-latex/files/ai/use-microtype/ai_final.tex:7961: Mi
ssing number, treated as zero.
<to be read again> 
                   \vbox 
l.7961 \begin{figure}[h]
                        
A number should have been here; I inserted `0'.
(If you can't figure out why I needed to see a number,
look up `weird error' in the index to The TeXbook.)

File: ./images/2025_05_12_af19cd5e0d1b8a465ffeg-268.jpg Graphic file (type bmp)

<./images/2025_05_12_af19cd5e0d1b8a465ffeg-268.jpg>
/Users/jrathi/Projects/pdf-2-latex/files/ai/use-microtype/ai_final.tex:7965: Un
defined control sequence.
\@largefloatcheck ->\ifdim \ht \@currbox 
                                         >\textheight \@tempdima -\textheigh...
l.7965 \end{figure}
                   
The control sequence at the end of the top line
of your error message was never \def'ed. If you have
misspelled it (e.g., `\hobx'), type `I' and the correct
spelling (e.g., `I\hbox'). Otherwise just continue,
and I'll forget about whatever was undefined.

/Users/jrathi/Projects/pdf-2-latex/files/ai/use-microtype/ai_final.tex:7965: Mi
ssing number, treated as zero.
<to be read again> 
                   >
l.7965 \end{figure}
                   
A number should have been here; I inserted `0'.
(If you can't figure out why I needed to see a number,
look up `weird error' in the index to The TeXbook.)

/Users/jrathi/Projects/pdf-2-latex/files/ai/use-microtype/ai_final.tex:7965: Un
defined control sequence.
<argument> \@currbox 
                     
l.7965 \end{figure}
                   
The control sequence at the end of the top line
of your error message was never \def'ed. If you have
misspelled it (e.g., `\hobx'), type `I' and the correct
spelling (e.g., `I\hbox'). Otherwise just continue,
and I'll forget about whatever was undefined.

/Users/jrathi/Projects/pdf-2-latex/files/ai/use-microtype/ai_final.tex:7965: Mi
ssing number, treated as zero.
<to be read again> 
                   \@elt 
l.7965 \end{figure}
                   
A number should have been here; I inserted `0'.
(If you can't figure out why I needed to see a number,
look up `weird error' in the index to The TeXbook.)

/Users/jrathi/Projects/pdf-2-latex/files/ai/use-microtype/ai_final.tex:7965: Mi
ssing = inserted for \ifnum.
<to be read again> 
                   \@elt 
l.7965 \end{figure}
                   
I was expecting to see `<', `=', or `>'. Didn't.

/Users/jrathi/Projects/pdf-2-latex/files/ai/use-microtype/ai_final.tex:7965: Mi
ssing number, treated as zero.
<to be read again> 
                   \@elt 
l.7965 \end{figure}
                   
A number should have been here; I inserted `0'.
(If you can't figure out why I needed to see a number,
look up `weird error' in the index to The TeXbook.)


/Users/jrathi/Projects/pdf-2-latex/files/ai/use-microtype/ai_final.tex:7965: La
TeX Error: This may be a LaTeX bug.

See the LaTeX manual or LaTeX Companion for explanation.
Type  H <return>  for immediate help.
 ...                                              
                                                  
l.7965 \end{figure}
                   
Call for help

/Users/jrathi/Projects/pdf-2-latex/files/ai/use-microtype/ai_final.tex:7965: Un
defined control sequence.
\@addmarginpar ...advance \@tempdima \ht \@marbox 
                                                  \ifdim \@tempdima >\z@ \@l...
l.7965 \end{figure}
                   
The control sequence at the end of the top line
of your error message was never \def'ed. If you have
misspelled it (e.g., `\hobx'), type `I' and the correct
spelling (e.g., `I\hbox'). Otherwise just continue,
and I'll forget about whatever was undefined.

/Users/jrathi/Projects/pdf-2-latex/files/ai/use-microtype/ai_final.tex:7965: Ba
d register code (-209186824).
\@addmarginpar ...e \space moved}\else \@tempdima 
                                                  \z@ \fi \global \@mparbott...
l.7965 \end{figure}
                   
A register number must be between 0 and 32767.
I changed this one to zero.

/Users/jrathi/Projects/pdf-2-latex/files/ai/use-microtype/ai_final.tex:7965: Mi
ssing number, treated as zero.
<to be read again> 
                   \global 
l.7965 \end{figure}
                   
A number should have been here; I inserted `0'.
(If you can't figure out why I needed to see a number,
look up `weird error' in the index to The TeXbook.)

/Users/jrathi/Projects/pdf-2-latex/files/ai/use-microtype/ai_final.tex:7965: Il
legal unit of measure (pt inserted).
<to be read again> 
                   \global 
l.7965 \end{figure}
                   
Dimensions can be in units of em, ex, in, pt, pc,
cm, mm, dd, cc, bp, or sp; but yours is a new one!
I'll assume that you meant to say pt, for printer's points.
To recover gracefully from this error, it's best to
delete the erroneous units; e.g., type `2' to delete
two letters. (See Chapter 27 of The TeXbook.)

/Users/jrathi/Projects/pdf-2-latex/files/ai/use-microtype/ai_final.tex:7965: Un
defined control sequence.
\@addmarginpar ...vance \@mparbottom \dp \@marbox 
                                                  \global \advance \@mparbot...
l.7965 \end{figure}
                   
The control sequence at the end of the top line
of your error message was never \def'ed. If you have
misspelled it (e.g., `\hobx'), type `I' and the correct
spelling (e.g., `I\hbox'). Otherwise just continue,
and I'll forget about whatever was undefined.

/Users/jrathi/Projects/pdf-2-latex/files/ai/use-microtype/ai_final.tex:7965: Mi
ssing number, treated as zero.
<to be read again> 
                   \global 
l.7965 \end{figure}
                   
A number should have been here; I inserted `0'.
(If you can't figure out why I needed to see a number,
look up `weird error' in the index to The TeXbook.)

/Users/jrathi/Projects/pdf-2-latex/files/ai/use-microtype/ai_final.tex:7965: Un
defined control sequence.
\@addmarginpar ...dvance \@tempdima -\ht \@marbox 
                                                  \global \setbox \@marbox \...
l.7965 \end{figure}
                   
The control sequence at the end of the top line
of your error message was never \def'ed. If you have
misspelled it (e.g., `\hobx'), type `I' and the correct
spelling (e.g., `I\hbox'). Otherwise just continue,
and I'll forget about whatever was undefined.

/Users/jrathi/Projects/pdf-2-latex/files/ai/use-microtype/ai_final.tex:7965: Mi
ssing number, treated as zero.
<to be read again> 
                   \global 
l.7965 \end{figure}
                   
A number should have been here; I inserted `0'.
(If you can't figure out why I needed to see a number,
look up `weird error' in the index to The TeXbook.)

/Users/jrathi/Projects/pdf-2-latex/files/ai/use-microtype/ai_final.tex:7965: Un
defined control sequence.
\@addmarginpar ...marbox \global \setbox \@marbox 
                                                  \vbox {\vskip \@tempdima \...
l.7965 \end{figure}
                   
The control sequence at the end of the top line
of your error message was never \def'ed. If you have
misspelled it (e.g., `\hobx'), type `I' and the correct
spelling (e.g., `I\hbox'). Otherwise just continue,
and I'll forget about whatever was undefined.

/Users/jrathi/Projects/pdf-2-latex/files/ai/use-microtype/ai_final.tex:7965: Mi
ssing number, treated as zero.
<to be read again> 
                   \vbox 
l.7965 \end{figure}
                   
A number should have been here; I inserted `0'.
(If you can't figure out why I needed to see a number,
look up `weird error' in the index to The TeXbook.)

/Users/jrathi/Projects/pdf-2-latex/files/ai/use-microtype/ai_final.tex:7965: Un
defined control sequence.
\@addmarginpar ...\vskip \@tempdima \box \@marbox 
                                                  }\global \ht \@marbox \z@ ...
l.7965 \end{figure}
                   
The control sequence at the end of the top line
of your error message was never \def'ed. If you have
misspelled it (e.g., `\hobx'), type `I' and the correct
spelling (e.g., `I\hbox'). Otherwise just continue,
and I'll forget about whatever was undefined.

/Users/jrathi/Projects/pdf-2-latex/files/ai/use-microtype/ai_final.tex:7965: Mi
ssing number, treated as zero.
<to be read again> 
                   }
l.7965 \end{figure}
                   
A number should have been here; I inserted `0'.
(If you can't figure out why I needed to see a number,
look up `weird error' in the index to The TeXbook.)

/Users/jrathi/Projects/pdf-2-latex/files/ai/use-microtype/ai_final.tex:7965: Un
defined control sequence.
\@addmarginpar ... \@marbox }\global \ht \@marbox 
                                                  \z@ \global \dp \@marbox \...
l.7965 \end{figure}
                   
The control sequence at the end of the top line
of your error message was never \def'ed. If you have
misspelled it (e.g., `\hobx'), type `I' and the correct
spelling (e.g., `I\hbox'). Otherwise just continue,
and I'll forget about whatever was undefined.

/Users/jrathi/Projects/pdf-2-latex/files/ai/use-microtype/ai_final.tex:7965: Mi
ssing number, treated as zero.
<to be read again> 
                   \global 
l.7965 \end{figure}
                   
A number should have been here; I inserted `0'.
(If you can't figure out why I needed to see a number,
look up `weird error' in the index to The TeXbook.)

/Users/jrathi/Projects/pdf-2-latex/files/ai/use-microtype/ai_final.tex:7965: Il
legal unit of measure (pt inserted).
<to be read again> 
                   \global 
l.7965 \end{figure}
                   
Dimensions can be in units of em, ex, in, pt, pc,
cm, mm, dd, cc, bp, or sp; but yours is a new one!
I'll assume that you meant to say pt, for printer's points.
To recover gracefully from this error, it's best to
delete the erroneous units; e.g., type `2' to delete
two letters. (See Chapter 27 of The TeXbook.)

/Users/jrathi/Projects/pdf-2-latex/files/ai/use-microtype/ai_final.tex:7965: Un
defined control sequence.
\@addmarginpar ...marbox \z@ \global \dp \@marbox 
                                                  \z@ \kern -\@pagedp \noint...
l.7965 \end{figure}
                   
The control sequence at the end of the top line
of your error message was never \def'ed. If you have
misspelled it (e.g., `\hobx'), type `I' and the correct
spelling (e.g., `I\hbox'). Otherwise just continue,
and I'll forget about whatever was undefined.

/Users/jrathi/Projects/pdf-2-latex/files/ai/use-microtype/ai_final.tex:7965: Mi
ssing number, treated as zero.
<to be read again> 
                   \kern 
l.7965 \end{figure}
                   
A number should have been here; I inserted `0'.
(If you can't figure out why I needed to see a number,
look up `weird error' in the index to The TeXbook.)

/Users/jrathi/Projects/pdf-2-latex/files/ai/use-microtype/ai_final.tex:7965: Il
legal unit of measure (pt inserted).
<to be read again> 
                   \kern 
l.7965 \end{figure}
                   
Dimensions can be in units of em, ex, in, pt, pc,
cm, mm, dd, cc, bp, or sp; but yours is a new one!
I'll assume that you meant to say pt, for printer's points.
To recover gracefully from this error, it's best to
delete the erroneous units; e.g., type `2' to delete
two letters. (See Chapter 27 of The TeXbook.)

/Users/jrathi/Projects/pdf-2-latex/files/ai/use-microtype/ai_final.tex:7965: Un
defined control sequence.
\@addmarginpar ...arginparwidth \fi \box \@marbox 
                                                  \hss }\nointerlineskip \hb...
l.7965 \end{figure}
                   
The control sequence at the end of the top line
of your error message was never \def'ed. If you have
misspelled it (e.g., `\hobx'), type `I' and the correct
spelling (e.g., `I\hbox'). Otherwise just continue,
and I'll forget about whatever was undefined.

/Users/jrathi/Projects/pdf-2-latex/files/ai/use-microtype/ai_final.tex:7965: Mi
ssing number, treated as zero.
<to be read again> 
                   \hss 
l.7965 \end{figure}
                   
A number should have been here; I inserted `0'.
(If you can't figure out why I needed to see a number,
look up `weird error' in the index to The TeXbook.)



[219]

[220]

[221]

[222]

[223]

[224]

/Users/jrathi/Projects/pdf-2-latex/files/ai/use-microtype/ai_final.tex:8005: La
TeX Error: Too many unprocessed floats.

See the LaTeX manual or LaTeX Companion for explanation.
Type  H <return>  for immediate help.
 ...                                              
                                                  
l.8005 \begin{figure}[h]
                        
You've lost some text.  Try typing  <return>  to proceed.
If that doesn't work, type  X <return>  to quit.

/Users/jrathi/Projects/pdf-2-latex/files/ai/use-microtype/ai_final.tex:8005: Un
defined control sequence.
\@xfloat ...@fltovf \fi \global \setbox \@currbox 
                                                  \color@vbox \normalcolor \...
l.8005 \begin{figure}[h]
                        
The control sequence at the end of the top line
of your error message was never \def'ed. If you have
misspelled it (e.g., `\hobx'), type `I' and the correct
spelling (e.g., `I\hbox'). Otherwise just continue,
and I'll forget about whatever was undefined.

/Users/jrathi/Projects/pdf-2-latex/files/ai/use-microtype/ai_final.tex:8005: Mi
ssing number, treated as zero.
<to be read again> 
                   \vbox 
l.8005 \begin{figure}[h]
                        
A number should have been here; I inserted `0'.
(If you can't figure out why I needed to see a number,
look up `weird error' in the index to The TeXbook.)

File: ./images/2025_05_12_af19cd5e0d1b8a465ffeg-270.jpg Graphic file (type bmp)

<./images/2025_05_12_af19cd5e0d1b8a465ffeg-270.jpg>
/Users/jrathi/Projects/pdf-2-latex/files/ai/use-microtype/ai_final.tex:8009: Un
defined control sequence.
\@largefloatcheck ->\ifdim \ht \@currbox 
                                         >\textheight \@tempdima -\textheigh...
l.8009 \end{figure}
                   
The control sequence at the end of the top line
of your error message was never \def'ed. If you have
misspelled it (e.g., `\hobx'), type `I' and the correct
spelling (e.g., `I\hbox'). Otherwise just continue,
and I'll forget about whatever was undefined.

/Users/jrathi/Projects/pdf-2-latex/files/ai/use-microtype/ai_final.tex:8009: Mi
ssing number, treated as zero.
<to be read again> 
                   >
l.8009 \end{figure}
                   
A number should have been here; I inserted `0'.
(If you can't figure out why I needed to see a number,
look up `weird error' in the index to The TeXbook.)

/Users/jrathi/Projects/pdf-2-latex/files/ai/use-microtype/ai_final.tex:8009: Un
defined control sequence.
<argument> \@currbox 
                     
l.8009 \end{figure}
                   
The control sequence at the end of the top line
of your error message was never \def'ed. If you have
misspelled it (e.g., `\hobx'), type `I' and the correct
spelling (e.g., `I\hbox'). Otherwise just continue,
and I'll forget about whatever was undefined.

/Users/jrathi/Projects/pdf-2-latex/files/ai/use-microtype/ai_final.tex:8009: Ar
gument of \@xnext has an extra }.
<inserted text> 
                \par 
l.8009 \end{figure}
                   
I've run across a `}' that doesn't seem to match anything.
For example, `\def\a#1{...}' and `\a}' would produce
this error. If you simply proceed now, the `\par' that
I've just inserted will cause me to report a runaway
argument that might be the root of the problem. But if
your `}' was spurious, just type `2' and it will go away.

Runaway argument?
\@currbox \@currlist \ifnum \count \@currbox >\z@ \advance \@pageht \@pagedp \E
TC.
/Users/jrathi/Projects/pdf-2-latex/files/ai/use-microtype/ai_final.tex:8009: Pa
ragraph ended before \@xnext was complete.
<to be read again> 
                   \par 
l.8009 \end{figure}
                   
I suspect you've forgotten a `}', causing me to apply this
control sequence to too much text. How can we recover?
My plan is to forget the whole thing and hope for the best.

/Users/jrathi/Projects/pdf-2-latex/files/ai/use-microtype/ai_final.tex:8009: Ex
tra \else.
\end@float ...pdima \penalty \@floatpenalty \else 
                                                  \vadjust {\penalty -\@Miv ...
l.8009 \end{figure}
                   
I'm ignoring this; it doesn't match any \if.

/Users/jrathi/Projects/pdf-2-latex/files/ai/use-microtype/ai_final.tex:8009: Yo
u can't use `\vadjust' in vertical mode.
\end@float ...nalty \@floatpenalty \else \vadjust 
                                                  {\penalty -\@Miv \vbox {}\...
l.8009 \end{figure}
                   
Sorry, but I'm not programmed to handle this case;
I'll just pretend that you didn't ask for it.
If you're in the wrong mode, you might be able to
return to the right one by typing `I}' or `I$' or `I\par'.

/Users/jrathi/Projects/pdf-2-latex/files/ai/use-microtype/ai_final.tex:8009: Ar
gument of \@xnext has an extra }.
<inserted text> 
                \par 
l.8009 \end{figure}
                   
I've run across a `}' that doesn't seem to match anything.
For example, `\def\a#1{...}' and `\a}' would produce
this error. If you simply proceed now, the `\par' that
I've just inserted will cause me to report a runaway
argument that might be the root of the problem. But if
your `}' was spurious, just type `2' and it will go away.

Runaway argument?
\@currbox \@currlist \ifnum \count \@currbox >\z@ \advance \@pageht \@pagedp \E
TC.
/Users/jrathi/Projects/pdf-2-latex/files/ai/use-microtype/ai_final.tex:8009: Pa
ragraph ended before \@xnext was complete.
<to be read again> 
                   \par 
l.8009 \end{figure}
                   
I suspect you've forgotten a `}', causing me to apply this
control sequence to too much text. How can we recover?
My plan is to forget the whole thing and hope for the best.


/Users/jrathi/Projects/pdf-2-latex/files/ai/use-microtype/ai_final.tex:8055: La
TeX Error: Too many unprocessed floats.

See the LaTeX manual or LaTeX Companion for explanation.
Type  H <return>  for immediate help.
 ...                                              
                                                  
l.8055 \begin{figure}[h]
                        
You've lost some text.  Try typing  <return>  to proceed.
If that doesn't work, type  X <return>  to quit.

/Users/jrathi/Projects/pdf-2-latex/files/ai/use-microtype/ai_final.tex:8055: Un
defined control sequence.
\@xfloat ...@fltovf \fi \global \setbox \@currbox 
                                                  \color@vbox \normalcolor \...
l.8055 \begin{figure}[h]
                        
The control sequence at the end of the top line
of your error message was never \def'ed. If you have
misspelled it (e.g., `\hobx'), type `I' and the correct
spelling (e.g., `I\hbox'). Otherwise just continue,
and I'll forget about whatever was undefined.

/Users/jrathi/Projects/pdf-2-latex/files/ai/use-microtype/ai_final.tex:8055: Mi
ssing number, treated as zero.
<to be read again> 
                   \vbox 
l.8055 \begin{figure}[h]
                        
A number should have been here; I inserted `0'.
(If you can't figure out why I needed to see a number,
look up `weird error' in the index to The TeXbook.)

File: ./images/2025_05_12_af19cd5e0d1b8a465ffeg-271.jpg Graphic file (type bmp)

<./images/2025_05_12_af19cd5e0d1b8a465ffeg-271.jpg>
/Users/jrathi/Projects/pdf-2-latex/files/ai/use-microtype/ai_final.tex:8059: Un
defined control sequence.
\@largefloatcheck ->\ifdim \ht \@currbox 
                                         >\textheight \@tempdima -\textheigh...
l.8059 \end{figure}
                   
The control sequence at the end of the top line
of your error message was never \def'ed. If you have
misspelled it (e.g., `\hobx'), type `I' and the correct
spelling (e.g., `I\hbox'). Otherwise just continue,
and I'll forget about whatever was undefined.

/Users/jrathi/Projects/pdf-2-latex/files/ai/use-microtype/ai_final.tex:8059: Mi
ssing number, treated as zero.
<to be read again> 
                   >
l.8059 \end{figure}
                   
A number should have been here; I inserted `0'.
(If you can't figure out why I needed to see a number,
look up `weird error' in the index to The TeXbook.)

/Users/jrathi/Projects/pdf-2-latex/files/ai/use-microtype/ai_final.tex:8059: Un
defined control sequence.
<argument> \@currbox 
                     
l.8059 \end{figure}
                   
The control sequence at the end of the top line
of your error message was never \def'ed. If you have
misspelled it (e.g., `\hobx'), type `I' and the correct
spelling (e.g., `I\hbox'). Otherwise just continue,
and I'll forget about whatever was undefined.

/Users/jrathi/Projects/pdf-2-latex/files/ai/use-microtype/ai_final.tex:8059: Mi
ssing number, treated as zero.
<to be read again> 
                   \@elt 
l.8059 \end{figure}
                   
A number should have been here; I inserted `0'.
(If you can't figure out why I needed to see a number,
look up `weird error' in the index to The TeXbook.)

/Users/jrathi/Projects/pdf-2-latex/files/ai/use-microtype/ai_final.tex:8059: Mi
ssing = inserted for \ifnum.
<to be read again> 
                   \@elt 
l.8059 \end{figure}
                   
I was expecting to see `<', `=', or `>'. Didn't.

/Users/jrathi/Projects/pdf-2-latex/files/ai/use-microtype/ai_final.tex:8059: Mi
ssing number, treated as zero.
<to be read again> 
                   \@elt 
l.8059 \end{figure}
                   
A number should have been here; I inserted `0'.
(If you can't figure out why I needed to see a number,
look up `weird error' in the index to The TeXbook.)


/Users/jrathi/Projects/pdf-2-latex/files/ai/use-microtype/ai_final.tex:8059: La
TeX Error: This may be a LaTeX bug.

See the LaTeX manual or LaTeX Companion for explanation.
Type  H <return>  for immediate help.
 ...                                              
                                                  
l.8059 \end{figure}
                   
Call for help

/Users/jrathi/Projects/pdf-2-latex/files/ai/use-microtype/ai_final.tex:8059: Un
defined control sequence.
\@addmarginpar ...advance \@tempdima \ht \@marbox 
                                                  \ifdim \@tempdima >\z@ \@l...
l.8059 \end{figure}
                   
The control sequence at the end of the top line
of your error message was never \def'ed. If you have
misspelled it (e.g., `\hobx'), type `I' and the correct
spelling (e.g., `I\hbox'). Otherwise just continue,
and I'll forget about whatever was undefined.

/Users/jrathi/Projects/pdf-2-latex/files/ai/use-microtype/ai_final.tex:8059: Ba
d register code (-88054821).
\@addmarginpar ...e \space moved}\else \@tempdima 
                                                  \z@ \fi \global \@mparbott...
l.8059 \end{figure}
                   
A register number must be between 0 and 32767.
I changed this one to zero.

/Users/jrathi/Projects/pdf-2-latex/files/ai/use-microtype/ai_final.tex:8059: Mi
ssing number, treated as zero.
<to be read again> 
                   \global 
l.8059 \end{figure}
                   
A number should have been here; I inserted `0'.
(If you can't figure out why I needed to see a number,
look up `weird error' in the index to The TeXbook.)

/Users/jrathi/Projects/pdf-2-latex/files/ai/use-microtype/ai_final.tex:8059: Il
legal unit of measure (pt inserted).
<to be read again> 
                   \global 
l.8059 \end{figure}
                   
Dimensions can be in units of em, ex, in, pt, pc,
cm, mm, dd, cc, bp, or sp; but yours is a new one!
I'll assume that you meant to say pt, for printer's points.
To recover gracefully from this error, it's best to
delete the erroneous units; e.g., type `2' to delete
two letters. (See Chapter 27 of The TeXbook.)

/Users/jrathi/Projects/pdf-2-latex/files/ai/use-microtype/ai_final.tex:8059: Un
defined control sequence.
\@addmarginpar ...vance \@mparbottom \dp \@marbox 
                                                  \global \advance \@mparbot...
l.8059 \end{figure}
                   
The control sequence at the end of the top line
of your error message was never \def'ed. If you have
misspelled it (e.g., `\hobx'), type `I' and the correct
spelling (e.g., `I\hbox'). Otherwise just continue,
and I'll forget about whatever was undefined.

/Users/jrathi/Projects/pdf-2-latex/files/ai/use-microtype/ai_final.tex:8059: Mi
ssing number, treated as zero.
<to be read again> 
                   \global 
l.8059 \end{figure}
                   
A number should have been here; I inserted `0'.
(If you can't figure out why I needed to see a number,
look up `weird error' in the index to The TeXbook.)

/Users/jrathi/Projects/pdf-2-latex/files/ai/use-microtype/ai_final.tex:8059: Un
defined control sequence.
\@addmarginpar ...dvance \@tempdima -\ht \@marbox 
                                                  \global \setbox \@marbox \...
l.8059 \end{figure}
                   
The control sequence at the end of the top line
of your error message was never \def'ed. If you have
misspelled it (e.g., `\hobx'), type `I' and the correct
spelling (e.g., `I\hbox'). Otherwise just continue,
and I'll forget about whatever was undefined.

/Users/jrathi/Projects/pdf-2-latex/files/ai/use-microtype/ai_final.tex:8059: Mi
ssing number, treated as zero.
<to be read again> 
                   \global 
l.8059 \end{figure}
                   
A number should have been here; I inserted `0'.
(If you can't figure out why I needed to see a number,
look up `weird error' in the index to The TeXbook.)

/Users/jrathi/Projects/pdf-2-latex/files/ai/use-microtype/ai_final.tex:8059: Un
defined control sequence.
\@addmarginpar ...marbox \global \setbox \@marbox 
                                                  \vbox {\vskip \@tempdima \...
l.8059 \end{figure}
                   
The control sequence at the end of the top line
of your error message was never \def'ed. If you have
misspelled it (e.g., `\hobx'), type `I' and the correct
spelling (e.g., `I\hbox'). Otherwise just continue,
and I'll forget about whatever was undefined.

/Users/jrathi/Projects/pdf-2-latex/files/ai/use-microtype/ai_final.tex:8059: Mi
ssing number, treated as zero.
<to be read again> 
                   \vbox 
l.8059 \end{figure}
                   
A number should have been here; I inserted `0'.
(If you can't figure out why I needed to see a number,
look up `weird error' in the index to The TeXbook.)

/Users/jrathi/Projects/pdf-2-latex/files/ai/use-microtype/ai_final.tex:8059: Un
defined control sequence.
\@addmarginpar ...\vskip \@tempdima \box \@marbox 
                                                  }\global \ht \@marbox \z@ ...
l.8059 \end{figure}
                   
The control sequence at the end of the top line
of your error message was never \def'ed. If you have
misspelled it (e.g., `\hobx'), type `I' and the correct
spelling (e.g., `I\hbox'). Otherwise just continue,
and I'll forget about whatever was undefined.

/Users/jrathi/Projects/pdf-2-latex/files/ai/use-microtype/ai_final.tex:8059: Mi
ssing number, treated as zero.
<to be read again> 
                   }
l.8059 \end{figure}
                   
A number should have been here; I inserted `0'.
(If you can't figure out why I needed to see a number,
look up `weird error' in the index to The TeXbook.)

/Users/jrathi/Projects/pdf-2-latex/files/ai/use-microtype/ai_final.tex:8059: Un
defined control sequence.
\@addmarginpar ... \@marbox }\global \ht \@marbox 
                                                  \z@ \global \dp \@marbox \...
l.8059 \end{figure}
                   
The control sequence at the end of the top line
of your error message was never \def'ed. If you have
misspelled it (e.g., `\hobx'), type `I' and the correct
spelling (e.g., `I\hbox'). Otherwise just continue,
and I'll forget about whatever was undefined.

/Users/jrathi/Projects/pdf-2-latex/files/ai/use-microtype/ai_final.tex:8059: Mi
ssing number, treated as zero.
<to be read again> 
                   \global 
l.8059 \end{figure}
                   
A number should have been here; I inserted `0'.
(If you can't figure out why I needed to see a number,
look up `weird error' in the index to The TeXbook.)

/Users/jrathi/Projects/pdf-2-latex/files/ai/use-microtype/ai_final.tex:8059: Il
legal unit of measure (pt inserted).
<to be read again> 
                   \global 
l.8059 \end{figure}
                   
Dimensions can be in units of em, ex, in, pt, pc,
cm, mm, dd, cc, bp, or sp; but yours is a new one!
I'll assume that you meant to say pt, for printer's points.
To recover gracefully from this error, it's best to
delete the erroneous units; e.g., type `2' to delete
two letters. (See Chapter 27 of The TeXbook.)

/Users/jrathi/Projects/pdf-2-latex/files/ai/use-microtype/ai_final.tex:8059: Un
defined control sequence.
\@addmarginpar ...marbox \z@ \global \dp \@marbox 
                                                  \z@ \kern -\@pagedp \noint...
l.8059 \end{figure}
                   
The control sequence at the end of the top line
of your error message was never \def'ed. If you have
misspelled it (e.g., `\hobx'), type `I' and the correct
spelling (e.g., `I\hbox'). Otherwise just continue,
and I'll forget about whatever was undefined.

/Users/jrathi/Projects/pdf-2-latex/files/ai/use-microtype/ai_final.tex:8059: Mi
ssing number, treated as zero.
<to be read again> 
                   \kern 
l.8059 \end{figure}
                   
A number should have been here; I inserted `0'.
(If you can't figure out why I needed to see a number,
look up `weird error' in the index to The TeXbook.)

/Users/jrathi/Projects/pdf-2-latex/files/ai/use-microtype/ai_final.tex:8059: Il
legal unit of measure (pt inserted).
<to be read again> 
                   \kern 
l.8059 \end{figure}
                   
Dimensions can be in units of em, ex, in, pt, pc,
cm, mm, dd, cc, bp, or sp; but yours is a new one!
I'll assume that you meant to say pt, for printer's points.
To recover gracefully from this error, it's best to
delete the erroneous units; e.g., type `2' to delete
two letters. (See Chapter 27 of The TeXbook.)

/Users/jrathi/Projects/pdf-2-latex/files/ai/use-microtype/ai_final.tex:8059: Un
defined control sequence.
\@addmarginpar ...arginparwidth \fi \box \@marbox 
                                                  \hss }\nointerlineskip \hb...
l.8059 \end{figure}
                   
The control sequence at the end of the top line
of your error message was never \def'ed. If you have
misspelled it (e.g., `\hobx'), type `I' and the correct
spelling (e.g., `I\hbox'). Otherwise just continue,
and I'll forget about whatever was undefined.

/Users/jrathi/Projects/pdf-2-latex/files/ai/use-microtype/ai_final.tex:8059: Mi
ssing number, treated as zero.
<to be read again> 
                   \hss 
l.8059 \end{figure}
                   
A number should have been here; I inserted `0'.
(If you can't figure out why I needed to see a number,
look up `weird error' in the index to The TeXbook.)



[225]

[226]
Overfull \hbox (38.25pt too wide) in paragraph at lines 8071--8071
[]    \TU/lmtt/m/n/10 For all $\left(\boldsymbol{q}^{p}, t^{p}\right) \in$ Trai
ningExamples[] 
 []


Overfull \hbox (64.5pt too wide) in paragraph at lines 8071--8071
[]        \TU/lmtt/m/n/10 Calculate network output $y^{p}=\boldsymbol{w}^{p} \b
oldsymbol{q}^{p}$[] 
 []


Overfull \hbox (185.25pt too wide) in paragraph at lines 8071--8071
[]        \TU/lmtt/m/n/10 $\Delta \boldsymbol{w}=\Delta \boldsymbol{w}+\eta\lef
t(t^{p}-y^{p}\right) \boldsymbol{q}^{p}$[] 
 []


Overfull \hbox (46.14828pt too wide) in paragraph at lines 8077--8077
 []\TU/Georgia(0)/b/n/14.4 DeltaLearningIncremental(TrainingExamples, 
 []


Package hyperref Warning: Token not allowed in a PDF string (Unicode):
(hyperref)                removing `math shift' on input line 8077.


Package hyperref Warning: Token not allowed in a PDF string (Unicode):
(hyperref)                removing `\eta' on input line 8077.


Package hyperref Warning: Token not allowed in a PDF string (Unicode):
(hyperref)                removing `math shift' on input line 8077.



[227]

[228]

/Users/jrathi/Projects/pdf-2-latex/files/ai/use-microtype/ai_final.tex:8123: La
TeX Error: Too many unprocessed floats.

See the LaTeX manual or LaTeX Companion for explanation.
Type  H <return>  for immediate help.
 ...                                              
                                                  
l.8123 \begin{figure}[h]
                        
You've lost some text.  Try typing  <return>  to proceed.
If that doesn't work, type  X <return>  to quit.

/Users/jrathi/Projects/pdf-2-latex/files/ai/use-microtype/ai_final.tex:8123: Un
defined control sequence.
\@xfloat ...@fltovf \fi \global \setbox \@currbox 
                                                  \color@vbox \normalcolor \...
l.8123 \begin{figure}[h]
                        
The control sequence at the end of the top line
of your error message was never \def'ed. If you have
misspelled it (e.g., `\hobx'), type `I' and the correct
spelling (e.g., `I\hbox'). Otherwise just continue,
and I'll forget about whatever was undefined.

/Users/jrathi/Projects/pdf-2-latex/files/ai/use-microtype/ai_final.tex:8123: Mi
ssing number, treated as zero.
<to be read again> 
                   \vbox 
l.8123 \begin{figure}[h]
                        
A number should have been here; I inserted `0'.
(If you can't figure out why I needed to see a number,
look up `weird error' in the index to The TeXbook.)

File: ./images/2025_05_12_af19cd5e0d1b8a465ffeg-274.jpg Graphic file (type bmp)

<./images/2025_05_12_af19cd5e0d1b8a465ffeg-274.jpg>

Underfull \hbox (badness 10000) in paragraph at lines 8126--8126

 []

/Users/jrathi/Projects/pdf-2-latex/files/ai/use-microtype/ai_final.tex:8127: Un
defined control sequence.
\@largefloatcheck ->\ifdim \ht \@currbox 
                                         >\textheight \@tempdima -\textheigh...
l.8127 \end{figure}
                   
The control sequence at the end of the top line
of your error message was never \def'ed. If you have
misspelled it (e.g., `\hobx'), type `I' and the correct
spelling (e.g., `I\hbox'). Otherwise just continue,
and I'll forget about whatever was undefined.

/Users/jrathi/Projects/pdf-2-latex/files/ai/use-microtype/ai_final.tex:8127: Mi
ssing number, treated as zero.
<to be read again> 
                   >
l.8127 \end{figure}
                   
A number should have been here; I inserted `0'.
(If you can't figure out why I needed to see a number,
look up `weird error' in the index to The TeXbook.)

/Users/jrathi/Projects/pdf-2-latex/files/ai/use-microtype/ai_final.tex:8127: Un
defined control sequence.
<argument> \@currbox 
                     
l.8127 \end{figure}
                   
The control sequence at the end of the top line
of your error message was never \def'ed. If you have
misspelled it (e.g., `\hobx'), type `I' and the correct
spelling (e.g., `I\hbox'). Otherwise just continue,
and I'll forget about whatever was undefined.

/Users/jrathi/Projects/pdf-2-latex/files/ai/use-microtype/ai_final.tex:8127: Ar
gument of \@xnext has an extra }.
<inserted text> 
                \par 
l.8127 \end{figure}
                   
I've run across a `}' that doesn't seem to match anything.
For example, `\def\a#1{...}' and `\a}' would produce
this error. If you simply proceed now, the `\par' that
I've just inserted will cause me to report a runaway
argument that might be the root of the problem. But if
your `}' was spurious, just type `2' and it will go away.

Runaway argument?
\@currbox \@currlist \ifnum \count \@currbox >\z@ \advance \@pageht \@pagedp \E
TC.
/Users/jrathi/Projects/pdf-2-latex/files/ai/use-microtype/ai_final.tex:8127: Pa
ragraph ended before \@xnext was complete.
<to be read again> 
                   \par 
l.8127 \end{figure}
                   
I suspect you've forgotten a `}', causing me to apply this
control sequence to too much text. How can we recover?
My plan is to forget the whole thing and hope for the best.

/Users/jrathi/Projects/pdf-2-latex/files/ai/use-microtype/ai_final.tex:8127: Ex
tra \else.
\end@float ...pdima \penalty \@floatpenalty \else 
                                                  \vadjust {\penalty -\@Miv ...
l.8127 \end{figure}
                   
I'm ignoring this; it doesn't match any \if.

/Users/jrathi/Projects/pdf-2-latex/files/ai/use-microtype/ai_final.tex:8127: Yo
u can't use `\vadjust' in vertical mode.
\end@float ...nalty \@floatpenalty \else \vadjust 
                                                  {\penalty -\@Miv \vbox {}\...
l.8127 \end{figure}
                   
Sorry, but I'm not programmed to handle this case;
I'll just pretend that you didn't ask for it.
If you're in the wrong mode, you might be able to
return to the right one by typing `I}' or `I$' or `I\par'.

/Users/jrathi/Projects/pdf-2-latex/files/ai/use-microtype/ai_final.tex:8127: Ar
gument of \@xnext has an extra }.
<inserted text> 
                \par 
l.8127 \end{figure}
                   
I've run across a `}' that doesn't seem to match anything.
For example, `\def\a#1{...}' and `\a}' would produce
this error. If you simply proceed now, the `\par' that
I've just inserted will cause me to report a runaway
argument that might be the root of the problem. But if
your `}' was spurious, just type `2' and it will go away.

Runaway argument?
\@currbox \@currlist \ifnum \count \@currbox >\z@ \advance \@pageht \@pagedp \E
TC.
/Users/jrathi/Projects/pdf-2-latex/files/ai/use-microtype/ai_final.tex:8127: Pa
ragraph ended before \@xnext was complete.
<to be read again> 
                   \par 
l.8127 \end{figure}
                   
I suspect you've forgotten a `}', causing me to apply this
control sequence to too much text. How can we recover?
My plan is to forget the whole thing and hope for the best.


/Users/jrathi/Projects/pdf-2-latex/files/ai/use-microtype/ai_final.tex:8150: La
TeX Error: Too many unprocessed floats.

See the LaTeX manual or LaTeX Companion for explanation.
Type  H <return>  for immediate help.
 ...                                              
                                                  
l.8150 \begin{figure}[h]
                        
You've lost some text.  Try typing  <return>  to proceed.
If that doesn't work, type  X <return>  to quit.

/Users/jrathi/Projects/pdf-2-latex/files/ai/use-microtype/ai_final.tex:8150: Un
defined control sequence.
\@xfloat ...@fltovf \fi \global \setbox \@currbox 
                                                  \color@vbox \normalcolor \...
l.8150 \begin{figure}[h]
                        
The control sequence at the end of the top line
of your error message was never \def'ed. If you have
misspelled it (e.g., `\hobx'), type `I' and the correct
spelling (e.g., `I\hbox'). Otherwise just continue,
and I'll forget about whatever was undefined.

/Users/jrathi/Projects/pdf-2-latex/files/ai/use-microtype/ai_final.tex:8150: Mi
ssing number, treated as zero.
<to be read again> 
                   \vbox 
l.8150 \begin{figure}[h]
                        
A number should have been here; I inserted `0'.
(If you can't figure out why I needed to see a number,
look up `weird error' in the index to The TeXbook.)

File: ./images/2025_05_12_af19cd5e0d1b8a465ffeg-275.jpg Graphic file (type bmp)

<./images/2025_05_12_af19cd5e0d1b8a465ffeg-275.jpg>

Underfull \hbox (badness 10000) in paragraph at lines 8153--8153

 []

/Users/jrathi/Projects/pdf-2-latex/files/ai/use-microtype/ai_final.tex:8154: Un
defined control sequence.
\@largefloatcheck ->\ifdim \ht \@currbox 
                                         >\textheight \@tempdima -\textheigh...
l.8154 \end{figure}
                   
The control sequence at the end of the top line
of your error message was never \def'ed. If you have
misspelled it (e.g., `\hobx'), type `I' and the correct
spelling (e.g., `I\hbox'). Otherwise just continue,
and I'll forget about whatever was undefined.

/Users/jrathi/Projects/pdf-2-latex/files/ai/use-microtype/ai_final.tex:8154: Mi
ssing number, treated as zero.
<to be read again> 
                   >
l.8154 \end{figure}
                   
A number should have been here; I inserted `0'.
(If you can't figure out why I needed to see a number,
look up `weird error' in the index to The TeXbook.)

/Users/jrathi/Projects/pdf-2-latex/files/ai/use-microtype/ai_final.tex:8154: Un
defined control sequence.
<argument> \@currbox 
                     
l.8154 \end{figure}
                   
The control sequence at the end of the top line
of your error message was never \def'ed. If you have
misspelled it (e.g., `\hobx'), type `I' and the correct
spelling (e.g., `I\hbox'). Otherwise just continue,
and I'll forget about whatever was undefined.

/Users/jrathi/Projects/pdf-2-latex/files/ai/use-microtype/ai_final.tex:8154: Mi
ssing number, treated as zero.
<to be read again> 
                   \@elt 
l.8154 \end{figure}
                   
A number should have been here; I inserted `0'.
(If you can't figure out why I needed to see a number,
look up `weird error' in the index to The TeXbook.)

/Users/jrathi/Projects/pdf-2-latex/files/ai/use-microtype/ai_final.tex:8154: Mi
ssing = inserted for \ifnum.
<to be read again> 
                   \@elt 
l.8154 \end{figure}
                   
I was expecting to see `<', `=', or `>'. Didn't.

/Users/jrathi/Projects/pdf-2-latex/files/ai/use-microtype/ai_final.tex:8154: Mi
ssing number, treated as zero.
<to be read again> 
                   \@elt 
l.8154 \end{figure}
                   
A number should have been here; I inserted `0'.
(If you can't figure out why I needed to see a number,
look up `weird error' in the index to The TeXbook.)


/Users/jrathi/Projects/pdf-2-latex/files/ai/use-microtype/ai_final.tex:8154: La
TeX Error: This may be a LaTeX bug.

See the LaTeX manual or LaTeX Companion for explanation.
Type  H <return>  for immediate help.
 ...                                              
                                                  
l.8154 \end{figure}
                   
Call for help

/Users/jrathi/Projects/pdf-2-latex/files/ai/use-microtype/ai_final.tex:8154: Un
defined control sequence.
\@addmarginpar ...advance \@tempdima \ht \@marbox 
                                                  \ifdim \@tempdima >\z@ \@l...
l.8154 \end{figure}
                   
The control sequence at the end of the top line
of your error message was never \def'ed. If you have
misspelled it (e.g., `\hobx'), type `I' and the correct
spelling (e.g., `I\hbox'). Otherwise just continue,
and I'll forget about whatever was undefined.

/Users/jrathi/Projects/pdf-2-latex/files/ai/use-microtype/ai_final.tex:8154: Ba
d register code (-31573489).
\@addmarginpar ...e \space moved}\else \@tempdima 
                                                  \z@ \fi \global \@mparbott...
l.8154 \end{figure}
                   
A register number must be between 0 and 32767.
I changed this one to zero.

/Users/jrathi/Projects/pdf-2-latex/files/ai/use-microtype/ai_final.tex:8154: Mi
ssing number, treated as zero.
<to be read again> 
                   \global 
l.8154 \end{figure}
                   
A number should have been here; I inserted `0'.
(If you can't figure out why I needed to see a number,
look up `weird error' in the index to The TeXbook.)

/Users/jrathi/Projects/pdf-2-latex/files/ai/use-microtype/ai_final.tex:8154: Il
legal unit of measure (pt inserted).
<to be read again> 
                   \global 
l.8154 \end{figure}
                   
Dimensions can be in units of em, ex, in, pt, pc,
cm, mm, dd, cc, bp, or sp; but yours is a new one!
I'll assume that you meant to say pt, for printer's points.
To recover gracefully from this error, it's best to
delete the erroneous units; e.g., type `2' to delete
two letters. (See Chapter 27 of The TeXbook.)

/Users/jrathi/Projects/pdf-2-latex/files/ai/use-microtype/ai_final.tex:8154: Un
defined control sequence.
\@addmarginpar ...vance \@mparbottom \dp \@marbox 
                                                  \global \advance \@mparbot...
l.8154 \end{figure}
                   
The control sequence at the end of the top line
of your error message was never \def'ed. If you have
misspelled it (e.g., `\hobx'), type `I' and the correct
spelling (e.g., `I\hbox'). Otherwise just continue,
and I'll forget about whatever was undefined.

/Users/jrathi/Projects/pdf-2-latex/files/ai/use-microtype/ai_final.tex:8154: Mi
ssing number, treated as zero.
<to be read again> 
                   \global 
l.8154 \end{figure}
                   
A number should have been here; I inserted `0'.
(If you can't figure out why I needed to see a number,
look up `weird error' in the index to The TeXbook.)

/Users/jrathi/Projects/pdf-2-latex/files/ai/use-microtype/ai_final.tex:8154: Un
defined control sequence.
\@addmarginpar ...dvance \@tempdima -\ht \@marbox 
                                                  \global \setbox \@marbox \...
l.8154 \end{figure}
                   
The control sequence at the end of the top line
of your error message was never \def'ed. If you have
misspelled it (e.g., `\hobx'), type `I' and the correct
spelling (e.g., `I\hbox'). Otherwise just continue,
and I'll forget about whatever was undefined.

/Users/jrathi/Projects/pdf-2-latex/files/ai/use-microtype/ai_final.tex:8154: Mi
ssing number, treated as zero.
<to be read again> 
                   \global 
l.8154 \end{figure}
                   
A number should have been here; I inserted `0'.
(If you can't figure out why I needed to see a number,
look up `weird error' in the index to The TeXbook.)

/Users/jrathi/Projects/pdf-2-latex/files/ai/use-microtype/ai_final.tex:8154: Un
defined control sequence.
\@addmarginpar ...marbox \global \setbox \@marbox 
                                                  \vbox {\vskip \@tempdima \...
l.8154 \end{figure}
                   
The control sequence at the end of the top line
of your error message was never \def'ed. If you have
misspelled it (e.g., `\hobx'), type `I' and the correct
spelling (e.g., `I\hbox'). Otherwise just continue,
and I'll forget about whatever was undefined.

/Users/jrathi/Projects/pdf-2-latex/files/ai/use-microtype/ai_final.tex:8154: Mi
ssing number, treated as zero.
<to be read again> 
                   \vbox 
l.8154 \end{figure}
                   
A number should have been here; I inserted `0'.
(If you can't figure out why I needed to see a number,
look up `weird error' in the index to The TeXbook.)

/Users/jrathi/Projects/pdf-2-latex/files/ai/use-microtype/ai_final.tex:8154: Un
defined control sequence.
\@addmarginpar ...\vskip \@tempdima \box \@marbox 
                                                  }\global \ht \@marbox \z@ ...
l.8154 \end{figure}
                   
The control sequence at the end of the top line
of your error message was never \def'ed. If you have
misspelled it (e.g., `\hobx'), type `I' and the correct
spelling (e.g., `I\hbox'). Otherwise just continue,
and I'll forget about whatever was undefined.

/Users/jrathi/Projects/pdf-2-latex/files/ai/use-microtype/ai_final.tex:8154: Mi
ssing number, treated as zero.
<to be read again> 
                   }
l.8154 \end{figure}
                   
A number should have been here; I inserted `0'.
(If you can't figure out why I needed to see a number,
look up `weird error' in the index to The TeXbook.)

/Users/jrathi/Projects/pdf-2-latex/files/ai/use-microtype/ai_final.tex:8154: Un
defined control sequence.
\@addmarginpar ... \@marbox }\global \ht \@marbox 
                                                  \z@ \global \dp \@marbox \...
l.8154 \end{figure}
                   
The control sequence at the end of the top line
of your error message was never \def'ed. If you have
misspelled it (e.g., `\hobx'), type `I' and the correct
spelling (e.g., `I\hbox'). Otherwise just continue,
and I'll forget about whatever was undefined.

/Users/jrathi/Projects/pdf-2-latex/files/ai/use-microtype/ai_final.tex:8154: Mi
ssing number, treated as zero.
<to be read again> 
                   \global 
l.8154 \end{figure}
                   
A number should have been here; I inserted `0'.
(If you can't figure out why I needed to see a number,
look up `weird error' in the index to The TeXbook.)

/Users/jrathi/Projects/pdf-2-latex/files/ai/use-microtype/ai_final.tex:8154: Il
legal unit of measure (pt inserted).
<to be read again> 
                   \global 
l.8154 \end{figure}
                   
Dimensions can be in units of em, ex, in, pt, pc,
cm, mm, dd, cc, bp, or sp; but yours is a new one!
I'll assume that you meant to say pt, for printer's points.
To recover gracefully from this error, it's best to
delete the erroneous units; e.g., type `2' to delete
two letters. (See Chapter 27 of The TeXbook.)

/Users/jrathi/Projects/pdf-2-latex/files/ai/use-microtype/ai_final.tex:8154: Un
defined control sequence.
\@addmarginpar ...marbox \z@ \global \dp \@marbox 
                                                  \z@ \kern -\@pagedp \noint...
l.8154 \end{figure}
                   
The control sequence at the end of the top line
of your error message was never \def'ed. If you have
misspelled it (e.g., `\hobx'), type `I' and the correct
spelling (e.g., `I\hbox'). Otherwise just continue,
and I'll forget about whatever was undefined.

/Users/jrathi/Projects/pdf-2-latex/files/ai/use-microtype/ai_final.tex:8154: Mi
ssing number, treated as zero.
<to be read again> 
                   \kern 
l.8154 \end{figure}
                   
A number should have been here; I inserted `0'.
(If you can't figure out why I needed to see a number,
look up `weird error' in the index to The TeXbook.)

/Users/jrathi/Projects/pdf-2-latex/files/ai/use-microtype/ai_final.tex:8154: Il
legal unit of measure (pt inserted).
<to be read again> 
                   \kern 
l.8154 \end{figure}
                   
Dimensions can be in units of em, ex, in, pt, pc,
cm, mm, dd, cc, bp, or sp; but yours is a new one!
I'll assume that you meant to say pt, for printer's points.
To recover gracefully from this error, it's best to
delete the erroneous units; e.g., type `2' to delete
two letters. (See Chapter 27 of The TeXbook.)

/Users/jrathi/Projects/pdf-2-latex/files/ai/use-microtype/ai_final.tex:8154: Un
defined control sequence.
\@addmarginpar ...arginparwidth \fi \box \@marbox 
                                                  \hss }\nointerlineskip \hb...
l.8154 \end{figure}
                   
The control sequence at the end of the top line
of your error message was never \def'ed. If you have
misspelled it (e.g., `\hobx'), type `I' and the correct
spelling (e.g., `I\hbox'). Otherwise just continue,
and I'll forget about whatever was undefined.

/Users/jrathi/Projects/pdf-2-latex/files/ai/use-microtype/ai_final.tex:8154: Mi
ssing number, treated as zero.
<to be read again> 
                   \hss 
l.8154 \end{figure}
                   
A number should have been here; I inserted `0'.
(If you can't figure out why I needed to see a number,
look up `weird error' in the index to The TeXbook.)



[229]

[230]

/Users/jrathi/Projects/pdf-2-latex/files/ai/use-microtype/ai_final.tex:8195: La
TeX Error: Too many unprocessed floats.

See the LaTeX manual or LaTeX Companion for explanation.
Type  H <return>  for immediate help.
 ...                                              
                                                  
l.8195 \begin{figure}[h]
                        
You've lost some text.  Try typing  <return>  to proceed.
If that doesn't work, type  X <return>  to quit.

/Users/jrathi/Projects/pdf-2-latex/files/ai/use-microtype/ai_final.tex:8195: Un
defined control sequence.
\@xfloat ...@fltovf \fi \global \setbox \@currbox 
                                                  \color@vbox \normalcolor \...
l.8195 \begin{figure}[h]
                        
The control sequence at the end of the top line
of your error message was never \def'ed. If you have
misspelled it (e.g., `\hobx'), type `I' and the correct
spelling (e.g., `I\hbox'). Otherwise just continue,
and I'll forget about whatever was undefined.

/Users/jrathi/Projects/pdf-2-latex/files/ai/use-microtype/ai_final.tex:8195: Mi
ssing number, treated as zero.
<to be read again> 
                   \vbox 
l.8195 \begin{figure}[h]
                        
A number should have been here; I inserted `0'.
(If you can't figure out why I needed to see a number,
look up `weird error' in the index to The TeXbook.)

File: ./images/2025_05_12_af19cd5e0d1b8a465ffeg-276.jpg Graphic file (type bmp)

<./images/2025_05_12_af19cd5e0d1b8a465ffeg-276.jpg>
/Users/jrathi/Projects/pdf-2-latex/files/ai/use-microtype/ai_final.tex:8199: Un
defined control sequence.
\@largefloatcheck ->\ifdim \ht \@currbox 
                                         >\textheight \@tempdima -\textheigh...
l.8199 \end{figure}
                   
The control sequence at the end of the top line
of your error message was never \def'ed. If you have
misspelled it (e.g., `\hobx'), type `I' and the correct
spelling (e.g., `I\hbox'). Otherwise just continue,
and I'll forget about whatever was undefined.

/Users/jrathi/Projects/pdf-2-latex/files/ai/use-microtype/ai_final.tex:8199: Mi
ssing number, treated as zero.
<to be read again> 
                   >
l.8199 \end{figure}
                   
A number should have been here; I inserted `0'.
(If you can't figure out why I needed to see a number,
look up `weird error' in the index to The TeXbook.)

/Users/jrathi/Projects/pdf-2-latex/files/ai/use-microtype/ai_final.tex:8199: Un
defined control sequence.
<argument> \@currbox 
                     
l.8199 \end{figure}
                   
The control sequence at the end of the top line
of your error message was never \def'ed. If you have
misspelled it (e.g., `\hobx'), type `I' and the correct
spelling (e.g., `I\hbox'). Otherwise just continue,
and I'll forget about whatever was undefined.

/Users/jrathi/Projects/pdf-2-latex/files/ai/use-microtype/ai_final.tex:8199: Ar
gument of \@xnext has an extra }.
<inserted text> 
                \par 
l.8199 \end{figure}
                   
I've run across a `}' that doesn't seem to match anything.
For example, `\def\a#1{...}' and `\a}' would produce
this error. If you simply proceed now, the `\par' that
I've just inserted will cause me to report a runaway
argument that might be the root of the problem. But if
your `}' was spurious, just type `2' and it will go away.

Runaway argument?
\@currbox \@currlist \ifnum \count \@currbox >\z@ \advance \@pageht \@pagedp \E
TC.
/Users/jrathi/Projects/pdf-2-latex/files/ai/use-microtype/ai_final.tex:8199: Pa
ragraph ended before \@xnext was complete.
<to be read again> 
                   \par 
l.8199 \end{figure}
                   
I suspect you've forgotten a `}', causing me to apply this
control sequence to too much text. How can we recover?
My plan is to forget the whole thing and hope for the best.

/Users/jrathi/Projects/pdf-2-latex/files/ai/use-microtype/ai_final.tex:8199: Ex
tra \else.
\end@float ...pdima \penalty \@floatpenalty \else 
                                                  \vadjust {\penalty -\@Miv ...
l.8199 \end{figure}
                   
I'm ignoring this; it doesn't match any \if.

/Users/jrathi/Projects/pdf-2-latex/files/ai/use-microtype/ai_final.tex:8199: Yo
u can't use `\vadjust' in vertical mode.
\end@float ...nalty \@floatpenalty \else \vadjust 
                                                  {\penalty -\@Miv \vbox {}\...
l.8199 \end{figure}
                   
Sorry, but I'm not programmed to handle this case;
I'll just pretend that you didn't ask for it.
If you're in the wrong mode, you might be able to
return to the right one by typing `I}' or `I$' or `I\par'.

/Users/jrathi/Projects/pdf-2-latex/files/ai/use-microtype/ai_final.tex:8199: Ar
gument of \@xnext has an extra }.
<inserted text> 
                \par 
l.8199 \end{figure}
                   
I've run across a `}' that doesn't seem to match anything.
For example, `\def\a#1{...}' and `\a}' would produce
this error. If you simply proceed now, the `\par' that
I've just inserted will cause me to report a runaway
argument that might be the root of the problem. But if
your `}' was spurious, just type `2' and it will go away.

Runaway argument?
\@currbox \@currlist \ifnum \count \@currbox >\z@ \advance \@pageht \@pagedp \E
TC.
/Users/jrathi/Projects/pdf-2-latex/files/ai/use-microtype/ai_final.tex:8199: Pa
ragraph ended before \@xnext was complete.
<to be read again> 
                   \par 
l.8199 \end{figure}
                   
I suspect you've forgotten a `}', causing me to apply this
control sequence to too much text. How can we recover?
My plan is to forget the whole thing and hope for the best.


/Users/jrathi/Projects/pdf-2-latex/files/ai/use-microtype/ai_final.tex:8200: La
TeX Error: Too many unprocessed floats.

See the LaTeX manual or LaTeX Companion for explanation.
Type  H <return>  for immediate help.
 ...                                              
                                                  
l.8200 \begin{figure}[h]
                        
You've lost some text.  Try typing  <return>  to proceed.
If that doesn't work, type  X <return>  to quit.

/Users/jrathi/Projects/pdf-2-latex/files/ai/use-microtype/ai_final.tex:8200: Un
defined control sequence.
\@xfloat ...@fltovf \fi \global \setbox \@currbox 
                                                  \color@vbox \normalcolor \...
l.8200 \begin{figure}[h]
                        
The control sequence at the end of the top line
of your error message was never \def'ed. If you have
misspelled it (e.g., `\hobx'), type `I' and the correct
spelling (e.g., `I\hbox'). Otherwise just continue,
and I'll forget about whatever was undefined.

/Users/jrathi/Projects/pdf-2-latex/files/ai/use-microtype/ai_final.tex:8200: Mi
ssing number, treated as zero.
<to be read again> 
                   \vbox 
l.8200 \begin{figure}[h]
                        
A number should have been here; I inserted `0'.
(If you can't figure out why I needed to see a number,
look up `weird error' in the index to The TeXbook.)

File: ./images/2025_05_12_af19cd5e0d1b8a465ffeg-277.jpg Graphic file (type bmp)

<./images/2025_05_12_af19cd5e0d1b8a465ffeg-277.jpg>
/Users/jrathi/Projects/pdf-2-latex/files/ai/use-microtype/ai_final.tex:8204: Un
defined control sequence.
\@largefloatcheck ->\ifdim \ht \@currbox 
                                         >\textheight \@tempdima -\textheigh...
l.8204 \end{figure}
                   
The control sequence at the end of the top line
of your error message was never \def'ed. If you have
misspelled it (e.g., `\hobx'), type `I' and the correct
spelling (e.g., `I\hbox'). Otherwise just continue,
and I'll forget about whatever was undefined.

/Users/jrathi/Projects/pdf-2-latex/files/ai/use-microtype/ai_final.tex:8204: Mi
ssing number, treated as zero.
<to be read again> 
                   >
l.8204 \end{figure}
                   
A number should have been here; I inserted `0'.
(If you can't figure out why I needed to see a number,
look up `weird error' in the index to The TeXbook.)

/Users/jrathi/Projects/pdf-2-latex/files/ai/use-microtype/ai_final.tex:8204: Un
defined control sequence.
<argument> \@currbox 
                     
l.8204 \end{figure}
                   
The control sequence at the end of the top line
of your error message was never \def'ed. If you have
misspelled it (e.g., `\hobx'), type `I' and the correct
spelling (e.g., `I\hbox'). Otherwise just continue,
and I'll forget about whatever was undefined.

/Users/jrathi/Projects/pdf-2-latex/files/ai/use-microtype/ai_final.tex:8204: Mi
ssing number, treated as zero.
<to be read again> 
                   \@elt 
l.8204 \end{figure}
                   
A number should have been here; I inserted `0'.
(If you can't figure out why I needed to see a number,
look up `weird error' in the index to The TeXbook.)

/Users/jrathi/Projects/pdf-2-latex/files/ai/use-microtype/ai_final.tex:8204: Mi
ssing = inserted for \ifnum.
<to be read again> 
                   \@elt 
l.8204 \end{figure}
                   
I was expecting to see `<', `=', or `>'. Didn't.

/Users/jrathi/Projects/pdf-2-latex/files/ai/use-microtype/ai_final.tex:8204: Mi
ssing number, treated as zero.
<to be read again> 
                   \@elt 
l.8204 \end{figure}
                   
A number should have been here; I inserted `0'.
(If you can't figure out why I needed to see a number,
look up `weird error' in the index to The TeXbook.)


/Users/jrathi/Projects/pdf-2-latex/files/ai/use-microtype/ai_final.tex:8204: La
TeX Error: This may be a LaTeX bug.

See the LaTeX manual or LaTeX Companion for explanation.
Type  H <return>  for immediate help.
 ...                                              
                                                  
l.8204 \end{figure}
                   
Call for help

/Users/jrathi/Projects/pdf-2-latex/files/ai/use-microtype/ai_final.tex:8204: Un
defined control sequence.
\@addmarginpar ...advance \@tempdima \ht \@marbox 
                                                  \ifdim \@tempdima >\z@ \@l...
l.8204 \end{figure}
                   
The control sequence at the end of the top line
of your error message was never \def'ed. If you have
misspelled it (e.g., `\hobx'), type `I' and the correct
spelling (e.g., `I\hbox'). Otherwise just continue,
and I'll forget about whatever was undefined.

/Users/jrathi/Projects/pdf-2-latex/files/ai/use-microtype/ai_final.tex:8204: Ba
d register code (-4729599).
\@addmarginpar ...e \space moved}\else \@tempdima 
                                                  \z@ \fi \global \@mparbott...
l.8204 \end{figure}
                   
A register number must be between 0 and 32767.
I changed this one to zero.

/Users/jrathi/Projects/pdf-2-latex/files/ai/use-microtype/ai_final.tex:8204: Mi
ssing number, treated as zero.
<to be read again> 
                   \global 
l.8204 \end{figure}
                   
A number should have been here; I inserted `0'.
(If you can't figure out why I needed to see a number,
look up `weird error' in the index to The TeXbook.)

/Users/jrathi/Projects/pdf-2-latex/files/ai/use-microtype/ai_final.tex:8204: Il
legal unit of measure (pt inserted).
<to be read again> 
                   \global 
l.8204 \end{figure}
                   
Dimensions can be in units of em, ex, in, pt, pc,
cm, mm, dd, cc, bp, or sp; but yours is a new one!
I'll assume that you meant to say pt, for printer's points.
To recover gracefully from this error, it's best to
delete the erroneous units; e.g., type `2' to delete
two letters. (See Chapter 27 of The TeXbook.)

/Users/jrathi/Projects/pdf-2-latex/files/ai/use-microtype/ai_final.tex:8204: Un
defined control sequence.
\@addmarginpar ...vance \@mparbottom \dp \@marbox 
                                                  \global \advance \@mparbot...
l.8204 \end{figure}
                   
The control sequence at the end of the top line
of your error message was never \def'ed. If you have
misspelled it (e.g., `\hobx'), type `I' and the correct
spelling (e.g., `I\hbox'). Otherwise just continue,
and I'll forget about whatever was undefined.

/Users/jrathi/Projects/pdf-2-latex/files/ai/use-microtype/ai_final.tex:8204: Mi
ssing number, treated as zero.
<to be read again> 
                   \global 
l.8204 \end{figure}
                   
A number should have been here; I inserted `0'.
(If you can't figure out why I needed to see a number,
look up `weird error' in the index to The TeXbook.)

/Users/jrathi/Projects/pdf-2-latex/files/ai/use-microtype/ai_final.tex:8204: Un
defined control sequence.
\@addmarginpar ...dvance \@tempdima -\ht \@marbox 
                                                  \global \setbox \@marbox \...
l.8204 \end{figure}
                   
The control sequence at the end of the top line
of your error message was never \def'ed. If you have
misspelled it (e.g., `\hobx'), type `I' and the correct
spelling (e.g., `I\hbox'). Otherwise just continue,
and I'll forget about whatever was undefined.

/Users/jrathi/Projects/pdf-2-latex/files/ai/use-microtype/ai_final.tex:8204: Mi
ssing number, treated as zero.
<to be read again> 
                   \global 
l.8204 \end{figure}
                   
A number should have been here; I inserted `0'.
(If you can't figure out why I needed to see a number,
look up `weird error' in the index to The TeXbook.)

/Users/jrathi/Projects/pdf-2-latex/files/ai/use-microtype/ai_final.tex:8204: Un
defined control sequence.
\@addmarginpar ...marbox \global \setbox \@marbox 
                                                  \vbox {\vskip \@tempdima \...
l.8204 \end{figure}
                   
The control sequence at the end of the top line
of your error message was never \def'ed. If you have
misspelled it (e.g., `\hobx'), type `I' and the correct
spelling (e.g., `I\hbox'). Otherwise just continue,
and I'll forget about whatever was undefined.

/Users/jrathi/Projects/pdf-2-latex/files/ai/use-microtype/ai_final.tex:8204: Mi
ssing number, treated as zero.
<to be read again> 
                   \vbox 
l.8204 \end{figure}
                   
A number should have been here; I inserted `0'.
(If you can't figure out why I needed to see a number,
look up `weird error' in the index to The TeXbook.)

/Users/jrathi/Projects/pdf-2-latex/files/ai/use-microtype/ai_final.tex:8204: Un
defined control sequence.
\@addmarginpar ...\vskip \@tempdima \box \@marbox 
                                                  }\global \ht \@marbox \z@ ...
l.8204 \end{figure}
                   
The control sequence at the end of the top line
of your error message was never \def'ed. If you have
misspelled it (e.g., `\hobx'), type `I' and the correct
spelling (e.g., `I\hbox'). Otherwise just continue,
and I'll forget about whatever was undefined.

/Users/jrathi/Projects/pdf-2-latex/files/ai/use-microtype/ai_final.tex:8204: Mi
ssing number, treated as zero.
<to be read again> 
                   }
l.8204 \end{figure}
                   
A number should have been here; I inserted `0'.
(If you can't figure out why I needed to see a number,
look up `weird error' in the index to The TeXbook.)

/Users/jrathi/Projects/pdf-2-latex/files/ai/use-microtype/ai_final.tex:8204: Un
defined control sequence.
\@addmarginpar ... \@marbox }\global \ht \@marbox 
                                                  \z@ \global \dp \@marbox \...
l.8204 \end{figure}
                   
The control sequence at the end of the top line
of your error message was never \def'ed. If you have
misspelled it (e.g., `\hobx'), type `I' and the correct
spelling (e.g., `I\hbox'). Otherwise just continue,
and I'll forget about whatever was undefined.

/Users/jrathi/Projects/pdf-2-latex/files/ai/use-microtype/ai_final.tex:8204: Mi
ssing number, treated as zero.
<to be read again> 
                   \global 
l.8204 \end{figure}
                   
A number should have been here; I inserted `0'.
(If you can't figure out why I needed to see a number,
look up `weird error' in the index to The TeXbook.)

/Users/jrathi/Projects/pdf-2-latex/files/ai/use-microtype/ai_final.tex:8204: Il
legal unit of measure (pt inserted).
<to be read again> 
                   \global 
l.8204 \end{figure}
                   
Dimensions can be in units of em, ex, in, pt, pc,
cm, mm, dd, cc, bp, or sp; but yours is a new one!
I'll assume that you meant to say pt, for printer's points.
To recover gracefully from this error, it's best to
delete the erroneous units; e.g., type `2' to delete
two letters. (See Chapter 27 of The TeXbook.)

/Users/jrathi/Projects/pdf-2-latex/files/ai/use-microtype/ai_final.tex:8204: Un
defined control sequence.
\@addmarginpar ...marbox \z@ \global \dp \@marbox 
                                                  \z@ \kern -\@pagedp \noint...
l.8204 \end{figure}
                   
The control sequence at the end of the top line
of your error message was never \def'ed. If you have
misspelled it (e.g., `\hobx'), type `I' and the correct
spelling (e.g., `I\hbox'). Otherwise just continue,
and I'll forget about whatever was undefined.

/Users/jrathi/Projects/pdf-2-latex/files/ai/use-microtype/ai_final.tex:8204: Mi
ssing number, treated as zero.
<to be read again> 
                   \kern 
l.8204 \end{figure}
                   
A number should have been here; I inserted `0'.
(If you can't figure out why I needed to see a number,
look up `weird error' in the index to The TeXbook.)

/Users/jrathi/Projects/pdf-2-latex/files/ai/use-microtype/ai_final.tex:8204: Il
legal unit of measure (pt inserted).
<to be read again> 
                   \kern 
l.8204 \end{figure}
                   
Dimensions can be in units of em, ex, in, pt, pc,
cm, mm, dd, cc, bp, or sp; but yours is a new one!
I'll assume that you meant to say pt, for printer's points.
To recover gracefully from this error, it's best to
delete the erroneous units; e.g., type `2' to delete
two letters. (See Chapter 27 of The TeXbook.)

/Users/jrathi/Projects/pdf-2-latex/files/ai/use-microtype/ai_final.tex:8204: Un
defined control sequence.
\@addmarginpar ...arginparwidth \fi \box \@marbox 
                                                  \hss }\nointerlineskip \hb...
l.8204 \end{figure}
                   
The control sequence at the end of the top line
of your error message was never \def'ed. If you have
misspelled it (e.g., `\hobx'), type `I' and the correct
spelling (e.g., `I\hbox'). Otherwise just continue,
and I'll forget about whatever was undefined.

/Users/jrathi/Projects/pdf-2-latex/files/ai/use-microtype/ai_final.tex:8204: Mi
ssing number, treated as zero.
<to be read again> 
                   \hss 
l.8204 \end{figure}
                   
A number should have been here; I inserted `0'.
(If you can't figure out why I needed to see a number,
look up `weird error' in the index to The TeXbook.)


/Users/jrathi/Projects/pdf-2-latex/files/ai/use-microtype/ai_final.tex:8219: La
TeX Error: Too many unprocessed floats.

See the LaTeX manual or LaTeX Companion for explanation.
Type  H <return>  for immediate help.
 ...                                              
                                                  
l.8219 \begin{figure}[h]
                        
You've lost some text.  Try typing  <return>  to proceed.
If that doesn't work, type  X <return>  to quit.

/Users/jrathi/Projects/pdf-2-latex/files/ai/use-microtype/ai_final.tex:8219: Un
defined control sequence.
\@xfloat ...@fltovf \fi \global \setbox \@currbox 
                                                  \color@vbox \normalcolor \...
l.8219 \begin{figure}[h]
                        
The control sequence at the end of the top line
of your error message was never \def'ed. If you have
misspelled it (e.g., `\hobx'), type `I' and the correct
spelling (e.g., `I\hbox'). Otherwise just continue,
and I'll forget about whatever was undefined.

/Users/jrathi/Projects/pdf-2-latex/files/ai/use-microtype/ai_final.tex:8219: Mi
ssing number, treated as zero.
<to be read again> 
                   \vbox 
l.8219 \begin{figure}[h]
                        
A number should have been here; I inserted `0'.
(If you can't figure out why I needed to see a number,
look up `weird error' in the index to The TeXbook.)

File: ./images/2025_05_12_af19cd5e0d1b8a465ffeg-278.jpg Graphic file (type bmp)

<./images/2025_05_12_af19cd5e0d1b8a465ffeg-278.jpg>
/Users/jrathi/Projects/pdf-2-latex/files/ai/use-microtype/ai_final.tex:8223: Un
defined control sequence.
\@largefloatcheck ->\ifdim \ht \@currbox 
                                         >\textheight \@tempdima -\textheigh...
l.8223 \end{figure}
                   
The control sequence at the end of the top line
of your error message was never \def'ed. If you have
misspelled it (e.g., `\hobx'), type `I' and the correct
spelling (e.g., `I\hbox'). Otherwise just continue,
and I'll forget about whatever was undefined.

/Users/jrathi/Projects/pdf-2-latex/files/ai/use-microtype/ai_final.tex:8223: Mi
ssing number, treated as zero.
<to be read again> 
                   >
l.8223 \end{figure}
                   
A number should have been here; I inserted `0'.
(If you can't figure out why I needed to see a number,
look up `weird error' in the index to The TeXbook.)

/Users/jrathi/Projects/pdf-2-latex/files/ai/use-microtype/ai_final.tex:8223: Un
defined control sequence.
<argument> \@currbox 
                     
l.8223 \end{figure}
                   
The control sequence at the end of the top line
of your error message was never \def'ed. If you have
misspelled it (e.g., `\hobx'), type `I' and the correct
spelling (e.g., `I\hbox'). Otherwise just continue,
and I'll forget about whatever was undefined.

/Users/jrathi/Projects/pdf-2-latex/files/ai/use-microtype/ai_final.tex:8223: Ar
gument of \@xnext has an extra }.
<inserted text> 
                \par 
l.8223 \end{figure}
                   
I've run across a `}' that doesn't seem to match anything.
For example, `\def\a#1{...}' and `\a}' would produce
this error. If you simply proceed now, the `\par' that
I've just inserted will cause me to report a runaway
argument that might be the root of the problem. But if
your `}' was spurious, just type `2' and it will go away.

Runaway argument?
\@currbox \@currlist \ifnum \count \@currbox >\z@ \advance \@pageht \@pagedp \E
TC.
/Users/jrathi/Projects/pdf-2-latex/files/ai/use-microtype/ai_final.tex:8223: Pa
ragraph ended before \@xnext was complete.
<to be read again> 
                   \par 
l.8223 \end{figure}
                   
I suspect you've forgotten a `}', causing me to apply this
control sequence to too much text. How can we recover?
My plan is to forget the whole thing and hope for the best.

/Users/jrathi/Projects/pdf-2-latex/files/ai/use-microtype/ai_final.tex:8223: Ex
tra \else.
\end@float ...pdima \penalty \@floatpenalty \else 
                                                  \vadjust {\penalty -\@Miv ...
l.8223 \end{figure}
                   
I'm ignoring this; it doesn't match any \if.

/Users/jrathi/Projects/pdf-2-latex/files/ai/use-microtype/ai_final.tex:8223: Yo
u can't use `\vadjust' in vertical mode.
\end@float ...nalty \@floatpenalty \else \vadjust 
                                                  {\penalty -\@Miv \vbox {}\...
l.8223 \end{figure}
                   
Sorry, but I'm not programmed to handle this case;
I'll just pretend that you didn't ask for it.
If you're in the wrong mode, you might be able to
return to the right one by typing `I}' or `I$' or `I\par'.

/Users/jrathi/Projects/pdf-2-latex/files/ai/use-microtype/ai_final.tex:8223: Ar
gument of \@xnext has an extra }.
<inserted text> 
                \par 
l.8223 \end{figure}
                   
I've run across a `}' that doesn't seem to match anything.
For example, `\def\a#1{...}' and `\a}' would produce
this error. If you simply proceed now, the `\par' that
I've just inserted will cause me to report a runaway
argument that might be the root of the problem. But if
your `}' was spurious, just type `2' and it will go away.

Runaway argument?
\@currbox \@currlist \ifnum \count \@currbox >\z@ \advance \@pageht \@pagedp \E
TC.
/Users/jrathi/Projects/pdf-2-latex/files/ai/use-microtype/ai_final.tex:8223: Pa
ragraph ended before \@xnext was complete.
<to be read again> 
                   \par 
l.8223 \end{figure}
                   
I suspect you've forgotten a `}', causing me to apply this
control sequence to too much text. How can we recover?
My plan is to forget the whole thing and hope for the best.


/Users/jrathi/Projects/pdf-2-latex/files/ai/use-microtype/ai_final.tex:8238: La
TeX Error: Too many unprocessed floats.

See the LaTeX manual or LaTeX Companion for explanation.
Type  H <return>  for immediate help.
 ...                                              
                                                  
l.8238 \begin{figure}[h]
                        
You've lost some text.  Try typing  <return>  to proceed.
If that doesn't work, type  X <return>  to quit.

/Users/jrathi/Projects/pdf-2-latex/files/ai/use-microtype/ai_final.tex:8238: Un
defined control sequence.
\@xfloat ...@fltovf \fi \global \setbox \@currbox 
                                                  \color@vbox \normalcolor \...
l.8238 \begin{figure}[h]
                        
The control sequence at the end of the top line
of your error message was never \def'ed. If you have
misspelled it (e.g., `\hobx'), type `I' and the correct
spelling (e.g., `I\hbox'). Otherwise just continue,
and I'll forget about whatever was undefined.

/Users/jrathi/Projects/pdf-2-latex/files/ai/use-microtype/ai_final.tex:8238: Mi
ssing number, treated as zero.
<to be read again> 
                   \vbox 
l.8238 \begin{figure}[h]
                        
A number should have been here; I inserted `0'.
(If you can't figure out why I needed to see a number,
look up `weird error' in the index to The TeXbook.)

File: ./images/2025_05_12_af19cd5e0d1b8a465ffeg-279.jpg Graphic file (type bmp)

<./images/2025_05_12_af19cd5e0d1b8a465ffeg-279.jpg>

Underfull \hbox (badness 10000) in paragraph at lines 8241--8241

 []

/Users/jrathi/Projects/pdf-2-latex/files/ai/use-microtype/ai_final.tex:8242: Un
defined control sequence.
\@largefloatcheck ->\ifdim \ht \@currbox 
                                         >\textheight \@tempdima -\textheigh...
l.8242 \end{figure}
                   
The control sequence at the end of the top line
of your error message was never \def'ed. If you have
misspelled it (e.g., `\hobx'), type `I' and the correct
spelling (e.g., `I\hbox'). Otherwise just continue,
and I'll forget about whatever was undefined.

/Users/jrathi/Projects/pdf-2-latex/files/ai/use-microtype/ai_final.tex:8242: Mi
ssing number, treated as zero.
<to be read again> 
                   >
l.8242 \end{figure}
                   
A number should have been here; I inserted `0'.
(If you can't figure out why I needed to see a number,
look up `weird error' in the index to The TeXbook.)

/Users/jrathi/Projects/pdf-2-latex/files/ai/use-microtype/ai_final.tex:8242: Un
defined control sequence.
<argument> \@currbox 
                     
l.8242 \end{figure}
                   
The control sequence at the end of the top line
of your error message was never \def'ed. If you have
misspelled it (e.g., `\hobx'), type `I' and the correct
spelling (e.g., `I\hbox'). Otherwise just continue,
and I'll forget about whatever was undefined.

/Users/jrathi/Projects/pdf-2-latex/files/ai/use-microtype/ai_final.tex:8242: Mi
ssing number, treated as zero.
<to be read again> 
                   \@elt 
l.8242 \end{figure}
                   
A number should have been here; I inserted `0'.
(If you can't figure out why I needed to see a number,
look up `weird error' in the index to The TeXbook.)

/Users/jrathi/Projects/pdf-2-latex/files/ai/use-microtype/ai_final.tex:8242: Mi
ssing = inserted for \ifnum.
<to be read again> 
                   \@elt 
l.8242 \end{figure}
                   
I was expecting to see `<', `=', or `>'. Didn't.

/Users/jrathi/Projects/pdf-2-latex/files/ai/use-microtype/ai_final.tex:8242: Mi
ssing number, treated as zero.
<to be read again> 
                   \@elt 
l.8242 \end{figure}
                   
A number should have been here; I inserted `0'.
(If you can't figure out why I needed to see a number,
look up `weird error' in the index to The TeXbook.)


/Users/jrathi/Projects/pdf-2-latex/files/ai/use-microtype/ai_final.tex:8242: La
TeX Error: This may be a LaTeX bug.

See the LaTeX manual or LaTeX Companion for explanation.
Type  H <return>  for immediate help.
 ...                                              
                                                  
l.8242 \end{figure}
                   
Call for help

/Users/jrathi/Projects/pdf-2-latex/files/ai/use-microtype/ai_final.tex:8242: Un
defined control sequence.
\@addmarginpar ...advance \@tempdima \ht \@marbox 
                                                  \ifdim \@tempdima >\z@ \@l...
l.8242 \end{figure}
                   
The control sequence at the end of the top line
of your error message was never \def'ed. If you have
misspelled it (e.g., `\hobx'), type `I' and the correct
spelling (e.g., `I\hbox'). Otherwise just continue,
and I'll forget about whatever was undefined.

/Users/jrathi/Projects/pdf-2-latex/files/ai/use-microtype/ai_final.tex:8242: Ba
d register code (-33382015).
\@addmarginpar ...e \space moved}\else \@tempdima 
                                                  \z@ \fi \global \@mparbott...
l.8242 \end{figure}
                   
A register number must be between 0 and 32767.
I changed this one to zero.

/Users/jrathi/Projects/pdf-2-latex/files/ai/use-microtype/ai_final.tex:8242: Mi
ssing number, treated as zero.
<to be read again> 
                   \global 
l.8242 \end{figure}
                   
A number should have been here; I inserted `0'.
(If you can't figure out why I needed to see a number,
look up `weird error' in the index to The TeXbook.)

/Users/jrathi/Projects/pdf-2-latex/files/ai/use-microtype/ai_final.tex:8242: Il
legal unit of measure (pt inserted).
<to be read again> 
                   \global 
l.8242 \end{figure}
                   
Dimensions can be in units of em, ex, in, pt, pc,
cm, mm, dd, cc, bp, or sp; but yours is a new one!
I'll assume that you meant to say pt, for printer's points.
To recover gracefully from this error, it's best to
delete the erroneous units; e.g., type `2' to delete
two letters. (See Chapter 27 of The TeXbook.)

/Users/jrathi/Projects/pdf-2-latex/files/ai/use-microtype/ai_final.tex:8242: Un
defined control sequence.
\@addmarginpar ...vance \@mparbottom \dp \@marbox 
                                                  \global \advance \@mparbot...
l.8242 \end{figure}
                   
The control sequence at the end of the top line
of your error message was never \def'ed. If you have
misspelled it (e.g., `\hobx'), type `I' and the correct
spelling (e.g., `I\hbox'). Otherwise just continue,
and I'll forget about whatever was undefined.

/Users/jrathi/Projects/pdf-2-latex/files/ai/use-microtype/ai_final.tex:8242: Mi
ssing number, treated as zero.
<to be read again> 
                   \global 
l.8242 \end{figure}
                   
A number should have been here; I inserted `0'.
(If you can't figure out why I needed to see a number,
look up `weird error' in the index to The TeXbook.)

/Users/jrathi/Projects/pdf-2-latex/files/ai/use-microtype/ai_final.tex:8242: Un
defined control sequence.
\@addmarginpar ...dvance \@tempdima -\ht \@marbox 
                                                  \global \setbox \@marbox \...
l.8242 \end{figure}
                   
The control sequence at the end of the top line
of your error message was never \def'ed. If you have
misspelled it (e.g., `\hobx'), type `I' and the correct
spelling (e.g., `I\hbox'). Otherwise just continue,
and I'll forget about whatever was undefined.

/Users/jrathi/Projects/pdf-2-latex/files/ai/use-microtype/ai_final.tex:8242: Mi
ssing number, treated as zero.
<to be read again> 
                   \global 
l.8242 \end{figure}
                   
A number should have been here; I inserted `0'.
(If you can't figure out why I needed to see a number,
look up `weird error' in the index to The TeXbook.)

/Users/jrathi/Projects/pdf-2-latex/files/ai/use-microtype/ai_final.tex:8242: Un
defined control sequence.
\@addmarginpar ...marbox \global \setbox \@marbox 
                                                  \vbox {\vskip \@tempdima \...
l.8242 \end{figure}
                   
The control sequence at the end of the top line
of your error message was never \def'ed. If you have
misspelled it (e.g., `\hobx'), type `I' and the correct
spelling (e.g., `I\hbox'). Otherwise just continue,
and I'll forget about whatever was undefined.

/Users/jrathi/Projects/pdf-2-latex/files/ai/use-microtype/ai_final.tex:8242: Mi
ssing number, treated as zero.
<to be read again> 
                   \vbox 
l.8242 \end{figure}
                   
A number should have been here; I inserted `0'.
(If you can't figure out why I needed to see a number,
look up `weird error' in the index to The TeXbook.)

/Users/jrathi/Projects/pdf-2-latex/files/ai/use-microtype/ai_final.tex:8242: Un
defined control sequence.
\@addmarginpar ...\vskip \@tempdima \box \@marbox 
                                                  }\global \ht \@marbox \z@ ...
l.8242 \end{figure}
                   
The control sequence at the end of the top line
of your error message was never \def'ed. If you have
misspelled it (e.g., `\hobx'), type `I' and the correct
spelling (e.g., `I\hbox'). Otherwise just continue,
and I'll forget about whatever was undefined.

/Users/jrathi/Projects/pdf-2-latex/files/ai/use-microtype/ai_final.tex:8242: Mi
ssing number, treated as zero.
<to be read again> 
                   }
l.8242 \end{figure}
                   
A number should have been here; I inserted `0'.
(If you can't figure out why I needed to see a number,
look up `weird error' in the index to The TeXbook.)

/Users/jrathi/Projects/pdf-2-latex/files/ai/use-microtype/ai_final.tex:8242: Un
defined control sequence.
\@addmarginpar ... \@marbox }\global \ht \@marbox 
                                                  \z@ \global \dp \@marbox \...
l.8242 \end{figure}
                   
The control sequence at the end of the top line
of your error message was never \def'ed. If you have
misspelled it (e.g., `\hobx'), type `I' and the correct
spelling (e.g., `I\hbox'). Otherwise just continue,
and I'll forget about whatever was undefined.

/Users/jrathi/Projects/pdf-2-latex/files/ai/use-microtype/ai_final.tex:8242: Mi
ssing number, treated as zero.
<to be read again> 
                   \global 
l.8242 \end{figure}
                   
A number should have been here; I inserted `0'.
(If you can't figure out why I needed to see a number,
look up `weird error' in the index to The TeXbook.)

/Users/jrathi/Projects/pdf-2-latex/files/ai/use-microtype/ai_final.tex:8242: Il
legal unit of measure (pt inserted).
<to be read again> 
                   \global 
l.8242 \end{figure}
                   
Dimensions can be in units of em, ex, in, pt, pc,
cm, mm, dd, cc, bp, or sp; but yours is a new one!
I'll assume that you meant to say pt, for printer's points.
To recover gracefully from this error, it's best to
delete the erroneous units; e.g., type `2' to delete
two letters. (See Chapter 27 of The TeXbook.)

/Users/jrathi/Projects/pdf-2-latex/files/ai/use-microtype/ai_final.tex:8242: Un
defined control sequence.
\@addmarginpar ...marbox \z@ \global \dp \@marbox 
                                                  \z@ \kern -\@pagedp \noint...
l.8242 \end{figure}
                   
The control sequence at the end of the top line
of your error message was never \def'ed. If you have
misspelled it (e.g., `\hobx'), type `I' and the correct
spelling (e.g., `I\hbox'). Otherwise just continue,
and I'll forget about whatever was undefined.

/Users/jrathi/Projects/pdf-2-latex/files/ai/use-microtype/ai_final.tex:8242: Mi
ssing number, treated as zero.
<to be read again> 
                   \kern 
l.8242 \end{figure}
                   
A number should have been here; I inserted `0'.
(If you can't figure out why I needed to see a number,
look up `weird error' in the index to The TeXbook.)

/Users/jrathi/Projects/pdf-2-latex/files/ai/use-microtype/ai_final.tex:8242: Il
legal unit of measure (pt inserted).
<to be read again> 
                   \kern 
l.8242 \end{figure}
                   
Dimensions can be in units of em, ex, in, pt, pc,
cm, mm, dd, cc, bp, or sp; but yours is a new one!
I'll assume that you meant to say pt, for printer's points.
To recover gracefully from this error, it's best to
delete the erroneous units; e.g., type `2' to delete
two letters. (See Chapter 27 of The TeXbook.)

/Users/jrathi/Projects/pdf-2-latex/files/ai/use-microtype/ai_final.tex:8242: Un
defined control sequence.
\@addmarginpar ...arginparwidth \fi \box \@marbox 
                                                  \hss }\nointerlineskip \hb...
l.8242 \end{figure}
                   
The control sequence at the end of the top line
of your error message was never \def'ed. If you have
misspelled it (e.g., `\hobx'), type `I' and the correct
spelling (e.g., `I\hbox'). Otherwise just continue,
and I'll forget about whatever was undefined.

/Users/jrathi/Projects/pdf-2-latex/files/ai/use-microtype/ai_final.tex:8242: Mi
ssing number, treated as zero.
<to be read again> 
                   \hss 
l.8242 \end{figure}
                   
A number should have been here; I inserted `0'.
(If you can't figure out why I needed to see a number,
look up `weird error' in the index to The TeXbook.)



[231]

[232]

/Users/jrathi/Projects/pdf-2-latex/files/ai/use-microtype/ai_final.tex:8264: La
TeX Error: Too many unprocessed floats.

See the LaTeX manual or LaTeX Companion for explanation.
Type  H <return>  for immediate help.
 ...                                              
                                                  
l.8264 \begin{figure}[h]
                        
You've lost some text.  Try typing  <return>  to proceed.
If that doesn't work, type  X <return>  to quit.

/Users/jrathi/Projects/pdf-2-latex/files/ai/use-microtype/ai_final.tex:8264: Un
defined control sequence.
\@xfloat ...@fltovf \fi \global \setbox \@currbox 
                                                  \color@vbox \normalcolor \...
l.8264 \begin{figure}[h]
                        
The control sequence at the end of the top line
of your error message was never \def'ed. If you have
misspelled it (e.g., `\hobx'), type `I' and the correct
spelling (e.g., `I\hbox'). Otherwise just continue,
and I'll forget about whatever was undefined.

/Users/jrathi/Projects/pdf-2-latex/files/ai/use-microtype/ai_final.tex:8264: Mi
ssing number, treated as zero.
<to be read again> 
                   \vbox 
l.8264 \begin{figure}[h]
                        
A number should have been here; I inserted `0'.
(If you can't figure out why I needed to see a number,
look up `weird error' in the index to The TeXbook.)

File: ./images/2025_05_12_af19cd5e0d1b8a465ffeg-280.jpg Graphic file (type bmp)

<./images/2025_05_12_af19cd5e0d1b8a465ffeg-280.jpg>

Underfull \hbox (badness 10000) in paragraph at lines 8267--8267

 []

/Users/jrathi/Projects/pdf-2-latex/files/ai/use-microtype/ai_final.tex:8268: Un
defined control sequence.
\@largefloatcheck ->\ifdim \ht \@currbox 
                                         >\textheight \@tempdima -\textheigh...
l.8268 \end{figure}
                   
The control sequence at the end of the top line
of your error message was never \def'ed. If you have
misspelled it (e.g., `\hobx'), type `I' and the correct
spelling (e.g., `I\hbox'). Otherwise just continue,
and I'll forget about whatever was undefined.

/Users/jrathi/Projects/pdf-2-latex/files/ai/use-microtype/ai_final.tex:8268: Mi
ssing number, treated as zero.
<to be read again> 
                   >
l.8268 \end{figure}
                   
A number should have been here; I inserted `0'.
(If you can't figure out why I needed to see a number,
look up `weird error' in the index to The TeXbook.)

/Users/jrathi/Projects/pdf-2-latex/files/ai/use-microtype/ai_final.tex:8268: Un
defined control sequence.
<argument> \@currbox 
                     
l.8268 \end{figure}
                   
The control sequence at the end of the top line
of your error message was never \def'ed. If you have
misspelled it (e.g., `\hobx'), type `I' and the correct
spelling (e.g., `I\hbox'). Otherwise just continue,
and I'll forget about whatever was undefined.

/Users/jrathi/Projects/pdf-2-latex/files/ai/use-microtype/ai_final.tex:8268: Ar
gument of \@xnext has an extra }.
<inserted text> 
                \par 
l.8268 \end{figure}
                   
I've run across a `}' that doesn't seem to match anything.
For example, `\def\a#1{...}' and `\a}' would produce
this error. If you simply proceed now, the `\par' that
I've just inserted will cause me to report a runaway
argument that might be the root of the problem. But if
your `}' was spurious, just type `2' and it will go away.

Runaway argument?
\@currbox \@currlist \ifnum \count \@currbox >\z@ \advance \@pageht \@pagedp \E
TC.
/Users/jrathi/Projects/pdf-2-latex/files/ai/use-microtype/ai_final.tex:8268: Pa
ragraph ended before \@xnext was complete.
<to be read again> 
                   \par 
l.8268 \end{figure}
                   
I suspect you've forgotten a `}', causing me to apply this
control sequence to too much text. How can we recover?
My plan is to forget the whole thing and hope for the best.

/Users/jrathi/Projects/pdf-2-latex/files/ai/use-microtype/ai_final.tex:8268: Ex
tra \else.
\end@float ...pdima \penalty \@floatpenalty \else 
                                                  \vadjust {\penalty -\@Miv ...
l.8268 \end{figure}
                   
I'm ignoring this; it doesn't match any \if.

/Users/jrathi/Projects/pdf-2-latex/files/ai/use-microtype/ai_final.tex:8268: Yo
u can't use `\vadjust' in vertical mode.
\end@float ...nalty \@floatpenalty \else \vadjust 
                                                  {\penalty -\@Miv \vbox {}\...
l.8268 \end{figure}
                   
Sorry, but I'm not programmed to handle this case;
I'll just pretend that you didn't ask for it.
If you're in the wrong mode, you might be able to
return to the right one by typing `I}' or `I$' or `I\par'.

/Users/jrathi/Projects/pdf-2-latex/files/ai/use-microtype/ai_final.tex:8268: Ar
gument of \@xnext has an extra }.
<inserted text> 
                \par 
l.8268 \end{figure}
                   
I've run across a `}' that doesn't seem to match anything.
For example, `\def\a#1{...}' and `\a}' would produce
this error. If you simply proceed now, the `\par' that
I've just inserted will cause me to report a runaway
argument that might be the root of the problem. But if
your `}' was spurious, just type `2' and it will go away.

Runaway argument?
\@currbox \@currlist \ifnum \count \@currbox >\z@ \advance \@pageht \@pagedp \E
TC.
/Users/jrathi/Projects/pdf-2-latex/files/ai/use-microtype/ai_final.tex:8268: Pa
ragraph ended before \@xnext was complete.
<to be read again> 
                   \par 
l.8268 \end{figure}
                   
I suspect you've forgotten a `}', causing me to apply this
control sequence to too much text. How can we recover?
My plan is to forget the whole thing and hope for the best.


/Users/jrathi/Projects/pdf-2-latex/files/ai/use-microtype/ai_final.tex:8307: La
TeX Error: Too many unprocessed floats.

See the LaTeX manual or LaTeX Companion for explanation.
Type  H <return>  for immediate help.
 ...                                              
                                                  
l.8307 \begin{figure}[h]
                        
You've lost some text.  Try typing  <return>  to proceed.
If that doesn't work, type  X <return>  to quit.

/Users/jrathi/Projects/pdf-2-latex/files/ai/use-microtype/ai_final.tex:8307: Un
defined control sequence.
\@xfloat ...@fltovf \fi \global \setbox \@currbox 
                                                  \color@vbox \normalcolor \...
l.8307 \begin{figure}[h]
                        
The control sequence at the end of the top line
of your error message was never \def'ed. If you have
misspelled it (e.g., `\hobx'), type `I' and the correct
spelling (e.g., `I\hbox'). Otherwise just continue,
and I'll forget about whatever was undefined.

/Users/jrathi/Projects/pdf-2-latex/files/ai/use-microtype/ai_final.tex:8307: Mi
ssing number, treated as zero.
<to be read again> 
                   \vbox 
l.8307 \begin{figure}[h]
                        
A number should have been here; I inserted `0'.
(If you can't figure out why I needed to see a number,
look up `weird error' in the index to The TeXbook.)

File: ./images/2025_05_12_af19cd5e0d1b8a465ffeg-282.jpg Graphic file (type bmp)

<./images/2025_05_12_af19cd5e0d1b8a465ffeg-282.jpg>
/Users/jrathi/Projects/pdf-2-latex/files/ai/use-microtype/ai_final.tex:8311: Un
defined control sequence.
\@largefloatcheck ->\ifdim \ht \@currbox 
                                         >\textheight \@tempdima -\textheigh...
l.8311 \end{figure}
                   
The control sequence at the end of the top line
of your error message was never \def'ed. If you have
misspelled it (e.g., `\hobx'), type `I' and the correct
spelling (e.g., `I\hbox'). Otherwise just continue,
and I'll forget about whatever was undefined.

/Users/jrathi/Projects/pdf-2-latex/files/ai/use-microtype/ai_final.tex:8311: Mi
ssing number, treated as zero.
<to be read again> 
                   >
l.8311 \end{figure}
                   
A number should have been here; I inserted `0'.
(If you can't figure out why I needed to see a number,
look up `weird error' in the index to The TeXbook.)

/Users/jrathi/Projects/pdf-2-latex/files/ai/use-microtype/ai_final.tex:8311: Un
defined control sequence.
<argument> \@currbox 
                     
l.8311 \end{figure}
                   
The control sequence at the end of the top line
of your error message was never \def'ed. If you have
misspelled it (e.g., `\hobx'), type `I' and the correct
spelling (e.g., `I\hbox'). Otherwise just continue,
and I'll forget about whatever was undefined.

/Users/jrathi/Projects/pdf-2-latex/files/ai/use-microtype/ai_final.tex:8311: Mi
ssing number, treated as zero.
<to be read again> 
                   \@elt 
l.8311 \end{figure}
                   
A number should have been here; I inserted `0'.
(If you can't figure out why I needed to see a number,
look up `weird error' in the index to The TeXbook.)

/Users/jrathi/Projects/pdf-2-latex/files/ai/use-microtype/ai_final.tex:8311: Mi
ssing = inserted for \ifnum.
<to be read again> 
                   \@elt 
l.8311 \end{figure}
                   
I was expecting to see `<', `=', or `>'. Didn't.

/Users/jrathi/Projects/pdf-2-latex/files/ai/use-microtype/ai_final.tex:8311: Mi
ssing number, treated as zero.
<to be read again> 
                   \@elt 
l.8311 \end{figure}
                   
A number should have been here; I inserted `0'.
(If you can't figure out why I needed to see a number,
look up `weird error' in the index to The TeXbook.)


/Users/jrathi/Projects/pdf-2-latex/files/ai/use-microtype/ai_final.tex:8311: La
TeX Error: This may be a LaTeX bug.

See the LaTeX manual or LaTeX Companion for explanation.
Type  H <return>  for immediate help.
 ...                                              
                                                  
l.8311 \end{figure}
                   
Call for help

/Users/jrathi/Projects/pdf-2-latex/files/ai/use-microtype/ai_final.tex:8311: Un
defined control sequence.
\@addmarginpar ...advance \@tempdima \ht \@marbox 
                                                  \ifdim \@tempdima >\z@ \@l...
l.8311 \end{figure}
                   
The control sequence at the end of the top line
of your error message was never \def'ed. If you have
misspelled it (e.g., `\hobx'), type `I' and the correct
spelling (e.g., `I\hbox'). Otherwise just continue,
and I'll forget about whatever was undefined.

/Users/jrathi/Projects/pdf-2-latex/files/ai/use-microtype/ai_final.tex:8311: Ba
d register code (-91388913).
\@addmarginpar ...e \space moved}\else \@tempdima 
                                                  \z@ \fi \global \@mparbott...
l.8311 \end{figure}
                   
A register number must be between 0 and 32767.
I changed this one to zero.

/Users/jrathi/Projects/pdf-2-latex/files/ai/use-microtype/ai_final.tex:8311: Mi
ssing number, treated as zero.
<to be read again> 
                   \global 
l.8311 \end{figure}
                   
A number should have been here; I inserted `0'.
(If you can't figure out why I needed to see a number,
look up `weird error' in the index to The TeXbook.)

/Users/jrathi/Projects/pdf-2-latex/files/ai/use-microtype/ai_final.tex:8311: Il
legal unit of measure (pt inserted).
<to be read again> 
                   \global 
l.8311 \end{figure}
                   
Dimensions can be in units of em, ex, in, pt, pc,
cm, mm, dd, cc, bp, or sp; but yours is a new one!
I'll assume that you meant to say pt, for printer's points.
To recover gracefully from this error, it's best to
delete the erroneous units; e.g., type `2' to delete
two letters. (See Chapter 27 of The TeXbook.)

/Users/jrathi/Projects/pdf-2-latex/files/ai/use-microtype/ai_final.tex:8311: Un
defined control sequence.
\@addmarginpar ...vance \@mparbottom \dp \@marbox 
                                                  \global \advance \@mparbot...
l.8311 \end{figure}
                   
The control sequence at the end of the top line
of your error message was never \def'ed. If you have
misspelled it (e.g., `\hobx'), type `I' and the correct
spelling (e.g., `I\hbox'). Otherwise just continue,
and I'll forget about whatever was undefined.

/Users/jrathi/Projects/pdf-2-latex/files/ai/use-microtype/ai_final.tex:8311: Mi
ssing number, treated as zero.
<to be read again> 
                   \global 
l.8311 \end{figure}
                   
A number should have been here; I inserted `0'.
(If you can't figure out why I needed to see a number,
look up `weird error' in the index to The TeXbook.)

/Users/jrathi/Projects/pdf-2-latex/files/ai/use-microtype/ai_final.tex:8311: Un
defined control sequence.
\@addmarginpar ...dvance \@tempdima -\ht \@marbox 
                                                  \global \setbox \@marbox \...
l.8311 \end{figure}
                   
The control sequence at the end of the top line
of your error message was never \def'ed. If you have
misspelled it (e.g., `\hobx'), type `I' and the correct
spelling (e.g., `I\hbox'). Otherwise just continue,
and I'll forget about whatever was undefined.

/Users/jrathi/Projects/pdf-2-latex/files/ai/use-microtype/ai_final.tex:8311: Mi
ssing number, treated as zero.
<to be read again> 
                   \global 
l.8311 \end{figure}
                   
A number should have been here; I inserted `0'.
(If you can't figure out why I needed to see a number,
look up `weird error' in the index to The TeXbook.)

/Users/jrathi/Projects/pdf-2-latex/files/ai/use-microtype/ai_final.tex:8311: Un
defined control sequence.
\@addmarginpar ...marbox \global \setbox \@marbox 
                                                  \vbox {\vskip \@tempdima \...
l.8311 \end{figure}
                   
The control sequence at the end of the top line
of your error message was never \def'ed. If you have
misspelled it (e.g., `\hobx'), type `I' and the correct
spelling (e.g., `I\hbox'). Otherwise just continue,
and I'll forget about whatever was undefined.

/Users/jrathi/Projects/pdf-2-latex/files/ai/use-microtype/ai_final.tex:8311: Mi
ssing number, treated as zero.
<to be read again> 
                   \vbox 
l.8311 \end{figure}
                   
A number should have been here; I inserted `0'.
(If you can't figure out why I needed to see a number,
look up `weird error' in the index to The TeXbook.)

/Users/jrathi/Projects/pdf-2-latex/files/ai/use-microtype/ai_final.tex:8311: Un
defined control sequence.
\@addmarginpar ...\vskip \@tempdima \box \@marbox 
                                                  }\global \ht \@marbox \z@ ...
l.8311 \end{figure}
                   
The control sequence at the end of the top line
of your error message was never \def'ed. If you have
misspelled it (e.g., `\hobx'), type `I' and the correct
spelling (e.g., `I\hbox'). Otherwise just continue,
and I'll forget about whatever was undefined.

/Users/jrathi/Projects/pdf-2-latex/files/ai/use-microtype/ai_final.tex:8311: Mi
ssing number, treated as zero.
<to be read again> 
                   }
l.8311 \end{figure}
                   
A number should have been here; I inserted `0'.
(If you can't figure out why I needed to see a number,
look up `weird error' in the index to The TeXbook.)

/Users/jrathi/Projects/pdf-2-latex/files/ai/use-microtype/ai_final.tex:8311: Un
defined control sequence.
\@addmarginpar ... \@marbox }\global \ht \@marbox 
                                                  \z@ \global \dp \@marbox \...
l.8311 \end{figure}
                   
The control sequence at the end of the top line
of your error message was never \def'ed. If you have
misspelled it (e.g., `\hobx'), type `I' and the correct
spelling (e.g., `I\hbox'). Otherwise just continue,
and I'll forget about whatever was undefined.

/Users/jrathi/Projects/pdf-2-latex/files/ai/use-microtype/ai_final.tex:8311: Mi
ssing number, treated as zero.
<to be read again> 
                   \global 
l.8311 \end{figure}
                   
A number should have been here; I inserted `0'.
(If you can't figure out why I needed to see a number,
look up `weird error' in the index to The TeXbook.)

/Users/jrathi/Projects/pdf-2-latex/files/ai/use-microtype/ai_final.tex:8311: Il
legal unit of measure (pt inserted).
<to be read again> 
                   \global 
l.8311 \end{figure}
                   
Dimensions can be in units of em, ex, in, pt, pc,
cm, mm, dd, cc, bp, or sp; but yours is a new one!
I'll assume that you meant to say pt, for printer's points.
To recover gracefully from this error, it's best to
delete the erroneous units; e.g., type `2' to delete
two letters. (See Chapter 27 of The TeXbook.)

/Users/jrathi/Projects/pdf-2-latex/files/ai/use-microtype/ai_final.tex:8311: Un
defined control sequence.
\@addmarginpar ...marbox \z@ \global \dp \@marbox 
                                                  \z@ \kern -\@pagedp \noint...
l.8311 \end{figure}
                   
The control sequence at the end of the top line
of your error message was never \def'ed. If you have
misspelled it (e.g., `\hobx'), type `I' and the correct
spelling (e.g., `I\hbox'). Otherwise just continue,
and I'll forget about whatever was undefined.

/Users/jrathi/Projects/pdf-2-latex/files/ai/use-microtype/ai_final.tex:8311: Mi
ssing number, treated as zero.
<to be read again> 
                   \kern 
l.8311 \end{figure}
                   
A number should have been here; I inserted `0'.
(If you can't figure out why I needed to see a number,
look up `weird error' in the index to The TeXbook.)

/Users/jrathi/Projects/pdf-2-latex/files/ai/use-microtype/ai_final.tex:8311: Il
legal unit of measure (pt inserted).
<to be read again> 
                   \kern 
l.8311 \end{figure}
                   
Dimensions can be in units of em, ex, in, pt, pc,
cm, mm, dd, cc, bp, or sp; but yours is a new one!
I'll assume that you meant to say pt, for printer's points.
To recover gracefully from this error, it's best to
delete the erroneous units; e.g., type `2' to delete
two letters. (See Chapter 27 of The TeXbook.)

/Users/jrathi/Projects/pdf-2-latex/files/ai/use-microtype/ai_final.tex:8311: Un
defined control sequence.
\@addmarginpar ...arginparwidth \fi \box \@marbox 
                                                  \hss }\nointerlineskip \hb...
l.8311 \end{figure}
                   
The control sequence at the end of the top line
of your error message was never \def'ed. If you have
misspelled it (e.g., `\hobx'), type `I' and the correct
spelling (e.g., `I\hbox'). Otherwise just continue,
and I'll forget about whatever was undefined.

/Users/jrathi/Projects/pdf-2-latex/files/ai/use-microtype/ai_final.tex:8311: Mi
ssing number, treated as zero.
<to be read again> 
                   \hss 
l.8311 \end{figure}
                   
A number should have been here; I inserted `0'.
(If you can't figure out why I needed to see a number,
look up `weird error' in the index to The TeXbook.)



[233]

[234]
Underfull \hbox (badness 1546) in paragraph at lines 8314--8314
[][][]$[][]$ \TU/Georgia(0)/m/n/8 Visual representations of such edge features,
 including explanation, can be found at
 []



[235]

/Users/jrathi/Projects/pdf-2-latex/files/ai/use-microtype/ai_final.tex:8332: La
TeX Error: Too many unprocessed floats.

See the LaTeX manual or LaTeX Companion for explanation.
Type  H <return>  for immediate help.
 ...                                              
                                                  
l.8332 \begin{figure}[h]
                        
You've lost some text.  Try typing  <return>  to proceed.
If that doesn't work, type  X <return>  to quit.

/Users/jrathi/Projects/pdf-2-latex/files/ai/use-microtype/ai_final.tex:8332: Un
defined control sequence.
\@xfloat ...@fltovf \fi \global \setbox \@currbox 
                                                  \color@vbox \normalcolor \...
l.8332 \begin{figure}[h]
                        
The control sequence at the end of the top line
of your error message was never \def'ed. If you have
misspelled it (e.g., `\hobx'), type `I' and the correct
spelling (e.g., `I\hbox'). Otherwise just continue,
and I'll forget about whatever was undefined.

/Users/jrathi/Projects/pdf-2-latex/files/ai/use-microtype/ai_final.tex:8332: Mi
ssing number, treated as zero.
<to be read again> 
                   \vbox 
l.8332 \begin{figure}[h]
                        
A number should have been here; I inserted `0'.
(If you can't figure out why I needed to see a number,
look up `weird error' in the index to The TeXbook.)

File: ./images/2025_05_12_af19cd5e0d1b8a465ffeg-283.jpg Graphic file (type bmp)

<./images/2025_05_12_af19cd5e0d1b8a465ffeg-283.jpg>
/Users/jrathi/Projects/pdf-2-latex/files/ai/use-microtype/ai_final.tex:8336: Un
defined control sequence.
\@largefloatcheck ->\ifdim \ht \@currbox 
                                         >\textheight \@tempdima -\textheigh...
l.8336 \end{figure}
                   
The control sequence at the end of the top line
of your error message was never \def'ed. If you have
misspelled it (e.g., `\hobx'), type `I' and the correct
spelling (e.g., `I\hbox'). Otherwise just continue,
and I'll forget about whatever was undefined.

/Users/jrathi/Projects/pdf-2-latex/files/ai/use-microtype/ai_final.tex:8336: Mi
ssing number, treated as zero.
<to be read again> 
                   >
l.8336 \end{figure}
                   
A number should have been here; I inserted `0'.
(If you can't figure out why I needed to see a number,
look up `weird error' in the index to The TeXbook.)

/Users/jrathi/Projects/pdf-2-latex/files/ai/use-microtype/ai_final.tex:8336: Un
defined control sequence.
<argument> \@currbox 
                     
l.8336 \end{figure}
                   
The control sequence at the end of the top line
of your error message was never \def'ed. If you have
misspelled it (e.g., `\hobx'), type `I' and the correct
spelling (e.g., `I\hbox'). Otherwise just continue,
and I'll forget about whatever was undefined.

/Users/jrathi/Projects/pdf-2-latex/files/ai/use-microtype/ai_final.tex:8336: Ar
gument of \@xnext has an extra }.
<inserted text> 
                \par 
l.8336 \end{figure}
                   
I've run across a `}' that doesn't seem to match anything.
For example, `\def\a#1{...}' and `\a}' would produce
this error. If you simply proceed now, the `\par' that
I've just inserted will cause me to report a runaway
argument that might be the root of the problem. But if
your `}' was spurious, just type `2' and it will go away.

Runaway argument?
\@currbox \@currlist \ifnum \count \@currbox >\z@ \advance \@pageht \@pagedp \E
TC.
/Users/jrathi/Projects/pdf-2-latex/files/ai/use-microtype/ai_final.tex:8336: Pa
ragraph ended before \@xnext was complete.
<to be read again> 
                   \par 
l.8336 \end{figure}
                   
I suspect you've forgotten a `}', causing me to apply this
control sequence to too much text. How can we recover?
My plan is to forget the whole thing and hope for the best.

/Users/jrathi/Projects/pdf-2-latex/files/ai/use-microtype/ai_final.tex:8336: Ex
tra \else.
\end@float ...pdima \penalty \@floatpenalty \else 
                                                  \vadjust {\penalty -\@Miv ...
l.8336 \end{figure}
                   
I'm ignoring this; it doesn't match any \if.

/Users/jrathi/Projects/pdf-2-latex/files/ai/use-microtype/ai_final.tex:8336: Yo
u can't use `\vadjust' in vertical mode.
\end@float ...nalty \@floatpenalty \else \vadjust 
                                                  {\penalty -\@Miv \vbox {}\...
l.8336 \end{figure}
                   
Sorry, but I'm not programmed to handle this case;
I'll just pretend that you didn't ask for it.
If you're in the wrong mode, you might be able to
return to the right one by typing `I}' or `I$' or `I\par'.

/Users/jrathi/Projects/pdf-2-latex/files/ai/use-microtype/ai_final.tex:8336: Ar
gument of \@xnext has an extra }.
<inserted text> 
                \par 
l.8336 \end{figure}
                   
I've run across a `}' that doesn't seem to match anything.
For example, `\def\a#1{...}' and `\a}' would produce
this error. If you simply proceed now, the `\par' that
I've just inserted will cause me to report a runaway
argument that might be the root of the problem. But if
your `}' was spurious, just type `2' and it will go away.

Runaway argument?
\@currbox \@currlist \ifnum \count \@currbox >\z@ \advance \@pageht \@pagedp \E
TC.
/Users/jrathi/Projects/pdf-2-latex/files/ai/use-microtype/ai_final.tex:8336: Pa
ragraph ended before \@xnext was complete.
<to be read again> 
                   \par 
l.8336 \end{figure}
                   
I suspect you've forgotten a `}', causing me to apply this
control sequence to too much text. How can we recover?
My plan is to forget the whole thing and hope for the best.


/Users/jrathi/Projects/pdf-2-latex/files/ai/use-microtype/ai_final.tex:8377: La
TeX Error: Too many unprocessed floats.

See the LaTeX manual or LaTeX Companion for explanation.
Type  H <return>  for immediate help.
 ...                                              
                                                  
l.8377 \begin{figure}[h]
                        
You've lost some text.  Try typing  <return>  to proceed.
If that doesn't work, type  X <return>  to quit.

/Users/jrathi/Projects/pdf-2-latex/files/ai/use-microtype/ai_final.tex:8377: Un
defined control sequence.
\@xfloat ...@fltovf \fi \global \setbox \@currbox 
                                                  \color@vbox \normalcolor \...
l.8377 \begin{figure}[h]
                        
The control sequence at the end of the top line
of your error message was never \def'ed. If you have
misspelled it (e.g., `\hobx'), type `I' and the correct
spelling (e.g., `I\hbox'). Otherwise just continue,
and I'll forget about whatever was undefined.

/Users/jrathi/Projects/pdf-2-latex/files/ai/use-microtype/ai_final.tex:8377: Mi
ssing number, treated as zero.
<to be read again> 
                   \vbox 
l.8377 \begin{figure}[h]
                        
A number should have been here; I inserted `0'.
(If you can't figure out why I needed to see a number,
look up `weird error' in the index to The TeXbook.)

File: ./images/2025_05_12_af19cd5e0d1b8a465ffeg-286.jpg Graphic file (type bmp)

<./images/2025_05_12_af19cd5e0d1b8a465ffeg-286.jpg>

Underfull \hbox (badness 10000) in paragraph at lines 8380--8380

 []

/Users/jrathi/Projects/pdf-2-latex/files/ai/use-microtype/ai_final.tex:8381: Un
defined control sequence.
\@largefloatcheck ->\ifdim \ht \@currbox 
                                         >\textheight \@tempdima -\textheigh...
l.8381 \end{figure}
                   
The control sequence at the end of the top line
of your error message was never \def'ed. If you have
misspelled it (e.g., `\hobx'), type `I' and the correct
spelling (e.g., `I\hbox'). Otherwise just continue,
and I'll forget about whatever was undefined.

/Users/jrathi/Projects/pdf-2-latex/files/ai/use-microtype/ai_final.tex:8381: Mi
ssing number, treated as zero.
<to be read again> 
                   >
l.8381 \end{figure}
                   
A number should have been here; I inserted `0'.
(If you can't figure out why I needed to see a number,
look up `weird error' in the index to The TeXbook.)

/Users/jrathi/Projects/pdf-2-latex/files/ai/use-microtype/ai_final.tex:8381: Un
defined control sequence.
<argument> \@currbox 
                     
l.8381 \end{figure}
                   
The control sequence at the end of the top line
of your error message was never \def'ed. If you have
misspelled it (e.g., `\hobx'), type `I' and the correct
spelling (e.g., `I\hbox'). Otherwise just continue,
and I'll forget about whatever was undefined.

/Users/jrathi/Projects/pdf-2-latex/files/ai/use-microtype/ai_final.tex:8383: Mi
ssing number, treated as zero.
<to be read again> 
                   \@elt 
l.8383 
       
A number should have been here; I inserted `0'.
(If you can't figure out why I needed to see a number,
look up `weird error' in the index to The TeXbook.)

/Users/jrathi/Projects/pdf-2-latex/files/ai/use-microtype/ai_final.tex:8383: Mi
ssing = inserted for \ifnum.
<to be read again> 
                   \@elt 
l.8383 
       
I was expecting to see `<', `=', or `>'. Didn't.

/Users/jrathi/Projects/pdf-2-latex/files/ai/use-microtype/ai_final.tex:8383: Mi
ssing number, treated as zero.
<to be read again> 
                   \@elt 
l.8383 
       
A number should have been here; I inserted `0'.
(If you can't figure out why I needed to see a number,
look up `weird error' in the index to The TeXbook.)


/Users/jrathi/Projects/pdf-2-latex/files/ai/use-microtype/ai_final.tex:8383: La
TeX Error: This may be a LaTeX bug.

See the LaTeX manual or LaTeX Companion for explanation.
Type  H <return>  for immediate help.
 ...                                              
                                                  
l.8383 
       
Call for help

/Users/jrathi/Projects/pdf-2-latex/files/ai/use-microtype/ai_final.tex:8383: Un
defined control sequence.
\@addmarginpar ...a <\z@ \global \setbox \@marbox 
                                                  \box \@currbox \fi \@tempd...
l.8383 
       
The control sequence at the end of the top line
of your error message was never \def'ed. If you have
misspelled it (e.g., `\hobx'), type `I' and the correct
spelling (e.g., `I\hbox'). Otherwise just continue,
and I'll forget about whatever was undefined.

/Users/jrathi/Projects/pdf-2-latex/files/ai/use-microtype/ai_final.tex:8383: Mi
ssing number, treated as zero.
<to be read again> 
                   \box 
l.8383 
       
A number should have been here; I inserted `0'.
(If you can't figure out why I needed to see a number,
look up `weird error' in the index to The TeXbook.)

/Users/jrathi/Projects/pdf-2-latex/files/ai/use-microtype/ai_final.tex:8383: Mi
ssing number, treated as zero.
<to be read again> 
                   \@elt 
l.8383 
       
A number should have been here; I inserted `0'.
(If you can't figure out why I needed to see a number,
look up `weird error' in the index to The TeXbook.)

/Users/jrathi/Projects/pdf-2-latex/files/ai/use-microtype/ai_final.tex:8383: Un
defined control sequence.
\@addmarginpar ...advance \@tempdima \ht \@marbox 
                                                  \ifdim \@tempdima >\z@ \@l...
l.8383 
       
The control sequence at the end of the top line
of your error message was never \def'ed. If you have
misspelled it (e.g., `\hobx'), type `I' and the correct
spelling (e.g., `I\hbox'). Otherwise just continue,
and I'll forget about whatever was undefined.

/Users/jrathi/Projects/pdf-2-latex/files/ai/use-microtype/ai_final.tex:8383: Ba
d register code (-88718271).
\@addmarginpar ...e \space moved}\else \@tempdima 
                                                  \z@ \fi \global \@mparbott...
l.8383 
       
A register number must be between 0 and 32767.
I changed this one to zero.

/Users/jrathi/Projects/pdf-2-latex/files/ai/use-microtype/ai_final.tex:8383: Mi
ssing number, treated as zero.
<to be read again> 
                   \global 
l.8383 
       
A number should have been here; I inserted `0'.
(If you can't figure out why I needed to see a number,
look up `weird error' in the index to The TeXbook.)

/Users/jrathi/Projects/pdf-2-latex/files/ai/use-microtype/ai_final.tex:8383: Il
legal unit of measure (pt inserted).
<to be read again> 
                   \global 
l.8383 
       
Dimensions can be in units of em, ex, in, pt, pc,
cm, mm, dd, cc, bp, or sp; but yours is a new one!
I'll assume that you meant to say pt, for printer's points.
To recover gracefully from this error, it's best to
delete the erroneous units; e.g., type `2' to delete
two letters. (See Chapter 27 of The TeXbook.)

/Users/jrathi/Projects/pdf-2-latex/files/ai/use-microtype/ai_final.tex:8383: Un
defined control sequence.
\@addmarginpar ...vance \@mparbottom \dp \@marbox 
                                                  \global \advance \@mparbot...
l.8383 
       
The control sequence at the end of the top line
of your error message was never \def'ed. If you have
misspelled it (e.g., `\hobx'), type `I' and the correct
spelling (e.g., `I\hbox'). Otherwise just continue,
and I'll forget about whatever was undefined.

/Users/jrathi/Projects/pdf-2-latex/files/ai/use-microtype/ai_final.tex:8383: Mi
ssing number, treated as zero.
<to be read again> 
                   \global 
l.8383 
       
A number should have been here; I inserted `0'.
(If you can't figure out why I needed to see a number,
look up `weird error' in the index to The TeXbook.)

/Users/jrathi/Projects/pdf-2-latex/files/ai/use-microtype/ai_final.tex:8383: Un
defined control sequence.
\@addmarginpar ...dvance \@tempdima -\ht \@marbox 
                                                  \global \setbox \@marbox \...
l.8383 
       
The control sequence at the end of the top line
of your error message was never \def'ed. If you have
misspelled it (e.g., `\hobx'), type `I' and the correct
spelling (e.g., `I\hbox'). Otherwise just continue,
and I'll forget about whatever was undefined.

/Users/jrathi/Projects/pdf-2-latex/files/ai/use-microtype/ai_final.tex:8383: Mi
ssing number, treated as zero.
<to be read again> 
                   \global 
l.8383 
       
A number should have been here; I inserted `0'.
(If you can't figure out why I needed to see a number,
look up `weird error' in the index to The TeXbook.)

/Users/jrathi/Projects/pdf-2-latex/files/ai/use-microtype/ai_final.tex:8383: Un
defined control sequence.
\@addmarginpar ...marbox \global \setbox \@marbox 
                                                  \vbox {\vskip \@tempdima \...
l.8383 
       
The control sequence at the end of the top line
of your error message was never \def'ed. If you have
misspelled it (e.g., `\hobx'), type `I' and the correct
spelling (e.g., `I\hbox'). Otherwise just continue,
and I'll forget about whatever was undefined.

/Users/jrathi/Projects/pdf-2-latex/files/ai/use-microtype/ai_final.tex:8383: Mi
ssing number, treated as zero.
<to be read again> 
                   \vbox 
l.8383 
       
A number should have been here; I inserted `0'.
(If you can't figure out why I needed to see a number,
look up `weird error' in the index to The TeXbook.)

/Users/jrathi/Projects/pdf-2-latex/files/ai/use-microtype/ai_final.tex:8383: Un
defined control sequence.
\@addmarginpar ...\vskip \@tempdima \box \@marbox 
                                                  }\global \ht \@marbox \z@ ...
l.8383 
       
The control sequence at the end of the top line
of your error message was never \def'ed. If you have
misspelled it (e.g., `\hobx'), type `I' and the correct
spelling (e.g., `I\hbox'). Otherwise just continue,
and I'll forget about whatever was undefined.

/Users/jrathi/Projects/pdf-2-latex/files/ai/use-microtype/ai_final.tex:8383: Mi
ssing number, treated as zero.
<to be read again> 
                   }
l.8383 
       
A number should have been here; I inserted `0'.
(If you can't figure out why I needed to see a number,
look up `weird error' in the index to The TeXbook.)

/Users/jrathi/Projects/pdf-2-latex/files/ai/use-microtype/ai_final.tex:8383: Un
defined control sequence.
\@addmarginpar ... \@marbox }\global \ht \@marbox 
                                                  \z@ \global \dp \@marbox \...
l.8383 
       
The control sequence at the end of the top line
of your error message was never \def'ed. If you have
misspelled it (e.g., `\hobx'), type `I' and the correct
spelling (e.g., `I\hbox'). Otherwise just continue,
and I'll forget about whatever was undefined.

/Users/jrathi/Projects/pdf-2-latex/files/ai/use-microtype/ai_final.tex:8383: Mi
ssing number, treated as zero.
<to be read again> 
                   \global 
l.8383 
       
A number should have been here; I inserted `0'.
(If you can't figure out why I needed to see a number,
look up `weird error' in the index to The TeXbook.)

/Users/jrathi/Projects/pdf-2-latex/files/ai/use-microtype/ai_final.tex:8383: Il
legal unit of measure (pt inserted).
<to be read again> 
                   \global 
l.8383 
       
Dimensions can be in units of em, ex, in, pt, pc,
cm, mm, dd, cc, bp, or sp; but yours is a new one!
I'll assume that you meant to say pt, for printer's points.
To recover gracefully from this error, it's best to
delete the erroneous units; e.g., type `2' to delete
two letters. (See Chapter 27 of The TeXbook.)

/Users/jrathi/Projects/pdf-2-latex/files/ai/use-microtype/ai_final.tex:8383: Un
defined control sequence.
\@addmarginpar ...marbox \z@ \global \dp \@marbox 
                                                  \z@ \kern -\@pagedp \noint...
l.8383 
       
The control sequence at the end of the top line
of your error message was never \def'ed. If you have
misspelled it (e.g., `\hobx'), type `I' and the correct
spelling (e.g., `I\hbox'). Otherwise just continue,
and I'll forget about whatever was undefined.

/Users/jrathi/Projects/pdf-2-latex/files/ai/use-microtype/ai_final.tex:8383: Mi
ssing number, treated as zero.
<to be read again> 
                   \kern 
l.8383 
       
A number should have been here; I inserted `0'.
(If you can't figure out why I needed to see a number,
look up `weird error' in the index to The TeXbook.)

/Users/jrathi/Projects/pdf-2-latex/files/ai/use-microtype/ai_final.tex:8383: Il
legal unit of measure (pt inserted).
<to be read again> 
                   \kern 
l.8383 
       
Dimensions can be in units of em, ex, in, pt, pc,
cm, mm, dd, cc, bp, or sp; but yours is a new one!
I'll assume that you meant to say pt, for printer's points.
To recover gracefully from this error, it's best to
delete the erroneous units; e.g., type `2' to delete
two letters. (See Chapter 27 of The TeXbook.)

/Users/jrathi/Projects/pdf-2-latex/files/ai/use-microtype/ai_final.tex:8383: Un
defined control sequence.
\@addmarginpar ...arginparwidth \fi \box \@marbox 
                                                  \hss }\nointerlineskip \hb...
l.8383 
       
The control sequence at the end of the top line
of your error message was never \def'ed. If you have
misspelled it (e.g., `\hobx'), type `I' and the correct
spelling (e.g., `I\hbox'). Otherwise just continue,
and I'll forget about whatever was undefined.

/Users/jrathi/Projects/pdf-2-latex/files/ai/use-microtype/ai_final.tex:8383: Mi
ssing number, treated as zero.
<to be read again> 
                   \hss 
l.8383 
       
A number should have been here; I inserted `0'.
(If you can't figure out why I needed to see a number,
look up `weird error' in the index to The TeXbook.)



[236]

[237]

[238]

/Users/jrathi/Projects/pdf-2-latex/files/ai/use-microtype/ai_final.tex:8410: La
TeX Error: Too many unprocessed floats.

See the LaTeX manual or LaTeX Companion for explanation.
Type  H <return>  for immediate help.
 ...                                              
                                                  
l.8410 \begin{figure}[h]
                        
You've lost some text.  Try typing  <return>  to proceed.
If that doesn't work, type  X <return>  to quit.

/Users/jrathi/Projects/pdf-2-latex/files/ai/use-microtype/ai_final.tex:8410: Un
defined control sequence.
\@xfloat ...@fltovf \fi \global \setbox \@currbox 
                                                  \color@vbox \normalcolor \...
l.8410 \begin{figure}[h]
                        
The control sequence at the end of the top line
of your error message was never \def'ed. If you have
misspelled it (e.g., `\hobx'), type `I' and the correct
spelling (e.g., `I\hbox'). Otherwise just continue,
and I'll forget about whatever was undefined.

/Users/jrathi/Projects/pdf-2-latex/files/ai/use-microtype/ai_final.tex:8410: Mi
ssing number, treated as zero.
<to be read again> 
                   \vbox 
l.8410 \begin{figure}[h]
                        
A number should have been here; I inserted `0'.
(If you can't figure out why I needed to see a number,
look up `weird error' in the index to The TeXbook.)

File: ./images/2025_05_12_af19cd5e0d1b8a465ffeg-287.jpg Graphic file (type bmp)

<./images/2025_05_12_af19cd5e0d1b8a465ffeg-287.jpg>
/Users/jrathi/Projects/pdf-2-latex/files/ai/use-microtype/ai_final.tex:8414: Un
defined control sequence.
\@largefloatcheck ->\ifdim \ht \@currbox 
                                         >\textheight \@tempdima -\textheigh...
l.8414 \end{figure}
                   
The control sequence at the end of the top line
of your error message was never \def'ed. If you have
misspelled it (e.g., `\hobx'), type `I' and the correct
spelling (e.g., `I\hbox'). Otherwise just continue,
and I'll forget about whatever was undefined.

/Users/jrathi/Projects/pdf-2-latex/files/ai/use-microtype/ai_final.tex:8414: Mi
ssing number, treated as zero.
<to be read again> 
                   >
l.8414 \end{figure}
                   
A number should have been here; I inserted `0'.
(If you can't figure out why I needed to see a number,
look up `weird error' in the index to The TeXbook.)

/Users/jrathi/Projects/pdf-2-latex/files/ai/use-microtype/ai_final.tex:8414: Un
defined control sequence.
<argument> \@currbox 
                     
l.8414 \end{figure}
                   
The control sequence at the end of the top line
of your error message was never \def'ed. If you have
misspelled it (e.g., `\hobx'), type `I' and the correct
spelling (e.g., `I\hbox'). Otherwise just continue,
and I'll forget about whatever was undefined.

/Users/jrathi/Projects/pdf-2-latex/files/ai/use-microtype/ai_final.tex:8414: Ar
gument of \@xnext has an extra }.
<inserted text> 
                \par 
l.8414 \end{figure}
                   
I've run across a `}' that doesn't seem to match anything.
For example, `\def\a#1{...}' and `\a}' would produce
this error. If you simply proceed now, the `\par' that
I've just inserted will cause me to report a runaway
argument that might be the root of the problem. But if
your `}' was spurious, just type `2' and it will go away.

Runaway argument?
\@currbox \@currlist \ifnum \count \@currbox >\z@ \advance \@pageht \@pagedp \E
TC.
/Users/jrathi/Projects/pdf-2-latex/files/ai/use-microtype/ai_final.tex:8414: Pa
ragraph ended before \@xnext was complete.
<to be read again> 
                   \par 
l.8414 \end{figure}
                   
I suspect you've forgotten a `}', causing me to apply this
control sequence to too much text. How can we recover?
My plan is to forget the whole thing and hope for the best.

/Users/jrathi/Projects/pdf-2-latex/files/ai/use-microtype/ai_final.tex:8414: Ex
tra \else.
\end@float ...pdima \penalty \@floatpenalty \else 
                                                  \vadjust {\penalty -\@Miv ...
l.8414 \end{figure}
                   
I'm ignoring this; it doesn't match any \if.

/Users/jrathi/Projects/pdf-2-latex/files/ai/use-microtype/ai_final.tex:8414: Yo
u can't use `\vadjust' in vertical mode.
\end@float ...nalty \@floatpenalty \else \vadjust 
                                                  {\penalty -\@Miv \vbox {}\...
l.8414 \end{figure}
                   
Sorry, but I'm not programmed to handle this case;
I'll just pretend that you didn't ask for it.
If you're in the wrong mode, you might be able to
return to the right one by typing `I}' or `I$' or `I\par'.

/Users/jrathi/Projects/pdf-2-latex/files/ai/use-microtype/ai_final.tex:8414: Ar
gument of \@xnext has an extra }.
<inserted text> 
                \par 
l.8414 \end{figure}
                   
I've run across a `}' that doesn't seem to match anything.
For example, `\def\a#1{...}' and `\a}' would produce
this error. If you simply proceed now, the `\par' that
I've just inserted will cause me to report a runaway
argument that might be the root of the problem. But if
your `}' was spurious, just type `2' and it will go away.

Runaway argument?
\@currbox \@currlist \ifnum \count \@currbox >\z@ \advance \@pageht \@pagedp \E
TC.
/Users/jrathi/Projects/pdf-2-latex/files/ai/use-microtype/ai_final.tex:8414: Pa
ragraph ended before \@xnext was complete.
<to be read again> 
                   \par 
l.8414 \end{figure}
                   
I suspect you've forgotten a `}', causing me to apply this
control sequence to too much text. How can we recover?
My plan is to forget the whole thing and hope for the best.


/Users/jrathi/Projects/pdf-2-latex/files/ai/use-microtype/ai_final.tex:8501: La
TeX Error: Too many unprocessed floats.

See the LaTeX manual or LaTeX Companion for explanation.
Type  H <return>  for immediate help.
 ...                                              
                                                  
l.8501 \begin{figure}[h]
                        
You've lost some text.  Try typing  <return>  to proceed.
If that doesn't work, type  X <return>  to quit.

/Users/jrathi/Projects/pdf-2-latex/files/ai/use-microtype/ai_final.tex:8501: Un
defined control sequence.
\@xfloat ...@fltovf \fi \global \setbox \@currbox 
                                                  \color@vbox \normalcolor \...
l.8501 \begin{figure}[h]
                        
The control sequence at the end of the top line
of your error message was never \def'ed. If you have
misspelled it (e.g., `\hobx'), type `I' and the correct
spelling (e.g., `I\hbox'). Otherwise just continue,
and I'll forget about whatever was undefined.

/Users/jrathi/Projects/pdf-2-latex/files/ai/use-microtype/ai_final.tex:8501: Mi
ssing number, treated as zero.
<to be read again> 
                   \vbox 
l.8501 \begin{figure}[h]
                        
A number should have been here; I inserted `0'.
(If you can't figure out why I needed to see a number,
look up `weird error' in the index to The TeXbook.)

File: ./images/2025_05_12_af19cd5e0d1b8a465ffeg-293(1).jpg Graphic file (type b
mp)
<./images/2025_05_12_af19cd5e0d1b8a465ffeg-293(1).jpg>

Underfull \hbox (badness 10000) in paragraph at lines 8504--8504

 []

/Users/jrathi/Projects/pdf-2-latex/files/ai/use-microtype/ai_final.tex:8505: Un
defined control sequence.
\@largefloatcheck ->\ifdim \ht \@currbox 
                                         >\textheight \@tempdima -\textheigh...
l.8505 \end{figure}
                   
The control sequence at the end of the top line
of your error message was never \def'ed. If you have
misspelled it (e.g., `\hobx'), type `I' and the correct
spelling (e.g., `I\hbox'). Otherwise just continue,
and I'll forget about whatever was undefined.

/Users/jrathi/Projects/pdf-2-latex/files/ai/use-microtype/ai_final.tex:8505: Mi
ssing number, treated as zero.
<to be read again> 
                   >
l.8505 \end{figure}
                   
A number should have been here; I inserted `0'.
(If you can't figure out why I needed to see a number,
look up `weird error' in the index to The TeXbook.)

/Users/jrathi/Projects/pdf-2-latex/files/ai/use-microtype/ai_final.tex:8505: Un
defined control sequence.
<argument> \@currbox 
                     
l.8505 \end{figure}
                   
The control sequence at the end of the top line
of your error message was never \def'ed. If you have
misspelled it (e.g., `\hobx'), type `I' and the correct
spelling (e.g., `I\hbox'). Otherwise just continue,
and I'll forget about whatever was undefined.

/Users/jrathi/Projects/pdf-2-latex/files/ai/use-microtype/ai_final.tex:8505: Mi
ssing number, treated as zero.
<to be read again> 
                   \@elt 
l.8505 \end{figure}
                   
A number should have been here; I inserted `0'.
(If you can't figure out why I needed to see a number,
look up `weird error' in the index to The TeXbook.)

/Users/jrathi/Projects/pdf-2-latex/files/ai/use-microtype/ai_final.tex:8505: Mi
ssing = inserted for \ifnum.
<to be read again> 
                   \@elt 
l.8505 \end{figure}
                   
I was expecting to see `<', `=', or `>'. Didn't.

/Users/jrathi/Projects/pdf-2-latex/files/ai/use-microtype/ai_final.tex:8505: Mi
ssing number, treated as zero.
<to be read again> 
                   \@elt 
l.8505 \end{figure}
                   
A number should have been here; I inserted `0'.
(If you can't figure out why I needed to see a number,
look up `weird error' in the index to The TeXbook.)


/Users/jrathi/Projects/pdf-2-latex/files/ai/use-microtype/ai_final.tex:8505: La
TeX Error: This may be a LaTeX bug.

See the LaTeX manual or LaTeX Companion for explanation.
Type  H <return>  for immediate help.
 ...                                              
                                                  
l.8505 \end{figure}
                   
Call for help

/Users/jrathi/Projects/pdf-2-latex/files/ai/use-microtype/ai_final.tex:8505: Un
defined control sequence.
\@addmarginpar ...advance \@tempdima \ht \@marbox 
                                                  \ifdim \@tempdima >\z@ \@l...
l.8505 \end{figure}
                   
The control sequence at the end of the top line
of your error message was never \def'ed. If you have
misspelled it (e.g., `\hobx'), type `I' and the correct
spelling (e.g., `I\hbox'). Otherwise just continue,
and I'll forget about whatever was undefined.

/Users/jrathi/Projects/pdf-2-latex/files/ai/use-microtype/ai_final.tex:8505: Ba
d register code (-168975070).
\@addmarginpar ...e \space moved}\else \@tempdima 
                                                  \z@ \fi \global \@mparbott...
l.8505 \end{figure}
                   
A register number must be between 0 and 32767.
I changed this one to zero.

/Users/jrathi/Projects/pdf-2-latex/files/ai/use-microtype/ai_final.tex:8505: Mi
ssing number, treated as zero.
<to be read again> 
                   \global 
l.8505 \end{figure}
                   
A number should have been here; I inserted `0'.
(If you can't figure out why I needed to see a number,
look up `weird error' in the index to The TeXbook.)

/Users/jrathi/Projects/pdf-2-latex/files/ai/use-microtype/ai_final.tex:8505: Il
legal unit of measure (pt inserted).
<to be read again> 
                   \global 
l.8505 \end{figure}
                   
Dimensions can be in units of em, ex, in, pt, pc,
cm, mm, dd, cc, bp, or sp; but yours is a new one!
I'll assume that you meant to say pt, for printer's points.
To recover gracefully from this error, it's best to
delete the erroneous units; e.g., type `2' to delete
two letters. (See Chapter 27 of The TeXbook.)

/Users/jrathi/Projects/pdf-2-latex/files/ai/use-microtype/ai_final.tex:8505: Un
defined control sequence.
\@addmarginpar ...vance \@mparbottom \dp \@marbox 
                                                  \global \advance \@mparbot...
l.8505 \end{figure}
                   
The control sequence at the end of the top line
of your error message was never \def'ed. If you have
misspelled it (e.g., `\hobx'), type `I' and the correct
spelling (e.g., `I\hbox'). Otherwise just continue,
and I'll forget about whatever was undefined.

/Users/jrathi/Projects/pdf-2-latex/files/ai/use-microtype/ai_final.tex:8505: Mi
ssing number, treated as zero.
<to be read again> 
                   \global 
l.8505 \end{figure}
                   
A number should have been here; I inserted `0'.
(If you can't figure out why I needed to see a number,
look up `weird error' in the index to The TeXbook.)

/Users/jrathi/Projects/pdf-2-latex/files/ai/use-microtype/ai_final.tex:8505: Un
defined control sequence.
\@addmarginpar ...dvance \@tempdima -\ht \@marbox 
                                                  \global \setbox \@marbox \...
l.8505 \end{figure}
                   
The control sequence at the end of the top line
of your error message was never \def'ed. If you have
misspelled it (e.g., `\hobx'), type `I' and the correct
spelling (e.g., `I\hbox'). Otherwise just continue,
and I'll forget about whatever was undefined.

/Users/jrathi/Projects/pdf-2-latex/files/ai/use-microtype/ai_final.tex:8505: Mi
ssing number, treated as zero.
<to be read again> 
                   \global 
l.8505 \end{figure}
                   
A number should have been here; I inserted `0'.
(If you can't figure out why I needed to see a number,
look up `weird error' in the index to The TeXbook.)

/Users/jrathi/Projects/pdf-2-latex/files/ai/use-microtype/ai_final.tex:8505: Un
defined control sequence.
\@addmarginpar ...marbox \global \setbox \@marbox 
                                                  \vbox {\vskip \@tempdima \...
l.8505 \end{figure}
                   
The control sequence at the end of the top line
of your error message was never \def'ed. If you have
misspelled it (e.g., `\hobx'), type `I' and the correct
spelling (e.g., `I\hbox'). Otherwise just continue,
and I'll forget about whatever was undefined.

/Users/jrathi/Projects/pdf-2-latex/files/ai/use-microtype/ai_final.tex:8505: Mi
ssing number, treated as zero.
<to be read again> 
                   \vbox 
l.8505 \end{figure}
                   
A number should have been here; I inserted `0'.
(If you can't figure out why I needed to see a number,
look up `weird error' in the index to The TeXbook.)

/Users/jrathi/Projects/pdf-2-latex/files/ai/use-microtype/ai_final.tex:8505: Un
defined control sequence.
\@addmarginpar ...\vskip \@tempdima \box \@marbox 
                                                  }\global \ht \@marbox \z@ ...
l.8505 \end{figure}
                   
The control sequence at the end of the top line
of your error message was never \def'ed. If you have
misspelled it (e.g., `\hobx'), type `I' and the correct
spelling (e.g., `I\hbox'). Otherwise just continue,
and I'll forget about whatever was undefined.

/Users/jrathi/Projects/pdf-2-latex/files/ai/use-microtype/ai_final.tex:8505: Mi
ssing number, treated as zero.
<to be read again> 
                   }
l.8505 \end{figure}
                   
A number should have been here; I inserted `0'.
(If you can't figure out why I needed to see a number,
look up `weird error' in the index to The TeXbook.)

/Users/jrathi/Projects/pdf-2-latex/files/ai/use-microtype/ai_final.tex:8505: Un
defined control sequence.
\@addmarginpar ... \@marbox }\global \ht \@marbox 
                                                  \z@ \global \dp \@marbox \...
l.8505 \end{figure}
                   
The control sequence at the end of the top line
of your error message was never \def'ed. If you have
misspelled it (e.g., `\hobx'), type `I' and the correct
spelling (e.g., `I\hbox'). Otherwise just continue,
and I'll forget about whatever was undefined.

/Users/jrathi/Projects/pdf-2-latex/files/ai/use-microtype/ai_final.tex:8505: Mi
ssing number, treated as zero.
<to be read again> 
                   \global 
l.8505 \end{figure}
                   
A number should have been here; I inserted `0'.
(If you can't figure out why I needed to see a number,
look up `weird error' in the index to The TeXbook.)

/Users/jrathi/Projects/pdf-2-latex/files/ai/use-microtype/ai_final.tex:8505: Il
legal unit of measure (pt inserted).
<to be read again> 
                   \global 
l.8505 \end{figure}
                   
Dimensions can be in units of em, ex, in, pt, pc,
cm, mm, dd, cc, bp, or sp; but yours is a new one!
I'll assume that you meant to say pt, for printer's points.
To recover gracefully from this error, it's best to
delete the erroneous units; e.g., type `2' to delete
two letters. (See Chapter 27 of The TeXbook.)

/Users/jrathi/Projects/pdf-2-latex/files/ai/use-microtype/ai_final.tex:8505: Un
defined control sequence.
\@addmarginpar ...marbox \z@ \global \dp \@marbox 
                                                  \z@ \kern -\@pagedp \noint...
l.8505 \end{figure}
                   
The control sequence at the end of the top line
of your error message was never \def'ed. If you have
misspelled it (e.g., `\hobx'), type `I' and the correct
spelling (e.g., `I\hbox'). Otherwise just continue,
and I'll forget about whatever was undefined.

/Users/jrathi/Projects/pdf-2-latex/files/ai/use-microtype/ai_final.tex:8505: Mi
ssing number, treated as zero.
<to be read again> 
                   \kern 
l.8505 \end{figure}
                   
A number should have been here; I inserted `0'.
(If you can't figure out why I needed to see a number,
look up `weird error' in the index to The TeXbook.)

/Users/jrathi/Projects/pdf-2-latex/files/ai/use-microtype/ai_final.tex:8505: Il
legal unit of measure (pt inserted).
<to be read again> 
                   \kern 
l.8505 \end{figure}
                   
Dimensions can be in units of em, ex, in, pt, pc,
cm, mm, dd, cc, bp, or sp; but yours is a new one!
I'll assume that you meant to say pt, for printer's points.
To recover gracefully from this error, it's best to
delete the erroneous units; e.g., type `2' to delete
two letters. (See Chapter 27 of The TeXbook.)

/Users/jrathi/Projects/pdf-2-latex/files/ai/use-microtype/ai_final.tex:8505: Un
defined control sequence.
\@addmarginpar ...arginparwidth \fi \box \@marbox 
                                                  \hss }\nointerlineskip \hb...
l.8505 \end{figure}
                   
The control sequence at the end of the top line
of your error message was never \def'ed. If you have
misspelled it (e.g., `\hobx'), type `I' and the correct
spelling (e.g., `I\hbox'). Otherwise just continue,
and I'll forget about whatever was undefined.

/Users/jrathi/Projects/pdf-2-latex/files/ai/use-microtype/ai_final.tex:8505: Mi
ssing number, treated as zero.
<to be read again> 
                   \hss 
l.8505 \end{figure}
                   
A number should have been here; I inserted `0'.
(If you can't figure out why I needed to see a number,
look up `weird error' in the index to The TeXbook.)



[239]

[240]
Underfull \vbox (badness 1137) has occurred while \output is active []



[241]

[242]

/Users/jrathi/Projects/pdf-2-latex/files/ai/use-microtype/ai_final.tex:8506: La
TeX Error: Too many unprocessed floats.

See the LaTeX manual or LaTeX Companion for explanation.
Type  H <return>  for immediate help.
 ...                                              
                                                  
l.8506 \begin{figure}[h]
                        
You've lost some text.  Try typing  <return>  to proceed.
If that doesn't work, type  X <return>  to quit.

/Users/jrathi/Projects/pdf-2-latex/files/ai/use-microtype/ai_final.tex:8506: Un
defined control sequence.
\@xfloat ...@fltovf \fi \global \setbox \@currbox 
                                                  \color@vbox \normalcolor \...
l.8506 \begin{figure}[h]
                        
The control sequence at the end of the top line
of your error message was never \def'ed. If you have
misspelled it (e.g., `\hobx'), type `I' and the correct
spelling (e.g., `I\hbox'). Otherwise just continue,
and I'll forget about whatever was undefined.

/Users/jrathi/Projects/pdf-2-latex/files/ai/use-microtype/ai_final.tex:8506: Mi
ssing number, treated as zero.
<to be read again> 
                   \vbox 
l.8506 \begin{figure}[h]
                        
A number should have been here; I inserted `0'.
(If you can't figure out why I needed to see a number,
look up `weird error' in the index to The TeXbook.)

File: ./images/2025_05_12_af19cd5e0d1b8a465ffeg-293.jpg Graphic file (type bmp)

<./images/2025_05_12_af19cd5e0d1b8a465ffeg-293.jpg>

Underfull \hbox (badness 10000) in paragraph at lines 8509--8509

 []

/Users/jrathi/Projects/pdf-2-latex/files/ai/use-microtype/ai_final.tex:8510: Un
defined control sequence.
\@largefloatcheck ->\ifdim \ht \@currbox 
                                         >\textheight \@tempdima -\textheigh...
l.8510 \end{figure}
                   
The control sequence at the end of the top line
of your error message was never \def'ed. If you have
misspelled it (e.g., `\hobx'), type `I' and the correct
spelling (e.g., `I\hbox'). Otherwise just continue,
and I'll forget about whatever was undefined.

/Users/jrathi/Projects/pdf-2-latex/files/ai/use-microtype/ai_final.tex:8510: Mi
ssing number, treated as zero.
<to be read again> 
                   >
l.8510 \end{figure}
                   
A number should have been here; I inserted `0'.
(If you can't figure out why I needed to see a number,
look up `weird error' in the index to The TeXbook.)

/Users/jrathi/Projects/pdf-2-latex/files/ai/use-microtype/ai_final.tex:8510: Un
defined control sequence.
<argument> \@currbox 
                     
l.8510 \end{figure}
                   
The control sequence at the end of the top line
of your error message was never \def'ed. If you have
misspelled it (e.g., `\hobx'), type `I' and the correct
spelling (e.g., `I\hbox'). Otherwise just continue,
and I'll forget about whatever was undefined.

/Users/jrathi/Projects/pdf-2-latex/files/ai/use-microtype/ai_final.tex:8510: Ar
gument of \@xnext has an extra }.
<inserted text> 
                \par 
l.8510 \end{figure}
                   
I've run across a `}' that doesn't seem to match anything.
For example, `\def\a#1{...}' and `\a}' would produce
this error. If you simply proceed now, the `\par' that
I've just inserted will cause me to report a runaway
argument that might be the root of the problem. But if
your `}' was spurious, just type `2' and it will go away.

Runaway argument?
\@currbox \@currlist \ifnum \count \@currbox >\z@ \advance \@pageht \@pagedp \E
TC.
/Users/jrathi/Projects/pdf-2-latex/files/ai/use-microtype/ai_final.tex:8510: Pa
ragraph ended before \@xnext was complete.
<to be read again> 
                   \par 
l.8510 \end{figure}
                   
I suspect you've forgotten a `}', causing me to apply this
control sequence to too much text. How can we recover?
My plan is to forget the whole thing and hope for the best.

/Users/jrathi/Projects/pdf-2-latex/files/ai/use-microtype/ai_final.tex:8510: Ex
tra \else.
\end@float ...pdima \penalty \@floatpenalty \else 
                                                  \vadjust {\penalty -\@Miv ...
l.8510 \end{figure}
                   
I'm ignoring this; it doesn't match any \if.

/Users/jrathi/Projects/pdf-2-latex/files/ai/use-microtype/ai_final.tex:8510: Yo
u can't use `\vadjust' in vertical mode.
\end@float ...nalty \@floatpenalty \else \vadjust 
                                                  {\penalty -\@Miv \vbox {}\...
l.8510 \end{figure}
                   
Sorry, but I'm not programmed to handle this case;
I'll just pretend that you didn't ask for it.
If you're in the wrong mode, you might be able to
return to the right one by typing `I}' or `I$' or `I\par'.

/Users/jrathi/Projects/pdf-2-latex/files/ai/use-microtype/ai_final.tex:8510: Ar
gument of \@xnext has an extra }.
<inserted text> 
                \par 
l.8510 \end{figure}
                   
I've run across a `}' that doesn't seem to match anything.
For example, `\def\a#1{...}' and `\a}' would produce
this error. If you simply proceed now, the `\par' that
I've just inserted will cause me to report a runaway
argument that might be the root of the problem. But if
your `}' was spurious, just type `2' and it will go away.

Runaway argument?
\@currbox \@currlist \ifnum \count \@currbox >\z@ \advance \@pageht \@pagedp \E
TC.
/Users/jrathi/Projects/pdf-2-latex/files/ai/use-microtype/ai_final.tex:8510: Pa
ragraph ended before \@xnext was complete.
<to be read again> 
                   \par 
l.8510 \end{figure}
                   
I suspect you've forgotten a `}', causing me to apply this
control sequence to too much text. How can we recover?
My plan is to forget the whole thing and hope for the best.


/Users/jrathi/Projects/pdf-2-latex/files/ai/use-microtype/ai_final.tex:8529: La
TeX Error: Not in outer par mode.

See the LaTeX manual or LaTeX Companion for explanation.
Type  H <return>  for immediate help.
 ...                                              
                                                  
l.8529 \begin{figure}[h]
                        
You've lost some text.  Try typing  <return>  to proceed.
If that doesn't work, type  X <return>  to quit.

/Users/jrathi/Projects/pdf-2-latex/files/ai/use-microtype/ai_final.tex:8529: Un
defined control sequence.
\@xfloat ...@fltovf \fi \global \setbox \@currbox 
                                                  \color@vbox \normalcolor \...
l.8529 \begin{figure}[h]
                        
The control sequence at the end of the top line
of your error message was never \def'ed. If you have
misspelled it (e.g., `\hobx'), type `I' and the correct
spelling (e.g., `I\hbox'). Otherwise just continue,
and I'll forget about whatever was undefined.

/Users/jrathi/Projects/pdf-2-latex/files/ai/use-microtype/ai_final.tex:8529: Mi
ssing number, treated as zero.
<to be read again> 
                   \vbox 
l.8529 \begin{figure}[h]
                        
A number should have been here; I inserted `0'.
(If you can't figure out why I needed to see a number,
look up `weird error' in the index to The TeXbook.)

File: ./images/2025_05_12_af19cd5e0d1b8a465ffeg-294(4).jpg Graphic file (type b
mp)
<./images/2025_05_12_af19cd5e0d1b8a465ffeg-294(4).jpg>
/Users/jrathi/Projects/pdf-2-latex/files/ai/use-microtype/ai_final.tex:8532: Mi
ssing \endgroup inserted.
<inserted text> 
                \endgroup 
l.8532      &
              \includegraphics[max width=\textwidth]{2025_05_12_af19cd5e0d1b...
I've inserted something that you may have forgotten.
(See the <inserted text> above.)
With luck, this will get me unwedged. But if you
really didn't forget anything, try typing `2' now; then
my insertion and my current dilemma will both disappear.

/Users/jrathi/Projects/pdf-2-latex/files/ai/use-microtype/ai_final.tex:8532: Mi
ssing } inserted.
<inserted text> 
                }
l.8532      &
              \includegraphics[max width=\textwidth]{2025_05_12_af19cd5e0d1b...
I've inserted something that you may have forgotten.
(See the <inserted text> above.)
With luck, this will get me unwedged. But if you
really didn't forget anything, try typing `2' now; then
my insertion and my current dilemma will both disappear.

/Users/jrathi/Projects/pdf-2-latex/files/ai/use-microtype/ai_final.tex:8532: Mi
ssing \endgroup inserted.
<inserted text> 
                \endgroup 
l.8532      &
              \includegraphics[max width=\textwidth]{2025_05_12_af19cd5e0d1b...
I've inserted something that you may have forgotten.
(See the <inserted text> above.)
With luck, this will get me unwedged. But if you
really didn't forget anything, try typing `2' now; then
my insertion and my current dilemma will both disappear.

/Users/jrathi/Projects/pdf-2-latex/files/ai/use-microtype/ai_final.tex:8532: Mi
ssing } inserted.
<inserted text> 
                }
l.8532      &
              \includegraphics[max width=\textwidth]{2025_05_12_af19cd5e0d1b...
I've inserted something that you may have forgotten.
(See the <inserted text> above.)
With luck, this will get me unwedged. But if you
really didn't forget anything, try typing `2' now; then
my insertion and my current dilemma will both disappear.

File: ./images/2025_05_12_af19cd5e0d1b8a465ffeg-294.jpg Graphic file (type bmp)

<./images/2025_05_12_af19cd5e0d1b8a465ffeg-294.jpg>
/Users/jrathi/Projects/pdf-2-latex/files/ai/use-microtype/ai_final.tex:8533: Mi
ssing } inserted.
<inserted text> 
                }
l.8533 \end{figure}
                   
I've inserted something that you may have forgotten.
(See the <inserted text> above.)
With luck, this will get me unwedged. But if you
really didn't forget anything, try typing `2' now; then
my insertion and my current dilemma will both disappear.

/Users/jrathi/Projects/pdf-2-latex/files/ai/use-microtype/ai_final.tex:8533: Mi
ssing } inserted.
<inserted text> 
                }
l.8533 \end{figure}
                   
I've inserted something that you may have forgotten.
(See the <inserted text> above.)
With luck, this will get me unwedged. But if you
really didn't forget anything, try typing `2' now; then
my insertion and my current dilemma will both disappear.

/Users/jrathi/Projects/pdf-2-latex/files/ai/use-microtype/ai_final.tex:8533: Mi
ssing \cr inserted.
<inserted text> 
                \cr 
l.8533 \end{figure}
                   
I'm guessing that you meant to end an alignment here.

/Users/jrathi/Projects/pdf-2-latex/files/ai/use-microtype/ai_final.tex:8533: Mi
ssing { inserted.
<inserted text> 
                {
l.8533 \end{figure}
                   
I've put in what seems to be necessary to fix
the current column of the current alignment.
Try to go on, since this might almost work.

/Users/jrathi/Projects/pdf-2-latex/files/ai/use-microtype/ai_final.tex:8533: Mi
ssing $ inserted.
<inserted text> 
                $
l.8533 \end{figure}
                   
I've inserted a begin-math/end-math symbol since I think
you left one out. Proceed, with fingers crossed.

/Users/jrathi/Projects/pdf-2-latex/files/ai/use-microtype/ai_final.tex:8533: Mi
ssing } inserted.
<inserted text> 
                }
l.8533 \end{figure}
                   
I've inserted something that you may have forgotten.
(See the <inserted text> above.)
With luck, this will get me unwedged. But if you
really didn't forget anything, try typing `2' now; then
my insertion and my current dilemma will both disappear.

/Users/jrathi/Projects/pdf-2-latex/files/ai/use-microtype/ai_final.tex:8533: Ex
tra }, or forgotten \endgroup.
\color@endbox ->\color@endgroup \egroup 
                                        
l.8533 \end{figure}
                   
I've deleted a group-closing symbol because it seems to be
spurious, as in `$x}$'. But perhaps the } is legitimate and
you forgot something else, as in `\hbox{$x}'. In such cases
the way to recover is to insert both the forgotten and the
deleted material, e.g., by typing `I$}'.


/Users/jrathi/Projects/pdf-2-latex/files/ai/use-microtype/ai_final.tex:8533: La
TeX Error: \begin{center} on input line 8522 ended by \end{figure}.

See the LaTeX manual or LaTeX Companion for explanation.
Type  H <return>  for immediate help.
 ...                                              
                                                  
l.8533 \end{figure}
                   
Your command was ignored.
Type  I <command> <return>  to replace it with another command,
or  <return>  to continue without it.

/Users/jrathi/Projects/pdf-2-latex/files/ai/use-microtype/ai_final.tex:8534: Mi
splaced alignment tab character &.
l.8534  &
          0 & Up & Left & 0 & Right \\
I can't figure out why you would want to use a tab mark
here. If you just want an ampersand, the remedy is
simple: Just type `I\&' now. But if some right brace
up above has ended a previous alignment prematurely,
you're probably due for more error messages, and you
might try typing `S' now just to see what is salvageable.

/Users/jrathi/Projects/pdf-2-latex/files/ai/use-microtype/ai_final.tex:8534: Mi
splaced alignment tab character &.
l.8534  & 0 &
              Up & Left & 0 & Right \\
I can't figure out why you would want to use a tab mark
here. If you just want an ampersand, the remedy is
simple: Just type `I\&' now. But if some right brace
up above has ended a previous alignment prematurely,
you're probably due for more error messages, and you
might try typing `S' now just to see what is salvageable.

/Users/jrathi/Projects/pdf-2-latex/files/ai/use-microtype/ai_final.tex:8534: Mi
splaced alignment tab character &.
l.8534  & 0 & Up &
                   Left & 0 & Right \\
I can't figure out why you would want to use a tab mark
here. If you just want an ampersand, the remedy is
simple: Just type `I\&' now. But if some right brace
up above has ended a previous alignment prematurely,
you're probably due for more error messages, and you
might try typing `S' now just to see what is salvageable.

/Users/jrathi/Projects/pdf-2-latex/files/ai/use-microtype/ai_final.tex:8534: Mi
splaced alignment tab character &.
l.8534  & 0 & Up & Left &
                          0 & Right \\
I can't figure out why you would want to use a tab mark
here. If you just want an ampersand, the remedy is
simple: Just type `I\&' now. But if some right brace
up above has ended a previous alignment prematurely,
you're probably due for more error messages, and you
might try typing `S' now just to see what is salvageable.

/Users/jrathi/Projects/pdf-2-latex/files/ai/use-microtype/ai_final.tex:8534: Mi
splaced alignment tab character &.
l.8534  & 0 & Up & Left & 0 &
                              Right \\
I can't figure out why you would want to use a tab mark
here. If you just want an ampersand, the remedy is
simple: Just type `I\&' now. But if some right brace
up above has ended a previous alignment prematurely,
you're probably due for more error messages, and you
might try typing `S' now just to see what is salvageable.


Overfull \hbox (164.4603pt too wide) in paragraph at lines 8523--8534
 [] 
 []

/Users/jrathi/Projects/pdf-2-latex/files/ai/use-microtype/ai_final.tex:8535: Mi
splaced \noalign.
\hline ->\noalign 
                  {\ifnum 0=`}\fi \hrule \@height \arrayrulewidth \futurelet...
l.8535 \hline
             
I expect to see \noalign only after the \cr of
an alignment. Proceed, and I'll ignore this case.


/Users/jrathi/Projects/pdf-2-latex/files/ai/use-microtype/ai_final.tex:8536: La
TeX Error: Too many unprocessed floats.

See the LaTeX manual or LaTeX Companion for explanation.
Type  H <return>  for immediate help.
 ...                                              
                                                  
l.8536 \begin{figure}[h]
                        
You've lost some text.  Try typing  <return>  to proceed.
If that doesn't work, type  X <return>  to quit.

/Users/jrathi/Projects/pdf-2-latex/files/ai/use-microtype/ai_final.tex:8536: Un
defined control sequence.
\@xfloat ...@fltovf \fi \global \setbox \@currbox 
                                                  \color@vbox \normalcolor \...
l.8536 \begin{figure}[h]
                        
The control sequence at the end of the top line
of your error message was never \def'ed. If you have
misspelled it (e.g., `\hobx'), type `I' and the correct
spelling (e.g., `I\hbox'). Otherwise just continue,
and I'll forget about whatever was undefined.

/Users/jrathi/Projects/pdf-2-latex/files/ai/use-microtype/ai_final.tex:8536: Mi
ssing number, treated as zero.
<to be read again> 
                   \vbox 
l.8536 \begin{figure}[h]
                        
A number should have been here; I inserted `0'.
(If you can't figure out why I needed to see a number,
look up `weird error' in the index to The TeXbook.)

File: ./images/2025_05_12_af19cd5e0d1b8a465ffeg-294(9).jpg Graphic file (type b
mp)
<./images/2025_05_12_af19cd5e0d1b8a465ffeg-294(9).jpg>
/Users/jrathi/Projects/pdf-2-latex/files/ai/use-microtype/ai_final.tex:8539: Mi
splaced alignment tab character &.
l.8539      &
              \includegraphics[max width=\textwidth]{2025_05_12_af19cd5e0d1b...
I can't figure out why you would want to use a tab mark
here. If you just want an ampersand, the remedy is
simple: Just type `I\&' now. But if some right brace
up above has ended a previous alignment prematurely,
you're probably due for more error messages, and you
might try typing `S' now just to see what is salvageable.

File: ./images/2025_05_12_af19cd5e0d1b8a465ffeg-294(3).jpg Graphic file (type b
mp)
<./images/2025_05_12_af19cd5e0d1b8a465ffeg-294(3).jpg>
/Users/jrathi/Projects/pdf-2-latex/files/ai/use-microtype/ai_final.tex:8540: Un
defined control sequence.
\@largefloatcheck ->\ifdim \ht \@currbox 
                                         >\textheight \@tempdima -\textheigh...
l.8540 \end{figure}
                   
The control sequence at the end of the top line
of your error message was never \def'ed. If you have
misspelled it (e.g., `\hobx'), type `I' and the correct
spelling (e.g., `I\hbox'). Otherwise just continue,
and I'll forget about whatever was undefined.

/Users/jrathi/Projects/pdf-2-latex/files/ai/use-microtype/ai_final.tex:8540: Mi
ssing number, treated as zero.
<to be read again> 
                   >
l.8540 \end{figure}
                   
A number should have been here; I inserted `0'.
(If you can't figure out why I needed to see a number,
look up `weird error' in the index to The TeXbook.)

/Users/jrathi/Projects/pdf-2-latex/files/ai/use-microtype/ai_final.tex:8540: Un
defined control sequence.
<argument> \@currbox 
                     
l.8540 \end{figure}
                   
The control sequence at the end of the top line
of your error message was never \def'ed. If you have
misspelled it (e.g., `\hobx'), type `I' and the correct
spelling (e.g., `I\hbox'). Otherwise just continue,
and I'll forget about whatever was undefined.

/Users/jrathi/Projects/pdf-2-latex/files/ai/use-microtype/ai_final.tex:8540: Mi
ssing number, treated as zero.
<to be read again> 
                   \@elt 
l.8540 \end{figure}
                   
A number should have been here; I inserted `0'.
(If you can't figure out why I needed to see a number,
look up `weird error' in the index to The TeXbook.)

/Users/jrathi/Projects/pdf-2-latex/files/ai/use-microtype/ai_final.tex:8540: Mi
ssing = inserted for \ifnum.
<to be read again> 
                   \@elt 
l.8540 \end{figure}
                   
I was expecting to see `<', `=', or `>'. Didn't.

/Users/jrathi/Projects/pdf-2-latex/files/ai/use-microtype/ai_final.tex:8540: Mi
ssing number, treated as zero.
<to be read again> 
                   \@elt 
l.8540 \end{figure}
                   
A number should have been here; I inserted `0'.
(If you can't figure out why I needed to see a number,
look up `weird error' in the index to The TeXbook.)


/Users/jrathi/Projects/pdf-2-latex/files/ai/use-microtype/ai_final.tex:8540: La
TeX Error: This may be a LaTeX bug.

See the LaTeX manual or LaTeX Companion for explanation.
Type  H <return>  for immediate help.
 ...                                              
                                                  
l.8540 \end{figure}
                   
Call for help

/Users/jrathi/Projects/pdf-2-latex/files/ai/use-microtype/ai_final.tex:8540: Un
defined control sequence.
\@addmarginpar ...advance \@tempdima \ht \@marbox 
                                                  \ifdim \@tempdima >\z@ \@l...
l.8540 \end{figure}
                   
The control sequence at the end of the top line
of your error message was never \def'ed. If you have
misspelled it (e.g., `\hobx'), type `I' and the correct
spelling (e.g., `I\hbox'). Otherwise just continue,
and I'll forget about whatever was undefined.

/Users/jrathi/Projects/pdf-2-latex/files/ai/use-microtype/ai_final.tex:8540: Ba
d register code (-54350090).
\@addmarginpar ...e \space moved}\else \@tempdima 
                                                  \z@ \fi \global \@mparbott...
l.8540 \end{figure}
                   
A register number must be between 0 and 32767.
I changed this one to zero.

/Users/jrathi/Projects/pdf-2-latex/files/ai/use-microtype/ai_final.tex:8540: Mi
ssing number, treated as zero.
<to be read again> 
                   \global 
l.8540 \end{figure}
                   
A number should have been here; I inserted `0'.
(If you can't figure out why I needed to see a number,
look up `weird error' in the index to The TeXbook.)

/Users/jrathi/Projects/pdf-2-latex/files/ai/use-microtype/ai_final.tex:8540: Il
legal unit of measure (pt inserted).
<to be read again> 
                   \global 
l.8540 \end{figure}
                   
Dimensions can be in units of em, ex, in, pt, pc,
cm, mm, dd, cc, bp, or sp; but yours is a new one!
I'll assume that you meant to say pt, for printer's points.
To recover gracefully from this error, it's best to
delete the erroneous units; e.g., type `2' to delete
two letters. (See Chapter 27 of The TeXbook.)

/Users/jrathi/Projects/pdf-2-latex/files/ai/use-microtype/ai_final.tex:8540: Un
defined control sequence.
\@addmarginpar ...vance \@mparbottom \dp \@marbox 
                                                  \global \advance \@mparbot...
l.8540 \end{figure}
                   
The control sequence at the end of the top line
of your error message was never \def'ed. If you have
misspelled it (e.g., `\hobx'), type `I' and the correct
spelling (e.g., `I\hbox'). Otherwise just continue,
and I'll forget about whatever was undefined.

/Users/jrathi/Projects/pdf-2-latex/files/ai/use-microtype/ai_final.tex:8540: Mi
ssing number, treated as zero.
<to be read again> 
                   \global 
l.8540 \end{figure}
                   
A number should have been here; I inserted `0'.
(If you can't figure out why I needed to see a number,
look up `weird error' in the index to The TeXbook.)

/Users/jrathi/Projects/pdf-2-latex/files/ai/use-microtype/ai_final.tex:8540: Un
defined control sequence.
\@addmarginpar ...dvance \@tempdima -\ht \@marbox 
                                                  \global \setbox \@marbox \...
l.8540 \end{figure}
                   
The control sequence at the end of the top line
of your error message was never \def'ed. If you have
misspelled it (e.g., `\hobx'), type `I' and the correct
spelling (e.g., `I\hbox'). Otherwise just continue,
and I'll forget about whatever was undefined.

/Users/jrathi/Projects/pdf-2-latex/files/ai/use-microtype/ai_final.tex:8540: Mi
ssing number, treated as zero.
<to be read again> 
                   \global 
l.8540 \end{figure}
                   
A number should have been here; I inserted `0'.
(If you can't figure out why I needed to see a number,
look up `weird error' in the index to The TeXbook.)

/Users/jrathi/Projects/pdf-2-latex/files/ai/use-microtype/ai_final.tex:8540: Un
defined control sequence.
\@addmarginpar ...marbox \global \setbox \@marbox 
                                                  \vbox {\vskip \@tempdima \...
l.8540 \end{figure}
                   
The control sequence at the end of the top line
of your error message was never \def'ed. If you have
misspelled it (e.g., `\hobx'), type `I' and the correct
spelling (e.g., `I\hbox'). Otherwise just continue,
and I'll forget about whatever was undefined.

/Users/jrathi/Projects/pdf-2-latex/files/ai/use-microtype/ai_final.tex:8540: Mi
ssing number, treated as zero.
<to be read again> 
                   \vbox 
l.8540 \end{figure}
                   
A number should have been here; I inserted `0'.
(If you can't figure out why I needed to see a number,
look up `weird error' in the index to The TeXbook.)

/Users/jrathi/Projects/pdf-2-latex/files/ai/use-microtype/ai_final.tex:8540: Un
defined control sequence.
\@addmarginpar ...\vskip \@tempdima \box \@marbox 
                                                  }\global \ht \@marbox \z@ ...
l.8540 \end{figure}
                   
The control sequence at the end of the top line
of your error message was never \def'ed. If you have
misspelled it (e.g., `\hobx'), type `I' and the correct
spelling (e.g., `I\hbox'). Otherwise just continue,
and I'll forget about whatever was undefined.

/Users/jrathi/Projects/pdf-2-latex/files/ai/use-microtype/ai_final.tex:8540: Mi
ssing number, treated as zero.
<to be read again> 
                   }
l.8540 \end{figure}
                   
A number should have been here; I inserted `0'.
(If you can't figure out why I needed to see a number,
look up `weird error' in the index to The TeXbook.)

/Users/jrathi/Projects/pdf-2-latex/files/ai/use-microtype/ai_final.tex:8540: Un
defined control sequence.
\@addmarginpar ... \@marbox }\global \ht \@marbox 
                                                  \z@ \global \dp \@marbox \...
l.8540 \end{figure}
                   
The control sequence at the end of the top line
of your error message was never \def'ed. If you have
misspelled it (e.g., `\hobx'), type `I' and the correct
spelling (e.g., `I\hbox'). Otherwise just continue,
and I'll forget about whatever was undefined.

/Users/jrathi/Projects/pdf-2-latex/files/ai/use-microtype/ai_final.tex:8540: Mi
ssing number, treated as zero.
<to be read again> 
                   \global 
l.8540 \end{figure}
                   
A number should have been here; I inserted `0'.
(If you can't figure out why I needed to see a number,
look up `weird error' in the index to The TeXbook.)

/Users/jrathi/Projects/pdf-2-latex/files/ai/use-microtype/ai_final.tex:8540: Il
legal unit of measure (pt inserted).
<to be read again> 
                   \global 
l.8540 \end{figure}
                   
Dimensions can be in units of em, ex, in, pt, pc,
cm, mm, dd, cc, bp, or sp; but yours is a new one!
I'll assume that you meant to say pt, for printer's points.
To recover gracefully from this error, it's best to
delete the erroneous units; e.g., type `2' to delete
two letters. (See Chapter 27 of The TeXbook.)

/Users/jrathi/Projects/pdf-2-latex/files/ai/use-microtype/ai_final.tex:8540: Un
defined control sequence.
\@addmarginpar ...marbox \z@ \global \dp \@marbox 
                                                  \z@ \kern -\@pagedp \noint...
l.8540 \end{figure}
                   
The control sequence at the end of the top line
of your error message was never \def'ed. If you have
misspelled it (e.g., `\hobx'), type `I' and the correct
spelling (e.g., `I\hbox'). Otherwise just continue,
and I'll forget about whatever was undefined.

/Users/jrathi/Projects/pdf-2-latex/files/ai/use-microtype/ai_final.tex:8540: Mi
ssing number, treated as zero.
<to be read again> 
                   \kern 
l.8540 \end{figure}
                   
A number should have been here; I inserted `0'.
(If you can't figure out why I needed to see a number,
look up `weird error' in the index to The TeXbook.)

/Users/jrathi/Projects/pdf-2-latex/files/ai/use-microtype/ai_final.tex:8540: Il
legal unit of measure (pt inserted).
<to be read again> 
                   \kern 
l.8540 \end{figure}
                   
Dimensions can be in units of em, ex, in, pt, pc,
cm, mm, dd, cc, bp, or sp; but yours is a new one!
I'll assume that you meant to say pt, for printer's points.
To recover gracefully from this error, it's best to
delete the erroneous units; e.g., type `2' to delete
two letters. (See Chapter 27 of The TeXbook.)

/Users/jrathi/Projects/pdf-2-latex/files/ai/use-microtype/ai_final.tex:8540: Un
defined control sequence.
\@addmarginpar ...arginparwidth \fi \box \@marbox 
                                                  \hss }\nointerlineskip \hb...
l.8540 \end{figure}
                   
The control sequence at the end of the top line
of your error message was never \def'ed. If you have
misspelled it (e.g., `\hobx'), type `I' and the correct
spelling (e.g., `I\hbox'). Otherwise just continue,
and I'll forget about whatever was undefined.

/Users/jrathi/Projects/pdf-2-latex/files/ai/use-microtype/ai_final.tex:8540: Mi
ssing number, treated as zero.
<to be read again> 
                   \hss 
l.8540 \end{figure}
                   
A number should have been here; I inserted `0'.
(If you can't figure out why I needed to see a number,
look up `weird error' in the index to The TeXbook.)



[243]
/Users/jrathi/Projects/pdf-2-latex/files/ai/use-microtype/ai_final.tex:8541: Mi
splaced alignment tab character &.
l.8541  &
          1 & Up & Right & 0 & Down \\
I can't figure out why you would want to use a tab mark
here. If you just want an ampersand, the remedy is
simple: Just type `I\&' now. But if some right brace
up above has ended a previous alignment prematurely,
you're probably due for more error messages, and you
might try typing `S' now just to see what is salvageable.

/Users/jrathi/Projects/pdf-2-latex/files/ai/use-microtype/ai_final.tex:8541: Mi
splaced alignment tab character &.
l.8541  & 1 &
              Up & Right & 0 & Down \\
I can't figure out why you would want to use a tab mark
here. If you just want an ampersand, the remedy is
simple: Just type `I\&' now. But if some right brace
up above has ended a previous alignment prematurely,
you're probably due for more error messages, and you
might try typing `S' now just to see what is salvageable.

/Users/jrathi/Projects/pdf-2-latex/files/ai/use-microtype/ai_final.tex:8541: Mi
splaced alignment tab character &.
l.8541  & 1 & Up &
                   Right & 0 & Down \\
I can't figure out why you would want to use a tab mark
here. If you just want an ampersand, the remedy is
simple: Just type `I\&' now. But if some right brace
up above has ended a previous alignment prematurely,
you're probably due for more error messages, and you
might try typing `S' now just to see what is salvageable.

/Users/jrathi/Projects/pdf-2-latex/files/ai/use-microtype/ai_final.tex:8541: Mi
splaced alignment tab character &.
l.8541  & 1 & Up & Right &
                           0 & Down \\
I can't figure out why you would want to use a tab mark
here. If you just want an ampersand, the remedy is
simple: Just type `I\&' now. But if some right brace
up above has ended a previous alignment prematurely,
you're probably due for more error messages, and you
might try typing `S' now just to see what is salvageable.

/Users/jrathi/Projects/pdf-2-latex/files/ai/use-microtype/ai_final.tex:8541: Mi
splaced alignment tab character &.
l.8541  & 1 & Up & Right & 0 &
                               Down \\
I can't figure out why you would want to use a tab mark
here. If you just want an ampersand, the remedy is
simple: Just type `I\&' now. But if some right brace
up above has ended a previous alignment prematurely,
you're probably due for more error messages, and you
might try typing `S' now just to see what is salvageable.

/Users/jrathi/Projects/pdf-2-latex/files/ai/use-microtype/ai_final.tex:8542: Mi
splaced \noalign.
\hline ->\noalign 
                  {\ifnum 0=`}\fi \hrule \@height \arrayrulewidth \futurelet...
l.8542 \hline
             
I expect to see \noalign only after the \cr of
an alignment. Proceed, and I'll ignore this case.


/Users/jrathi/Projects/pdf-2-latex/files/ai/use-microtype/ai_final.tex:8543: La
TeX Error: Too many unprocessed floats.

See the LaTeX manual or LaTeX Companion for explanation.
Type  H <return>  for immediate help.
 ...                                              
                                                  
l.8543 \begin{figure}[h]
                        
You've lost some text.  Try typing  <return>  to proceed.
If that doesn't work, type  X <return>  to quit.

/Users/jrathi/Projects/pdf-2-latex/files/ai/use-microtype/ai_final.tex:8543: Un
defined control sequence.
\@xfloat ...@fltovf \fi \global \setbox \@currbox 
                                                  \color@vbox \normalcolor \...
l.8543 \begin{figure}[h]
                        
The control sequence at the end of the top line
of your error message was never \def'ed. If you have
misspelled it (e.g., `\hobx'), type `I' and the correct
spelling (e.g., `I\hbox'). Otherwise just continue,
and I'll forget about whatever was undefined.

/Users/jrathi/Projects/pdf-2-latex/files/ai/use-microtype/ai_final.tex:8543: Mi
ssing number, treated as zero.
<to be read again> 
                   \vbox 
l.8543 \begin{figure}[h]
                        
A number should have been here; I inserted `0'.
(If you can't figure out why I needed to see a number,
look up `weird error' in the index to The TeXbook.)

File: ./images/2025_05_12_af19cd5e0d1b8a465ffeg-294(2).jpg Graphic file (type b
mp)
<./images/2025_05_12_af19cd5e0d1b8a465ffeg-294(2).jpg>
/Users/jrathi/Projects/pdf-2-latex/files/ai/use-microtype/ai_final.tex:8546: Mi
splaced alignment tab character &.
l.8546      &
              \includegraphics[max width=\textwidth]{2025_05_12_af19cd5e0d1b...
I can't figure out why you would want to use a tab mark
here. If you just want an ampersand, the remedy is
simple: Just type `I\&' now. But if some right brace
up above has ended a previous alignment prematurely,
you're probably due for more error messages, and you
might try typing `S' now just to see what is salvageable.

File: ./images/2025_05_12_af19cd5e0d1b8a465ffeg-294(8).jpg Graphic file (type b
mp)
<./images/2025_05_12_af19cd5e0d1b8a465ffeg-294(8).jpg>
/Users/jrathi/Projects/pdf-2-latex/files/ai/use-microtype/ai_final.tex:8547: Un
defined control sequence.
\@largefloatcheck ->\ifdim \ht \@currbox 
                                         >\textheight \@tempdima -\textheigh...
l.8547 \end{figure}
                   
The control sequence at the end of the top line
of your error message was never \def'ed. If you have
misspelled it (e.g., `\hobx'), type `I' and the correct
spelling (e.g., `I\hbox'). Otherwise just continue,
and I'll forget about whatever was undefined.

/Users/jrathi/Projects/pdf-2-latex/files/ai/use-microtype/ai_final.tex:8547: Mi
ssing number, treated as zero.
<to be read again> 
                   >
l.8547 \end{figure}
                   
A number should have been here; I inserted `0'.
(If you can't figure out why I needed to see a number,
look up `weird error' in the index to The TeXbook.)

/Users/jrathi/Projects/pdf-2-latex/files/ai/use-microtype/ai_final.tex:8547: Un
defined control sequence.
<argument> \@currbox 
                     
l.8547 \end{figure}
                   
The control sequence at the end of the top line
of your error message was never \def'ed. If you have
misspelled it (e.g., `\hobx'), type `I' and the correct
spelling (e.g., `I\hbox'). Otherwise just continue,
and I'll forget about whatever was undefined.

/Users/jrathi/Projects/pdf-2-latex/files/ai/use-microtype/ai_final.tex:8547: Ar
gument of \@xnext has an extra }.
<inserted text> 
                \par 
l.8547 \end{figure}
                   
I've run across a `}' that doesn't seem to match anything.
For example, `\def\a#1{...}' and `\a}' would produce
this error. If you simply proceed now, the `\par' that
I've just inserted will cause me to report a runaway
argument that might be the root of the problem. But if
your `}' was spurious, just type `2' and it will go away.

Runaway argument?
\@currbox \@currlist \ifnum \count \@currbox >\z@ \advance \@pageht \@pagedp \E
TC.
/Users/jrathi/Projects/pdf-2-latex/files/ai/use-microtype/ai_final.tex:8547: Pa
ragraph ended before \@xnext was complete.
<to be read again> 
                   \par 
l.8547 \end{figure}
                   
I suspect you've forgotten a `}', causing me to apply this
control sequence to too much text. How can we recover?
My plan is to forget the whole thing and hope for the best.

/Users/jrathi/Projects/pdf-2-latex/files/ai/use-microtype/ai_final.tex:8547: Ex
tra \else.
\end@float ...pdima \penalty \@floatpenalty \else 
                                                  \vadjust {\penalty -\@Miv ...
l.8547 \end{figure}
                   
I'm ignoring this; it doesn't match any \if.

/Users/jrathi/Projects/pdf-2-latex/files/ai/use-microtype/ai_final.tex:8547: Yo
u can't use `\vadjust' in vertical mode.
\end@float ...nalty \@floatpenalty \else \vadjust 
                                                  {\penalty -\@Miv \vbox {}\...
l.8547 \end{figure}
                   
Sorry, but I'm not programmed to handle this case;
I'll just pretend that you didn't ask for it.
If you're in the wrong mode, you might be able to
return to the right one by typing `I}' or `I$' or `I\par'.

/Users/jrathi/Projects/pdf-2-latex/files/ai/use-microtype/ai_final.tex:8547: Ar
gument of \@xnext has an extra }.
<inserted text> 
                \par 
l.8547 \end{figure}
                   
I've run across a `}' that doesn't seem to match anything.
For example, `\def\a#1{...}' and `\a}' would produce
this error. If you simply proceed now, the `\par' that
I've just inserted will cause me to report a runaway
argument that might be the root of the problem. But if
your `}' was spurious, just type `2' and it will go away.

Runaway argument?
\@currbox \@currlist \ifnum \count \@currbox >\z@ \advance \@pageht \@pagedp \E
TC.
/Users/jrathi/Projects/pdf-2-latex/files/ai/use-microtype/ai_final.tex:8547: Pa
ragraph ended before \@xnext was complete.
<to be read again> 
                   \par 
l.8547 \end{figure}
                   
I suspect you've forgotten a `}', causing me to apply this
control sequence to too much text. How can we recover?
My plan is to forget the whole thing and hope for the best.

/Users/jrathi/Projects/pdf-2-latex/files/ai/use-microtype/ai_final.tex:8548: Mi
splaced alignment tab character &.
l.8548  &
          2 & Down & Right & 0 & Left \\
I can't figure out why you would want to use a tab mark
here. If you just want an ampersand, the remedy is
simple: Just type `I\&' now. But if some right brace
up above has ended a previous alignment prematurely,
you're probably due for more error messages, and you
might try typing `S' now just to see what is salvageable.

/Users/jrathi/Projects/pdf-2-latex/files/ai/use-microtype/ai_final.tex:8548: Mi
splaced alignment tab character &.
l.8548  & 2 &
              Down & Right & 0 & Left \\
I can't figure out why you would want to use a tab mark
here. If you just want an ampersand, the remedy is
simple: Just type `I\&' now. But if some right brace
up above has ended a previous alignment prematurely,
you're probably due for more error messages, and you
might try typing `S' now just to see what is salvageable.

/Users/jrathi/Projects/pdf-2-latex/files/ai/use-microtype/ai_final.tex:8548: Mi
splaced alignment tab character &.
l.8548  & 2 & Down &
                     Right & 0 & Left \\
I can't figure out why you would want to use a tab mark
here. If you just want an ampersand, the remedy is
simple: Just type `I\&' now. But if some right brace
up above has ended a previous alignment prematurely,
you're probably due for more error messages, and you
might try typing `S' now just to see what is salvageable.

/Users/jrathi/Projects/pdf-2-latex/files/ai/use-microtype/ai_final.tex:8548: Mi
splaced alignment tab character &.
l.8548  & 2 & Down & Right &
                             0 & Left \\
I can't figure out why you would want to use a tab mark
here. If you just want an ampersand, the remedy is
simple: Just type `I\&' now. But if some right brace
up above has ended a previous alignment prematurely,
you're probably due for more error messages, and you
might try typing `S' now just to see what is salvageable.

/Users/jrathi/Projects/pdf-2-latex/files/ai/use-microtype/ai_final.tex:8548: Mi
splaced alignment tab character &.
l.8548  & 2 & Down & Right & 0 &
                                 Left \\
I can't figure out why you would want to use a tab mark
here. If you just want an ampersand, the remedy is
simple: Just type `I\&' now. But if some right brace
up above has ended a previous alignment prematurely,
you're probably due for more error messages, and you
might try typing `S' now just to see what is salvageable.

/Users/jrathi/Projects/pdf-2-latex/files/ai/use-microtype/ai_final.tex:8549: Mi
splaced \noalign.
\hline ->\noalign 
                  {\ifnum 0=`}\fi \hrule \@height \arrayrulewidth \futurelet...
l.8549 \hline
             
I expect to see \noalign only after the \cr of
an alignment. Proceed, and I'll ignore this case.


/Users/jrathi/Projects/pdf-2-latex/files/ai/use-microtype/ai_final.tex:8550: La
TeX Error: Too many unprocessed floats.

See the LaTeX manual or LaTeX Companion for explanation.
Type  H <return>  for immediate help.
 ...                                              
                                                  
l.8550 \begin{figure}[h]
                        
You've lost some text.  Try typing  <return>  to proceed.
If that doesn't work, type  X <return>  to quit.

/Users/jrathi/Projects/pdf-2-latex/files/ai/use-microtype/ai_final.tex:8550: Un
defined control sequence.
\@xfloat ...@fltovf \fi \global \setbox \@currbox 
                                                  \color@vbox \normalcolor \...
l.8550 \begin{figure}[h]
                        
The control sequence at the end of the top line
of your error message was never \def'ed. If you have
misspelled it (e.g., `\hobx'), type `I' and the correct
spelling (e.g., `I\hbox'). Otherwise just continue,
and I'll forget about whatever was undefined.

/Users/jrathi/Projects/pdf-2-latex/files/ai/use-microtype/ai_final.tex:8550: Mi
ssing number, treated as zero.
<to be read again> 
                   \vbox 
l.8550 \begin{figure}[h]
                        
A number should have been here; I inserted `0'.
(If you can't figure out why I needed to see a number,
look up `weird error' in the index to The TeXbook.)

File: ./images/2025_05_12_af19cd5e0d1b8a465ffeg-294(7).jpg Graphic file (type b
mp)
<./images/2025_05_12_af19cd5e0d1b8a465ffeg-294(7).jpg>
/Users/jrathi/Projects/pdf-2-latex/files/ai/use-microtype/ai_final.tex:8553: Mi
splaced alignment tab character &.
l.8553      &
              \includegraphics[max width=\textwidth]{2025_05_12_af19cd5e0d1b...
I can't figure out why you would want to use a tab mark
here. If you just want an ampersand, the remedy is
simple: Just type `I\&' now. But if some right brace
up above has ended a previous alignment prematurely,
you're probably due for more error messages, and you
might try typing `S' now just to see what is salvageable.

File: ./images/2025_05_12_af19cd5e0d1b8a465ffeg-294(1).jpg Graphic file (type b
mp)
<./images/2025_05_12_af19cd5e0d1b8a465ffeg-294(1).jpg>
/Users/jrathi/Projects/pdf-2-latex/files/ai/use-microtype/ai_final.tex:8554: Un
defined control sequence.
\@largefloatcheck ->\ifdim \ht \@currbox 
                                         >\textheight \@tempdima -\textheigh...
l.8554 \end{figure}
                   
The control sequence at the end of the top line
of your error message was never \def'ed. If you have
misspelled it (e.g., `\hobx'), type `I' and the correct
spelling (e.g., `I\hbox'). Otherwise just continue,
and I'll forget about whatever was undefined.

/Users/jrathi/Projects/pdf-2-latex/files/ai/use-microtype/ai_final.tex:8554: Mi
ssing number, treated as zero.
<to be read again> 
                   >
l.8554 \end{figure}
                   
A number should have been here; I inserted `0'.
(If you can't figure out why I needed to see a number,
look up `weird error' in the index to The TeXbook.)

/Users/jrathi/Projects/pdf-2-latex/files/ai/use-microtype/ai_final.tex:8554: Un
defined control sequence.
<argument> \@currbox 
                     
l.8554 \end{figure}
                   
The control sequence at the end of the top line
of your error message was never \def'ed. If you have
misspelled it (e.g., `\hobx'), type `I' and the correct
spelling (e.g., `I\hbox'). Otherwise just continue,
and I'll forget about whatever was undefined.

/Users/jrathi/Projects/pdf-2-latex/files/ai/use-microtype/ai_final.tex:8554: Mi
ssing number, treated as zero.
<to be read again> 
                   \@elt 
l.8554 \end{figure}
                   
A number should have been here; I inserted `0'.
(If you can't figure out why I needed to see a number,
look up `weird error' in the index to The TeXbook.)

/Users/jrathi/Projects/pdf-2-latex/files/ai/use-microtype/ai_final.tex:8554: Mi
ssing = inserted for \ifnum.
<to be read again> 
                   \@elt 
l.8554 \end{figure}
                   
I was expecting to see `<', `=', or `>'. Didn't.

/Users/jrathi/Projects/pdf-2-latex/files/ai/use-microtype/ai_final.tex:8554: Mi
ssing number, treated as zero.
<to be read again> 
                   \@elt 
l.8554 \end{figure}
                   
A number should have been here; I inserted `0'.
(If you can't figure out why I needed to see a number,
look up `weird error' in the index to The TeXbook.)


/Users/jrathi/Projects/pdf-2-latex/files/ai/use-microtype/ai_final.tex:8554: La
TeX Error: This may be a LaTeX bug.

See the LaTeX manual or LaTeX Companion for explanation.
Type  H <return>  for immediate help.
 ...                                              
                                                  
l.8554 \end{figure}
                   
Call for help

/Users/jrathi/Projects/pdf-2-latex/files/ai/use-microtype/ai_final.tex:8554: Un
defined control sequence.
\@addmarginpar ...a <\z@ \global \setbox \@marbox 
                                                  \box \@currbox \fi \@tempd...
l.8554 \end{figure}
                   
The control sequence at the end of the top line
of your error message was never \def'ed. If you have
misspelled it (e.g., `\hobx'), type `I' and the correct
spelling (e.g., `I\hbox'). Otherwise just continue,
and I'll forget about whatever was undefined.

/Users/jrathi/Projects/pdf-2-latex/files/ai/use-microtype/ai_final.tex:8554: Mi
ssing number, treated as zero.
<to be read again> 
                   \box 
l.8554 \end{figure}
                   
A number should have been here; I inserted `0'.
(If you can't figure out why I needed to see a number,
look up `weird error' in the index to The TeXbook.)

/Users/jrathi/Projects/pdf-2-latex/files/ai/use-microtype/ai_final.tex:8554: Mi
ssing number, treated as zero.
<to be read again> 
                   \@elt 
l.8554 \end{figure}
                   
A number should have been here; I inserted `0'.
(If you can't figure out why I needed to see a number,
look up `weird error' in the index to The TeXbook.)

/Users/jrathi/Projects/pdf-2-latex/files/ai/use-microtype/ai_final.tex:8554: Un
defined control sequence.
\@addmarginpar ...advance \@tempdima \ht \@marbox 
                                                  \ifdim \@tempdima >\z@ \@l...
l.8554 \end{figure}
                   
The control sequence at the end of the top line
of your error message was never \def'ed. If you have
misspelled it (e.g., `\hobx'), type `I' and the correct
spelling (e.g., `I\hbox'). Otherwise just continue,
and I'll forget about whatever was undefined.

/Users/jrathi/Projects/pdf-2-latex/files/ai/use-microtype/ai_final.tex:8554: Ba
d register code (-20380021).
\@addmarginpar ...e \space moved}\else \@tempdima 
                                                  \z@ \fi \global \@mparbott...
l.8554 \end{figure}
                   
A register number must be between 0 and 32767.
I changed this one to zero.

/Users/jrathi/Projects/pdf-2-latex/files/ai/use-microtype/ai_final.tex:8554: Mi
ssing number, treated as zero.
<to be read again> 
                   \global 
l.8554 \end{figure}
                   
A number should have been here; I inserted `0'.
(If you can't figure out why I needed to see a number,
look up `weird error' in the index to The TeXbook.)

/Users/jrathi/Projects/pdf-2-latex/files/ai/use-microtype/ai_final.tex:8554: Il
legal unit of measure (pt inserted).
<to be read again> 
                   \global 
l.8554 \end{figure}
                   
Dimensions can be in units of em, ex, in, pt, pc,
cm, mm, dd, cc, bp, or sp; but yours is a new one!
I'll assume that you meant to say pt, for printer's points.
To recover gracefully from this error, it's best to
delete the erroneous units; e.g., type `2' to delete
two letters. (See Chapter 27 of The TeXbook.)

/Users/jrathi/Projects/pdf-2-latex/files/ai/use-microtype/ai_final.tex:8554: Un
defined control sequence.
\@addmarginpar ...vance \@mparbottom \dp \@marbox 
                                                  \global \advance \@mparbot...
l.8554 \end{figure}
                   
The control sequence at the end of the top line
of your error message was never \def'ed. If you have
misspelled it (e.g., `\hobx'), type `I' and the correct
spelling (e.g., `I\hbox'). Otherwise just continue,
and I'll forget about whatever was undefined.

/Users/jrathi/Projects/pdf-2-latex/files/ai/use-microtype/ai_final.tex:8554: Mi
ssing number, treated as zero.
<to be read again> 
                   \global 
l.8554 \end{figure}
                   
A number should have been here; I inserted `0'.
(If you can't figure out why I needed to see a number,
look up `weird error' in the index to The TeXbook.)

/Users/jrathi/Projects/pdf-2-latex/files/ai/use-microtype/ai_final.tex:8554: Un
defined control sequence.
\@addmarginpar ...dvance \@tempdima -\ht \@marbox 
                                                  \global \setbox \@marbox \...
l.8554 \end{figure}
                   
The control sequence at the end of the top line
of your error message was never \def'ed. If you have
misspelled it (e.g., `\hobx'), type `I' and the correct
spelling (e.g., `I\hbox'). Otherwise just continue,
and I'll forget about whatever was undefined.

/Users/jrathi/Projects/pdf-2-latex/files/ai/use-microtype/ai_final.tex:8554: Mi
ssing number, treated as zero.
<to be read again> 
                   \global 
l.8554 \end{figure}
                   
A number should have been here; I inserted `0'.
(If you can't figure out why I needed to see a number,
look up `weird error' in the index to The TeXbook.)

/Users/jrathi/Projects/pdf-2-latex/files/ai/use-microtype/ai_final.tex:8554: Un
defined control sequence.
\@addmarginpar ...marbox \global \setbox \@marbox 
                                                  \vbox {\vskip \@tempdima \...
l.8554 \end{figure}
                   
The control sequence at the end of the top line
of your error message was never \def'ed. If you have
misspelled it (e.g., `\hobx'), type `I' and the correct
spelling (e.g., `I\hbox'). Otherwise just continue,
and I'll forget about whatever was undefined.

/Users/jrathi/Projects/pdf-2-latex/files/ai/use-microtype/ai_final.tex:8554: Mi
ssing number, treated as zero.
<to be read again> 
                   \vbox 
l.8554 \end{figure}
                   
A number should have been here; I inserted `0'.
(If you can't figure out why I needed to see a number,
look up `weird error' in the index to The TeXbook.)

/Users/jrathi/Projects/pdf-2-latex/files/ai/use-microtype/ai_final.tex:8554: Un
defined control sequence.
\@addmarginpar ...\vskip \@tempdima \box \@marbox 
                                                  }\global \ht \@marbox \z@ ...
l.8554 \end{figure}
                   
The control sequence at the end of the top line
of your error message was never \def'ed. If you have
misspelled it (e.g., `\hobx'), type `I' and the correct
spelling (e.g., `I\hbox'). Otherwise just continue,
and I'll forget about whatever was undefined.

/Users/jrathi/Projects/pdf-2-latex/files/ai/use-microtype/ai_final.tex:8554: Mi
ssing number, treated as zero.
<to be read again> 
                   }
l.8554 \end{figure}
                   
A number should have been here; I inserted `0'.
(If you can't figure out why I needed to see a number,
look up `weird error' in the index to The TeXbook.)

/Users/jrathi/Projects/pdf-2-latex/files/ai/use-microtype/ai_final.tex:8554: Un
defined control sequence.
\@addmarginpar ... \@marbox }\global \ht \@marbox 
                                                  \z@ \global \dp \@marbox \...
l.8554 \end{figure}
                   
The control sequence at the end of the top line
of your error message was never \def'ed. If you have
misspelled it (e.g., `\hobx'), type `I' and the correct
spelling (e.g., `I\hbox'). Otherwise just continue,
and I'll forget about whatever was undefined.

/Users/jrathi/Projects/pdf-2-latex/files/ai/use-microtype/ai_final.tex:8554: Mi
ssing number, treated as zero.
<to be read again> 
                   \global 
l.8554 \end{figure}
                   
A number should have been here; I inserted `0'.
(If you can't figure out why I needed to see a number,
look up `weird error' in the index to The TeXbook.)

/Users/jrathi/Projects/pdf-2-latex/files/ai/use-microtype/ai_final.tex:8554: Il
legal unit of measure (pt inserted).
<to be read again> 
                   \global 
l.8554 \end{figure}
                   
Dimensions can be in units of em, ex, in, pt, pc,
cm, mm, dd, cc, bp, or sp; but yours is a new one!
I'll assume that you meant to say pt, for printer's points.
To recover gracefully from this error, it's best to
delete the erroneous units; e.g., type `2' to delete
two letters. (See Chapter 27 of The TeXbook.)

/Users/jrathi/Projects/pdf-2-latex/files/ai/use-microtype/ai_final.tex:8554: Un
defined control sequence.
\@addmarginpar ...marbox \z@ \global \dp \@marbox 
                                                  \z@ \kern -\@pagedp \noint...
l.8554 \end{figure}
                   
The control sequence at the end of the top line
of your error message was never \def'ed. If you have
misspelled it (e.g., `\hobx'), type `I' and the correct
spelling (e.g., `I\hbox'). Otherwise just continue,
and I'll forget about whatever was undefined.

/Users/jrathi/Projects/pdf-2-latex/files/ai/use-microtype/ai_final.tex:8554: Mi
ssing number, treated as zero.
<to be read again> 
                   \kern 
l.8554 \end{figure}
                   
A number should have been here; I inserted `0'.
(If you can't figure out why I needed to see a number,
look up `weird error' in the index to The TeXbook.)

/Users/jrathi/Projects/pdf-2-latex/files/ai/use-microtype/ai_final.tex:8554: Il
legal unit of measure (pt inserted).
<to be read again> 
                   \kern 
l.8554 \end{figure}
                   
Dimensions can be in units of em, ex, in, pt, pc,
cm, mm, dd, cc, bp, or sp; but yours is a new one!
I'll assume that you meant to say pt, for printer's points.
To recover gracefully from this error, it's best to
delete the erroneous units; e.g., type `2' to delete
two letters. (See Chapter 27 of The TeXbook.)

/Users/jrathi/Projects/pdf-2-latex/files/ai/use-microtype/ai_final.tex:8554: Un
defined control sequence.
\@addmarginpar ...arginparwidth \fi \box \@marbox 
                                                  \hss }\nointerlineskip \hb...
l.8554 \end{figure}
                   
The control sequence at the end of the top line
of your error message was never \def'ed. If you have
misspelled it (e.g., `\hobx'), type `I' and the correct
spelling (e.g., `I\hbox'). Otherwise just continue,
and I'll forget about whatever was undefined.

/Users/jrathi/Projects/pdf-2-latex/files/ai/use-microtype/ai_final.tex:8554: Mi
ssing number, treated as zero.
<to be read again> 
                   \hss 
l.8554 \end{figure}
                   
A number should have been here; I inserted `0'.
(If you can't figure out why I needed to see a number,
look up `weird error' in the index to The TeXbook.)

/Users/jrathi/Projects/pdf-2-latex/files/ai/use-microtype/ai_final.tex:8555: Mi
splaced alignment tab character &.
l.8555  &
          3 & Down & Left & 1 & Up \\
I can't figure out why you would want to use a tab mark
here. If you just want an ampersand, the remedy is
simple: Just type `I\&' now. But if some right brace
up above has ended a previous alignment prematurely,
you're probably due for more error messages, and you
might try typing `S' now just to see what is salvageable.

/Users/jrathi/Projects/pdf-2-latex/files/ai/use-microtype/ai_final.tex:8555: Mi
splaced alignment tab character &.
l.8555  & 3 &
              Down & Left & 1 & Up \\
I can't figure out why you would want to use a tab mark
here. If you just want an ampersand, the remedy is
simple: Just type `I\&' now. But if some right brace
up above has ended a previous alignment prematurely,
you're probably due for more error messages, and you
might try typing `S' now just to see what is salvageable.

/Users/jrathi/Projects/pdf-2-latex/files/ai/use-microtype/ai_final.tex:8555: Mi
splaced alignment tab character &.
l.8555  & 3 & Down &
                     Left & 1 & Up \\
I can't figure out why you would want to use a tab mark
here. If you just want an ampersand, the remedy is
simple: Just type `I\&' now. But if some right brace
up above has ended a previous alignment prematurely,
you're probably due for more error messages, and you
might try typing `S' now just to see what is salvageable.

/Users/jrathi/Projects/pdf-2-latex/files/ai/use-microtype/ai_final.tex:8555: Mi
splaced alignment tab character &.
l.8555  & 3 & Down & Left &
                            1 & Up \\
I can't figure out why you would want to use a tab mark
here. If you just want an ampersand, the remedy is
simple: Just type `I\&' now. But if some right brace
up above has ended a previous alignment prematurely,
you're probably due for more error messages, and you
might try typing `S' now just to see what is salvageable.

/Users/jrathi/Projects/pdf-2-latex/files/ai/use-microtype/ai_final.tex:8555: Mi
splaced alignment tab character &.
l.8555  & 3 & Down & Left & 1 &
                                Up \\
I can't figure out why you would want to use a tab mark
here. If you just want an ampersand, the remedy is
simple: Just type `I\&' now. But if some right brace
up above has ended a previous alignment prematurely,
you're probably due for more error messages, and you
might try typing `S' now just to see what is salvageable.

/Users/jrathi/Projects/pdf-2-latex/files/ai/use-microtype/ai_final.tex:8556: Mi
splaced \noalign.
\hline ->\noalign 
                  {\ifnum 0=`}\fi \hrule \@height \arrayrulewidth \futurelet...
l.8556 \hline
             
I expect to see \noalign only after the \cr of
an alignment. Proceed, and I'll ignore this case.

/Users/jrathi/Projects/pdf-2-latex/files/ai/use-microtype/ai_final.tex:8557: Mi
splaced \crcr.
\endtabular ->\crcr 
                    \egroup \egroup $\egroup 
l.8557 \end{tabular}
                    
I can't figure out why you would want to use a tab mark
or \cr or \span just now. If something like a right brace
up above has ended a previous alignment prematurely,
you're probably due for more error messages, and you
might try typing `S' now just to see what is salvageable.

/Users/jrathi/Projects/pdf-2-latex/files/ai/use-microtype/ai_final.tex:8557: Ex
tra }, or forgotten \endgroup.
\endtabular ->\crcr \egroup 
                            \egroup $\egroup 
l.8557 \end{tabular}
                    
I've deleted a group-closing symbol because it seems to be
spurious, as in `$x}$'. But perhaps the } is legitimate and
you forgot something else, as in `\hbox{$x}'. In such cases
the way to recover is to insert both the forgotten and the
deleted material, e.g., by typing `I$}'.

/Users/jrathi/Projects/pdf-2-latex/files/ai/use-microtype/ai_final.tex:8557: Ex
tra }, or forgotten \endgroup.
\endtabular ->\crcr \egroup \egroup 
                                    $\egroup 
l.8557 \end{tabular}
                    
I've deleted a group-closing symbol because it seems to be
spurious, as in `$x}$'. But perhaps the } is legitimate and
you forgot something else, as in `\hbox{$x}'. In such cases
the way to recover is to insert both the forgotten and the
deleted material, e.g., by typing `I$}'.

/Users/jrathi/Projects/pdf-2-latex/files/ai/use-microtype/ai_final.tex:8557: Ex
tra }, or forgotten $.
<recently read> \egroup 
                        
l.8557 \end{tabular}
                    
I've deleted a group-closing symbol because it seems to be
spurious, as in `$x}$'. But perhaps the } is legitimate and
you forgot something else, as in `\hbox{$x}'. In such cases
the way to recover is to insert both the forgotten and the
deleted material, e.g., by typing `I$}'.


/Users/jrathi/Projects/pdf-2-latex/files/ai/use-microtype/ai_final.tex:8557: La
TeX Error: \begin{center} on input line 6645 ended by \end{tabular}.

See the LaTeX manual or LaTeX Companion for explanation.
Type  H <return>  for immediate help.
 ...                                              
                                                  
l.8557 \end{tabular}
                    
Your command was ignored.
Type  I <command> <return>  to replace it with another command,
or  <return>  to continue without it.

/Users/jrathi/Projects/pdf-2-latex/files/ai/use-microtype/ai_final.tex:8557: Mi
ssing $ inserted.
<inserted text> 
                $
l.8557 \end{tabular}
                    
I've inserted something that you may have forgotten.
(See the <inserted text> above.)
With luck, this will get me unwedged. But if you
really didn't forget anything, try typing `2' now; then
my insertion and my current dilemma will both disappear.


/Users/jrathi/Projects/pdf-2-latex/files/ai/use-microtype/ai_final.tex:8577: La
TeX Error: Not in outer par mode.

See the LaTeX manual or LaTeX Companion for explanation.
Type  H <return>  for immediate help.
 ...                                              
                                                  
l.8577 \end{tabular}}
                      & \multirow{4}{*}{\begin{tabular}{l}
You've lost some text.  Try typing  <return>  to proceed.
If that doesn't work, type  X <return>  to quit.

/Users/jrathi/Projects/pdf-2-latex/files/ai/use-microtype/ai_final.tex:8577: Un
defined control sequence.
\@xfloat ...@fltovf \fi \global \setbox \@currbox 
                                                  \color@vbox \normalcolor \...
l.8577 \end{tabular}}
                      & \multirow{4}{*}{\begin{tabular}{l}
The control sequence at the end of the top line
of your error message was never \def'ed. If you have
misspelled it (e.g., `\hobx'), type `I' and the correct
spelling (e.g., `I\hbox'). Otherwise just continue,
and I'll forget about whatever was undefined.

/Users/jrathi/Projects/pdf-2-latex/files/ai/use-microtype/ai_final.tex:8577: Mi
ssing number, treated as zero.
<to be read again> 
                   \vbox 
l.8577 \end{tabular}}
                      & \multirow{4}{*}{\begin{tabular}{l}
A number should have been here; I inserted `0'.
(If you can't figure out why I needed to see a number,
look up `weird error' in the index to The TeXbook.)

File: ./images/2025_05_12_af19cd5e0d1b8a465ffeg-294(6).jpg Graphic file (type b
mp)
<./images/2025_05_12_af19cd5e0d1b8a465ffeg-294(6).jpg>

/Users/jrathi/Projects/pdf-2-latex/files/ai/use-microtype/ai_final.tex:8584: La
TeX Error: Not in outer par mode.

See the LaTeX manual or LaTeX Companion for explanation.
Type  H <return>  for immediate help.
 ...                                              
                                                  
l.8584     \end{tabular}}
                          & \multirow{4}{*}{\includegraphics[max width=\text...

You've lost some text.  Try typing  <return>  to proceed.
If that doesn't work, type  X <return>  to quit.

/Users/jrathi/Projects/pdf-2-latex/files/ai/use-microtype/ai_final.tex:8584: Un
defined control sequence.
\@xfloat ...@fltovf \fi \global \setbox \@currbox 
                                                  \color@vbox \normalcolor \...
l.8584     \end{tabular}}
                          & \multirow{4}{*}{\includegraphics[max width=\text...
The control sequence at the end of the top line
of your error message was never \def'ed. If you have
misspelled it (e.g., `\hobx'), type `I' and the correct
spelling (e.g., `I\hbox'). Otherwise just continue,
and I'll forget about whatever was undefined.

/Users/jrathi/Projects/pdf-2-latex/files/ai/use-microtype/ai_final.tex:8584: Mi
ssing number, treated as zero.
<to be read again> 
                   \vbox 
l.8584     \end{tabular}}
                          & \multirow{4}{*}{\includegraphics[max width=\text...
A number should have been here; I inserted `0'.
(If you can't figure out why I needed to see a number,
look up `weird error' in the index to The TeXbook.)

/Users/jrathi/Projects/pdf-2-latex/files/ai/use-microtype/ai_final.tex:8584: Mi
ssing \endgroup inserted.
<inserted text> 
                \endgroup 
l.8584     \end{tabular}}
                          & \multirow{4}{*}{\includegraphics[max width=\text...
I've inserted something that you may have forgotten.
(See the <inserted text> above.)
With luck, this will get me unwedged. But if you
really didn't forget anything, try typing `2' now; then
my insertion and my current dilemma will both disappear.

/Users/jrathi/Projects/pdf-2-latex/files/ai/use-microtype/ai_final.tex:8584: Mi
ssing } inserted.
<inserted text> 
                }
l.8584     \end{tabular}}
                          & \multirow{4}{*}{\includegraphics[max width=\text...
I've inserted something that you may have forgotten.
(See the <inserted text> above.)
With luck, this will get me unwedged. But if you
really didn't forget anything, try typing `2' now; then
my insertion and my current dilemma will both disappear.

/Users/jrathi/Projects/pdf-2-latex/files/ai/use-microtype/ai_final.tex:8584: Mi
ssing \endgroup inserted.
<inserted text> 
                \endgroup 
l.8584     \end{tabular}}
                          & \multirow{4}{*}{\includegraphics[max width=\text...
I've inserted something that you may have forgotten.
(See the <inserted text> above.)
With luck, this will get me unwedged. But if you
really didn't forget anything, try typing `2' now; then
my insertion and my current dilemma will both disappear.

/Users/jrathi/Projects/pdf-2-latex/files/ai/use-microtype/ai_final.tex:8584: Mi
ssing } inserted.
<inserted text> 
                }
l.8584     \end{tabular}}
                          & \multirow{4}{*}{\includegraphics[max width=\text...
I've inserted something that you may have forgotten.
(See the <inserted text> above.)
With luck, this will get me unwedged. But if you
really didn't forget anything, try typing `2' now; then
my insertion and my current dilemma will both disappear.


Overfull \vbox (12.0pt too high) detected at line 8584
 []

File: ./images/2025_05_12_af19cd5e0d1b8a465ffeg-294(5).jpg Graphic file (type b
mp)
<./images/2025_05_12_af19cd5e0d1b8a465ffeg-294(5).jpg>
/Users/jrathi/Projects/pdf-2-latex/files/ai/use-microtype/ai_final.tex:8586: Mi
ssing } inserted.
<inserted text> 
                }
l.8586 }
         \\
I've inserted something that you may have forgotten.
(See the <inserted text> above.)
With luck, this will get me unwedged. But if you
really didn't forget anything, try typing `2' now; then
my insertion and my current dilemma will both disappear.


Overfull \vbox (179.43573pt too high) detected at line 8586
 []

/Users/jrathi/Projects/pdf-2-latex/files/ai/use-microtype/ai_final.tex:8586: Mi
ssing } inserted.
<inserted text> 
                }
l.8586 }
         \\
I've inserted something that you may have forgotten.
(See the <inserted text> above.)
With luck, this will get me unwedged. But if you
really didn't forget anything, try typing `2' now; then
my insertion and my current dilemma will both disappear.

/Users/jrathi/Projects/pdf-2-latex/files/ai/use-microtype/ai_final.tex:8586: Mi
ssing } inserted.
<inserted text> 
                }
l.8586 }
         \\
I've inserted something that you may have forgotten.
(See the <inserted text> above.)
With luck, this will get me unwedged. But if you
really didn't forget anything, try typing `2' now; then
my insertion and my current dilemma will both disappear.

/Users/jrathi/Projects/pdf-2-latex/files/ai/use-microtype/ai_final.tex:8586: Mi
ssing \cr inserted.
<inserted text> 
                \cr 
l.8586 }
         \\
I'm guessing that you meant to end an alignment here.

/Users/jrathi/Projects/pdf-2-latex/files/ai/use-microtype/ai_final.tex:8586: Mi
ssing \cr inserted.
<inserted text> 
                \cr 
l.8586 }
         \\
I'm guessing that you meant to end an alignment here.

/Users/jrathi/Projects/pdf-2-latex/files/ai/use-microtype/ai_final.tex:8586: Mi
splaced \cr.
<inserted text> \cr 
                    
l.8586 }
         \\
I can't figure out why you would want to use a tab mark
or \cr or \span just now. If something like a right brace
up above has ended a previous alignment prematurely,
you're probably due for more error messages, and you
might try typing `S' now just to see what is salvageable.

/Users/jrathi/Projects/pdf-2-latex/files/ai/use-microtype/ai_final.tex:8586: Mi
ssing \cr inserted.
<inserted text> 
                \cr 
l.8586 }
         \\
I'm guessing that you meant to end an alignment here.

/Users/jrathi/Projects/pdf-2-latex/files/ai/use-microtype/ai_final.tex:8586: Mi
splaced \cr.
<inserted text> \cr 
                    
l.8586 }
         \\
I can't figure out why you would want to use a tab mark
or \cr or \span just now. If something like a right brace
up above has ended a previous alignment prematurely,
you're probably due for more error messages, and you
might try typing `S' now just to see what is salvageable.

/Users/jrathi/Projects/pdf-2-latex/files/ai/use-microtype/ai_final.tex:8586: Mi
ssing \cr inserted.
<inserted text> 
                \cr 
l.8586 }
         \\
I'm guessing that you meant to end an alignment here.

/Users/jrathi/Projects/pdf-2-latex/files/ai/use-microtype/ai_final.tex:8586: Mi
splaced \cr.
<inserted text> \cr 
                    
l.8586 }
         \\
I can't figure out why you would want to use a tab mark
or \cr or \span just now. If something like a right brace
up above has ended a previous alignment prematurely,
you're probably due for more error messages, and you
might try typing `S' now just to see what is salvageable.

/Users/jrathi/Projects/pdf-2-latex/files/ai/use-microtype/ai_final.tex:8586: Mi
ssing \cr inserted.
<inserted text> 
                \cr 
l.8586 }
         \\
I'm guessing that you meant to end an alignment here.

/Users/jrathi/Projects/pdf-2-latex/files/ai/use-microtype/ai_final.tex:8586: Mi
splaced \cr.
<inserted text> \cr 
                    
l.8586 }
         \\
I can't figure out why you would want to use a tab mark
or \cr or \span just now. If something like a right brace
up above has ended a previous alignment prematurely,
you're probably due for more error messages, and you
might try typing `S' now just to see what is salvageable.

/Users/jrathi/Projects/pdf-2-latex/files/ai/use-microtype/ai_final.tex:8586: Mi
ssing \cr inserted.
<inserted text> 
                \cr 
l.8586 }
         \\
I'm guessing that you meant to end an alignment here.

/Users/jrathi/Projects/pdf-2-latex/files/ai/use-microtype/ai_final.tex:8586: Mi
splaced \cr.
<inserted text> \cr 
                    
l.8586 }
         \\
I can't figure out why you would want to use a tab mark
or \cr or \span just now. If something like a right brace
up above has ended a previous alignment prematurely,
you're probably due for more error messages, and you
might try typing `S' now just to see what is salvageable.

/Users/jrathi/Projects/pdf-2-latex/files/ai/use-microtype/ai_final.tex:8586: Mi
ssing \cr inserted.
<inserted text> 
                \cr 
l.8586 }
         \\
I'm guessing that you meant to end an alignment here.

/Users/jrathi/Projects/pdf-2-latex/files/ai/use-microtype/ai_final.tex:8586: Mi
splaced \cr.
<inserted text> \cr 
                    
l.8586 }
         \\
I can't figure out why you would want to use a tab mark
or \cr or \span just now. If something like a right brace
up above has ended a previous alignment prematurely,
you're probably due for more error messages, and you
might try typing `S' now just to see what is salvageable.

/Users/jrathi/Projects/pdf-2-latex/files/ai/use-microtype/ai_final.tex:8586: Mi
ssing \cr inserted.
<inserted text> 
                \cr 
l.8586 }
         \\
I'm guessing that you meant to end an alignment here.

/Users/jrathi/Projects/pdf-2-latex/files/ai/use-microtype/ai_final.tex:8586: Mi
splaced \cr.
<inserted text> \cr 
                    
l.8586 }
         \\
I can't figure out why you would want to use a tab mark
or \cr or \span just now. If something like a right brace
up above has ended a previous alignment prematurely,
you're probably due for more error messages, and you
might try typing `S' now just to see what is salvageable.

/Users/jrathi/Projects/pdf-2-latex/files/ai/use-microtype/ai_final.tex:8586: Mi
ssing \cr inserted.
<inserted text> 
                \cr 
l.8586 }
         \\
I'm guessing that you meant to end an alignment here.

/Users/jrathi/Projects/pdf-2-latex/files/ai/use-microtype/ai_final.tex:8586: Mi
splaced \cr.
<inserted text> \cr 
                    
l.8586 }
         \\
I can't figure out why you would want to use a tab mark
or \cr or \span just now. If something like a right brace
up above has ended a previous alignment prematurely,
you're probably due for more error messages, and you
might try typing `S' now just to see what is salvageable.

/Users/jrathi/Projects/pdf-2-latex/files/ai/use-microtype/ai_final.tex:8586: Mi
ssing \cr inserted.
<inserted text> 
                \cr 
l.8586 }
         \\
I'm guessing that you meant to end an alignment here.

/Users/jrathi/Projects/pdf-2-latex/files/ai/use-microtype/ai_final.tex:8586: Mi
splaced \cr.
<inserted text> \cr 
                    
l.8586 }
         \\
I can't figure out why you would want to use a tab mark
or \cr or \span just now. If something like a right brace
up above has ended a previous alignment prematurely,
you're probably due for more error messages, and you
might try typing `S' now just to see what is salvageable.

/Users/jrathi/Projects/pdf-2-latex/files/ai/use-microtype/ai_final.tex:8586: Mi
ssing \cr inserted.
<inserted text> 
                \cr 
l.8586 }
         \\
I'm guessing that you meant to end an alignment here.

/Users/jrathi/Projects/pdf-2-latex/files/ai/use-microtype/ai_final.tex:8586: Mi
splaced \cr.
<inserted text> \cr 
                    
l.8586 }
         \\
I can't figure out why you would want to use a tab mark
or \cr or \span just now. If something like a right brace
up above has ended a previous alignment prematurely,
you're probably due for more error messages, and you
might try typing `S' now just to see what is salvageable.

/Users/jrathi/Projects/pdf-2-latex/files/ai/use-microtype/ai_final.tex:8586: Mi
ssing \cr inserted.
<inserted text> 
                \cr 
l.8586 }
         \\
I'm guessing that you meant to end an alignment here.

/Users/jrathi/Projects/pdf-2-latex/files/ai/use-microtype/ai_final.tex:8586: Mi
splaced \cr.
<inserted text> \cr 
                    
l.8586 }
         \\
I can't figure out why you would want to use a tab mark
or \cr or \span just now. If something like a right brace
up above has ended a previous alignment prematurely,
you're probably due for more error messages, and you
might try typing `S' now just to see what is salvageable.

/Users/jrathi/Projects/pdf-2-latex/files/ai/use-microtype/ai_final.tex:8586: Mi
ssing \cr inserted.
<inserted text> 
                \cr 
l.8586 }
         \\
I'm guessing that you meant to end an alignment here.

/Users/jrathi/Projects/pdf-2-latex/files/ai/use-microtype/ai_final.tex:8586: Mi
splaced \cr.
<inserted text> \cr 
                    
l.8586 }
         \\
I can't figure out why you would want to use a tab mark
or \cr or \span just now. If something like a right brace
up above has ended a previous alignment prematurely,
you're probably due for more error messages, and you
might try typing `S' now just to see what is salvageable.

/Users/jrathi/Projects/pdf-2-latex/files/ai/use-microtype/ai_final.tex:8586: Mi
ssing \cr inserted.
<inserted text> 
                \cr 
l.8586 }
         \\
I'm guessing that you meant to end an alignment here.

/Users/jrathi/Projects/pdf-2-latex/files/ai/use-microtype/ai_final.tex:8586: Mi
splaced \cr.
<inserted text> \cr 
                    
l.8586 }
         \\
I can't figure out why you would want to use a tab mark
or \cr or \span just now. If something like a right brace
up above has ended a previous alignment prematurely,
you're probably due for more error messages, and you
might try typing `S' now just to see what is salvageable.

/Users/jrathi/Projects/pdf-2-latex/files/ai/use-microtype/ai_final.tex:8586: Mi
ssing \cr inserted.
<inserted text> 
                \cr 
l.8586 }
         \\
I'm guessing that you meant to end an alignment here.

/Users/jrathi/Projects/pdf-2-latex/files/ai/use-microtype/ai_final.tex:8586: Mi
splaced \cr.
<inserted text> \cr 
                    
l.8586 }
         \\
I can't figure out why you would want to use a tab mark
or \cr or \span just now. If something like a right brace
up above has ended a previous alignment prematurely,
you're probably due for more error messages, and you
might try typing `S' now just to see what is salvageable.

/Users/jrathi/Projects/pdf-2-latex/files/ai/use-microtype/ai_final.tex:8586: Mi
ssing \cr inserted.
<inserted text> 
                \cr 
l.8586 }
         \\
I'm guessing that you meant to end an alignment here.

/Users/jrathi/Projects/pdf-2-latex/files/ai/use-microtype/ai_final.tex:8586: Mi
splaced \cr.
<inserted text> \cr 
                    
l.8586 }
         \\
I can't figure out why you would want to use a tab mark
or \cr or \span just now. If something like a right brace
up above has ended a previous alignment prematurely,
you're probably due for more error messages, and you
might try typing `S' now just to see what is salvageable.

/Users/jrathi/Projects/pdf-2-latex/files/ai/use-microtype/ai_final.tex:8586: Mi
ssing \cr inserted.
<inserted text> 
                \cr 
l.8586 }
         \\
I'm guessing that you meant to end an alignment here.

/Users/jrathi/Projects/pdf-2-latex/files/ai/use-microtype/ai_final.tex:8586: Mi
splaced \cr.
<inserted text> \cr 
                    
l.8586 }
         \\
I can't figure out why you would want to use a tab mark
or \cr or \span just now. If something like a right brace
up above has ended a previous alignment prematurely,
you're probably due for more error messages, and you
might try typing `S' now just to see what is salvageable.

/Users/jrathi/Projects/pdf-2-latex/files/ai/use-microtype/ai_final.tex:8586: Mi
ssing \cr inserted.
<inserted text> 
                \cr 
l.8586 }
         \\
I'm guessing that you meant to end an alignment here.

/Users/jrathi/Projects/pdf-2-latex/files/ai/use-microtype/ai_final.tex:8586: Mi
splaced \cr.
<inserted text> \cr 
                    
l.8586 }
         \\
I can't figure out why you would want to use a tab mark
or \cr or \span just now. If something like a right brace
up above has ended a previous alignment prematurely,
you're probably due for more error messages, and you
might try typing `S' now just to see what is salvageable.

/Users/jrathi/Projects/pdf-2-latex/files/ai/use-microtype/ai_final.tex:8586: Mi
ssing \cr inserted.
<inserted text> 
                \cr 
l.8586 }
         \\
I'm guessing that you meant to end an alignment here.

/Users/jrathi/Projects/pdf-2-latex/files/ai/use-microtype/ai_final.tex:8586: Mi
splaced \cr.
<inserted text> \cr 
                    
l.8586 }
         \\
I can't figure out why you would want to use a tab mark
or \cr or \span just now. If something like a right brace
up above has ended a previous alignment prematurely,
you're probably due for more error messages, and you
might try typing `S' now just to see what is salvageable.

/Users/jrathi/Projects/pdf-2-latex/files/ai/use-microtype/ai_final.tex:8586: Mi
ssing \cr inserted.
<inserted text> 
                \cr 
l.8586 }
         \\
I'm guessing that you meant to end an alignment here.

/Users/jrathi/Projects/pdf-2-latex/files/ai/use-microtype/ai_final.tex:8586: Mi
splaced \cr.
<inserted text> \cr 
                    
l.8586 }
         \\
I can't figure out why you would want to use a tab mark
or \cr or \span just now. If something like a right brace
up above has ended a previous alignment prematurely,
you're probably due for more error messages, and you
might try typing `S' now just to see what is salvageable.

/Users/jrathi/Projects/pdf-2-latex/files/ai/use-microtype/ai_final.tex:8586: Mi
ssing \cr inserted.
<inserted text> 
                \cr 
l.8586 }
         \\
I'm guessing that you meant to end an alignment here.

/Users/jrathi/Projects/pdf-2-latex/files/ai/use-microtype/ai_final.tex:8586: Mi
splaced \cr.
<inserted text> \cr 
                    
l.8586 }
         \\
I can't figure out why you would want to use a tab mark
or \cr or \span just now. If something like a right brace
up above has ended a previous alignment prematurely,
you're probably due for more error messages, and you
might try typing `S' now just to see what is salvageable.

/Users/jrathi/Projects/pdf-2-latex/files/ai/use-microtype/ai_final.tex:8586: Mi
ssing \cr inserted.
<inserted text> 
                \cr 
l.8586 }
         \\
I'm guessing that you meant to end an alignment here.

/Users/jrathi/Projects/pdf-2-latex/files/ai/use-microtype/ai_final.tex:8586: Mi
splaced \cr.
<inserted text> \cr 
                    
l.8586 }
         \\
I can't figure out why you would want to use a tab mark
or \cr or \span just now. If something like a right brace
up above has ended a previous alignment prematurely,
you're probably due for more error messages, and you
might try typing `S' now just to see what is salvageable.

/Users/jrathi/Projects/pdf-2-latex/files/ai/use-microtype/ai_final.tex:8586: Mi
ssing \cr inserted.
<inserted text> 
                \cr 
l.8586 }
         \\
I'm guessing that you meant to end an alignment here.

/Users/jrathi/Projects/pdf-2-latex/files/ai/use-microtype/ai_final.tex:8586: Mi
splaced \cr.
<inserted text> \cr 
                    
l.8586 }
         \\
I can't figure out why you would want to use a tab mark
or \cr or \span just now. If something like a right brace
up above has ended a previous alignment prematurely,
you're probably due for more error messages, and you
might try typing `S' now just to see what is salvageable.

/Users/jrathi/Projects/pdf-2-latex/files/ai/use-microtype/ai_final.tex:8586: Mi
ssing \cr inserted.
<inserted text> 
                \cr 
l.8586 }
         \\
I'm guessing that you meant to end an alignment here.

/Users/jrathi/Projects/pdf-2-latex/files/ai/use-microtype/ai_final.tex:8586: Mi
splaced \cr.
<inserted text> \cr 
                    
l.8586 }
         \\
I can't figure out why you would want to use a tab mark
or \cr or \span just now. If something like a right brace
up above has ended a previous alignment prematurely,
you're probably due for more error messages, and you
might try typing `S' now just to see what is salvageable.

/Users/jrathi/Projects/pdf-2-latex/files/ai/use-microtype/ai_final.tex:8586: Mi
ssing \cr inserted.
<inserted text> 
                \cr 
l.8586 }
         \\
I'm guessing that you meant to end an alignment here.

/Users/jrathi/Projects/pdf-2-latex/files/ai/use-microtype/ai_final.tex:8586: Mi
splaced \cr.
<inserted text> \cr 
                    
l.8586 }
         \\
I can't figure out why you would want to use a tab mark
or \cr or \span just now. If something like a right brace
up above has ended a previous alignment prematurely,
you're probably due for more error messages, and you
might try typing `S' now just to see what is salvageable.

/Users/jrathi/Projects/pdf-2-latex/files/ai/use-microtype/ai_final.tex:8586: Mi
ssing \cr inserted.
<inserted text> 
                \cr 
l.8586 }
         \\
I'm guessing that you meant to end an alignment here.

/Users/jrathi/Projects/pdf-2-latex/files/ai/use-microtype/ai_final.tex:8586: Mi
splaced \cr.
<inserted text> \cr 
                    
l.8586 }
         \\
I can't figure out why you would want to use a tab mark
or \cr or \span just now. If something like a right brace
up above has ended a previous alignment prematurely,
you're probably due for more error messages, and you
might try typing `S' now just to see what is salvageable.

/Users/jrathi/Projects/pdf-2-latex/files/ai/use-microtype/ai_final.tex:8586: Mi
ssing \cr inserted.
<inserted text> 
                \cr 
l.8586 }
         \\
I'm guessing that you meant to end an alignment here.

/Users/jrathi/Projects/pdf-2-latex/files/ai/use-microtype/ai_final.tex:8586: Mi
splaced \cr.
<inserted text> \cr 
                    
l.8586 }
         \\
I can't figure out why you would want to use a tab mark
or \cr or \span just now. If something like a right brace
up above has ended a previous alignment prematurely,
you're probably due for more error messages, and you
might try typing `S' now just to see what is salvageable.

/Users/jrathi/Projects/pdf-2-latex/files/ai/use-microtype/ai_final.tex:8586: Mi
ssing \cr inserted.
<inserted text> 
                \cr 
l.8586 }
         \\
I'm guessing that you meant to end an alignment here.

/Users/jrathi/Projects/pdf-2-latex/files/ai/use-microtype/ai_final.tex:8586: Mi
splaced \cr.
<inserted text> \cr 
                    
l.8586 }
         \\
I can't figure out why you would want to use a tab mark
or \cr or \span just now. If something like a right brace
up above has ended a previous alignment prematurely,
you're probably due for more error messages, and you
might try typing `S' now just to see what is salvageable.

/Users/jrathi/Projects/pdf-2-latex/files/ai/use-microtype/ai_final.tex:8586: Mi
ssing \cr inserted.
<inserted text> 
                \cr 
l.8586 }
         \\
I'm guessing that you meant to end an alignment here.

/Users/jrathi/Projects/pdf-2-latex/files/ai/use-microtype/ai_final.tex:8586: Mi
splaced \cr.
<inserted text> \cr 
                    
l.8586 }
         \\
I can't figure out why you would want to use a tab mark
or \cr or \span just now. If something like a right brace
up above has ended a previous alignment prematurely,
you're probably due for more error messages, and you
might try typing `S' now just to see what is salvageable.

/Users/jrathi/Projects/pdf-2-latex/files/ai/use-microtype/ai_final.tex:8586: Mi
ssing \cr inserted.
<inserted text> 
                \cr 
l.8586 }
         \\
I'm guessing that you meant to end an alignment here.

/Users/jrathi/Projects/pdf-2-latex/files/ai/use-microtype/ai_final.tex:8586: Mi
splaced \cr.
<inserted text> \cr 
                    
l.8586 }
         \\
I can't figure out why you would want to use a tab mark
or \cr or \span just now. If something like a right brace
up above has ended a previous alignment prematurely,
you're probably due for more error messages, and you
might try typing `S' now just to see what is salvageable.

/Users/jrathi/Projects/pdf-2-latex/files/ai/use-microtype/ai_final.tex:8586: Mi
ssing \cr inserted.
<inserted text> 
                \cr 
l.8586 }
         \\
I'm guessing that you meant to end an alignment here.

/Users/jrathi/Projects/pdf-2-latex/files/ai/use-microtype/ai_final.tex:8586: Mi
splaced \cr.
<inserted text> \cr 
                    
l.8586 }
         \\
I can't figure out why you would want to use a tab mark
or \cr or \span just now. If something like a right brace
up above has ended a previous alignment prematurely,
you're probably due for more error messages, and you
might try typing `S' now just to see what is salvageable.

/Users/jrathi/Projects/pdf-2-latex/files/ai/use-microtype/ai_final.tex:8586: Mi
ssing \cr inserted.
<inserted text> 
                \cr 
l.8586 }
         \\
I'm guessing that you meant to end an alignment here.

/Users/jrathi/Projects/pdf-2-latex/files/ai/use-microtype/ai_final.tex:8586: Mi
splaced \cr.
<inserted text> \cr 
                    
l.8586 }
         \\
I can't figure out why you would want to use a tab mark
or \cr or \span just now. If something like a right brace
up above has ended a previous alignment prematurely,
you're probably due for more error messages, and you
might try typing `S' now just to see what is salvageable.

/Users/jrathi/Projects/pdf-2-latex/files/ai/use-microtype/ai_final.tex:8586: Mi
ssing \cr inserted.
<inserted text> 
                \cr 
l.8586 }
         \\
I'm guessing that you meant to end an alignment here.

/Users/jrathi/Projects/pdf-2-latex/files/ai/use-microtype/ai_final.tex:8586: Mi
splaced \cr.
<inserted text> \cr 
                    
l.8586 }
         \\
I can't figure out why you would want to use a tab mark
or \cr or \span just now. If something like a right brace
up above has ended a previous alignment prematurely,
you're probably due for more error messages, and you
might try typing `S' now just to see what is salvageable.

/Users/jrathi/Projects/pdf-2-latex/files/ai/use-microtype/ai_final.tex:8586: Mi
ssing \cr inserted.
<inserted text> 
                \cr 
l.8586 }
         \\
I'm guessing that you meant to end an alignment here.

/Users/jrathi/Projects/pdf-2-latex/files/ai/use-microtype/ai_final.tex:8586: Mi
splaced \cr.
<inserted text> \cr 
                    
l.8586 }
         \\
I can't figure out why you would want to use a tab mark
or \cr or \span just now. If something like a right brace
up above has ended a previous alignment prematurely,
you're probably due for more error messages, and you
might try typing `S' now just to see what is salvageable.

/Users/jrathi/Projects/pdf-2-latex/files/ai/use-microtype/ai_final.tex:8586: Mi
ssing \cr inserted.
<inserted text> 
                \cr 
l.8586 }
         \\
I'm guessing that you meant to end an alignment here.

/Users/jrathi/Projects/pdf-2-latex/files/ai/use-microtype/ai_final.tex:8586: Mi
splaced \cr.
<inserted text> \cr 
                    
l.8586 }
         \\
I can't figure out why you would want to use a tab mark
or \cr or \span just now. If something like a right brace
up above has ended a previous alignment prematurely,
you're probably due for more error messages, and you
might try typing `S' now just to see what is salvageable.

/Users/jrathi/Projects/pdf-2-latex/files/ai/use-microtype/ai_final.tex:8586: Mi
ssing \cr inserted.
<inserted text> 
                \cr 
l.8586 }
         \\
I'm guessing that you meant to end an alignment here.

/Users/jrathi/Projects/pdf-2-latex/files/ai/use-microtype/ai_final.tex:8586: Mi
splaced \cr.
<inserted text> \cr 
                    
l.8586 }
         \\
I can't figure out why you would want to use a tab mark
or \cr or \span just now. If something like a right brace
up above has ended a previous alignment prematurely,
you're probably due for more error messages, and you
might try typing `S' now just to see what is salvageable.

/Users/jrathi/Projects/pdf-2-latex/files/ai/use-microtype/ai_final.tex:8586: Mi
ssing \cr inserted.
<inserted text> 
                \cr 
l.8586 }
         \\
I'm guessing that you meant to end an alignment here.

/Users/jrathi/Projects/pdf-2-latex/files/ai/use-microtype/ai_final.tex:8586: Mi
splaced \cr.
<inserted text> \cr 
                    
l.8586 }
         \\
I can't figure out why you would want to use a tab mark
or \cr or \span just now. If something like a right brace
up above has ended a previous alignment prematurely,
you're probably due for more error messages, and you
might try typing `S' now just to see what is salvageable.

/Users/jrathi/Projects/pdf-2-latex/files/ai/use-microtype/ai_final.tex:8586: Mi
ssing \cr inserted.
<inserted text> 
                \cr 
l.8586 }
         \\
I'm guessing that you meant to end an alignment here.

/Users/jrathi/Projects/pdf-2-latex/files/ai/use-microtype/ai_final.tex:8586: Mi
splaced \cr.
<inserted text> \cr 
                    
l.8586 }
         \\
I can't figure out why you would want to use a tab mark
or \cr or \span just now. If something like a right brace
up above has ended a previous alignment prematurely,
you're probably due for more error messages, and you
might try typing `S' now just to see what is salvageable.

/Users/jrathi/Projects/pdf-2-latex/files/ai/use-microtype/ai_final.tex:8586: Mi
ssing \cr inserted.
<inserted text> 
                \cr 
l.8586 }
         \\
I'm guessing that you meant to end an alignment here.

/Users/jrathi/Projects/pdf-2-latex/files/ai/use-microtype/ai_final.tex:8586: Mi
splaced \cr.
<inserted text> \cr 
                    
l.8586 }
         \\
I can't figure out why you would want to use a tab mark
or \cr or \span just now. If something like a right brace
up above has ended a previous alignment prematurely,
you're probably due for more error messages, and you
might try typing `S' now just to see what is salvageable.

/Users/jrathi/Projects/pdf-2-latex/files/ai/use-microtype/ai_final.tex:8586: Mi
ssing \cr inserted.
<inserted text> 
                \cr 
l.8586 }
         \\
I'm guessing that you meant to end an alignment here.

/Users/jrathi/Projects/pdf-2-latex/files/ai/use-microtype/ai_final.tex:8586: Mi
splaced \cr.
<inserted text> \cr 
                    
l.8586 }
         \\
I can't figure out why you would want to use a tab mark
or \cr or \span just now. If something like a right brace
up above has ended a previous alignment prematurely,
you're probably due for more error messages, and you
might try typing `S' now just to see what is salvageable.

/Users/jrathi/Projects/pdf-2-latex/files/ai/use-microtype/ai_final.tex:8586: Mi
ssing \cr inserted.
<inserted text> 
                \cr 
l.8586 }
         \\
I'm guessing that you meant to end an alignment here.

/Users/jrathi/Projects/pdf-2-latex/files/ai/use-microtype/ai_final.tex:8586: Mi
splaced \cr.
<inserted text> \cr 
                    
l.8586 }
         \\
I can't figure out why you would want to use a tab mark
or \cr or \span just now. If something like a right brace
up above has ended a previous alignment prematurely,
you're probably due for more error messages, and you
might try typing `S' now just to see what is salvageable.

/Users/jrathi/Projects/pdf-2-latex/files/ai/use-microtype/ai_final.tex:8586: Mi
ssing \cr inserted.
<inserted text> 
                \cr 
l.8586 }
         \\
I'm guessing that you meant to end an alignment here.

/Users/jrathi/Projects/pdf-2-latex/files/ai/use-microtype/ai_final.tex:8586: Mi
splaced \cr.
<inserted text> \cr 
                    
l.8586 }
         \\
I can't figure out why you would want to use a tab mark
or \cr or \span just now. If something like a right brace
up above has ended a previous alignment prematurely,
you're probably due for more error messages, and you
might try typing `S' now just to see what is salvageable.

/Users/jrathi/Projects/pdf-2-latex/files/ai/use-microtype/ai_final.tex:8586: Mi
ssing \cr inserted.
<inserted text> 
                \cr 
l.8586 }
         \\
I'm guessing that you meant to end an alignment here.

/Users/jrathi/Projects/pdf-2-latex/files/ai/use-microtype/ai_final.tex:8586: Mi
splaced \cr.
<inserted text> \cr 
                    
l.8586 }
         \\
I can't figure out why you would want to use a tab mark
or \cr or \span just now. If something like a right brace
up above has ended a previous alignment prematurely,
you're probably due for more error messages, and you
might try typing `S' now just to see what is salvageable.

/Users/jrathi/Projects/pdf-2-latex/files/ai/use-microtype/ai_final.tex:8586: Mi
ssing \cr inserted.
<inserted text> 
                \cr 
l.8586 }
         \\
I'm guessing that you meant to end an alignment here.

/Users/jrathi/Projects/pdf-2-latex/files/ai/use-microtype/ai_final.tex:8586: Mi
splaced \cr.
<inserted text> \cr 
                    
l.8586 }
         \\
I can't figure out why you would want to use a tab mark
or \cr or \span just now. If something like a right brace
up above has ended a previous alignment prematurely,
you're probably due for more error messages, and you
might try typing `S' now just to see what is salvageable.

/Users/jrathi/Projects/pdf-2-latex/files/ai/use-microtype/ai_final.tex:8586: Mi
ssing \cr inserted.
<inserted text> 
                \cr 
l.8586 }
         \\
I'm guessing that you meant to end an alignment here.

/Users/jrathi/Projects/pdf-2-latex/files/ai/use-microtype/ai_final.tex:8586: Mi
splaced \cr.
<inserted text> \cr 
                    
l.8586 }
         \\
I can't figure out why you would want to use a tab mark
or \cr or \span just now. If something like a right brace
up above has ended a previous alignment prematurely,
you're probably due for more error messages, and you
might try typing `S' now just to see what is salvageable.

/Users/jrathi/Projects/pdf-2-latex/files/ai/use-microtype/ai_final.tex:8586: Mi
ssing \cr inserted.
<inserted text> 
                \cr 
l.8586 }
         \\
I'm guessing that you meant to end an alignment here.

/Users/jrathi/Projects/pdf-2-latex/files/ai/use-microtype/ai_final.tex:8586: Mi
splaced \cr.
<inserted text> \cr 
                    
l.8586 }
         \\
I can't figure out why you would want to use a tab mark
or \cr or \span just now. If something like a right brace
up above has ended a previous alignment prematurely,
you're probably due for more error messages, and you
might try typing `S' now just to see what is salvageable.

/Users/jrathi/Projects/pdf-2-latex/files/ai/use-microtype/ai_final.tex:8586: Mi
ssing \cr inserted.
<inserted text> 
                \cr 
l.8586 }
         \\
I'm guessing that you meant to end an alignment here.

/Users/jrathi/Projects/pdf-2-latex/files/ai/use-microtype/ai_final.tex:8586: Mi
splaced \cr.
<inserted text> \cr 
                    
l.8586 }
         \\
I can't figure out why you would want to use a tab mark
or \cr or \span just now. If something like a right brace
up above has ended a previous alignment prematurely,
you're probably due for more error messages, and you
might try typing `S' now just to see what is salvageable.

/Users/jrathi/Projects/pdf-2-latex/files/ai/use-microtype/ai_final.tex:8586: Mi
ssing \cr inserted.
<inserted text> 
                \cr 
l.8586 }
         \\
I'm guessing that you meant to end an alignment here.

/Users/jrathi/Projects/pdf-2-latex/files/ai/use-microtype/ai_final.tex:8586: Mi
splaced \cr.
<inserted text> \cr 
                    
l.8586 }
         \\
(That makes 100 errors; please try again.) 
Here is how much of TeX's memory you used:
 21858 strings out of 475366
 540307 string characters out of 5762340
 954674 words of memory out of 5000000
 44501 multiletter control sequences out of 15000+600000
 576182 words of font info for 139 fonts, out of 8000000 for 9000
 319 hyphenation exceptions out of 8191
 74i,20n,93p,1528b,1293s stack positions out of 10000i,1000n,20000p,200000b,200000s

Output written on ai_final.xdv (243 pages, 5691988 bytes).
