This is XeTeX, Version 3.141592653-2.6-0.999997 (TeX Live 2025) (preloaded format=xelatex 2025.9.28)  19 OCT 2025 22:20
entering extended mode
 restricted \write18 enabled.
 file:line:error style messages enabled.
 %&-line parsing enabled.
**cybersec_final.tex
(./cybersec_final.tex
LaTeX2e <2025-06-01> patch level 1
L3 programming layer <2025-09-02>
(/usr/local/texlive/2025/texmf-dist/tex/latex/base/book.cls
Document Class: book 2025/01/22 v1.4n Standard LaTeX document class
(/usr/local/texlive/2025/texmf-dist/tex/latex/base/bk10.clo
File: bk10.clo 2025/01/22 v1.4n Standard LaTeX file (size option)
)
\c@part=\count271
\c@chapter=\count272
\c@section=\count273
\c@subsection=\count274
\c@subsubsection=\count275
\c@paragraph=\count276
\c@subparagraph=\count277
\c@figure=\count278
\c@table=\count279
\abovecaptionskip=\skip49
\belowcaptionskip=\skip50
\bibindent=\dimen148
)
(/usr/local/texlive/2025/texmf-dist/tex/latex/fontspec/fontspec.sty
(/usr/local/texlive/2025/texmf-dist/tex/latex/l3packages/xparse/xparse.sty
(/usr/local/texlive/2025/texmf-dist/tex/latex/l3kernel/expl3.sty
Package: expl3 2025-09-02 L3 programming layer (loader) 

(/usr/local/texlive/2025/texmf-dist/tex/latex/l3backend/l3backend-xetex.def
File: l3backend-xetex.def 2025-06-09 L3 backend support: XeTeX
\g__graphics_track_int=\count280
\g__pdfannot_backend_int=\count281
\g__pdfannot_backend_link_int=\count282
))
Package: xparse 2024-08-16 L3 Experimental document command parser
)
Package: fontspec 2024/05/11 v2.9e Font selection for XeLaTeX and LuaLaTeX

(/usr/local/texlive/2025/texmf-dist/tex/latex/fontspec/fontspec-xetex.sty
Package: fontspec-xetex 2024/05/11 v2.9e Font selection for XeLaTeX and LuaLaTe
X
\l__fontspec_script_int=\count283
\l__fontspec_language_int=\count284
\l__fontspec_strnum_int=\count285
\l__fontspec_tmp_int=\count286
\l__fontspec_tmpa_int=\count287
\l__fontspec_tmpb_int=\count288
\l__fontspec_tmpc_int=\count289
\l__fontspec_em_int=\count290
\l__fontspec_emdef_int=\count291
\l__fontspec_strong_int=\count292
\l__fontspec_strongdef_int=\count293
\l__fontspec_tmpa_dim=\dimen149
\l__fontspec_tmpb_dim=\dimen150
\l__fontspec_tmpc_dim=\dimen151

(/usr/local/texlive/2025/texmf-dist/tex/latex/base/fontenc.sty
Package: fontenc 2024/12/21 v2.1c Standard LaTeX package
)
(/usr/local/texlive/2025/texmf-dist/tex/latex/fontspec/fontspec.cfg)))
(/usr/local/texlive/2025/texmf-dist/tex/latex/polyglossia/polyglossia.sty
Package: polyglossia 2025/09/22 v2.8 Modern multilingual typesetting with XeLaT
eX and LuaLaTeX

(/usr/local/texlive/2025/texmf-dist/tex/latex/etoolbox/etoolbox.sty
Package: etoolbox 2025/02/11 v2.5l e-TeX tools for LaTeX (JAW)
\etb@tempcnta=\count294
)
(/usr/local/texlive/2025/texmf-dist/tex/generic/iftex/iftex.sty
Package: iftex 2024/12/12 v1.0g TeX engine tests
)
\l_xpg_alias_keyvals_int=\count295

(/usr/local/texlive/2025/texmf-dist/tex/latex/polyglossia/gloss-latex.ldf
File: gloss-latex.ldf polyglossia: module for default language
))
(/usr/local/texlive/2025/texmf-dist/tex/latex/polyglossia/gloss-english.ldf
File: gloss-english.ldf polyglossia: module for English
)

Package polyglossia Info: Default language is english


(/usr/local/texlive/2025/texmf-dist/tex/latex/polyglossia/gloss-french.ldf
File: gloss-french.ldf polyglossia: module for French
\french@openbrackets=\XeTeXcharclass1
\french@closebrackets=\XeTeXcharclass2
\french@questionexclamation=\XeTeXcharclass3
\french@punctthin=\XeTeXcharclass4
\french@punctthick=\XeTeXcharclass5
\french@punctguillstart=\XeTeXcharclass6
\french@punctguillend=\XeTeXcharclass7
)
(/usr/local/texlive/2025/texmf-dist/tex/latex/polyglossia/gloss-dutch.ldf
File: gloss-dutch.ldf polyglossia: module for Dutch

(/usr/local/texlive/2025/texmf-dist/tex/latex/polyglossia/babelsh.def
File: babelsh.def 2022/06/21 Babel common definitions for shorthands
 Taken verbatim from babel files (2022/06/06 v3.76)
)
Package babel Info: Making " an active character on input line 35.
)
(/usr/local/texlive/2025/texmf-dist/tex/xelatex/xecjk/xeCJK.sty
Package: xeCJK 2022/08/05 v3.9.1 Typesetting CJK scripts with XeLaTeX

(/usr/local/texlive/2025/texmf-dist/tex/latex/ctex/ctexhook.sty
Package: ctexhook 2022/07/14 v2.5.10 Document and package hooks (CTEX)
)
(/usr/local/texlive/2025/texmf-dist/tex/latex/l3packages/xtemplate/xtemplate.st
y
Package: xtemplate 2024-08-16 L3 Experimental prototype document functions
)
\l__xeCJK_tmp_int=\count296
\l__xeCJK_tmp_box=\box53
\l__xeCJK_tmp_dim=\dimen152
\l__xeCJK_tmp_skip=\skip51
\g__xeCJK_space_factor_int=\count297
\l__xeCJK_begin_int=\count298
\l__xeCJK_end_int=\count299
\c__xeCJK_CJK_class_int=\XeTeXcharclass8
\c__xeCJK_FullLeft_class_int=\XeTeXcharclass9
\c__xeCJK_FullRight_class_int=\XeTeXcharclass10
\c__xeCJK_HalfLeft_class_int=\XeTeXcharclass11
\c__xeCJK_HalfRight_class_int=\XeTeXcharclass12
\c__xeCJK_NormalSpace_class_int=\XeTeXcharclass13
\c__xeCJK_CM_class_int=\XeTeXcharclass14
\c__xeCJK_HangulJamo_class_int=\XeTeXcharclass15
\l__xeCJK_last_skip=\skip52
\c__xeCJK_none_node=\count300
\g__xeCJK_node_int=\count301
\c__xeCJK_CJK_node_dim=\dimen153
\c__xeCJK_CJK-space_node_dim=\dimen154
\c__xeCJK_default_node_dim=\dimen155
\c__xeCJK_CJK-widow_node_dim=\dimen156
\c__xeCJK_normalspace_node_dim=\dimen157
\c__xeCJK_default-space_node_skip=\skip53
\l__xeCJK_ccglue_skip=\skip54
\l__xeCJK_ecglue_skip=\skip55
\l__xeCJK_punct_kern_skip=\skip56
\l__xeCJK_indent_box=\box54
\l__xeCJK_last_penalty_int=\count302
\l__xeCJK_last_bound_dim=\dimen158
\l__xeCJK_last_kern_dim=\dimen159
\l__xeCJK_widow_penalty_int=\count303

LaTeX template Info: Declaring template type 'xeCJK/punctuation' taking 0
(template)           argument(s) on line 2396.

\l__xeCJK_fixed_punct_width_dim=\dimen160
\l__xeCJK_mixed_punct_width_dim=\dimen161
\l__xeCJK_middle_punct_width_dim=\dimen162
\l__xeCJK_fixed_margin_width_dim=\dimen163
\l__xeCJK_mixed_margin_width_dim=\dimen164
\l__xeCJK_middle_margin_width_dim=\dimen165
\l__xeCJK_bound_punct_width_dim=\dimen166
\l__xeCJK_bound_margin_width_dim=\dimen167
\l__xeCJK_margin_minimum_dim=\dimen168
\l__xeCJK_kerning_total_width_dim=\dimen169
\l__xeCJK_same_align_margin_dim=\dimen170
\l__xeCJK_different_align_margin_dim=\dimen171
\l__xeCJK_kerning_margin_width_dim=\dimen172
\l__xeCJK_kerning_margin_minimum_dim=\dimen173
\l__xeCJK_bound_dim=\dimen174
\l__xeCJK_reverse_bound_dim=\dimen175
\l__xeCJK_margin_dim=\dimen176
\l__xeCJK_minimum_bound_dim=\dimen177
\l__xeCJK_kerning_margin_dim=\dimen178
\g__xeCJK_family_int=\count304
\l__xeCJK_fam_int=\count305
\g__xeCJK_fam_allocation_int=\count306
\l__xeCJK_verb_case_int=\count307
\l__xeCJK_verb_exspace_skip=\skip57
 (/usr/local/texlive/2025/texmf-dist/tex/xelatex/xecjk/xeCJK.cfg
File: xeCJK.cfg 2022/08/05 v3.9.1 Configuration file for xeCJK package
))

Package fontspec Info: 
(fontspec)             Script 'CJK' not explicitly supported within font
(fontspec)             'STSong'. Check the typeset output, and if it is okay
(fontspec)             then ignore this warning. Otherwise a different font
(fontspec)             should be chosen.


Package fontspec Info: 
(fontspec)             Could not resolve font "STSong/BI" (it probably doesn't
(fontspec)             exist).


Package fontspec Info: 
(fontspec)             Could not resolve font "STSong/B" (it probably doesn't
(fontspec)             exist).


Package fontspec Info: 
(fontspec)             Could not resolve font "STSong/I" (it probably doesn't
(fontspec)             exist).


Package fontspec Info: 
(fontspec)             Font family 'STSong(0)' created for font 'STSong' with
(fontspec)             options [Script={CJK}].
(fontspec)              
(fontspec)              This font family consists of the following NFSS
(fontspec)             series/shapes:
(fontspec)              
(fontspec)             - 'normal' (m/n) with NFSS spec.:
(fontspec)             <->"STSong/OT:script=hani;language=dflt;"


(/usr/local/texlive/2025/texmf-dist/tex/latex/amsmath/amsmath.sty
Package: amsmath 2025/06/16 v2.17y AMS math features
\@mathmargin=\skip58

For additional information on amsmath, use the `?' option.
(/usr/local/texlive/2025/texmf-dist/tex/latex/amsmath/amstext.sty
Package: amstext 2024/11/17 v2.01 AMS text

(/usr/local/texlive/2025/texmf-dist/tex/latex/amsmath/amsgen.sty
File: amsgen.sty 1999/11/30 v2.0 generic functions
\@emptytoks=\toks17
\ex@=\dimen179
))
(/usr/local/texlive/2025/texmf-dist/tex/latex/amsmath/amsbsy.sty
Package: amsbsy 1999/11/29 v1.2d Bold Symbols
\pmbraise@=\dimen180
)
(/usr/local/texlive/2025/texmf-dist/tex/latex/amsmath/amsopn.sty
Package: amsopn 2022/04/08 v2.04 operator names
)
\inf@bad=\count308
LaTeX Info: Redefining \frac on input line 233.
\uproot@=\count309
\leftroot@=\count310
LaTeX Info: Redefining \overline on input line 398.
LaTeX Info: Redefining \colon on input line 409.
\classnum@=\count311
\DOTSCASE@=\count312
LaTeX Info: Redefining \ldots on input line 495.
LaTeX Info: Redefining \dots on input line 498.
LaTeX Info: Redefining \cdots on input line 619.
\Mathstrutbox@=\box55
\strutbox@=\box56
LaTeX Info: Redefining \big on input line 721.
LaTeX Info: Redefining \Big on input line 722.
LaTeX Info: Redefining \bigg on input line 723.
LaTeX Info: Redefining \Bigg on input line 724.
\big@size=\dimen181
LaTeX Font Info:    Redeclaring font encoding OML on input line 742.
LaTeX Font Info:    Redeclaring font encoding OMS on input line 743.
\macc@depth=\count313
LaTeX Info: Redefining \bmod on input line 904.
LaTeX Info: Redefining \pmod on input line 909.
LaTeX Info: Redefining \smash on input line 939.
LaTeX Info: Redefining \relbar on input line 969.
LaTeX Info: Redefining \Relbar on input line 970.
\c@MaxMatrixCols=\count314
\dotsspace@=\muskip17
\c@parentequation=\count315
\dspbrk@lvl=\count316
\tag@help=\toks18
\row@=\count317
\column@=\count318
\maxfields@=\count319
\andhelp@=\toks19
\eqnshift@=\dimen182
\alignsep@=\dimen183
\tagshift@=\dimen184
\tagwidth@=\dimen185
\totwidth@=\dimen186
\lineht@=\dimen187
\@envbody=\toks20
\multlinegap=\skip59
\multlinetaggap=\skip60
\mathdisplay@stack=\toks21
LaTeX Info: Redefining \[ on input line 2949.
LaTeX Info: Redefining \] on input line 2950.
)
(/usr/local/texlive/2025/texmf-dist/tex/latex/amsfonts/amssymb.sty
Package: amssymb 2013/01/14 v3.01 AMS font symbols

(/usr/local/texlive/2025/texmf-dist/tex/latex/amsfonts/amsfonts.sty
Package: amsfonts 2013/01/14 v3.01 Basic AMSFonts support
\symAMSa=\mathgroup4
\symAMSb=\mathgroup5
LaTeX Font Info:    Redeclaring math symbol \hbar on input line 98.
LaTeX Font Info:    Overwriting math alphabet `\mathfrak' in version `bold'
(Font)                  U/euf/m/n --> U/euf/b/n on input line 106.
))
(/usr/local/texlive/2025/texmf-dist/tex/latex/graphics/graphicx.sty
Package: graphicx 2024/12/31 v1.2e Enhanced LaTeX Graphics (DPC,SPQR)

(/usr/local/texlive/2025/texmf-dist/tex/latex/graphics/keyval.sty
Package: keyval 2022/05/29 v1.15 key=value parser (DPC)
\KV@toks@=\toks22
)
(/usr/local/texlive/2025/texmf-dist/tex/latex/graphics/graphics.sty
Package: graphics 2024/08/06 v1.4g Standard LaTeX Graphics (DPC,SPQR)

(/usr/local/texlive/2025/texmf-dist/tex/latex/graphics/trig.sty
Package: trig 2023/12/02 v1.11 sin cos tan (DPC)
)
(/usr/local/texlive/2025/texmf-dist/tex/latex/graphics-cfg/graphics.cfg
File: graphics.cfg 2016/06/04 v1.11 sample graphics configuration
)
Package graphics Info: Driver file: xetex.def on input line 106.

(/usr/local/texlive/2025/texmf-dist/tex/latex/graphics-def/xetex.def
File: xetex.def 2022/09/22 v5.0n Graphics/color driver for xetex
))
\Gin@req@height=\dimen188
\Gin@req@width=\dimen189
)
(/usr/local/texlive/2025/texmf-dist/tex/latex/hyperref/hyperref.sty
Package: hyperref 2025-07-12 v7.01o Hypertext links for LaTeX

(/usr/local/texlive/2025/texmf-dist/tex/latex/kvsetkeys/kvsetkeys.sty
Package: kvsetkeys 2022-10-05 v1.19 Key value parser (HO)
)
(/usr/local/texlive/2025/texmf-dist/tex/generic/kvdefinekeys/kvdefinekeys.sty
Package: kvdefinekeys 2019-12-19 v1.6 Define keys (HO)
)
(/usr/local/texlive/2025/texmf-dist/tex/generic/pdfescape/pdfescape.sty
Package: pdfescape 2019/12/09 v1.15 Implements pdfTeX's escape features (HO)

(/usr/local/texlive/2025/texmf-dist/tex/generic/ltxcmds/ltxcmds.sty
Package: ltxcmds 2023-12-04 v1.26 LaTeX kernel commands for general use (HO)
)
(/usr/local/texlive/2025/texmf-dist/tex/generic/pdftexcmds/pdftexcmds.sty
Package: pdftexcmds 2020-06-27 v0.33 Utility functions of pdfTeX for LuaTeX (HO
)

(/usr/local/texlive/2025/texmf-dist/tex/generic/infwarerr/infwarerr.sty
Package: infwarerr 2019/12/03 v1.5 Providing info/warning/error messages (HO)
)
Package pdftexcmds Info: \pdf@primitive is available.
Package pdftexcmds Info: \pdf@ifprimitive is available.
Package pdftexcmds Info: \pdfdraftmode not found.
))
(/usr/local/texlive/2025/texmf-dist/tex/latex/hycolor/hycolor.sty
Package: hycolor 2020-01-27 v1.10 Color options for hyperref/bookmark (HO)
)
(/usr/local/texlive/2025/texmf-dist/tex/latex/hyperref/nameref.sty
Package: nameref 2025-06-21 v2.57 Cross-referencing by name of section

(/usr/local/texlive/2025/texmf-dist/tex/latex/refcount/refcount.sty
Package: refcount 2019/12/15 v3.6 Data extraction from label references (HO)
)
(/usr/local/texlive/2025/texmf-dist/tex/generic/gettitlestring/gettitlestring.s
ty
Package: gettitlestring 2019/12/15 v1.6 Cleanup title references (HO)
 (/usr/local/texlive/2025/texmf-dist/tex/latex/kvoptions/kvoptions.sty
Package: kvoptions 2022-06-15 v3.15 Key value format for package options (HO)
))
\c@section@level=\count320
)
(/usr/local/texlive/2025/texmf-dist/tex/generic/stringenc/stringenc.sty
Package: stringenc 2019/11/29 v1.12 Convert strings between diff. encodings (HO
)
)
\@linkdim=\dimen190
\Hy@linkcounter=\count321
\Hy@pagecounter=\count322

(/usr/local/texlive/2025/texmf-dist/tex/latex/hyperref/pd1enc.def
File: pd1enc.def 2025-07-12 v7.01o Hyperref: PDFDocEncoding definition (HO)
)
(/usr/local/texlive/2025/texmf-dist/tex/generic/intcalc/intcalc.sty
Package: intcalc 2019/12/15 v1.3 Expandable calculations with integers (HO)
)
\Hy@SavedSpaceFactor=\count323

(/usr/local/texlive/2025/texmf-dist/tex/latex/hyperref/puenc.def
File: puenc.def 2025-07-12 v7.01o Hyperref: PDF Unicode definition (HO)
)
Package hyperref Info: Hyper figures OFF on input line 4195.
Package hyperref Info: Link nesting OFF on input line 4200.
Package hyperref Info: Hyper index ON on input line 4203.
Package hyperref Info: Plain pages OFF on input line 4210.
Package hyperref Info: Backreferencing OFF on input line 4215.
Package hyperref Info: Implicit mode ON; LaTeX internals redefined.
Package hyperref Info: Bookmarks ON on input line 4462.
\c@Hy@tempcnt=\count324

(/usr/local/texlive/2025/texmf-dist/tex/latex/url/url.sty
\Urlmuskip=\muskip18
Package: url 2013/09/16  ver 3.4  Verb mode for urls, etc.
)
LaTeX Info: Redefining \url on input line 4801.
\XeTeXLinkMargin=\dimen191

(/usr/local/texlive/2025/texmf-dist/tex/generic/bitset/bitset.sty
Package: bitset 2019/12/09 v1.3 Handle bit-vector datatype (HO)

(/usr/local/texlive/2025/texmf-dist/tex/generic/bigintcalc/bigintcalc.sty
Package: bigintcalc 2019/12/15 v1.5 Expandable calculations on big integers (HO
)
))
\Fld@menulength=\count325
\Field@Width=\dimen192
\Fld@charsize=\dimen193
Package hyperref Info: Hyper figures OFF on input line 6078.
Package hyperref Info: Link nesting OFF on input line 6083.
Package hyperref Info: Hyper index ON on input line 6086.
Package hyperref Info: backreferencing OFF on input line 6093.
Package hyperref Info: Link coloring OFF on input line 6098.
Package hyperref Info: Link coloring with OCG OFF on input line 6103.
Package hyperref Info: PDF/A mode OFF on input line 6108.
\Hy@abspage=\count326
\c@Item=\count327
\c@Hfootnote=\count328
)
Package hyperref Info: Driver (autodetected): hxetex.

(/usr/local/texlive/2025/texmf-dist/tex/latex/hyperref/hxetex.def
File: hxetex.def 2025-07-12 v7.01o Hyperref driver for XeTeX
\pdfm@box=\box57
\c@Hy@AnnotLevel=\count329
\HyField@AnnotCount=\count330
\Fld@listcount=\count331
\c@bookmark@seq@number=\count332

(/usr/local/texlive/2025/texmf-dist/tex/latex/rerunfilecheck/rerunfilecheck.sty
Package: rerunfilecheck 2025-06-21 v1.11 Rerun checks for auxiliary files (HO)

(/usr/local/texlive/2025/texmf-dist/tex/generic/uniquecounter/uniquecounter.sty
Package: uniquecounter 2019/12/15 v1.4 Provide unlimited unique counter (HO)
)
Package uniquecounter Info: New unique counter `rerunfilecheck' on input line 2
84.
)
\Hy@SectionHShift=\skip61
)
Package hyperref Info: Option `colorlinks' set `true' on input line 21.
 (/usr/local/texlive/2025/texmf-dist/tex/latex/base/makeidx.sty
Package: makeidx 2021/10/04 v1.0m Standard LaTeX package
)
\@indexfile=\write3
\openout3 = `cybersec_final.idx'.


Writing index file cybersec_final.idx

(/usr/local/texlive/2025/texmf-dist/tex/latex/newunicodechar/newunicodechar.sty
Package: newunicodechar 2018/04/08 v1.2 Defining Unicode characters
) (./cybersec_final.aux)
\openout1 = `cybersec_final.aux'.

LaTeX Font Info:    Checking defaults for OML/cmm/m/it on input line 31.
LaTeX Font Info:    ... okay on input line 31.
LaTeX Font Info:    Checking defaults for OMS/cmsy/m/n on input line 31.
LaTeX Font Info:    ... okay on input line 31.
LaTeX Font Info:    Checking defaults for OT1/cmr/m/n on input line 31.
LaTeX Font Info:    ... okay on input line 31.
LaTeX Font Info:    Checking defaults for T1/cmr/m/n on input line 31.
LaTeX Font Info:    ... okay on input line 31.
LaTeX Font Info:    Checking defaults for TS1/cmr/m/n on input line 31.
LaTeX Font Info:    ... okay on input line 31.
LaTeX Font Info:    Checking defaults for TU/lmr/m/n on input line 31.
LaTeX Font Info:    ... okay on input line 31.
LaTeX Font Info:    Checking defaults for OMX/cmex/m/n on input line 31.
LaTeX Font Info:    ... okay on input line 31.
LaTeX Font Info:    Checking defaults for U/cmr/m/n on input line 31.
LaTeX Font Info:    ... okay on input line 31.
LaTeX Font Info:    Checking defaults for PD1/pdf/m/n on input line 31.
LaTeX Font Info:    ... okay on input line 31.
LaTeX Font Info:    Checking defaults for PU/pdf/m/n on input line 31.
LaTeX Font Info:    ... okay on input line 31.

Package fontspec Info: 
(fontspec)             Adjusting the maths setup (use [no-math] to avoid
(fontspec)             this).

\symlegacymaths=\mathgroup6
LaTeX Font Info:    Overwriting symbol font `legacymaths' in version `bold'
(Font)                  OT1/cmr/m/n --> OT1/cmr/bx/n on input line 31.
LaTeX Font Info:    Redeclaring math accent \acute on input line 31.
LaTeX Font Info:    Redeclaring math accent \grave on input line 31.
LaTeX Font Info:    Redeclaring math accent \ddot on input line 31.
LaTeX Font Info:    Redeclaring math accent \tilde on input line 31.
LaTeX Font Info:    Redeclaring math accent \bar on input line 31.
LaTeX Font Info:    Redeclaring math accent \breve on input line 31.
LaTeX Font Info:    Redeclaring math accent \check on input line 31.
LaTeX Font Info:    Redeclaring math accent \hat on input line 31.
LaTeX Font Info:    Redeclaring math accent \dot on input line 31.
LaTeX Font Info:    Redeclaring math accent \mathring on input line 31.
LaTeX Font Info:    Redeclaring math symbol \Gamma on input line 31.
LaTeX Font Info:    Redeclaring math symbol \Delta on input line 31.
LaTeX Font Info:    Redeclaring math symbol \Theta on input line 31.
LaTeX Font Info:    Redeclaring math symbol \Lambda on input line 31.
LaTeX Font Info:    Redeclaring math symbol \Xi on input line 31.
LaTeX Font Info:    Redeclaring math symbol \Pi on input line 31.
LaTeX Font Info:    Redeclaring math symbol \Sigma on input line 31.
LaTeX Font Info:    Redeclaring math symbol \Upsilon on input line 31.
LaTeX Font Info:    Redeclaring math symbol \Phi on input line 31.
LaTeX Font Info:    Redeclaring math symbol \Psi on input line 31.
LaTeX Font Info:    Redeclaring math symbol \Omega on input line 31.
LaTeX Font Info:    Redeclaring math symbol \mathdollar on input line 31.
LaTeX Font Info:    Redeclaring symbol font `operators' on input line 31.
LaTeX Font Info:    Encoding `OT1' has changed to `TU' for symbol font
(Font)              `operators' in the math version `normal' on input line 31.
LaTeX Font Info:    Overwriting symbol font `operators' in version `normal'
(Font)                  OT1/cmr/m/n --> TU/lmr/m/n on input line 31.
LaTeX Font Info:    Encoding `OT1' has changed to `TU' for symbol font
(Font)              `operators' in the math version `bold' on input line 31.
LaTeX Font Info:    Overwriting symbol font `operators' in version `bold'
(Font)                  OT1/cmr/bx/n --> TU/lmr/m/n on input line 31.
LaTeX Font Info:    Overwriting symbol font `operators' in version `normal'
(Font)                  TU/lmr/m/n --> TU/lmr/m/n on input line 31.
LaTeX Font Info:    Overwriting math alphabet `\mathit' in version `normal'
(Font)                  OT1/cmr/m/it --> TU/lmr/m/it on input line 31.
LaTeX Font Info:    Overwriting math alphabet `\mathbf' in version `normal'
(Font)                  OT1/cmr/bx/n --> TU/lmr/b/n on input line 31.
LaTeX Font Info:    Overwriting math alphabet `\mathsf' in version `normal'
(Font)                  OT1/cmss/m/n --> TU/lmss/m/n on input line 31.
LaTeX Font Info:    Overwriting math alphabet `\mathtt' in version `normal'
(Font)                  OT1/cmtt/m/n --> TU/lmtt/m/n on input line 31.
LaTeX Font Info:    Overwriting symbol font `operators' in version `bold'
(Font)                  TU/lmr/m/n --> TU/lmr/b/n on input line 31.
LaTeX Font Info:    Overwriting math alphabet `\mathit' in version `bold'
(Font)                  OT1/cmr/bx/it --> TU/lmr/b/it on input line 31.
LaTeX Font Info:    Overwriting math alphabet `\mathsf' in version `bold'
(Font)                  OT1/cmss/bx/n --> TU/lmss/b/n on input line 31.
LaTeX Font Info:    Overwriting math alphabet `\mathtt' in version `bold'
(Font)                  OT1/cmtt/m/n --> TU/lmtt/b/n on input line 31.

(/usr/local/texlive/2025/texmf-dist/tex/latex/graphics/color.sty
Package: color 2025/01/14 v1.3e Standard LaTeX Color (DPC)

(/usr/local/texlive/2025/texmf-dist/tex/latex/graphics-cfg/color.cfg
File: color.cfg 2016/01/02 v1.6 sample color configuration
)
Package color Info: Driver file: xetex.def on input line 149.

(/usr/local/texlive/2025/texmf-dist/tex/latex/graphics/mathcolor.ltx))
Package hyperref Info: Link coloring ON on input line 31.

(./cybersec_final.out) (./cybersec_final.out)
\@outlinefile=\write4
\openout4 = `cybersec_final.out'.

LaTeX Font Info:    Trying to load font information for U+msa on input line 33.


(/usr/local/texlive/2025/texmf-dist/tex/latex/amsfonts/umsa.fd
File: umsa.fd 2013/01/14 v3.01 AMS symbols A
)
LaTeX Font Info:    Trying to load font information for U+msb on input line 33.


(/usr/local/texlive/2025/texmf-dist/tex/latex/amsfonts/umsb.fd
File: umsb.fd 2013/01/14 v3.01 AMS symbols B
)

[1


]

[2

] (./cybersec_final.toc

[3]

[4]

[5]

[6]

[7]

[8]

[9]

[10]

[11]

[12])
\tf@toc=\write5
\openout5 = `cybersec_final.toc'.



LaTeX Warning: Citation `arief2015stakeholders2' on page 13 undefined on input 
line 46.



[13]

LaTeX Warning: Citation `bartock2016sp800184' on page 14 undefined on input lin
e 56.



[14]
Chapter 1.
File: ./images/2025_05_12_ac3bc46a6f93dd973caag-006.jpg Graphic file (type bmp)

<./images/2025_05_12_ac3bc46a6f93dd973caag-006.jpg>

Underfull \vbox (badness 5563) has occurred while \output is active []



[15

]

LaTeX Warning: Citation `falliere2011stuxnet' on page 16 undefined on input lin
e 80.



[16]

[17]

[18

]
Chapter 2.

LaTeX Warning: Citation `ayers2014mobileforensics' on page 19 undefined on inpu
t line 91.


Underfull \hbox (badness 10000) in paragraph at lines 91--92

 []


LaTeX Warning: Citation `boozallen2009toolsreview' on page 19 undefined on inpu
t line 95.


LaTeX Warning: Citation `itut1972g711' on page 19 undefined on input line 95.


Overfull \hbox (8.15341pt too wide) in paragraph at lines 95--98
\TU/lmr/m/n/10 NISHED ON AN ”AS-IS” BASIS. CARNEGIE MELLON UNIVERSITY MAKES
 []



[19]

LaTeX Warning: Citation `wp29_2017dpia' on page 20 undefined on input line 101.



LaTeX Warning: Citation `caralli2007octaveallegro' on page 20 undefined on inpu
t line 101.



[20] (./cybersec_final.toc)
\tf@toc=\write6
\openout6 = `cybersec_final.toc'.



[21

]

[22

]
Chapter 3.


[23]
File: ./images/2025_05_12_ac3bc46a6f93dd973caag-033.jpg Graphic file (type bmp)

<./images/2025_05_12_ac3bc46a6f93dd973caag-033.jpg>


[24]

./cybersec_final.tex:152: LaTeX Error: Environment displayquote undefined.

See the LaTeX manual or LaTeX Companion for explanation.
Type  H <return>  for immediate help.
 ...                                              
                                                  
l.152 \begin{displayquote}
                          
Your command was ignored.
Type  I <command> <return>  to replace it with another command,
or  <return>  to continue without it.


./cybersec_final.tex:153: LaTeX Error: Environment displayquote undefined.

See the LaTeX manual or LaTeX Companion for explanation.
Type  H <return>  for immediate help.
 ...                                              
                                                  
l.153   \begin{displayquote}
                            
Your command was ignored.
Type  I <command> <return>  to replace it with another command,
or  <return>  to continue without it.


./cybersec_final.tex:158: LaTeX Error: \begin{document} ended by \end{displayqu
ote}.

See the LaTeX manual or LaTeX Companion for explanation.
Type  H <return>  for immediate help.
 ...                                              
                                                  
l.158   \end{displayquote}
                          
Your command was ignored.
Type  I <command> <return>  to replace it with another command,
or  <return>  to continue without it.


./cybersec_final.tex:159: LaTeX Error: Environment displayquote undefined.

See the LaTeX manual or LaTeX Companion for explanation.
Type  H <return>  for immediate help.
 ...                                              
                                                  
l.159   \begin{displayquote}
                            
Your command was ignored.
Type  I <command> <return>  to replace it with another command,
or  <return>  to continue without it.


./cybersec_final.tex:163: LaTeX Error: \begin{document} ended by \end{displayqu
ote}.

See the LaTeX manual or LaTeX Companion for explanation.
Type  H <return>  for immediate help.
 ...                                              
                                                  
l.163   \end{displayquote}
                          
Your command was ignored.
Type  I <command> <return>  to replace it with another command,
or  <return>  to continue without it.


./cybersec_final.tex:164: LaTeX Error: Environment displayquote undefined.

See the LaTeX manual or LaTeX Companion for explanation.
Type  H <return>  for immediate help.
 ...                                              
                                                  
l.164   \begin{displayquote}
                            
Your command was ignored.
Type  I <command> <return>  to replace it with another command,
or  <return>  to continue without it.


./cybersec_final.tex:166: LaTeX Error: \begin{document} ended by \end{displayqu
ote}.

See the LaTeX manual or LaTeX Companion for explanation.
Type  H <return>  for immediate help.
 ...                                              
                                                  
l.166   \end{displayquote}
                          
Your command was ignored.
Type  I <command> <return>  to replace it with another command,
or  <return>  to continue without it.


./cybersec_final.tex:167: LaTeX Error: \begin{document} ended by \end{displayqu
ote}.

See the LaTeX manual or LaTeX Companion for explanation.
Type  H <return>  for immediate help.
 ...                                              
                                                  
l.167 \end{displayquote}
                        
Your command was ignored.
Type  I <command> <return>  to replace it with another command,
or  <return>  to continue without it.



[25]

[26]

./cybersec_final.tex:189: Package keyval Error: max width undefined.

See the keyval package documentation for explanation.
Type  H <return>  for immediate help.
 ...                                              
                                                  
l.189 ...er]{2025_05_12_ac3bc46a6f93dd973caag-036}
                                                  
Try typing  <return>  to proceed.
If that doesn't work, type  X <return>  to quit.


./cybersec_final.tex:189: Package keyval Error: center undefined.

See the keyval package documentation for explanation.
Type  H <return>  for immediate help.
 ...                                              
                                                  
l.189 ...er]{2025_05_12_ac3bc46a6f93dd973caag-036}
                                                  
Try typing  <return>  to proceed.
If that doesn't work, type  X <return>  to quit.

File: ./images/2025_05_12_ac3bc46a6f93dd973caag-036.jpg Graphic file (type bmp)

<./images/2025_05_12_ac3bc46a6f93dd973caag-036.jpg>


[27]
./cybersec_final.tex:228: Undefined control sequence.
<argument> \euro 
                 
l.228 An electric lawnmower with battery costs $€
                                                  440$ in total.\\
The control sequence at the end of the top line
of your error message was never \def'ed. If you have
misspelled it (e.g., `\hobx'), type `I' and the correct
spelling (e.g., `I\hbox'). Otherwise just continue,
and I'll forget about whatever was undefined.

./cybersec_final.tex:228: Undefined control sequence.
<argument> \firstchoice@false \euro 
                                    
l.228 An electric lawnmower with battery costs $€
                                                  440$ in total.\\
The control sequence at the end of the top line
of your error message was never \def'ed. If you have
misspelled it (e.g., `\hobx'), type `I' and the correct
spelling (e.g., `I\hbox'). Otherwise just continue,
and I'll forget about whatever was undefined.

./cybersec_final.tex:228: Undefined control sequence.
<argument> \firstchoice@false \euro 
                                    
l.228 An electric lawnmower with battery costs $€
                                                  440$ in total.\\
The control sequence at the end of the top line
of your error message was never \def'ed. If you have
misspelled it (e.g., `\hobx'), type `I' and the correct
spelling (e.g., `I\hbox'). Otherwise just continue,
and I'll forget about whatever was undefined.

./cybersec_final.tex:228: Undefined control sequence.
<argument> \firstchoice@false \euro 
                                    
l.228 An electric lawnmower with battery costs $€
                                                  440$ in total.\\
The control sequence at the end of the top line
of your error message was never \def'ed. If you have
misspelled it (e.g., `\hobx'), type `I' and the correct
spelling (e.g., `I\hbox'). Otherwise just continue,
and I'll forget about whatever was undefined.

./cybersec_final.tex:229: Undefined control sequence.
<argument> \euro 
                 
l.229 The mower costs $€
                         400$ more than the battery.\\
The control sequence at the end of the top line
of your error message was never \def'ed. If you have
misspelled it (e.g., `\hobx'), type `I' and the correct
spelling (e.g., `I\hbox'). Otherwise just continue,
and I'll forget about whatever was undefined.

./cybersec_final.tex:229: Undefined control sequence.
<argument> \firstchoice@false \euro 
                                    
l.229 The mower costs $€
                         400$ more than the battery.\\
The control sequence at the end of the top line
of your error message was never \def'ed. If you have
misspelled it (e.g., `\hobx'), type `I' and the correct
spelling (e.g., `I\hbox'). Otherwise just continue,
and I'll forget about whatever was undefined.

./cybersec_final.tex:229: Undefined control sequence.
<argument> \firstchoice@false \euro 
                                    
l.229 The mower costs $€
                         400$ more than the battery.\\
The control sequence at the end of the top line
of your error message was never \def'ed. If you have
misspelled it (e.g., `\hobx'), type `I' and the correct
spelling (e.g., `I\hbox'). Otherwise just continue,
and I'll forget about whatever was undefined.

./cybersec_final.tex:229: Undefined control sequence.
<argument> \firstchoice@false \euro 
                                    
l.229 The mower costs $€
                         400$ more than the battery.\\
The control sequence at the end of the top line
of your error message was never \def'ed. If you have
misspelled it (e.g., `\hobx'), type `I' and the correct
spelling (e.g., `I\hbox'). Otherwise just continue,
and I'll forget about whatever was undefined.

./cybersec_final.tex:234: Undefined control sequence.
<argument> \euro 
                 
l.234 ...ke is to answer that the battery costs $€
                                                   40$. If that were true, t...
The control sequence at the end of the top line
of your error message was never \def'ed. If you have
misspelled it (e.g., `\hobx'), type `I' and the correct
spelling (e.g., `I\hbox'). Otherwise just continue,
and I'll forget about whatever was undefined.

./cybersec_final.tex:234: Undefined control sequence.
<argument> \firstchoice@false \euro 
                                    
l.234 ...ke is to answer that the battery costs $€
                                                   40$. If that were true, t...
The control sequence at the end of the top line
of your error message was never \def'ed. If you have
misspelled it (e.g., `\hobx'), type `I' and the correct
spelling (e.g., `I\hbox'). Otherwise just continue,
and I'll forget about whatever was undefined.

./cybersec_final.tex:234: Undefined control sequence.
<argument> \firstchoice@false \euro 
                                    
l.234 ...ke is to answer that the battery costs $€
                                                   40$. If that were true, t...
The control sequence at the end of the top line
of your error message was never \def'ed. If you have
misspelled it (e.g., `\hobx'), type `I' and the correct
spelling (e.g., `I\hbox'). Otherwise just continue,
and I'll forget about whatever was undefined.

./cybersec_final.tex:234: Undefined control sequence.
<argument> \firstchoice@false \euro 
                                    
l.234 ...ke is to answer that the battery costs $€
                                                   40$. If that were true, t...
The control sequence at the end of the top line
of your error message was never \def'ed. If you have
misspelled it (e.g., `\hobx'), type `I' and the correct
spelling (e.g., `I\hbox'). Otherwise just continue,
and I'll forget about whatever was undefined.

./cybersec_final.tex:234: Undefined control sequence.
<argument> \euro 
                 
l.234 ... were true, the mower alone would cost $€
                                                   440$ ( $€ 400$ more than ...
The control sequence at the end of the top line
of your error message was never \def'ed. If you have
misspelled it (e.g., `\hobx'), type `I' and the correct
spelling (e.g., `I\hbox'). Otherwise just continue,
and I'll forget about whatever was undefined.

./cybersec_final.tex:234: Undefined control sequence.
<argument> \firstchoice@false \euro 
                                    
l.234 ... were true, the mower alone would cost $€
                                                   440$ ( $€ 400$ more than ...
The control sequence at the end of the top line
of your error message was never \def'ed. If you have
misspelled it (e.g., `\hobx'), type `I' and the correct
spelling (e.g., `I\hbox'). Otherwise just continue,
and I'll forget about whatever was undefined.

./cybersec_final.tex:234: Undefined control sequence.
<argument> \firstchoice@false \euro 
                                    
l.234 ... were true, the mower alone would cost $€
                                                   440$ ( $€ 400$ more than ...
The control sequence at the end of the top line
of your error message was never \def'ed. If you have
misspelled it (e.g., `\hobx'), type `I' and the correct
spelling (e.g., `I\hbox'). Otherwise just continue,
and I'll forget about whatever was undefined.

./cybersec_final.tex:234: Undefined control sequence.
<argument> \firstchoice@false \euro 
                                    
l.234 ... were true, the mower alone would cost $€
                                                   440$ ( $€ 400$ more than ...
The control sequence at the end of the top line
of your error message was never \def'ed. If you have
misspelled it (e.g., `\hobx'), type `I' and the correct
spelling (e.g., `I\hbox'). Otherwise just continue,
and I'll forget about whatever was undefined.

./cybersec_final.tex:234: Undefined control sequence.
<argument> \euro 
                 
l.234 ..., the mower alone would cost $€ 440$ ( $€
                                                   400$ more than the batter...
The control sequence at the end of the top line
of your error message was never \def'ed. If you have
misspelled it (e.g., `\hobx'), type `I' and the correct
spelling (e.g., `I\hbox'). Otherwise just continue,
and I'll forget about whatever was undefined.

./cybersec_final.tex:234: Undefined control sequence.
<argument> \firstchoice@false \euro 
                                    
l.234 ..., the mower alone would cost $€ 440$ ( $€
                                                   400$ more than the batter...
The control sequence at the end of the top line
of your error message was never \def'ed. If you have
misspelled it (e.g., `\hobx'), type `I' and the correct
spelling (e.g., `I\hbox'). Otherwise just continue,
and I'll forget about whatever was undefined.

./cybersec_final.tex:234: Undefined control sequence.
<argument> \firstchoice@false \euro 
                                    
l.234 ..., the mower alone would cost $€ 440$ ( $€
                                                   400$ more than the batter...
The control sequence at the end of the top line
of your error message was never \def'ed. If you have
misspelled it (e.g., `\hobx'), type `I' and the correct
spelling (e.g., `I\hbox'). Otherwise just continue,
and I'll forget about whatever was undefined.

./cybersec_final.tex:234: Undefined control sequence.
<argument> \firstchoice@false \euro 
                                    
l.234 ..., the mower alone would cost $€ 440$ ( $€
                                                   400$ more than the batter...
The control sequence at the end of the top line
of your error message was never \def'ed. If you have
misspelled it (e.g., `\hobx'), type `I' and the correct
spelling (e.g., `I\hbox'). Otherwise just continue,
and I'll forget about whatever was undefined.

./cybersec_final.tex:234: Undefined control sequence.
<argument> \euro 
                 
l.234 ... battery), so mower+battery would cost $€
                                                   480$.
The control sequence at the end of the top line
of your error message was never \def'ed. If you have
misspelled it (e.g., `\hobx'), type `I' and the correct
spelling (e.g., `I\hbox'). Otherwise just continue,
and I'll forget about whatever was undefined.

./cybersec_final.tex:234: Undefined control sequence.
<argument> \firstchoice@false \euro 
                                    
l.234 ... battery), so mower+battery would cost $€
                                                   480$.
The control sequence at the end of the top line
of your error message was never \def'ed. If you have
misspelled it (e.g., `\hobx'), type `I' and the correct
spelling (e.g., `I\hbox'). Otherwise just continue,
and I'll forget about whatever was undefined.

./cybersec_final.tex:234: Undefined control sequence.
<argument> \firstchoice@false \euro 
                                    
l.234 ... battery), so mower+battery would cost $€
                                                   480$.
The control sequence at the end of the top line
of your error message was never \def'ed. If you have
misspelled it (e.g., `\hobx'), type `I' and the correct
spelling (e.g., `I\hbox'). Otherwise just continue,
and I'll forget about whatever was undefined.

./cybersec_final.tex:234: Undefined control sequence.
<argument> \firstchoice@false \euro 
                                    
l.234 ... battery), so mower+battery would cost $€
                                                   480$.
The control sequence at the end of the top line
of your error message was never \def'ed. If you have
misspelled it (e.g., `\hobx'), type `I' and the correct
spelling (e.g., `I\hbox'). Otherwise just continue,
and I'll forget about whatever was undefined.



[28]

Package hyperref Warning: Ignoring empty anchor on input line 246.


LaTeX Warning: Citation `kahneman1982judgment' on page 29 undefined on input li
ne 248.



[29]
Overfull \hbox (0.18005pt too wide) in paragraph at lines 280--289
 [] 
 []



[30]
Overfull \hbox (142.42015pt too wide) in paragraph at lines 294--301
 [] 
 []


Overfull \hbox (68.41014pt too wide) in paragraph at lines 307--314
 [] 
 []


LaTeX Warning: Citation `tanenbaum2012structured' on page 31 undefined on input
 line 323.



[31]

[32]

[33]

./cybersec_final.tex:375: Package keyval Error: max width undefined.

See the keyval package documentation for explanation.
Type  H <return>  for immediate help.
 ...                                              
                                                  
l.375 ...er]{2025_05_12_ac3bc46a6f93dd973caag-042}
                                                  \\
Try typing  <return>  to proceed.
If that doesn't work, type  X <return>  to quit.


./cybersec_final.tex:375: Package keyval Error: center undefined.

See the keyval package documentation for explanation.
Type  H <return>  for immediate help.
 ...                                              
                                                  
l.375 ...er]{2025_05_12_ac3bc46a6f93dd973caag-042}
                                                  \\
Try typing  <return>  to proceed.
If that doesn't work, type  X <return>  to quit.

File: ./images/2025_05_12_ac3bc46a6f93dd973caag-042.jpg Graphic file (type bmp)

<./images/2025_05_12_ac3bc46a6f93dd973caag-042.jpg>

Overfull \hbox (289.36844pt too wide) in paragraph at lines 375--375
 [][] 
 []


./cybersec_final.tex:377: Package keyval Error: max width undefined.

See the keyval package documentation for explanation.
Type  H <return>  for immediate help.
 ...                                              
                                                  
l.377 ...{2025_05_12_ac3bc46a6f93dd973caag-042(1)}
                                                  
Try typing  <return>  to proceed.
If that doesn't work, type  X <return>  to quit.


./cybersec_final.tex:377: Package keyval Error: center undefined.

See the keyval package documentation for explanation.
Type  H <return>  for immediate help.
 ...                                              
                                                  
l.377 ...{2025_05_12_ac3bc46a6f93dd973caag-042(1)}
                                                  
Try typing  <return>  to proceed.
If that doesn't work, type  X <return>  to quit.

File: ./images/2025_05_12_ac3bc46a6f93dd973caag-042(1).jpg Graphic file (type b
mp)
<./images/2025_05_12_ac3bc46a6f93dd973caag-042(1).jpg>

Overfull \hbox (274.31221pt too wide) in paragraph at lines 377--378
 [][] 
 []


Package hyperref Warning: Ignoring empty anchor on input line 381.



[34]

[35]
File: ./images/2025_05_12_ac3bc46a6f93dd973caag-043.jpg Graphic file (type bmp)

<./images/2025_05_12_ac3bc46a6f93dd973caag-043.jpg>


[36]

LaTeX Warning: Citation `williamson1997safetyclimate' on page 37 undefined on i
nput line 427.



[37]

LaTeX Warning: Citation `rogers1983pmt' on page 38 undefined on input line 441.



./cybersec_final.tex:451: LaTeX Error: \begin{document} ended by \end{enumerate
}.

See the LaTeX manual or LaTeX Companion for explanation.
Type  H <return>  for immediate help.
 ...                                              
                                                  
l.451 \end{enumerate}
                     
Your command was ignored.
Type  I <command> <return>  to replace it with another command,
or  <return>  to continue without it.

./cybersec_final.tex:451: Extra \endgroup.
\end  ...end#1\endcsname \@checkend {#1}\endgroup 
                                                  \UseHook {env/#1/after}\if...
l.451 \end{enumerate}
                     
Things are pretty mixed up, but I think the worst is over.


LaTeX Warning: Citation `weirich2001pgp' on page 38 undefined on input line 453
.



[38]
File: ./images/2025_05_12_ac3bc46a6f93dd973caag-047.jpg Graphic file (type bmp)

<./images/2025_05_12_ac3bc46a6f93dd973caag-047.jpg>


[39]

[40]
File: ./images/2025_05_12_ac3bc46a6f93dd973caag-048.jpg Graphic file (type bmp)

<./images/2025_05_12_ac3bc46a6f93dd973caag-048.jpg>

Overfull \hbox (2.60152pt too wide) in paragraph at lines 484--484
[]\TU/lmr/bx/n/14.4 Useful concepts which you should now know
 []




Overfull \hbox (0.19232pt too wide) has occurred while \output is active
\TU/lmr/m/sl/10 3.10.  USEFUL CONCEPTS WHICH YOU SHOULD NOW KNOW ABOUT \TU/lmr/
m/n/10 41
 []

[41]
Overfull \hbox (0.38399pt too wide) in paragraph at lines 508--509
[]\TU/lmr/m/n/10 Another book by Kahneman, which can be strongly recommended, i
s ”Think-
 []



[42]
File: ./images/2025_05_12_ac3bc46a6f93dd973caag-050.jpg Graphic file (type bmp)

<./images/2025_05_12_ac3bc46a6f93dd973caag-050.jpg>


[43]

[44]

[45]

[46

]
Chapter 4.

LaTeX Warning: Citation `royalsociety1992risk' on page 47 undefined on input li
ne 569.


./cybersec_final.tex:575: Package keyval Error: max width undefined.

See the keyval package documentation for explanation.
Type  H <return>  for immediate help.
 ...                                              
                                                  
l.575 ...er]{2025_05_12_ac3bc46a6f93dd973caag-053}
                                                  
Try typing  <return>  to proceed.
If that doesn't work, type  X <return>  to quit.


./cybersec_final.tex:575: Package keyval Error: center undefined.

See the keyval package documentation for explanation.
Type  H <return>  for immediate help.
 ...                                              
                                                  
l.575 ...er]{2025_05_12_ac3bc46a6f93dd973caag-053}
                                                  
Try typing  <return>  to proceed.
If that doesn't work, type  X <return>  to quit.

File: ./images/2025_05_12_ac3bc46a6f93dd973caag-053.jpg Graphic file (type bmp)

<./images/2025_05_12_ac3bc46a6f93dd973caag-053.jpg>

Overfull \hbox (353.60828pt too wide) in paragraph at lines 575--576
 [][] 
 []


LaTeX Warning: Float too large for page by 0.37375pt on input line 577.



[47]

[48]

./cybersec_final.tex:591: Package keyval Error: max width undefined.

See the keyval package documentation for explanation.
Type  H <return>  for immediate help.
 ...                                              
                                                  
l.591 ...{2025_05_12_ac3bc46a6f93dd973caag-053(1)}
                                                  
Try typing  <return>  to proceed.
If that doesn't work, type  X <return>  to quit.


./cybersec_final.tex:591: Package keyval Error: center undefined.

See the keyval package documentation for explanation.
Type  H <return>  for immediate help.
 ...                                              
                                                  
l.591 ...{2025_05_12_ac3bc46a6f93dd973caag-053(1)}
                                                  
Try typing  <return>  to proceed.
If that doesn't work, type  X <return>  to quit.

File: ./images/2025_05_12_ac3bc46a6f93dd973caag-053(1).jpg Graphic file (type b
mp)
<./images/2025_05_12_ac3bc46a6f93dd973caag-053(1).jpg>

Overfull \hbox (250.2223pt too wide) in paragraph at lines 591--592
 [][] 
 []


LaTeX Warning: Float too large for page by 76.25356pt on input line 593.

File: ./images/2025_05_12_ac3bc46a6f93dd973caag-054.jpg Graphic file (type bmp)

<./images/2025_05_12_ac3bc46a6f93dd973caag-054.jpg>


[49]

[50]

[51]
File: ./images/2025_05_12_ac3bc46a6f93dd973caag-055.jpg Graphic file (type bmp)

<./images/2025_05_12_ac3bc46a6f93dd973caag-055.jpg>


[52]

[53]

[54]

[55]
Overfull \hbox (268.04007pt too wide) in paragraph at lines 742--813
 [] 
 []


Underfull \vbox (badness 6300) has occurred while \output is active []



[56]
./cybersec_final.tex:815: Misplaced \noalign.
\hline ->\noalign 
                  {\ifnum 0=`}\fi \hrule \@height \arrayrulewidth \futurelet...
l.815 \hline
            
I expect to see \noalign only after the \cr of
an alignment. Proceed, and I'll ignore this case.

./cybersec_final.tex:816: Misplaced \crcr.
\endtabular ->\crcr 
                    \egroup \egroup $\egroup 
l.816 \end{tabular}
                   
I can't figure out why you would want to use a tab mark
or \cr or \span just now. If something like a right brace
up above has ended a previous alignment prematurely,
you're probably due for more error messages, and you
might try typing `S' now just to see what is salvageable.

./cybersec_final.tex:816: Too many }'s.
\endtabular ->\crcr \egroup 
                            \egroup $\egroup 
l.816 \end{tabular}
                   
You've closed more groups than you opened.
Such booboos are generally harmless, so keep going.

./cybersec_final.tex:816: Too many }'s.
\endtabular ->\crcr \egroup \egroup 
                                    $\egroup 
l.816 \end{tabular}
                   
You've closed more groups than you opened.
Such booboos are generally harmless, so keep going.

./cybersec_final.tex:816: Extra }, or forgotten $.
<recently read> \egroup 
                        
l.816 \end{tabular}
                   
I've deleted a group-closing symbol because it seems to be
spurious, as in `$x}$'. But perhaps the } is legitimate and
you forgot something else, as in `\hbox{$x}'. In such cases
the way to recover is to insert both the forgotten and the
deleted material, e.g., by typing `I$}'.


./cybersec_final.tex:816: LaTeX Error: \begin{document} ended by \end{tabular}.


See the LaTeX manual or LaTeX Companion for explanation.
Type  H <return>  for immediate help.
 ...                                              
                                                  
l.816 \end{tabular}
                   
Your command was ignored.
Type  I <command> <return>  to replace it with another command,
or  <return>  to continue without it.

./cybersec_final.tex:816: Missing $ inserted.
<inserted text> 
                $
l.816 \end{tabular}
                   
I've inserted something that you may have forgotten.
(See the <inserted text> above.)
With luck, this will get me unwedged. But if you
really didn't forget anything, try typing `2' now; then
my insertion and my current dilemma will both disappear.

./cybersec_final.tex:816: Extra \endgroup.
<recently read> \endgroup 
                          
l.816 \end{tabular}
                   
Things are pretty mixed up, but I think the worst is over.


./cybersec_final.tex:817: LaTeX Error: \begin{document} ended by \end{center}.

See the LaTeX manual or LaTeX Companion for explanation.
Type  H <return>  for immediate help.
 ...                                              
                                                  
l.817 \end{center}
                  
Your command was ignored.
Type  I <command> <return>  to replace it with another command,
or  <return>  to continue without it.

./cybersec_final.tex:817: Extra \endgroup.
\end  ...end#1\endcsname \@checkend {#1}\endgroup 
                                                  \UseHook {env/#1/after}\if...
l.817 \end{center}
                  
Things are pretty mixed up, but I think the worst is over.



[57]
File: ./images/2025_05_12_ac3bc46a6f93dd973caag-061.jpg Graphic file (type bmp)

<./images/2025_05_12_ac3bc46a6f93dd973caag-061.jpg>


[58]

[59]

[60]
./cybersec_final.tex:916: Missing number, treated as zero.
<to be read again> 
                   M
l.916 [Motive:]
                Is the actor's action performed deliberately or by accident?\\
A number should have been here; I inserted `0'.
(If you can't figure out why I needed to see a number,
look up `weird error' in the index to The TeXbook.)

./cybersec_final.tex:916: Illegal unit of measure (pt inserted).
<to be read again> 
                   M
l.916 [Motive:]
                Is the actor's action performed deliberately or by accident?\\
Dimensions can be in units of em, ex, in, pt, pc,
cm, mm, dd, cc, bp, or sp; but yours is a new one!
I'll assume that you meant to say pt, for printer's points.
To recover gracefully from this error, it's best to
delete the erroneous units; e.g., type `2' to delete
two letters. (See Chapter 27 of The TeXbook.)

./cybersec_final.tex:917: Missing number, treated as zero.
<to be read again> 
                   A
l.917 [Access:]
                How did the actor access the asset? By being physically pres...
A number should have been here; I inserted `0'.
(If you can't figure out why I needed to see a number,
look up `weird error' in the index to The TeXbook.)

./cybersec_final.tex:917: Illegal unit of measure (pt inserted).
<to be read again> 
                   A
l.917 [Access:]
                How did the actor access the asset? By being physically pres...
Dimensions can be in units of em, ex, in, pt, pc,
cm, mm, dd, cc, bp, or sp; but yours is a new one!
I'll assume that you meant to say pt, for printer's points.
To recover gracefully from this error, it's best to
delete the erroneous units; e.g., type `2' to delete
two letters. (See Chapter 27 of The TeXbook.)



[61]

[62]

./cybersec_final.tex:958: Package keyval Error: max width undefined.

See the keyval package documentation for explanation.
Type  H <return>  for immediate help.
 ...                                              
                                                  
l.958 ...er]{2025_05_12_ac3bc46a6f93dd973caag-064}
                                                  
Try typing  <return>  to proceed.
If that doesn't work, type  X <return>  to quit.


./cybersec_final.tex:958: Package keyval Error: center undefined.

See the keyval package documentation for explanation.
Type  H <return>  for immediate help.
 ...                                              
                                                  
l.958 ...er]{2025_05_12_ac3bc46a6f93dd973caag-064}
                                                  
Try typing  <return>  to proceed.
If that doesn't work, type  X <return>  to quit.

File: ./images/2025_05_12_ac3bc46a6f93dd973caag-064.jpg Graphic file (type bmp)

<./images/2025_05_12_ac3bc46a6f93dd973caag-064.jpg>

Overfull \hbox (383.72069pt too wide) in paragraph at lines 958--959
 [][] 
 []


LaTeX Warning: Float too large for page by 285.43806pt on input line 960.


./cybersec_final.tex:982: Package keyval Error: max width undefined.

See the keyval package documentation for explanation.
Type  H <return>  for immediate help.
 ...                                              
                                                  
l.982 ...er]{2025_05_12_ac3bc46a6f93dd973caag-065}
                                                  
Try typing  <return>  to proceed.
If that doesn't work, type  X <return>  to quit.


./cybersec_final.tex:982: Package keyval Error: center undefined.

See the keyval package documentation for explanation.
Type  H <return>  for immediate help.
 ...                                              
                                                  
l.982 ...er]{2025_05_12_ac3bc46a6f93dd973caag-065}
                                                  
Try typing  <return>  to proceed.
If that doesn't work, type  X <return>  to quit.

File: ./images/2025_05_12_ac3bc46a6f93dd973caag-065.jpg Graphic file (type bmp)

<./images/2025_05_12_ac3bc46a6f93dd973caag-065.jpg>

Overfull \hbox (383.72069pt too wide) in paragraph at lines 982--983
 [][] 
 []


LaTeX Warning: Float too large for page by 286.44179pt on input line 984.


./cybersec_final.tex:1001: Package keyval Error: max width undefined.

See the keyval package documentation for explanation.
Type  H <return>  for immediate help.
 ...                                              
                                                  
l.1001 ...r]{2025_05_12_ac3bc46a6f93dd973caag-066}
                                                  
Try typing  <return>  to proceed.
If that doesn't work, type  X <return>  to quit.


./cybersec_final.tex:1001: Package keyval Error: center undefined.

See the keyval package documentation for explanation.
Type  H <return>  for immediate help.
 ...                                              
                                                  
l.1001 ...r]{2025_05_12_ac3bc46a6f93dd973caag-066}
                                                  
Try typing  <return>  to proceed.
If that doesn't work, type  X <return>  to quit.

File: ./images/2025_05_12_ac3bc46a6f93dd973caag-066.jpg Graphic file (type bmp)

<./images/2025_05_12_ac3bc46a6f93dd973caag-066.jpg>

Overfull \hbox (388.73949pt too wide) in paragraph at lines 1001--1002
 [][] 
 []


LaTeX Warning: Float too large for page by 288.44928pt on input line 1003.



[63]

[64]

[65]

[66]
File: ./images/2025_05_12_ac3bc46a6f93dd973caag-067.jpg Graphic file (type bmp)

<./images/2025_05_12_ac3bc46a6f93dd973caag-067.jpg>


./cybersec_final.tex:1044: Package keyval Error: max width undefined.

See the keyval package documentation for explanation.
Type  H <return>  for immediate help.
 ...                                              
                                                  
l.1044 ...r]{2025_05_12_ac3bc46a6f93dd973caag-068}
                                                  
Try typing  <return>  to proceed.
If that doesn't work, type  X <return>  to quit.


./cybersec_final.tex:1044: Package keyval Error: center undefined.

See the keyval package documentation for explanation.
Type  H <return>  for immediate help.
 ...                                              
                                                  
l.1044 ...r]{2025_05_12_ac3bc46a6f93dd973caag-068}
                                                  
Try typing  <return>  to proceed.
If that doesn't work, type  X <return>  to quit.

File: ./images/2025_05_12_ac3bc46a6f93dd973caag-068.jpg Graphic file (type bmp)

<./images/2025_05_12_ac3bc46a6f93dd973caag-068.jpg>

Overfull \hbox (301.4134pt too wide) in paragraph at lines 1044--1045
 [][] 
 []


LaTeX Warning: Float too large for page by 14.07617pt on input line 1046.



[67]

[68]

[69]
Overfull \hbox (0.32503pt too wide) in paragraph at lines 1055--1056
[]\TU/lmr/bx/n/10 D\TU/lmr/m/n/10 o: Countermeasures or other forms of risk man
agement are implemented. 
 []

File: ./images/2025_05_12_ac3bc46a6f93dd973caag-069.jpg Graphic file (type bmp)

<./images/2025_05_12_ac3bc46a6f93dd973caag-069.jpg>

Overfull \hbox (2.60152pt too wide) in paragraph at lines 1068--1068
[]\TU/lmr/bx/n/14.4 Useful concepts which you should now know
 []



[70]

LaTeX Warning: Citation `iso2011iso27005' on page 71 undefined on input line 10
89.



[71]

[72]

[73]
File: ./images/2025_05_12_ac3bc46a6f93dd973caag-073.jpg Graphic file (type bmp)

<./images/2025_05_12_ac3bc46a6f93dd973caag-073.jpg>


[74]

[75]

[76]
File: ./images/2025_05_12_ac3bc46a6f93dd973caag-076(1).jpg Graphic file (type b
mp)
<./images/2025_05_12_ac3bc46a6f93dd973caag-076(1).jpg>
File: ./images/2025_05_12_ac3bc46a6f93dd973caag-076.jpg Graphic file (type bmp)

<./images/2025_05_12_ac3bc46a6f93dd973caag-076.jpg>


[77]

[78]

./cybersec_final.tex:1245: Package keyval Error: max width undefined.

See the keyval package documentation for explanation.
Type  H <return>  for immediate help.
 ...                                              
                                                  
l.1245 ...r]{2025_05_12_ac3bc46a6f93dd973caag-077}
                                                  
Try typing  <return>  to proceed.
If that doesn't work, type  X <return>  to quit.


./cybersec_final.tex:1245: Package keyval Error: center undefined.

See the keyval package documentation for explanation.
Type  H <return>  for immediate help.
 ...                                              
                                                  
l.1245 ...r]{2025_05_12_ac3bc46a6f93dd973caag-077}
                                                  
Try typing  <return>  to proceed.
If that doesn't work, type  X <return>  to quit.

File: ./images/2025_05_12_ac3bc46a6f93dd973caag-077.jpg Graphic file (type bmp)

<./images/2025_05_12_ac3bc46a6f93dd973caag-077.jpg>

Overfull \hbox (533.27911pt too wide) in paragraph at lines 1245--1246
 [][] 
 []


LaTeX Warning: Float too large for page by 117.85721pt on input line 1247.


./cybersec_final.tex:1251: Package keyval Error: max width undefined.

See the keyval package documentation for explanation.
Type  H <return>  for immediate help.
 ...                                              
                                                  
l.1251 ...2025_05_12_ac3bc46a6f93dd973caag-077(1)}
                                                  
Try typing  <return>  to proceed.
If that doesn't work, type  X <return>  to quit.


./cybersec_final.tex:1251: Package keyval Error: center undefined.

See the keyval package documentation for explanation.
Type  H <return>  for immediate help.
 ...                                              
                                                  
l.1251 ...2025_05_12_ac3bc46a6f93dd973caag-077(1)}
                                                  
Try typing  <return>  to proceed.
If that doesn't work, type  X <return>  to quit.

File: ./images/2025_05_12_ac3bc46a6f93dd973caag-077(1).jpg Graphic file (type b
mp)
<./images/2025_05_12_ac3bc46a6f93dd973caag-077(1).jpg>

Overfull \hbox (579.45148pt too wide) in paragraph at lines 1251--1252
 [][] 
 []


LaTeX Warning: Float too large for page by 153.99214pt on input line 1253.


./cybersec_final.tex:1261: Package keyval Error: max width undefined.

See the keyval package documentation for explanation.
Type  H <return>  for immediate help.
 ...                                              
                                                  
l.1261 ...r]{2025_05_12_ac3bc46a6f93dd973caag-078}
                                                  
Try typing  <return>  to proceed.
If that doesn't work, type  X <return>  to quit.


./cybersec_final.tex:1261: Package keyval Error: center undefined.

See the keyval package documentation for explanation.
Type  H <return>  for immediate help.
 ...                                              
                                                  
l.1261 ...r]{2025_05_12_ac3bc46a6f93dd973caag-078}
                                                  
Try typing  <return>  to proceed.
If that doesn't work, type  X <return>  to quit.

File: ./images/2025_05_12_ac3bc46a6f93dd973caag-078.jpg Graphic file (type bmp)

<./images/2025_05_12_ac3bc46a6f93dd973caag-078.jpg>

Overfull \hbox (477.06921pt too wide) in paragraph at lines 1261--1262
 [][] 
 []



[79]

[80]

[81]

LaTeX Font Warning: Font shape `TU/STSong(0)/m/it' undefined
(Font)              using `TU/STSong(0)/m/n' instead on input line 1269.


Underfull \vbox (badness 4995) has occurred while \output is active []



[82]
Overfull \hbox (274.23013pt too wide) in paragraph at lines 1322--1334
 [] 
 []


Underfull \hbox (badness 10000) in paragraph at lines 1336--1339

 []


Overfull \hbox (307.44038pt too wide) in paragraph at lines 1349--1408
 [][] 
 []


Underfull \vbox (badness 5217) has occurred while \output is active []



[83]

[84]
Overfull \hbox (3.3101pt too wide) in paragraph at lines 1461--1467
 [] 
 []



[85]

Package hyperref Warning: Ignoring empty anchor on input line 1495.


Overfull \hbox (45.75792pt too wide) in paragraph at lines 1499--1514
 [][] 
 []



[86]

[87]

./cybersec_final.tex:1533: Package keyval Error: max width undefined.

See the keyval package documentation for explanation.
Type  H <return>  for immediate help.
 ...                                              
                                                  
l.1533 ...r]{2025_05_12_ac3bc46a6f93dd973caag-084}
                                                  
Try typing  <return>  to proceed.
If that doesn't work, type  X <return>  to quit.


./cybersec_final.tex:1533: Package keyval Error: center undefined.

See the keyval package documentation for explanation.
Type  H <return>  for immediate help.
 ...                                              
                                                  
l.1533 ...r]{2025_05_12_ac3bc46a6f93dd973caag-084}
                                                  
Try typing  <return>  to proceed.
If that doesn't work, type  X <return>  to quit.

File: ./images/2025_05_12_ac3bc46a6f93dd973caag-084.jpg Graphic file (type bmp)

<./images/2025_05_12_ac3bc46a6f93dd973caag-084.jpg>

Overfull \hbox (680.83003pt too wide) in paragraph at lines 1533--1535
 [][] 
 []


./cybersec_final.tex:1548: Package keyval Error: max width undefined.

See the keyval package documentation for explanation.
Type  H <return>  for immediate help.
 ...                                              
                                                  
l.1548 ...r]{2025_05_12_ac3bc46a6f93dd973caag-085}
                                                  
Try typing  <return>  to proceed.
If that doesn't work, type  X <return>  to quit.


./cybersec_final.tex:1548: Package keyval Error: center undefined.

See the keyval package documentation for explanation.
Type  H <return>  for immediate help.
 ...                                              
                                                  
l.1548 ...r]{2025_05_12_ac3bc46a6f93dd973caag-085}
                                                  
Try typing  <return>  to proceed.
If that doesn't work, type  X <return>  to quit.

File: ./images/2025_05_12_ac3bc46a6f93dd973caag-085.jpg Graphic file (type bmp)

<./images/2025_05_12_ac3bc46a6f93dd973caag-085.jpg>

Overfull \hbox (682.83746pt too wide) in paragraph at lines 1548--1549
 [][] 
 []


LaTeX Warning: Float too large for page by 161.06331pt on input line 1550.


Underfull \vbox (badness 3333) has occurred while \output is active []



[88]

[89]

[90]

./cybersec_final.tex:1568: Package keyval Error: max width undefined.

See the keyval package documentation for explanation.
Type  H <return>  for immediate help.
 ...                                              
                                                  
l.1568 ...2025_05_12_ac3bc46a6f93dd973caag-086(1)}
                                                  
Try typing  <return>  to proceed.
If that doesn't work, type  X <return>  to quit.


./cybersec_final.tex:1568: Package keyval Error: center undefined.

See the keyval package documentation for explanation.
Type  H <return>  for immediate help.
 ...                                              
                                                  
l.1568 ...2025_05_12_ac3bc46a6f93dd973caag-086(1)}
                                                  
Try typing  <return>  to proceed.
If that doesn't work, type  X <return>  to quit.

File: ./images/2025_05_12_ac3bc46a6f93dd973caag-086(1).jpg Graphic file (type b
mp)
<./images/2025_05_12_ac3bc46a6f93dd973caag-086(1).jpg>

Overfull \hbox (424.87434pt too wide) in paragraph at lines 1568--1569
 [][] 
 []


./cybersec_final.tex:1574: Package keyval Error: max width undefined.

See the keyval package documentation for explanation.
Type  H <return>  for immediate help.
 ...                                              
                                                  
l.1574 ...r]{2025_05_12_ac3bc46a6f93dd973caag-086}
                                                  
Try typing  <return>  to proceed.
If that doesn't work, type  X <return>  to quit.


./cybersec_final.tex:1574: Package keyval Error: center undefined.

See the keyval package documentation for explanation.
Type  H <return>  for immediate help.
 ...                                              
                                                  
l.1574 ...r]{2025_05_12_ac3bc46a6f93dd973caag-086}
                                                  
Try typing  <return>  to proceed.
If that doesn't work, type  X <return>  to quit.

File: ./images/2025_05_12_ac3bc46a6f93dd973caag-086.jpg Graphic file (type bmp)

<./images/2025_05_12_ac3bc46a6f93dd973caag-086.jpg>

Overfull \hbox (603.54144pt too wide) in paragraph at lines 1574--1575
 [][] 
 []


./cybersec_final.tex:1589: Package keyval Error: max width undefined.

See the keyval package documentation for explanation.
Type  H <return>  for immediate help.
 ...                                              
                                                  
l.1589 ...2025\_05\_12\_ac3bc46a6f93dd973caag-087}
                                                  
Try typing  <return>  to proceed.
If that doesn't work, type  X <return>  to quit.


./cybersec_final.tex:1589: Package keyval Error: center undefined.

See the keyval package documentation for explanation.
Type  H <return>  for immediate help.
 ...                                              
                                                  
l.1589 ...2025\_05\_12\_ac3bc46a6f93dd973caag-087}
                                                  
Try typing  <return>  to proceed.
If that doesn't work, type  X <return>  to quit.

File: ./images/2025_05_12_ac3bc46a6f93dd973caag-087.jpg Graphic file (type bmp)

<./images/2025_05_12_ac3bc46a6f93dd973caag-087.jpg>

Overfull \hbox (747.0773pt too wide) in paragraph at lines 1589--1590
 [][] 
 []



[91]

[92]

[93]

[94]

[95]

./cybersec_final.tex:1636: Package keyval Error: max width undefined.

See the keyval package documentation for explanation.
Type  H <return>  for immediate help.
 ...                                              
                                                  
l.1636 ...2025\_05\_12\_ac3bc46a6f93dd973caag-088}
                                                  
Try typing  <return>  to proceed.
If that doesn't work, type  X <return>  to quit.


./cybersec_final.tex:1636: Package keyval Error: center undefined.

See the keyval package documentation for explanation.
Type  H <return>  for immediate help.
 ...                                              
                                                  
l.1636 ...2025\_05\_12\_ac3bc46a6f93dd973caag-088}
                                                  
Try typing  <return>  to proceed.
If that doesn't work, type  X <return>  to quit.

File: ./images/2025_05_12_ac3bc46a6f93dd973caag-088.jpg Graphic file (type bmp)

<./images/2025_05_12_ac3bc46a6f93dd973caag-088.jpg>

Overfull \hbox (592.50021pt too wide) in paragraph at lines 1636--1637
 [][] 
 []



[96]
File: ./images/2025_05_12_ac3bc46a6f93dd973caag-089.jpg Graphic file (type bmp)

<./images/2025_05_12_ac3bc46a6f93dd973caag-089.jpg>


LaTeX Warning: `h' float specifier changed to `ht'.



[97]

[98]
File: ./images/2025_05_12_ac3bc46a6f93dd973caag-091.jpg Graphic file (type bmp)

<./images/2025_05_12_ac3bc46a6f93dd973caag-091.jpg>


[99]

[100]

[101]

[102]
File: ./images/2025_05_12_ac3bc46a6f93dd973caag-094.jpg Graphic file (type bmp)

<./images/2025_05_12_ac3bc46a6f93dd973caag-094.jpg>


[103]

[104]
Underfull \vbox (badness 1394) has occurred while \output is active []



[105]

[106]

Package hyperref Warning: Ignoring empty anchor on input line 1962.



[107]

[108]

[109]
Overfull \hbox (2.32008pt too wide) in paragraph at lines 2089--2120
 [] 
 []



[110]

[111]

[112]
./cybersec_final.tex:2192: Undefined control sequence.
<recently read> \multirow 
                          
l.2192 \multirow
                [b]{2}{*}{Key size} & \textbf{AES/CBC} & \textbf{RSA} & \tex...
The control sequence at the end of the top line
of your error message was never \def'ed. If you have
misspelled it (e.g., `\hobx'), type `I' and the correct
spelling (e.g., `I\hbox'). Otherwise just continue,
and I'll forget about whatever was undefined.


Overfull \hbox (7.05019pt too wide) in paragraph at lines 2190--2211
 [][] 
 []



[113]

[114]

Package xeCJK Warning: Unknown CJK family `\CJKttdefault' is being ignored.
(xeCJK)                
(xeCJK)                Try to use `\setCJKmonofont[<...>]{<...>}' to define
(xeCJK)                it.



[115]

[116]

[117]

[118]

[119]

[120

]
Chapter 5.


[121]
File: ./images/2025_05_12_ac3bc46a6f93dd973caag-111.jpg Graphic file (type bmp)

<./images/2025_05_12_ac3bc46a6f93dd973caag-111.jpg>


[122]

[123]
File: ./images/2025_05_12_ac3bc46a6f93dd973caag-112.jpg Graphic file (type bmp)

<./images/2025_05_12_ac3bc46a6f93dd973caag-112.jpg>


[124]
Overfull \hbox (7.57326pt too wide) detected at line 2457
[][]
 []


./cybersec_final.tex:2469: Package keyval Error: max width undefined.

See the keyval package documentation for explanation.
Type  H <return>  for immediate help.
 ...                                              
                                                  
l.2469 ...r]{2025_05_12_ac3bc46a6f93dd973caag-113}
                                                  
Try typing  <return>  to proceed.
If that doesn't work, type  X <return>  to quit.


./cybersec_final.tex:2469: Package keyval Error: center undefined.

See the keyval package documentation for explanation.
Type  H <return>  for immediate help.
 ...                                              
                                                  
l.2469 ...r]{2025_05_12_ac3bc46a6f93dd973caag-113}
                                                  
Try typing  <return>  to proceed.
If that doesn't work, type  X <return>  to quit.

File: ./images/2025_05_12_ac3bc46a6f93dd973caag-113.jpg Graphic file (type bmp)

<./images/2025_05_12_ac3bc46a6f93dd973caag-113.jpg>

Overfull \hbox (98.6564pt too wide) in paragraph at lines 2469--2470
 [][] 
 []

./cybersec_final.tex:2484: Undefined control sequence.
<recently read> \multirow 
                          
l.2484 \multirow
                {2}{*}{} & \multirow[t]{2}{*}{MD5} & \multirow[t]{2}{*}{SHA-...
The control sequence at the end of the top line
of your error message was never \def'ed. If you have
misspelled it (e.g., `\hobx'), type `I' and the correct
spelling (e.g., `I\hbox'). Otherwise just continue,
and I'll forget about whatever was undefined.

./cybersec_final.tex:2484: Undefined control sequence.
l.2484 \multirow{2}{*}{} & \multirow
                                    [t]{2}{*}{MD5} & \multirow[t]{2}{*}{SHA-...
The control sequence at the end of the top line
of your error message was never \def'ed. If you have
misspelled it (e.g., `\hobx'), type `I' and the correct
spelling (e.g., `I\hbox'). Otherwise just continue,
and I'll forget about whatever was undefined.

./cybersec_final.tex:2484: Undefined control sequence.
l.2484 ...{} & \multirow[t]{2}{*}{MD5} & \multirow
                                                  [t]{2}{*}{SHA-1} & \multic...
The control sequence at the end of the top line
of your error message was never \def'ed. If you have
misspelled it (e.g., `\hobx'), type `I' and the correct
spelling (e.g., `I\hbox'). Otherwise just continue,
and I'll forget about whatever was undefined.


Overfull \hbox (136.11009pt too wide) in paragraph at lines 2482--2499
 [][] 
 []

./cybersec_final.tex:2501: Misplaced \noalign.
\hline ->\noalign 
                  {\ifnum 0=`}\fi \hrule \@height \arrayrulewidth \futurelet...
l.2501 \hline
             
I expect to see \noalign only after the \cr of
an alignment. Proceed, and I'll ignore this case.

./cybersec_final.tex:2502: Misplaced \crcr.
\endtabular ->\crcr 
                    \egroup \egroup $\egroup 
l.2502 \end{tabular}
                    
I can't figure out why you would want to use a tab mark
or \cr or \span just now. If something like a right brace
up above has ended a previous alignment prematurely,
you're probably due for more error messages, and you
might try typing `S' now just to see what is salvageable.

./cybersec_final.tex:2502: Too many }'s.
\endtabular ->\crcr \egroup 
                            \egroup $\egroup 
l.2502 \end{tabular}
                    
You've closed more groups than you opened.
Such booboos are generally harmless, so keep going.

./cybersec_final.tex:2502: Too many }'s.
\endtabular ->\crcr \egroup \egroup 
                                    $\egroup 
l.2502 \end{tabular}
                    
You've closed more groups than you opened.
Such booboos are generally harmless, so keep going.



[125]

[126]
./cybersec_final.tex:2502: Extra }, or forgotten $.
<recently read> \egroup 
                        
l.2502 \end{tabular}
                    
I've deleted a group-closing symbol because it seems to be
spurious, as in `$x}$'. But perhaps the } is legitimate and
you forgot something else, as in `\hbox{$x}'. In such cases
the way to recover is to insert both the forgotten and the
deleted material, e.g., by typing `I$}'.


./cybersec_final.tex:2502: LaTeX Error: \begin{document} ended by \end{tabular}
.

See the LaTeX manual or LaTeX Companion for explanation.
Type  H <return>  for immediate help.
 ...                                              
                                                  
l.2502 \end{tabular}
                    
Your command was ignored.
Type  I <command> <return>  to replace it with another command,
or  <return>  to continue without it.

./cybersec_final.tex:2502: Missing $ inserted.
<inserted text> 
                $
l.2502 \end{tabular}
                    
I've inserted something that you may have forgotten.
(See the <inserted text> above.)
With luck, this will get me unwedged. But if you
really didn't forget anything, try typing `2' now; then
my insertion and my current dilemma will both disappear.

./cybersec_final.tex:2502: Extra \endgroup.
<recently read> \endgroup 
                          
l.2502 \end{tabular}
                    
Things are pretty mixed up, but I think the worst is over.


./cybersec_final.tex:2503: LaTeX Error: \begin{document} ended by \end{center}.


See the LaTeX manual or LaTeX Companion for explanation.
Type  H <return>  for immediate help.
 ...                                              
                                                  
l.2503 \end{center}
                   
Your command was ignored.
Type  I <command> <return>  to replace it with another command,
or  <return>  to continue without it.

./cybersec_final.tex:2503: Extra \endgroup.
\end  ...end#1\endcsname \@checkend {#1}\endgroup 
                                                  \UseHook {env/#1/after}\if...
l.2503 \end{center}
                   
Things are pretty mixed up, but I think the worst is over.

File: ./images/2025_05_12_ac3bc46a6f93dd973caag-115.jpg Graphic file (type bmp)

<./images/2025_05_12_ac3bc46a6f93dd973caag-115.jpg>


[127]

[128]

[129]

[130]

./cybersec_final.tex:2621: Package keyval Error: max width undefined.

See the keyval package documentation for explanation.
Type  H <return>  for immediate help.
 ...                                              
                                                  
l.2621 ...r]{2025_05_12_ac3bc46a6f93dd973caag-118}
                                                  
Try typing  <return>  to proceed.
If that doesn't work, type  X <return>  to quit.


./cybersec_final.tex:2621: Package keyval Error: center undefined.

See the keyval package documentation for explanation.
Type  H <return>  for immediate help.
 ...                                              
                                                  
l.2621 ...r]{2025_05_12_ac3bc46a6f93dd973caag-118}
                                                  
Try typing  <return>  to proceed.
If that doesn't work, type  X <return>  to quit.

File: ./images/2025_05_12_ac3bc46a6f93dd973caag-118.jpg Graphic file (type bmp)

<./images/2025_05_12_ac3bc46a6f93dd973caag-118.jpg>

Overfull \hbox (73.56271pt too wide) in paragraph at lines 2621--2622
 [][] 
 []




Overfull \hbox (8.62453pt too wide) has occurred while \output is active
\TU/lmr/m/sl/10 5.3.  REQUIREMENTS (PROPERTIES OF A ELECTRONIC SIGNATURE) \TU/l
mr/m/n/10 131
 []

[131]

[132]

[133]

[134]

[135]

./cybersec_final.tex:2740: Package keyval Error: max width undefined.

See the keyval package documentation for explanation.
Type  H <return>  for immediate help.
 ...                                              
                                                  
l.2740 ...r]{2025_05_12_ac3bc46a6f93dd973caag-122}
                                                  
Try typing  <return>  to proceed.
If that doesn't work, type  X <return>  to quit.


./cybersec_final.tex:2740: Package keyval Error: center undefined.

See the keyval package documentation for explanation.
Type  H <return>  for immediate help.
 ...                                              
                                                  
l.2740 ...r]{2025_05_12_ac3bc46a6f93dd973caag-122}
                                                  
Try typing  <return>  to proceed.
If that doesn't work, type  X <return>  to quit.

File: ./images/2025_05_12_ac3bc46a6f93dd973caag-122.jpg Graphic file (type bmp)

<./images/2025_05_12_ac3bc46a6f93dd973caag-122.jpg>


[136]


Overfull \hbox (41.04453pt too wide) has occurred while \output is active
\TU/lmr/m/sl/10 5.9.  REQUIREMENTS (PROPERTIES OF AN AUTHENTICATION PROTOCOL) \
TU/lmr/m/n/10 137
 []

[137]
Overfull \hbox (12.69516pt too wide) in paragraph at lines 2783--2784
[]\TU/lmr/m/n/10 Message 2 $ \OML/cmm/m/it/10 B \OMS/cmsy/m/n/10 ! \OML/cmm/m/i
t/10 A \OT1/cmr/m/n/10 : []$ 
 []


Overfull \hbox (12.69516pt too wide) in paragraph at lines 2789--2790
[]\TU/lmr/m/n/10 Message 2 $ \OML/cmm/m/it/10 B \OMS/cmsy/m/n/10 ! \OML/cmm/m/i
t/10 A \OT1/cmr/m/n/10 : []$ 
 []



[138]
File: ./images/2025_05_12_ac3bc46a6f93dd973caag-124.jpg Graphic file (type bmp)

<./images/2025_05_12_ac3bc46a6f93dd973caag-124.jpg>

Underfull \vbox (badness 10000) has occurred while \output is active []




Overfull \hbox (41.04453pt too wide) has occurred while \output is active
\TU/lmr/m/sl/10 5.9.  REQUIREMENTS (PROPERTIES OF AN AUTHENTICATION PROTOCOL) \
TU/lmr/m/n/10 139
 []

[139]
File: ./images/2025_05_12_ac3bc46a6f93dd973caag-126.jpg Graphic file (type bmp)

<./images/2025_05_12_ac3bc46a6f93dd973caag-126.jpg>


[140]

[141]

[142]

[143]

[144]

[145]
File: ./images/2025_05_12_ac3bc46a6f93dd973caag-131.jpg Graphic file (type bmp)

<./images/2025_05_12_ac3bc46a6f93dd973caag-131.jpg>
File: ./images/2025_05_12_ac3bc46a6f93dd973caag-132.jpg Graphic file (type bmp)

<./images/2025_05_12_ac3bc46a6f93dd973caag-132.jpg>


[146]

[147]

[148]

[149]

[150]
Overfull \hbox (2.60152pt too wide) in paragraph at lines 3041--3041
[]\TU/lmr/bx/n/14.4 Useful concepts which you should now know
 []




Overfull \hbox (5.19232pt too wide) has occurred while \output is active
\TU/lmr/m/sl/10 5.14.  USEFUL CONCEPTS WHICH YOU SHOULD NOW KNOW ABOUT \TU/lmr/
m/n/10 151
 []

[151]

[152]

./cybersec_final.tex:3126: LaTeX Error: Environment abstract undefined.

See the LaTeX manual or LaTeX Companion for explanation.
Type  H <return>  for immediate help.
 ...                                              
                                                  
l.3126 \begin{abstract}
                       
Your command was ignored.
Type  I <command> <return>  to replace it with another command,
or  <return>  to continue without it.


./cybersec_final.tex:3128: LaTeX Error: \begin{document} ended by \end{abstract
}.

See the LaTeX manual or LaTeX Companion for explanation.
Type  H <return>  for immediate help.
 ...                                              
                                                  
l.3128 \end{abstract}
                     
Your command was ignored.
Type  I <command> <return>  to replace it with another command,
or  <return>  to continue without it.


Overfull \hbox (29.74092pt too wide) in paragraph at lines 3131--3132
\TU/lmr/m/n/10 service, which is avalable at URI [][]https://www.securedsigning
.com/products/signature-
 []



[153]

[154]
Chapter 6.


[155

]
File: ./images/2025_05_12_ac3bc46a6f93dd973caag-140.jpg Graphic file (type bmp)

<./images/2025_05_12_ac3bc46a6f93dd973caag-140.jpg>

./cybersec_final.tex:3162: Undefined control sequence.
<argument> \euro 
                 
l.3162 ...rm{Gbit} / \mathrm{s}$, for less than $€
                                                   15$, whereas equipment to...
The control sequence at the end of the top line
of your error message was never \def'ed. If you have
misspelled it (e.g., `\hobx'), type `I' and the correct
spelling (e.g., `I\hbox'). Otherwise just continue,
and I'll forget about whatever was undefined.

./cybersec_final.tex:3162: Undefined control sequence.
<argument> \firstchoice@false \euro 
                                    
l.3162 ...rm{Gbit} / \mathrm{s}$, for less than $€
                                                   15$, whereas equipment to...
The control sequence at the end of the top line
of your error message was never \def'ed. If you have
misspelled it (e.g., `\hobx'), type `I' and the correct
spelling (e.g., `I\hbox'). Otherwise just continue,
and I'll forget about whatever was undefined.

./cybersec_final.tex:3162: Undefined control sequence.
<argument> \firstchoice@false \euro 
                                    
l.3162 ...rm{Gbit} / \mathrm{s}$, for less than $€
                                                   15$, whereas equipment to...
The control sequence at the end of the top line
of your error message was never \def'ed. If you have
misspelled it (e.g., `\hobx'), type `I' and the correct
spelling (e.g., `I\hbox'). Otherwise just continue,
and I'll forget about whatever was undefined.

./cybersec_final.tex:3162: Undefined control sequence.
<argument> \firstchoice@false \euro 
                                    
l.3162 ...rm{Gbit} / \mathrm{s}$, for less than $€
                                                   15$, whereas equipment to...
The control sequence at the end of the top line
of your error message was never \def'ed. If you have
misspelled it (e.g., `\hobx'), type `I' and the correct
spelling (e.g., `I\hbox'). Otherwise just continue,
and I'll forget about whatever was undefined.

./cybersec_final.tex:3162: Undefined control sequence.
<argument> \euro 
                 
l.3162 ...me bandwidth in a WAN might well cost $€
                                                   1500$ or more.
The control sequence at the end of the top line
of your error message was never \def'ed. If you have
misspelled it (e.g., `\hobx'), type `I' and the correct
spelling (e.g., `I\hbox'). Otherwise just continue,
and I'll forget about whatever was undefined.

./cybersec_final.tex:3162: Undefined control sequence.
<argument> \firstchoice@false \euro 
                                    
l.3162 ...me bandwidth in a WAN might well cost $€
                                                   1500$ or more.
The control sequence at the end of the top line
of your error message was never \def'ed. If you have
misspelled it (e.g., `\hobx'), type `I' and the correct
spelling (e.g., `I\hbox'). Otherwise just continue,
and I'll forget about whatever was undefined.

./cybersec_final.tex:3162: Undefined control sequence.
<argument> \firstchoice@false \euro 
                                    
l.3162 ...me bandwidth in a WAN might well cost $€
                                                   1500$ or more.
The control sequence at the end of the top line
of your error message was never \def'ed. If you have
misspelled it (e.g., `\hobx'), type `I' and the correct
spelling (e.g., `I\hbox'). Otherwise just continue,
and I'll forget about whatever was undefined.

./cybersec_final.tex:3162: Undefined control sequence.
<argument> \firstchoice@false \euro 
                                    
l.3162 ...me bandwidth in a WAN might well cost $€
                                                   1500$ or more.
The control sequence at the end of the top line
of your error message was never \def'ed. If you have
misspelled it (e.g., `\hobx'), type `I' and the correct
spelling (e.g., `I\hbox'). Otherwise just continue,
and I'll forget about whatever was undefined.



[156]

./cybersec_final.tex:3179: LaTeX Error: \begin{document} ended by \end{itemize}
.

See the LaTeX manual or LaTeX Companion for explanation.
Type  H <return>  for immediate help.
 ...                                              
                                                  
l.3179 \end{itemize}
                    
Your command was ignored.
Type  I <command> <return>  to replace it with another command,
or  <return>  to continue without it.

./cybersec_final.tex:3179: Extra \endgroup.
\end  ...end#1\endcsname \@checkend {#1}\endgroup 
                                                  \UseHook {env/#1/after}\if...
l.3179 \end{itemize}
                    
Things are pretty mixed up, but I think the worst is over.

File: ./images/2025_05_12_ac3bc46a6f93dd973caag-141.jpg Graphic file (type bmp)

<./images/2025_05_12_ac3bc46a6f93dd973caag-141.jpg>


[157]

[158]

[159]

./cybersec_final.tex:3261: Package keyval Error: max width undefined.

See the keyval package documentation for explanation.
Type  H <return>  for immediate help.
 ...                                              
                                                  
l.3261 ...2025_05_12_ac3bc46a6f93dd973caag-144(1)}
                                                  
Try typing  <return>  to proceed.
If that doesn't work, type  X <return>  to quit.


./cybersec_final.tex:3261: Package keyval Error: center undefined.

See the keyval package documentation for explanation.
Type  H <return>  for immediate help.
 ...                                              
                                                  
l.3261 ...2025_05_12_ac3bc46a6f93dd973caag-144(1)}
                                                  
Try typing  <return>  to proceed.
If that doesn't work, type  X <return>  to quit.

File: ./images/2025_05_12_ac3bc46a6f93dd973caag-144(1).jpg Graphic file (type b
mp)
<./images/2025_05_12_ac3bc46a6f93dd973caag-144(1).jpg>

Overfull \hbox (535.2866pt too wide) in paragraph at lines 3261--3262
[][] 
 []



[160]

[161]

./cybersec_final.tex:3275: Package keyval Error: max width undefined.

See the keyval package documentation for explanation.
Type  H <return>  for immediate help.
 ...                                              
                                                  
l.3275 ...r]{2025_05_12_ac3bc46a6f93dd973caag-144}
                                                  
Try typing  <return>  to proceed.
If that doesn't work, type  X <return>  to quit.


./cybersec_final.tex:3275: Package keyval Error: center undefined.

See the keyval package documentation for explanation.
Type  H <return>  for immediate help.
 ...                                              
                                                  
l.3275 ...r]{2025_05_12_ac3bc46a6f93dd973caag-144}
                                                  
Try typing  <return>  to proceed.
If that doesn't work, type  X <return>  to quit.

File: ./images/2025_05_12_ac3bc46a6f93dd973caag-144.jpg Graphic file (type bmp)

<./images/2025_05_12_ac3bc46a6f93dd973caag-144.jpg>

Overfull \hbox (470.04298pt too wide) in paragraph at lines 3275--3276
[][] 
 []


./cybersec_final.tex:3280: Package keyval Error: max width undefined.

See the keyval package documentation for explanation.
Type  H <return>  for immediate help.
 ...                                              
                                                  
l.3280 ...r]{2025_05_12_ac3bc46a6f93dd973caag-145}
                                                  
Try typing  <return>  to proceed.
If that doesn't work, type  X <return>  to quit.


./cybersec_final.tex:3280: Package keyval Error: center undefined.

See the keyval package documentation for explanation.
Type  H <return>  for immediate help.
 ...                                              
                                                  
l.3280 ...r]{2025_05_12_ac3bc46a6f93dd973caag-145}
                                                  
Try typing  <return>  to proceed.
If that doesn't work, type  X <return>  to quit.

File: ./images/2025_05_12_ac3bc46a6f93dd973caag-145.jpg Graphic file (type bmp)

<./images/2025_05_12_ac3bc46a6f93dd973caag-145.jpg>

Overfull \hbox (525.2491pt too wide) in paragraph at lines 3280--3281
[][] 
 []


./cybersec_final.tex:3295: Package keyval Error: max width undefined.

See the keyval package documentation for explanation.
Type  H <return>  for immediate help.
 ...                                              
                                                  
l.3295 ...r]{2025_05_12_ac3bc46a6f93dd973caag-146}
                                                  
Try typing  <return>  to proceed.
If that doesn't work, type  X <return>  to quit.


./cybersec_final.tex:3295: Package keyval Error: center undefined.

See the keyval package documentation for explanation.
Type  H <return>  for immediate help.
 ...                                              
                                                  
l.3295 ...r]{2025_05_12_ac3bc46a6f93dd973caag-146}
                                                  
Try typing  <return>  to proceed.
If that doesn't work, type  X <return>  to quit.

File: ./images/2025_05_12_ac3bc46a6f93dd973caag-146.jpg Graphic file (type bmp)

<./images/2025_05_12_ac3bc46a6f93dd973caag-146.jpg>

Overfull \hbox (767.15233pt too wide) in paragraph at lines 3295--3296
 [][] 
 []


LaTeX Warning: Float too large for page by 58.24104pt on input line 3297.



[162]

[163]

[164]

[165]
File: ./images/2025_05_12_ac3bc46a6f93dd973caag-147.jpg Graphic file (type bmp)

<./images/2025_05_12_ac3bc46a6f93dd973caag-147.jpg>


LaTeX Warning: Float too large for page by 6.82846pt on input line 3324.



[166]

[167]

[168]

./cybersec_final.tex:3355: LaTeX Error: \begin{document} ended by \end{itemize}
.

See the LaTeX manual or LaTeX Companion for explanation.
Type  H <return>  for immediate help.
 ...                                              
                                                  
l.3355 \end{itemize}
                    
Your command was ignored.
Type  I <command> <return>  to replace it with another command,
or  <return>  to continue without it.

./cybersec_final.tex:3355: Extra \endgroup.
\end  ...end#1\endcsname \@checkend {#1}\endgroup 
                                                  \UseHook {env/#1/after}\if...
l.3355 \end{itemize}
                    
Things are pretty mixed up, but I think the worst is over.


./cybersec_final.tex:3381: Package keyval Error: max width undefined.

See the keyval package documentation for explanation.
Type  H <return>  for immediate help.
 ...                                              
                                                  
l.3381 ...r]{2025_05_12_ac3bc46a6f93dd973caag-150}
                                                  
Try typing  <return>  to proceed.
If that doesn't work, type  X <return>  to quit.


./cybersec_final.tex:3381: Package keyval Error: center undefined.

See the keyval package documentation for explanation.
Type  H <return>  for immediate help.
 ...                                              
                                                  
l.3381 ...r]{2025_05_12_ac3bc46a6f93dd973caag-150}
                                                  
Try typing  <return>  to proceed.
If that doesn't work, type  X <return>  to quit.

File: ./images/2025_05_12_ac3bc46a6f93dd973caag-150.jpg Graphic file (type bmp)

<./images/2025_05_12_ac3bc46a6f93dd973caag-150.jpg>

Overfull \hbox (595.51144pt too wide) in paragraph at lines 3381--3382
 [][] 
 []


LaTeX Warning: Float too large for page by 93.3722pt on input line 3383.


./cybersec_final.tex:3384: LaTeX Error: \begin{document} ended by \end{itemize}
.

See the LaTeX manual or LaTeX Companion for explanation.
Type  H <return>  for immediate help.
 ...                                              
                                                  
l.3384 \end{itemize}
                    
Your command was ignored.
Type  I <command> <return>  to replace it with another command,
or  <return>  to continue without it.

./cybersec_final.tex:3384: Extra \endgroup.
\end  ...end#1\endcsname \@checkend {#1}\endgroup 
                                                  \UseHook {env/#1/after}\if...
l.3384 \end{itemize}
                    
Things are pretty mixed up, but I think the worst is over.



[169]

[170]
File: ./images/2025_05_12_ac3bc46a6f93dd973caag-151.jpg Graphic file (type bmp)

<./images/2025_05_12_ac3bc46a6f93dd973caag-151.jpg>


[171]
Overfull \hbox (455.02005pt too wide) in paragraph at lines 3421--3431
 [][] 
 []

File: ./images/2025_05_12_ac3bc46a6f93dd973caag-152.jpg Graphic file (type bmp)

<./images/2025_05_12_ac3bc46a6f93dd973caag-152.jpg>


[172]

[173]

[174]
Overfull \hbox (401.6901pt too wide) in paragraph at lines 3484--3499
 [] 
 []



[175]
Overfull \hbox (0.47pt too wide) in paragraph at lines 3525--3526
\TU/lmr/m/n/10 The network’s communication nodes are basically responsible for 
receiving PDUs
 []



[176]

./cybersec_final.tex:3529: Package keyval Error: max width undefined.

See the keyval package documentation for explanation.
Type  H <return>  for immediate help.
 ...                                              
                                                  
l.3529 ...r]{2025_05_12_ac3bc46a6f93dd973caag-155}
                                                  
Try typing  <return>  to proceed.
If that doesn't work, type  X <return>  to quit.


./cybersec_final.tex:3529: Package keyval Error: center undefined.

See the keyval package documentation for explanation.
Type  H <return>  for immediate help.
 ...                                              
                                                  
l.3529 ...r]{2025_05_12_ac3bc46a6f93dd973caag-155}
                                                  
Try typing  <return>  to proceed.
If that doesn't work, type  X <return>  to quit.

File: ./images/2025_05_12_ac3bc46a6f93dd973caag-155.jpg Graphic file (type bmp)

<./images/2025_05_12_ac3bc46a6f93dd973caag-155.jpg>

Overfull \hbox (535.2866pt too wide) in paragraph at lines 3529--3530
 [][] 
 []



[177]

./cybersec_final.tex:3559: Package keyval Error: max width undefined.

See the keyval package documentation for explanation.
Type  H <return>  for immediate help.
 ...                                              
                                                  
l.3559 ...r]{2025_05_12_ac3bc46a6f93dd973caag-156}
                                                  
Try typing  <return>  to proceed.
If that doesn't work, type  X <return>  to quit.


./cybersec_final.tex:3559: Package keyval Error: center undefined.

See the keyval package documentation for explanation.
Type  H <return>  for immediate help.
 ...                                              
                                                  
l.3559 ...r]{2025_05_12_ac3bc46a6f93dd973caag-156}
                                                  
Try typing  <return>  to proceed.
If that doesn't work, type  X <return>  to quit.

File: ./images/2025_05_12_ac3bc46a6f93dd973caag-156.jpg Graphic file (type bmp)

<./images/2025_05_12_ac3bc46a6f93dd973caag-156.jpg>

Overfull \hbox (502.1629pt too wide) in paragraph at lines 3559--3560
 [][] 
 []

File: ./images/2025_05_12_ac3bc46a6f93dd973caag-157(1).jpg Graphic file (type b
mp)
<./images/2025_05_12_ac3bc46a6f93dd973caag-157(1).jpg>


[178]

[179]
File: ./images/2025_05_12_ac3bc46a6f93dd973caag-157.jpg Graphic file (type bmp)

<./images/2025_05_12_ac3bc46a6f93dd973caag-157.jpg>
File: ./images/2025_05_12_ac3bc46a6f93dd973caag-157(2).jpg Graphic file (type b
mp)
<./images/2025_05_12_ac3bc46a6f93dd973caag-157(2).jpg>

Underfull \vbox (badness 2790) has occurred while \output is active []



[180]

[181]
Overfull \hbox (175.2401pt too wide) in paragraph at lines 3614--3635
 [][] 
 []


./cybersec_final.tex:3656: Package keyval Error: max width undefined.

See the keyval package documentation for explanation.
Type  H <return>  for immediate help.
 ...                                              
                                                  
l.3656 ...2025_05_12_ac3bc46a6f93dd973caag-160(1)}
                                                  
Try typing  <return>  to proceed.
If that doesn't work, type  X <return>  to quit.

File: ./images/2025_05_12_ac3bc46a6f93dd973caag-160(1).jpg Graphic file (type b
mp)
<./images/2025_05_12_ac3bc46a6f93dd973caag-160(1).jpg>

Overfull \hbox (465.02426pt too wide) in paragraph at lines 3656--3657
 [][] 
 []


./cybersec_final.tex:3662: Package keyval Error: max width undefined.

See the keyval package documentation for explanation.
Type  H <return>  for immediate help.
 ...                                              
                                                  
l.3662 ...h]{2025_05_12_ac3bc46a6f93dd973caag-160}
                                                  
Try typing  <return>  to proceed.
If that doesn't work, type  X <return>  to quit.

File: ./images/2025_05_12_ac3bc46a6f93dd973caag-160.jpg Graphic file (type bmp)

<./images/2025_05_12_ac3bc46a6f93dd973caag-160.jpg>

Overfull \hbox (9.32289pt too wide) in paragraph at lines 3662--3663
 [][] 
 []



[182]

[183]

[184]
Underfull \hbox (badness 10000) in paragraph at lines 3675--3676

 []


./cybersec_final.tex:3679: Package keyval Error: max width undefined.

See the keyval package documentation for explanation.
Type  H <return>  for immediate help.
 ...                                              
                                                  
l.3679 ...r]{2025_05_12_ac3bc46a6f93dd973caag-161}
                                                  
Try typing  <return>  to proceed.
If that doesn't work, type  X <return>  to quit.


./cybersec_final.tex:3679: Package keyval Error: center undefined.

See the keyval package documentation for explanation.
Type  H <return>  for immediate help.
 ...                                              
                                                  
l.3679 ...r]{2025_05_12_ac3bc46a6f93dd973caag-161}
                                                  
Try typing  <return>  to proceed.
If that doesn't work, type  X <return>  to quit.

File: ./images/2025_05_12_ac3bc46a6f93dd973caag-161.jpg Graphic file (type bmp)

<./images/2025_05_12_ac3bc46a6f93dd973caag-161.jpg>

Overfull \hbox (911.69188pt too wide) in paragraph at lines 3679--3680
 [][] 
 []


LaTeX Warning: Float too large for page by 271.0355pt on input line 3681.



[185]

[186]
Underfull \hbox (badness 10000) in paragraph at lines 3689--3690

 []


./cybersec_final.tex:3692: Package keyval Error: max width undefined.

See the keyval package documentation for explanation.
Type  H <return>  for immediate help.
 ...                                              
                                                  
l.3692 ...r]{2025_05_12_ac3bc46a6f93dd973caag-162}
                                                  
Try typing  <return>  to proceed.
If that doesn't work, type  X <return>  to quit.


./cybersec_final.tex:3692: Package keyval Error: center undefined.

See the keyval package documentation for explanation.
Type  H <return>  for immediate help.
 ...                                              
                                                  
l.3692 ...r]{2025_05_12_ac3bc46a6f93dd973caag-162}
                                                  
Try typing  <return>  to proceed.
If that doesn't work, type  X <return>  to quit.

File: ./images/2025_05_12_ac3bc46a6f93dd973caag-162.jpg Graphic file (type bmp)

<./images/2025_05_12_ac3bc46a6f93dd973caag-162.jpg>

Overfull \hbox (484.09546pt too wide) in paragraph at lines 3692--3693
[][] 
 []




Overfull \hbox (0.19232pt too wide) has occurred while \output is active
\TU/lmr/m/sl/10 6.4.  USEFUL CONCEPTS WHICH YOU SHOULD NOW KNOW ABOUT \TU/lmr/m
/n/10 187
 []

[187]

[188]


Overfull \hbox (0.19232pt too wide) has occurred while \output is active
\TU/lmr/m/sl/10 6.4.  USEFUL CONCEPTS WHICH YOU SHOULD NOW KNOW ABOUT \TU/lmr/m
/n/10 189
 []

[189]
Underfull \vbox (badness 10000) has occurred while \output is active []



[190]

[191]

[192

]
Chapter 7.

Overfull \hbox (6.04892pt too wide) in paragraph at lines 3800--3801
[]\TU/lmr/m/n/10 A simple example of a dialogue between a client in the system 
gogo.molester.dk
 []

File: ./images/2025_05_12_ac3bc46a6f93dd973caag-168.jpg Graphic file (type bmp)

<./images/2025_05_12_ac3bc46a6f93dd973caag-168.jpg>


[193]
Overfull \hbox (5.61002pt too wide) in paragraph at lines 3811--3812
\TU/lmr/m/n/10 the client’s system ([][]gogo.molester.dk[][]) as parameter to t
he ELHO-command.
 []



[194]

[195]
File: ./images/2025_05_12_ac3bc46a6f93dd973caag-170.jpg Graphic file (type bmp)

<./images/2025_05_12_ac3bc46a6f93dd973caag-170.jpg>


[196]

[197]

[198]

[199]
Overfull \hbox (181.36006pt too wide) in paragraph at lines 3948--3969
 [] 
 []


Package hyperref Warning: Ignoring empty anchor on input line 3979.



[200]

[201]

Package hyperref Warning: Ignoring empty anchor on input line 4014.


./cybersec_final.tex:4032: Package keyval Error: max width undefined.

See the keyval package documentation for explanation.
Type  H <return>  for immediate help.
 ...                                              
                                                  
l.4032 ...r]{2025_05_12_ac3bc46a6f93dd973caag-176}
                                                  
Try typing  <return>  to proceed.
If that doesn't work, type  X <return>  to quit.


./cybersec_final.tex:4032: Package keyval Error: center undefined.

See the keyval package documentation for explanation.
Type  H <return>  for immediate help.
 ...                                              
                                                  
l.4032 ...r]{2025_05_12_ac3bc46a6f93dd973caag-176}
                                                  
Try typing  <return>  to proceed.
If that doesn't work, type  X <return>  to quit.

File: ./images/2025_05_12_ac3bc46a6f93dd973caag-176.jpg Graphic file (type bmp)

<./images/2025_05_12_ac3bc46a6f93dd973caag-176.jpg>

Overfull \hbox (529.2641pt too wide) in paragraph at lines 4032--4033
 [][] 
 []


Overfull \hbox (23.7355pt too wide) in paragraph at lines 4045--4072
\TU/lmr/m/it/10 <A href=”https://danopskrifter.dk/frikadeller.html”>Recipe</A><
/P> 
 []


Overfull \hbox (23.71548pt too wide) in paragraph at lines 4045--4072
\TU/lmr/m/it/10 <A href=”https://moneygrab.eu/takeitandrun.html”>Recipe</A></P>
 
 []


Overfull \hbox (5.22337pt too wide) in paragraph at lines 4045--4072
\TU/lmr/m/it/10 <LI><P> Sm&oslash;rrebr&oslash;d (eng: Danish open sandwiches) 

 []


Overfull \hbox (3.68549pt too wide) in paragraph at lines 4045--4072
\TU/lmr/m/it/10 <A href=”https://danopskrifter.dk/smoerbroed.html”>Recipes</A>
 []



[202]

[203]

Package hyperref Warning: Ignoring empty anchor on input line 4084.


./cybersec_final.tex:4088: Package keyval Error: max width undefined.

See the keyval package documentation for explanation.
Type  H <return>  for immediate help.
 ...                                              
                                                  
l.4088 ...r]{2025_05_12_ac3bc46a6f93dd973caag-178}
                                                  
Try typing  <return>  to proceed.
If that doesn't work, type  X <return>  to quit.


./cybersec_final.tex:4088: Package keyval Error: center undefined.

See the keyval package documentation for explanation.
Type  H <return>  for immediate help.
 ...                                              
                                                  
l.4088 ...r]{2025_05_12_ac3bc46a6f93dd973caag-178}
                                                  
Try typing  <return>  to proceed.
If that doesn't work, type  X <return>  to quit.

File: ./images/2025_05_12_ac3bc46a6f93dd973caag-178.jpg Graphic file (type bmp)

<./images/2025_05_12_ac3bc46a6f93dd973caag-178.jpg>

Overfull \hbox (694.88248pt too wide) in paragraph at lines 4088--4089
 [][] 
 []



[204]

[205]
Missing character: There is no æ ("E6) in font cmmi10!


[206]

[207]
Overfull \hbox (218.55005pt too wide) in paragraph at lines 4199--4218
 [] 
 []

./cybersec_final.tex:4220: Misplaced \noalign.
\hline ->\noalign 
                  {\ifnum 0=`}\fi \hrule \@height \arrayrulewidth \futurelet...
l.4220 \hline
             
I expect to see \noalign only after the \cr of
an alignment. Proceed, and I'll ignore this case.

./cybersec_final.tex:4221: Misplaced \crcr.
\endtabular ->\crcr 
                    \egroup \egroup $\egroup 
l.4221 \end{tabular}
                    
I can't figure out why you would want to use a tab mark
or \cr or \span just now. If something like a right brace
up above has ended a previous alignment prematurely,
you're probably due for more error messages, and you
might try typing `S' now just to see what is salvageable.

./cybersec_final.tex:4221: Too many }'s.
\endtabular ->\crcr \egroup 
                            \egroup $\egroup 
l.4221 \end{tabular}
                    
You've closed more groups than you opened.
Such booboos are generally harmless, so keep going.

./cybersec_final.tex:4221: Too many }'s.
\endtabular ->\crcr \egroup \egroup 
                                    $\egroup 
l.4221 \end{tabular}
                    
You've closed more groups than you opened.
Such booboos are generally harmless, so keep going.

./cybersec_final.tex:4221: Extra }, or forgotten $.
<recently read> \egroup 
                        
l.4221 \end{tabular}
                    
I've deleted a group-closing symbol because it seems to be
spurious, as in `$x}$'. But perhaps the } is legitimate and
you forgot something else, as in `\hbox{$x}'. In such cases
the way to recover is to insert both the forgotten and the
deleted material, e.g., by typing `I$}'.


./cybersec_final.tex:4221: LaTeX Error: \begin{document} ended by \end{tabular}
.

See the LaTeX manual or LaTeX Companion for explanation.
Type  H <return>  for immediate help.
 ...                                              
                                                  
l.4221 \end{tabular}
                    
Your command was ignored.
Type  I <command> <return>  to replace it with another command,
or  <return>  to continue without it.

./cybersec_final.tex:4221: Missing $ inserted.
<inserted text> 
                $
l.4221 \end{tabular}
                    
I've inserted something that you may have forgotten.
(See the <inserted text> above.)
With luck, this will get me unwedged. But if you
really didn't forget anything, try typing `2' now; then
my insertion and my current dilemma will both disappear.

./cybersec_final.tex:4221: Extra \endgroup.
<recently read> \endgroup 
                          
l.4221 \end{tabular}
                    
Things are pretty mixed up, but I think the worst is over.


./cybersec_final.tex:4222: LaTeX Error: \begin{document} ended by \end{center}.


See the LaTeX manual or LaTeX Companion for explanation.
Type  H <return>  for immediate help.
 ...                                              
                                                  
l.4222 \end{center}
                   
Your command was ignored.
Type  I <command> <return>  to replace it with another command,
or  <return>  to continue without it.

./cybersec_final.tex:4222: Extra \endgroup.
\end  ...end#1\endcsname \@checkend {#1}\endgroup 
                                                  \UseHook {env/#1/after}\if...
l.4222 \end{center}
                   
Things are pretty mixed up, but I think the worst is over.


Overfull \hbox (41.22891pt too wide) in paragraph at lines 4234--4235
\TU/lmr/m/n/10 specifies that the content of the resource with URI [][]http://w
ww.w3.org/pub/www/xy.html[][]
 []



[208]

[209]

[210]


Overfull \hbox (0.19232pt too wide) has occurred while \output is active
\TU/lmr/m/sl/10 7.4.  USEFUL CONCEPTS WHICH YOU SHOULD NOW KNOW ABOUT \TU/lmr/m
/n/10 211
 []

[211]
Overfull \hbox (47.52pt too wide) in paragraph at lines 4341--4342
\TU/lmr/m/n/10 The user manual can be found on Wireshark\TU/STSong(0)/m/n/10 ’|
 \TU/lmr/m/n/10 s home page [][]https://www.wireshark.org/docs/[][]
 []


Overfull \hbox (13.5pt too wide) in paragraph at lines 4341--4342
\TU/lmr/m/n/10 wsug_html_chunked/ and there is a very useful wiki at [][]https:
//wiki.wireshark.org/[][]
 []


Package hyperref Warning: Token not allowed in a PDF string (Unicode):
(hyperref)                removing `\mathsurround' on input line 4345.


Package hyperref Warning: Token not allowed in a PDF string (Unicode):
(hyperref)                removing `\z@' on input line 4345.


Package hyperref Warning: Token not allowed in a PDF string (Unicode):
(hyperref)                removing `superscript' on input line 4345.



[212]

./cybersec_final.tex:4364: Package keyval Error: max width undefined.

See the keyval package documentation for explanation.
Type  H <return>  for immediate help.
 ...                                              
                                                  
l.4364 ...r]{2025_05_12_ac3bc46a6f93dd973caag-186}
                                                  
Try typing  <return>  to proceed.
If that doesn't work, type  X <return>  to quit.


./cybersec_final.tex:4364: Package keyval Error: center undefined.

See the keyval package documentation for explanation.
Type  H <return>  for immediate help.
 ...                                              
                                                  
l.4364 ...r]{2025_05_12_ac3bc46a6f93dd973caag-186}
                                                  
Try typing  <return>  to proceed.
If that doesn't work, type  X <return>  to quit.

File: ./images/2025_05_12_ac3bc46a6f93dd973caag-186.jpg Graphic file (type bmp)

<./images/2025_05_12_ac3bc46a6f93dd973caag-186.jpg>

Overfull \hbox (227.13611pt too wide) in paragraph at lines 4364--4365
 [][] 
 []


LaTeX Warning: Float too large for page by 17.08739pt on input line 4366.



[213]

[214]

./cybersec_final.tex:4375: Package keyval Error: max width undefined.

See the keyval package documentation for explanation.
Type  H <return>  for immediate help.
 ...                                              
                                                  
l.4375 ...2025_05_12_ac3bc46a6f93dd973caag-186(1)}
                                                  
Try typing  <return>  to proceed.
If that doesn't work, type  X <return>  to quit.


./cybersec_final.tex:4375: Package keyval Error: center undefined.

See the keyval package documentation for explanation.
Type  H <return>  for immediate help.
 ...                                              
                                                  
l.4375 ...2025_05_12_ac3bc46a6f93dd973caag-186(1)}
                                                  
Try typing  <return>  to proceed.
If that doesn't work, type  X <return>  to quit.

File: ./images/2025_05_12_ac3bc46a6f93dd973caag-186(1).jpg Graphic file (type b
mp)
<./images/2025_05_12_ac3bc46a6f93dd973caag-186(1).jpg>

Overfull \hbox (125.75761pt too wide) in paragraph at lines 4375--4376
 [][] 
 []


LaTeX Warning: Float too large for page by 26.12112pt on input line 4377.


Overfull \hbox (7.47891pt too wide) in paragraph at lines 4387--4388
[]\TU/lmr/m/n/10 Faked PDUs can be used to break or take over a TCP connection 
(”\TU/lmr/m/it/10 session\TU/lmr/m/n/10 ”),
 []

File: ./images/2025_05_12_ac3bc46a6f93dd973caag-187.jpg Graphic file (type bmp)

<./images/2025_05_12_ac3bc46a6f93dd973caag-187.jpg>


[215]

[216]

[217]
File: ./images/2025_05_12_ac3bc46a6f93dd973caag-188.jpg Graphic file (type bmp)

<./images/2025_05_12_ac3bc46a6f93dd973caag-188.jpg>


./cybersec_final.tex:4416: LaTeX Error: \begin{document} ended by \end{itemize}
.

See the LaTeX manual or LaTeX Companion for explanation.
Type  H <return>  for immediate help.
 ...                                              
                                                  
l.4416 \end{itemize}
                    
Your command was ignored.
Type  I <command> <return>  to replace it with another command,
or  <return>  to continue without it.

./cybersec_final.tex:4416: Extra \endgroup.
\end  ...end#1\endcsname \@checkend {#1}\endgroup 
                                                  \UseHook {env/#1/after}\if...
l.4416 \end{itemize}
                    
Things are pretty mixed up, but I think the worst is over.

File: ./images/2025_05_12_ac3bc46a6f93dd973caag-188(1).jpg Graphic file (type b
mp)
<./images/2025_05_12_ac3bc46a6f93dd973caag-188(1).jpg>
File: ./images/2025_05_12_ac3bc46a6f93dd973caag-189.jpg Graphic file (type bmp)

<./images/2025_05_12_ac3bc46a6f93dd973caag-189.jpg>

LaTeX Warning: `h' float specifier changed to `ht'.



[218]

[219]

[220]
File: ./images/2025_05_12_ac3bc46a6f93dd973caag-190.jpg Graphic file (type bmp)

<./images/2025_05_12_ac3bc46a6f93dd973caag-190.jpg>

./cybersec_final.tex:4484: Undefined control sequence.
<recently read> \multirow 
                          
l.4484 \multirow
                [t]{3}{*}{application} & pkcs7-mime & A signed or encrypted ...
The control sequence at the end of the top line
of your error message was never \def'ed. If you have
misspelled it (e.g., `\hobx'), type `I' and the correct
spelling (e.g., `I\hbox'). Otherwise just continue,
and I'll forget about whatever was undefined.


Overfull \hbox (178.84006pt too wide) in paragraph at lines 4478--4491
 [][] 
 []



[221]

[222]
./cybersec_final.tex:4553: Undefined control sequence.
<recently read> \multirow 
                          
l.4553 \multirow
                {2}{*}{multipart} & signed & A signed plaintext message with...
The control sequence at the end of the top line
of your error message was never \def'ed. If you have
misspelled it (e.g., `\hobx'), type `I' and the correct
spelling (e.g., `I\hbox'). Otherwise just continue,
and I'll forget about whatever was undefined.

./cybersec_final.tex:4557: Undefined control sequence.
<recently read> \multirow 
                          
l.4557 \multirow
                {4}{*}{application} & pgp-encrypted & The control part from ...
The control sequence at the end of the top line
of your error message was never \def'ed. If you have
misspelled it (e.g., `\hobx'), type `I' and the correct
spelling (e.g., `I\hbox'). Otherwise just continue,
and I'll forget about whatever was undefined.


Overfull \hbox (18.89215pt too wide) in paragraph at lines 4549--4566
 [][] 
 []



[223]
File: ./images/2025_05_12_ac3bc46a6f93dd973caag-193.jpg Graphic file (type bmp)

<./images/2025_05_12_ac3bc46a6f93dd973caag-193.jpg>


./cybersec_final.tex:4610: Package keyval Error: max width undefined.

See the keyval package documentation for explanation.
Type  H <return>  for immediate help.
 ...                                              
                                                  
l.4610 ...2025_05_12_ac3bc46a6f93dd973caag-194(1)}
                                                  
Try typing  <return>  to proceed.
If that doesn't work, type  X <return>  to quit.


./cybersec_final.tex:4610: Package keyval Error: center undefined.

See the keyval package documentation for explanation.
Type  H <return>  for immediate help.
 ...                                              
                                                  
l.4610 ...2025_05_12_ac3bc46a6f93dd973caag-194(1)}
                                                  
Try typing  <return>  to proceed.
If that doesn't work, type  X <return>  to quit.

File: ./images/2025_05_12_ac3bc46a6f93dd973caag-194(1).jpg Graphic file (type b
mp)
<./images/2025_05_12_ac3bc46a6f93dd973caag-194(1).jpg>

Overfull \hbox (796.26102pt too wide) in paragraph at lines 4610--4611
 [][] 
 []


./cybersec_final.tex:4616: Package keyval Error: max width undefined.

See the keyval package documentation for explanation.
Type  H <return>  for immediate help.
 ...                                              
                                                  
l.4616 ...r]{2025_05_12_ac3bc46a6f93dd973caag-194}
                                                  
Try typing  <return>  to proceed.
If that doesn't work, type  X <return>  to quit.


./cybersec_final.tex:4616: Package keyval Error: center undefined.

See the keyval package documentation for explanation.
Type  H <return>  for immediate help.
 ...                                              
                                                  
l.4616 ...r]{2025_05_12_ac3bc46a6f93dd973caag-194}
                                                  
Try typing  <return>  to proceed.
If that doesn't work, type  X <return>  to quit.

File: ./images/2025_05_12_ac3bc46a6f93dd973caag-194.jpg Graphic file (type bmp)

<./images/2025_05_12_ac3bc46a6f93dd973caag-194.jpg>

Overfull \hbox (774.17854pt too wide) in paragraph at lines 4616--4617
 [][] 
 []



[224]

./cybersec_final.tex:4643: Package keyval Error: max width undefined.

See the keyval package documentation for explanation.
Type  H <return>  for immediate help.
 ...                                              
                                                  
l.4643 ...r]{2025_05_12_ac3bc46a6f93dd973caag-195}
                                                  
Try typing  <return>  to proceed.
If that doesn't work, type  X <return>  to quit.


./cybersec_final.tex:4643: Package keyval Error: center undefined.

See the keyval package documentation for explanation.
Type  H <return>  for immediate help.
 ...                                              
                                                  
l.4643 ...r]{2025_05_12_ac3bc46a6f93dd973caag-195}
                                                  
Try typing  <return>  to proceed.
If that doesn't work, type  X <return>  to quit.

File: ./images/2025_05_12_ac3bc46a6f93dd973caag-195.jpg Graphic file (type bmp)

<./images/2025_05_12_ac3bc46a6f93dd973caag-195.jpg>

Overfull \hbox (581.45897pt too wide) in paragraph at lines 4643--4644
 [][] 
 []


LaTeX Warning: Float too large for page by 425.61266pt on input line 4645.



[225]

[226]
Overfull \hbox (2.05002pt too wide) in paragraph at lines 4706--4707
\TU/lmr/m/n/10 SSL/TLS’s Record protocol offers stepwise processing of Applicat
ion layer PDUs,
 []


./cybersec_final.tex:4710: Package keyval Error: max width undefined.

See the keyval package documentation for explanation.
Type  H <return>  for immediate help.
 ...                                              
                                                  
l.4710 ...r]{2025_05_12_ac3bc46a6f93dd973caag-197}
                                                  
Try typing  <return>  to proceed.
If that doesn't work, type  X <return>  to quit.


./cybersec_final.tex:4710: Package keyval Error: center undefined.

See the keyval package documentation for explanation.
Type  H <return>  for immediate help.
 ...                                              
                                                  
l.4710 ...r]{2025_05_12_ac3bc46a6f93dd973caag-197}
                                                  
Try typing  <return>  to proceed.
If that doesn't work, type  X <return>  to quit.

File: ./images/2025_05_12_ac3bc46a6f93dd973caag-197.jpg Graphic file (type bmp)

<./images/2025_05_12_ac3bc46a6f93dd973caag-197.jpg>

Overfull \hbox (727.0024pt too wide) in paragraph at lines 4710--4711
 [][] 
 []


Overfull \hbox (81.46391pt too wide) in paragraph at lines 4734--4735
\TU/lmr/m/it/10 must \TU/lmr/m/n/10 implement in TLS v1.2 is described by the s
tring: TLS_RSA_WITH_AES_128_CBC_SHA
 []



[227]

[228]
./cybersec_final.tex:4794: Misplaced \noalign.
\hline ->\noalign 
                  {\ifnum 0=`}\fi \hrule \@height \arrayrulewidth \futurelet...
l.4794 \hline
             
I expect to see \noalign only after the \cr of
an alignment. Proceed, and I'll ignore this case.

./cybersec_final.tex:4795: Misplaced \crcr.
\endtabular ->\crcr 
                    \egroup \egroup $\egroup 
l.4795 \end{tabular}
                    
I can't figure out why you would want to use a tab mark
or \cr or \span just now. If something like a right brace
up above has ended a previous alignment prematurely,
you're probably due for more error messages, and you
might try typing `S' now just to see what is salvageable.

./cybersec_final.tex:4795: Too many }'s.
\endtabular ->\crcr \egroup 
                            \egroup $\egroup 
l.4795 \end{tabular}
                    
You've closed more groups than you opened.
Such booboos are generally harmless, so keep going.

./cybersec_final.tex:4795: Too many }'s.
\endtabular ->\crcr \egroup \egroup 
                                    $\egroup 
l.4795 \end{tabular}
                    
You've closed more groups than you opened.
Such booboos are generally harmless, so keep going.

./cybersec_final.tex:4795: Extra }, or forgotten $.
<recently read> \egroup 
                        
l.4795 \end{tabular}
                    
I've deleted a group-closing symbol because it seems to be
spurious, as in `$x}$'. But perhaps the } is legitimate and
you forgot something else, as in `\hbox{$x}'. In such cases
the way to recover is to insert both the forgotten and the
deleted material, e.g., by typing `I$}'.


./cybersec_final.tex:4795: LaTeX Error: \begin{document} ended by \end{tabular}
.

See the LaTeX manual or LaTeX Companion for explanation.
Type  H <return>  for immediate help.
 ...                                              
                                                  
l.4795 \end{tabular}
                    
Your command was ignored.
Type  I <command> <return>  to replace it with another command,
or  <return>  to continue without it.

./cybersec_final.tex:4795: Missing $ inserted.
<inserted text> 
                $
l.4795 \end{tabular}
                    
I've inserted something that you may have forgotten.
(See the <inserted text> above.)
With luck, this will get me unwedged. But if you
really didn't forget anything, try typing `2' now; then
my insertion and my current dilemma will both disappear.

./cybersec_final.tex:4795: Extra \endgroup.
<recently read> \endgroup 
                          
l.4795 \end{tabular}
                    
Things are pretty mixed up, but I think the worst is over.


./cybersec_final.tex:4796: LaTeX Error: \begin{document} ended by \end{center}.


See the LaTeX manual or LaTeX Companion for explanation.
Type  H <return>  for immediate help.
 ...                                              
                                                  
l.4796 \end{center}
                   
Your command was ignored.
Type  I <command> <return>  to replace it with another command,
or  <return>  to continue without it.

./cybersec_final.tex:4796: Extra \endgroup.
\end  ...end#1\endcsname \@checkend {#1}\endgroup 
                                                  \UseHook {env/#1/after}\if...
l.4796 \end{center}
                   
Things are pretty mixed up, but I think the worst is over.


Overfull \hbox (14.75pt too wide) in paragraph at lines 4803--4821
\TU/lmtt/m/n/10 If satisfactory, use agreed form of encryption from now on. 
 []



[229]

[230]

[231]

[232]
File: ./images/2025_05_12_ac3bc46a6f93dd973caag-204.jpg Graphic file (type bmp)

<./images/2025_05_12_ac3bc46a6f93dd973caag-204.jpg>


./cybersec_final.tex:4900: Package keyval Error: max width undefined.

See the keyval package documentation for explanation.
Type  H <return>  for immediate help.
 ...                                              
                                                  
l.4900 ...r]{2025_05_12_ac3bc46a6f93dd973caag-205}
                                                  
Try typing  <return>  to proceed.
If that doesn't work, type  X <return>  to quit.


./cybersec_final.tex:4900: Package keyval Error: center undefined.

See the keyval package documentation for explanation.
Type  H <return>  for immediate help.
 ...                                              
                                                  
l.4900 ...r]{2025_05_12_ac3bc46a6f93dd973caag-205}
                                                  
Try typing  <return>  to proceed.
If that doesn't work, type  X <return>  to quit.

File: ./images/2025_05_12_ac3bc46a6f93dd973caag-205.jpg Graphic file (type bmp)

<./images/2025_05_12_ac3bc46a6f93dd973caag-205.jpg>

Overfull \hbox (765.14474pt too wide) in paragraph at lines 4900--4903
 [][] 
 []


LaTeX Warning: Float too large for page by 336.18916pt on input line 4904.



[233]

./cybersec_final.tex:4908: Package keyval Error: max width undefined.

See the keyval package documentation for explanation.
Type  H <return>  for immediate help.
 ...                                              
                                                  
l.4908 ...2025_05_12_ac3bc46a6f93dd973caag-205(1)}
                                                  
Try typing  <return>  to proceed.
If that doesn't work, type  X <return>  to quit.


./cybersec_final.tex:4908: Package keyval Error: center undefined.

See the keyval package documentation for explanation.
Type  H <return>  for immediate help.
 ...                                              
                                                  
l.4908 ...2025_05_12_ac3bc46a6f93dd973caag-205(1)}
                                                  
Try typing  <return>  to proceed.
If that doesn't work, type  X <return>  to quit.

File: ./images/2025_05_12_ac3bc46a6f93dd973caag-205(1).jpg Graphic file (type b
mp)
<./images/2025_05_12_ac3bc46a6f93dd973caag-205(1).jpg>

Overfull \hbox (576.44026pt too wide) in paragraph at lines 4908--4909
 [][] 
 []


./cybersec_final.tex:4919: Package keyval Error: max width undefined.

See the keyval package documentation for explanation.
Type  H <return>  for immediate help.
 ...                                              
                                                  
l.4919 ...r]{2025_05_12_ac3bc46a6f93dd973caag-206}
                                                  
Try typing  <return>  to proceed.
If that doesn't work, type  X <return>  to quit.


./cybersec_final.tex:4919: Package keyval Error: center undefined.

See the keyval package documentation for explanation.
Type  H <return>  for immediate help.
 ...                                              
                                                  
l.4919 ...r]{2025_05_12_ac3bc46a6f93dd973caag-206}
                                                  
Try typing  <return>  to proceed.
If that doesn't work, type  X <return>  to quit.

File: ./images/2025_05_12_ac3bc46a6f93dd973caag-206.jpg Graphic file (type bmp)

<./images/2025_05_12_ac3bc46a6f93dd973caag-206.jpg>

Overfull \hbox (639.67636pt too wide) in paragraph at lines 4919--4920
 [][] 
 []


LaTeX Warning: Float too large for page by 17.08739pt on input line 4921.

File: ./images/2025_05_12_ac3bc46a6f93dd973caag-207.jpg Graphic file (type bmp)

<./images/2025_05_12_ac3bc46a6f93dd973caag-207.jpg>

./cybersec_final.tex:4936: LaTeX Error: \begin{document} ended by \end{itemize}
.

See the LaTeX manual or LaTeX Companion for explanation.
Type  H <return>  for immediate help.
 ...                                              
                                                  
l.4936 \end{itemize}
                    
Your command was ignored.
Type  I <command> <return>  to replace it with another command,
or  <return>  to continue without it.

./cybersec_final.tex:4936: Extra \endgroup.
\end  ...end#1\endcsname \@checkend {#1}\endgroup 
                                                  \UseHook {env/#1/after}\if...
l.4936 \end{itemize}
                    
Things are pretty mixed up, but I think the worst is over.



[234]
File: ./images/2025_05_12_ac3bc46a6f93dd973caag-207(1).jpg Graphic file (type b
mp)
<./images/2025_05_12_ac3bc46a6f93dd973caag-207(1).jpg>
File: ./images/2025_05_12_ac3bc46a6f93dd973caag-208.jpg Graphic file (type bmp)

<./images/2025_05_12_ac3bc46a6f93dd973caag-208.jpg>


[235]

[236]

./cybersec_final.tex:5012: Package keyval Error: max width undefined.

See the keyval package documentation for explanation.
Type  H <return>  for immediate help.
 ...                                              
                                                  
l.5012 ...r]{2025_05_12_ac3bc46a6f93dd973caag-211}
                                                  
Try typing  <return>  to proceed.
If that doesn't work, type  X <return>  to quit.


./cybersec_final.tex:5012: Package keyval Error: center undefined.

See the keyval package documentation for explanation.
Type  H <return>  for immediate help.
 ...                                              
                                                  
l.5012 ...r]{2025_05_12_ac3bc46a6f93dd973caag-211}
                                                  
Try typing  <return>  to proceed.
If that doesn't work, type  X <return>  to quit.

File: ./images/2025_05_12_ac3bc46a6f93dd973caag-211.jpg Graphic file (type bmp)

<./images/2025_05_12_ac3bc46a6f93dd973caag-211.jpg>

Overfull \hbox (243.19608pt too wide) in paragraph at lines 5012--5014
 [][] 
 []



[237]

[238]

[239]

[240]

[241]
Overfull \hbox (2.36891pt too wide) in paragraph at lines 5103--5104
[]\TU/lmr/m/n/10 Only Robust Security Network (RSN) connections are allowed. Th
ese
 []


./cybersec_final.tex:5118: Package keyval Error: max width undefined.

See the keyval package documentation for explanation.
Type  H <return>  for immediate help.
 ...                                              
                                                  
l.5118 ...r]{2025_05_12_ac3bc46a6f93dd973caag-216}
                                                  
Try typing  <return>  to proceed.
If that doesn't work, type  X <return>  to quit.


./cybersec_final.tex:5118: Package keyval Error: center undefined.

See the keyval package documentation for explanation.
Type  H <return>  for immediate help.
 ...                                              
                                                  
l.5118 ...r]{2025_05_12_ac3bc46a6f93dd973caag-216}
                                                  
Try typing  <return>  to proceed.
If that doesn't work, type  X <return>  to quit.

File: ./images/2025_05_12_ac3bc46a6f93dd973caag-216.jpg Graphic file (type bmp)

<./images/2025_05_12_ac3bc46a6f93dd973caag-216.jpg>

Overfull \hbox (475.06172pt too wide) in paragraph at lines 5118--5119
 [][] 
 []


LaTeX Warning: Float too large for page by 29.92618pt on input line 5120.



[242]
Underfull \hbox (badness 10000) in paragraph at lines 5129--5131

 []


./cybersec_final.tex:5135: LaTeX Error: \begin{document} ended by \end{enumerat
e}.

See the LaTeX manual or LaTeX Companion for explanation.
Type  H <return>  for immediate help.
 ...                                              
                                                  
l.5135 \end{enumerate}
                      
Your command was ignored.
Type  I <command> <return>  to replace it with another command,
or  <return>  to continue without it.

./cybersec_final.tex:5135: Extra \endgroup.
\end  ...end#1\endcsname \@checkend {#1}\endgroup 
                                                  \UseHook {env/#1/after}\if...
l.5135 \end{enumerate}
                      
Things are pretty mixed up, but I think the worst is over.



[243]

[244]

./cybersec_final.tex:5166: Package keyval Error: max width undefined.

See the keyval package documentation for explanation.
Type  H <return>  for immediate help.
 ...                                              
                                                  
l.5166 ...r]{2025_05_12_ac3bc46a6f93dd973caag-219}
                                                  
Try typing  <return>  to proceed.
If that doesn't work, type  X <return>  to quit.


./cybersec_final.tex:5166: Package keyval Error: center undefined.

See the keyval package documentation for explanation.
Type  H <return>  for immediate help.
 ...                                              
                                                  
l.5166 ...r]{2025_05_12_ac3bc46a6f93dd973caag-219}
                                                  
Try typing  <return>  to proceed.
If that doesn't work, type  X <return>  to quit.

File: ./images/2025_05_12_ac3bc46a6f93dd973caag-219.jpg Graphic file (type bmp)

<./images/2025_05_12_ac3bc46a6f93dd973caag-219.jpg>

Overfull \hbox (527.25659pt too wide) in paragraph at lines 5166--5167
 [][] 
 []


LaTeX Warning: Float too large for page by 173.67204pt on input line 5168.



[245]

Package hyperref Warning: Ignoring empty anchor on input line 5192.



[246]
File: ./images/2025_05_12_ac3bc46a6f93dd973caag-221.jpg Graphic file (type bmp)

<./images/2025_05_12_ac3bc46a6f93dd973caag-221.jpg>


[247]
File: ./images/2025_05_12_ac3bc46a6f93dd973caag-223.jpg Graphic file (type bmp)

<./images/2025_05_12_ac3bc46a6f93dd973caag-223.jpg>


[248]

[249]

[250]

[251]
Overfull \hbox (3.25pt too wide) in paragraph at lines 5299--5312
\TU/lmtt/m/it/10 quis. Phasellus luctus pellentesque enim, non dictum nisl ultr
ices 
 []


Overfull \hbox (3.25pt too wide) in paragraph at lines 5299--5312
\TU/lmtt/m/it/10 massa. Vestibulum ex dolor, lobortis eu finibus nec, lobortis 
quis 
 []



[252]

./cybersec_final.tex:5336: Package keyval Error: max width undefined.

See the keyval package documentation for explanation.
Type  H <return>  for immediate help.
 ...                                              
                                                  
l.5336 ...r]{2025_05_12_ac3bc46a6f93dd973caag-228}
                                                  
Try typing  <return>  to proceed.
If that doesn't work, type  X <return>  to quit.


./cybersec_final.tex:5336: Package keyval Error: center undefined.

See the keyval package documentation for explanation.
Type  H <return>  for immediate help.
 ...                                              
                                                  
l.5336 ...r]{2025_05_12_ac3bc46a6f93dd973caag-228}
                                                  
Try typing  <return>  to proceed.
If that doesn't work, type  X <return>  to quit.

File: ./images/2025_05_12_ac3bc46a6f93dd973caag-228.jpg Graphic file (type bmp)

<./images/2025_05_12_ac3bc46a6f93dd973caag-228.jpg>

Overfull \hbox (807.30225pt too wide) in paragraph at lines 5336--5339
 [][] 
 []


LaTeX Warning: Float too large for page by 698.54205pt on input line 5340.



[253]

./cybersec_final.tex:5356: Package keyval Error: max width undefined.

See the keyval package documentation for explanation.
Type  H <return>  for immediate help.
 ...                                              
                                                  
l.5356 ...r]{2025_05_12_ac3bc46a6f93dd973caag-229}
                                                  
Try typing  <return>  to proceed.
If that doesn't work, type  X <return>  to quit.


./cybersec_final.tex:5356: Package keyval Error: center undefined.

See the keyval package documentation for explanation.
Type  H <return>  for immediate help.
 ...                                              
                                                  
l.5356 ...r]{2025_05_12_ac3bc46a6f93dd973caag-229}
                                                  
Try typing  <return>  to proceed.
If that doesn't work, type  X <return>  to quit.

File: ./images/2025_05_12_ac3bc46a6f93dd973caag-229.jpg Graphic file (type bmp)

<./images/2025_05_12_ac3bc46a6f93dd973caag-229.jpg>

Overfull \hbox (515.21164pt too wide) in paragraph at lines 5356--5357
 [][] 
 []

File: ./images/2025_05_12_ac3bc46a6f93dd973caag-230.jpg Graphic file (type bmp)

<./images/2025_05_12_ac3bc46a6f93dd973caag-230.jpg>


[254]

[255]

[256]

[257]

[258]

[259]

[260]
Overfull \hbox (437.9701pt too wide) in paragraph at lines 5513--5536
 [] 
 []


Overfull \hbox (1.5pt too wide) in paragraph at lines 5557--5557
[]\TU/lmtt/m/n/10 Received-SPF: pass (design.fake.com: domain of bonesen@molest
er.dk[] 
 []



[261]

[262]

[263]

[264]
Underfull \hbox (badness 10000) in paragraph at lines 5631--5632

 []


./cybersec_final.tex:5635: LaTeX Error: Lonely \item--perhaps a missing list en
vironment.

See the LaTeX manual or LaTeX Companion for explanation.
Type  H <return>  for immediate help.
 ...                                              
                                                  
l.5635 \item \textbf
                    {Independent of the Internet:} In order not to be distur...

Try typing  <return>  to proceed.
If that doesn't work, type  X <return>  to quit.


Underfull \hbox (badness 10000) detected at line 5635
[][]
 []


./cybersec_final.tex:5636: LaTeX Error: \begin{document} ended by \end{enumerat
e}.

See the LaTeX manual or LaTeX Companion for explanation.
Type  H <return>  for immediate help.
 ...                                              
                                                  
l.5636 \end{enumerate}
                      
Your command was ignored.
Type  I <command> <return>  to replace it with another command,
or  <return>  to continue without it.

./cybersec_final.tex:5636: Extra \endgroup.
\end  ...end#1\endcsname \@checkend {#1}\endgroup 
                                                  \UseHook {env/#1/after}\if...
l.5636 \end{enumerate}
                      
Things are pretty mixed up, but I think the worst is over.



[265]

./cybersec_final.tex:5644: Package keyval Error: max width undefined.

See the keyval package documentation for explanation.
Type  H <return>  for immediate help.
 ...                                              
                                                  
l.5644 ...r]{2025_05_12_ac3bc46a6f93dd973caag-241}
                                                  
Try typing  <return>  to proceed.
If that doesn't work, type  X <return>  to quit.


./cybersec_final.tex:5644: Package keyval Error: center undefined.

See the keyval package documentation for explanation.
Type  H <return>  for immediate help.
 ...                                              
                                                  
l.5644 ...r]{2025_05_12_ac3bc46a6f93dd973caag-241}
                                                  
Try typing  <return>  to proceed.
If that doesn't work, type  X <return>  to quit.

File: ./images/2025_05_12_ac3bc46a6f93dd973caag-241.jpg Graphic file (type bmp)

<./images/2025_05_12_ac3bc46a6f93dd973caag-241.jpg>

Overfull \hbox (520.23038pt too wide) in paragraph at lines 5644--5645
 [][] 
 []


./cybersec_final.tex:5654: Package keyval Error: max width undefined.

See the keyval package documentation for explanation.
Type  H <return>  for immediate help.
 ...                                              
                                                  
l.5654 ...r]{2025_05_12_ac3bc46a6f93dd973caag-242}
                                                  
Try typing  <return>  to proceed.
If that doesn't work, type  X <return>  to quit.


./cybersec_final.tex:5654: Package keyval Error: center undefined.

See the keyval package documentation for explanation.
Type  H <return>  for immediate help.
 ...                                              
                                                  
l.5654 ...r]{2025_05_12_ac3bc46a6f93dd973caag-242}
                                                  
Try typing  <return>  to proceed.
If that doesn't work, type  X <return>  to quit.

File: ./images/2025_05_12_ac3bc46a6f93dd973caag-242.jpg Graphic file (type bmp)

<./images/2025_05_12_ac3bc46a6f93dd973caag-242.jpg>

Overfull \hbox (118.73137pt too wide) in paragraph at lines 5654--5655
 [][] 
 []


LaTeX Warning: `h' float specifier changed to `ht'.



[266]
File: ./images/2025_05_12_ac3bc46a6f93dd973caag-243.jpg Graphic file (type bmp)

<./images/2025_05_12_ac3bc46a6f93dd973caag-243.jpg>


[267]

[268]

[269]

[270]

[271]

./cybersec_final.tex:5793: Package keyval Error: max width undefined.

See the keyval package documentation for explanation.
Type  H <return>  for immediate help.
 ...                                              
                                                  
l.5793 ...2025\_05\_12\_ac3bc46a6f93dd973caag-248}
                                                  
Try typing  <return>  to proceed.
If that doesn't work, type  X <return>  to quit.


./cybersec_final.tex:5793: Package keyval Error: center undefined.

See the keyval package documentation for explanation.
Type  H <return>  for immediate help.
 ...                                              
                                                  
l.5793 ...2025\_05\_12\_ac3bc46a6f93dd973caag-248}
                                                  
Try typing  <return>  to proceed.
If that doesn't work, type  X <return>  to quit.

File: ./images/2025_05_12_ac3bc46a6f93dd973caag-248.jpg Graphic file (type bmp)

<./images/2025_05_12_ac3bc46a6f93dd973caag-248.jpg>

Overfull \hbox (461.00926pt too wide) in paragraph at lines 5793--5794
 [][] 
 []


LaTeX Warning: Float too large for page by 159.61958pt on input line 5795.



[272]

[273]

./cybersec_final.tex:5845: Package keyval Error: max width undefined.

See the keyval package documentation for explanation.
Type  H <return>  for immediate help.
 ...                                              
                                                  
l.5845 ...2025\_05\_12\_ac3bc46a6f93dd973caag-251}
                                                  
Try typing  <return>  to proceed.
If that doesn't work, type  X <return>  to quit.

File: ./images/2025_05_12_ac3bc46a6f93dd973caag-251.jpg Graphic file (type bmp)

<./images/2025_05_12_ac3bc46a6f93dd973caag-251.jpg>

Overfull \hbox (154.86627pt too wide) in paragraph at lines 5845--5846
 [][] 
 []


./cybersec_final.tex:5857: Package keyval Error: max width undefined.

See the keyval package documentation for explanation.
Type  H <return>  for immediate help.
 ...                                              
                                                  
l.5857 ...5\_05\_12\_ac3bc46a6f93dd973caag-251(1)}
                                                  
Try typing  <return>  to proceed.
If that doesn't work, type  X <return>  to quit.

File: ./images/2025_05_12_ac3bc46a6f93dd973caag-251(1).jpg Graphic file (type b
mp)
<./images/2025_05_12_ac3bc46a6f93dd973caag-251(1).jpg>

Overfull \hbox (844.44083pt too wide) in paragraph at lines 5857--5861
 [][] 
 []


LaTeX Warning: Float too large for page by 39.9937pt on input line 5862.



[274]
File: ./images/2025_05_12_ac3bc46a6f93dd973caag-252(1).jpg Graphic file (type b
mp)
<./images/2025_05_12_ac3bc46a6f93dd973caag-252(1).jpg>


LaTeX Warning: `h' float specifier changed to `ht'.

File: ./images/2025_05_12_ac3bc46a6f93dd973caag-252.jpg Graphic file (type bmp)

<./images/2025_05_12_ac3bc46a6f93dd973caag-252.jpg>
File: ./images/2025_05_12_ac3bc46a6f93dd973caag-253.jpg Graphic file (type bmp)

<./images/2025_05_12_ac3bc46a6f93dd973caag-253.jpg>


[275]
./cybersec_final.tex:5927: Undefined control sequence.
<recently read> \multirow 
                          
l.5927 \multirow
                [t]{6}{*}{A-Z} & \multirow[t]{6}{*}{26} & 5 & 11 881 376 \\
The control sequence at the end of the top line
of your error message was never \def'ed. If you have
misspelled it (e.g., `\hobx'), type `I' and the correct
spelling (e.g., `I\hbox'). Otherwise just continue,
and I'll forget about whatever was undefined.

./cybersec_final.tex:5927: Undefined control sequence.
l.5927 \multirow[t]{6}{*}{A-Z} & \multirow
                                          [t]{6}{*}{26} & 5 & 11 881 376 \\
The control sequence at the end of the top line
of your error message was never \def'ed. If you have
misspelled it (e.g., `\hobx'), type `I' and the correct
spelling (e.g., `I\hbox'). Otherwise just continue,
and I'll forget about whatever was undefined.

./cybersec_final.tex:5939: Undefined control sequence.
<recently read> \multirow 
                          
l.5939 \multirow
                [t]{6}{*}{ISO-latin-1 printable} & \multirow[t]{6}{*}{218} &...
The control sequence at the end of the top line
of your error message was never \def'ed. If you have
misspelled it (e.g., `\hobx'), type `I' and the correct
spelling (e.g., `I\hbox'). Otherwise just continue,
and I'll forget about whatever was undefined.

./cybersec_final.tex:5939: Undefined control sequence.
l.5939 ...6}{*}{ISO-latin-1 printable} & \multirow
                                                  [t]{6}{*}{218} & 5 & 492 3...
The control sequence at the end of the top line
of your error message was never \def'ed. If you have
misspelled it (e.g., `\hobx'), type `I' and the correct
spelling (e.g., `I\hbox'). Otherwise just continue,
and I'll forget about whatever was undefined.


Overfull \hbox (69.46062pt too wide) in paragraph at lines 5923--5952
 [] 
 []


Underfull \vbox (badness 4328) has occurred while \output is active []



[276]
./cybersec_final.tex:5954: Misplaced \noalign.
\hline ->\noalign 
                  {\ifnum 0=`}\fi \hrule \@height \arrayrulewidth \futurelet...
l.5954 \hline
             
I expect to see \noalign only after the \cr of
an alignment. Proceed, and I'll ignore this case.

./cybersec_final.tex:5955: Misplaced alignment tab character &.
<recently read> &
                 
l.5955  &
           & 6 & 107334407093824 \\
I can't figure out why you would want to use a tab mark
here. If you just want an ampersand, the remedy is
simple: Just type `I\&' now. But if some right brace
up above has ended a previous alignment prematurely,
you're probably due for more error messages, and you
might try typing `S' now just to see what is salvageable.

./cybersec_final.tex:5955: Misplaced alignment tab character &.
l.5955  &  &
             6 & 107334407093824 \\
I can't figure out why you would want to use a tab mark
here. If you just want an ampersand, the remedy is
simple: Just type `I\&' now. But if some right brace
up above has ended a previous alignment prematurely,
you're probably due for more error messages, and you
might try typing `S' now just to see what is salvageable.

./cybersec_final.tex:5955: Misplaced alignment tab character &.
l.5955  &  & 6 &
                 107334407093824 \\
I can't figure out why you would want to use a tab mark
here. If you just want an ampersand, the remedy is
simple: Just type `I\&' now. But if some right brace
up above has ended a previous alignment prematurely,
you're probably due for more error messages, and you
might try typing `S' now just to see what is salvageable.

./cybersec_final.tex:5956: Misplaced \noalign.
\hline ->\noalign 
                  {\ifnum 0=`}\fi \hrule \@height \arrayrulewidth \futurelet...
l.5956 \hline
             
I expect to see \noalign only after the \cr of
an alignment. Proceed, and I'll ignore this case.


Underfull \hbox (badness 10000) in paragraph at lines 5955--5956

 []

./cybersec_final.tex:5957: Misplaced alignment tab character &.
<recently read> &
                 
l.5957  &
           & 7 & 23398900746453632 \\
I can't figure out why you would want to use a tab mark
here. If you just want an ampersand, the remedy is
simple: Just type `I\&' now. But if some right brace
up above has ended a previous alignment prematurely,
you're probably due for more error messages, and you
might try typing `S' now just to see what is salvageable.

./cybersec_final.tex:5957: Misplaced alignment tab character &.
l.5957  &  &
             7 & 23398900746453632 \\
I can't figure out why you would want to use a tab mark
here. If you just want an ampersand, the remedy is
simple: Just type `I\&' now. But if some right brace
up above has ended a previous alignment prematurely,
you're probably due for more error messages, and you
might try typing `S' now just to see what is salvageable.

./cybersec_final.tex:5957: Misplaced alignment tab character &.
l.5957  &  & 7 &
                 23398900746453632 \\
I can't figure out why you would want to use a tab mark
here. If you just want an ampersand, the remedy is
simple: Just type `I\&' now. But if some right brace
up above has ended a previous alignment prematurely,
you're probably due for more error messages, and you
might try typing `S' now just to see what is salvageable.

./cybersec_final.tex:5958: Misplaced \noalign.
\hline ->\noalign 
                  {\ifnum 0=`}\fi \hrule \@height \arrayrulewidth \futurelet...
l.5958 \hline
             
I expect to see \noalign only after the \cr of
an alignment. Proceed, and I'll ignore this case.


Underfull \hbox (badness 10000) in paragraph at lines 5957--5958

 []

./cybersec_final.tex:5959: Misplaced alignment tab character &.
<recently read> &
                 
l.5959  &
           & 8 & 5100960362726891776 \\
I can't figure out why you would want to use a tab mark
here. If you just want an ampersand, the remedy is
simple: Just type `I\&' now. But if some right brace
up above has ended a previous alignment prematurely,
you're probably due for more error messages, and you
might try typing `S' now just to see what is salvageable.

./cybersec_final.tex:5959: Misplaced alignment tab character &.
l.5959  &  &
             8 & 5100960362726891776 \\
I can't figure out why you would want to use a tab mark
here. If you just want an ampersand, the remedy is
simple: Just type `I\&' now. But if some right brace
up above has ended a previous alignment prematurely,
you're probably due for more error messages, and you
might try typing `S' now just to see what is salvageable.

./cybersec_final.tex:5959: Misplaced alignment tab character &.
l.5959  &  & 8 &
                 5100960362726891776 \\
I can't figure out why you would want to use a tab mark
here. If you just want an ampersand, the remedy is
simple: Just type `I\&' now. But if some right brace
up above has ended a previous alignment prematurely,
you're probably due for more error messages, and you
might try typing `S' now just to see what is salvageable.

./cybersec_final.tex:5960: Misplaced \noalign.
\hline ->\noalign 
                  {\ifnum 0=`}\fi \hrule \@height \arrayrulewidth \futurelet...
l.5960 \hline
             
I expect to see \noalign only after the \cr of
an alignment. Proceed, and I'll ignore this case.


Underfull \hbox (badness 10000) in paragraph at lines 5959--5960

 []

./cybersec_final.tex:5961: Misplaced alignment tab character &.
<recently read> &
                 
l.5961  &
           & 9 & 1112009359074462407168 \\
I can't figure out why you would want to use a tab mark
here. If you just want an ampersand, the remedy is
simple: Just type `I\&' now. But if some right brace
up above has ended a previous alignment prematurely,
you're probably due for more error messages, and you
might try typing `S' now just to see what is salvageable.

./cybersec_final.tex:5961: Misplaced alignment tab character &.
l.5961  &  &
             9 & 1112009359074462407168 \\
I can't figure out why you would want to use a tab mark
here. If you just want an ampersand, the remedy is
simple: Just type `I\&' now. But if some right brace
up above has ended a previous alignment prematurely,
you're probably due for more error messages, and you
might try typing `S' now just to see what is salvageable.

./cybersec_final.tex:5961: Misplaced alignment tab character &.
l.5961  &  & 9 &
                 1112009359074462407168 \\
I can't figure out why you would want to use a tab mark
here. If you just want an ampersand, the remedy is
simple: Just type `I\&' now. But if some right brace
up above has ended a previous alignment prematurely,
you're probably due for more error messages, and you
might try typing `S' now just to see what is salvageable.

./cybersec_final.tex:5962: Misplaced \noalign.
\hline ->\noalign 
                  {\ifnum 0=`}\fi \hrule \@height \arrayrulewidth \futurelet...
l.5962 \hline
             
I expect to see \noalign only after the \cr of
an alignment. Proceed, and I'll ignore this case.


Underfull \hbox (badness 10000) in paragraph at lines 5961--5962

 []

./cybersec_final.tex:5963: Misplaced alignment tab character &.
<recently read> &
                 
l.5963  &
           & 10 & 242418040278232804762624 \\
I can't figure out why you would want to use a tab mark
here. If you just want an ampersand, the remedy is
simple: Just type `I\&' now. But if some right brace
up above has ended a previous alignment prematurely,
you're probably due for more error messages, and you
might try typing `S' now just to see what is salvageable.

./cybersec_final.tex:5963: Misplaced alignment tab character &.
l.5963  &  &
             10 & 242418040278232804762624 \\
I can't figure out why you would want to use a tab mark
here. If you just want an ampersand, the remedy is
simple: Just type `I\&' now. But if some right brace
up above has ended a previous alignment prematurely,
you're probably due for more error messages, and you
might try typing `S' now just to see what is salvageable.

./cybersec_final.tex:5963: Misplaced alignment tab character &.
l.5963  &  & 10 &
                  242418040278232804762624 \\
I can't figure out why you would want to use a tab mark
here. If you just want an ampersand, the remedy is
simple: Just type `I\&' now. But if some right brace
up above has ended a previous alignment prematurely,
you're probably due for more error messages, and you
might try typing `S' now just to see what is salvageable.

./cybersec_final.tex:5964: Misplaced \noalign.
\hline ->\noalign 
                  {\ifnum 0=`}\fi \hrule \@height \arrayrulewidth \futurelet...
l.5964 \hline
             
I expect to see \noalign only after the \cr of
an alignment. Proceed, and I'll ignore this case.


Underfull \hbox (badness 10000) in paragraph at lines 5963--5964

 []

./cybersec_final.tex:5965: Misplaced \crcr.
\endtabular ->\crcr 
                    \egroup \egroup $\egroup 
l.5965 \end{tabular}
                    
I can't figure out why you would want to use a tab mark
or \cr or \span just now. If something like a right brace
up above has ended a previous alignment prematurely,
you're probably due for more error messages, and you
might try typing `S' now just to see what is salvageable.

./cybersec_final.tex:5965: Too many }'s.
\endtabular ->\crcr \egroup 
                            \egroup $\egroup 
l.5965 \end{tabular}
                    
You've closed more groups than you opened.
Such booboos are generally harmless, so keep going.

./cybersec_final.tex:5965: Too many }'s.
\endtabular ->\crcr \egroup \egroup 
                                    $\egroup 
l.5965 \end{tabular}
                    
You've closed more groups than you opened.
Such booboos are generally harmless, so keep going.

./cybersec_final.tex:5965: Extra }, or forgotten $.
<recently read> \egroup 
                        
l.5965 \end{tabular}
                    
I've deleted a group-closing symbol because it seems to be
spurious, as in `$x}$'. But perhaps the } is legitimate and
you forgot something else, as in `\hbox{$x}'. In such cases
the way to recover is to insert both the forgotten and the
deleted material, e.g., by typing `I$}'.


./cybersec_final.tex:5965: LaTeX Error: \begin{document} ended by \end{tabular}
.

See the LaTeX manual or LaTeX Companion for explanation.
Type  H <return>  for immediate help.
 ...                                              
                                                  
l.5965 \end{tabular}
                    
Your command was ignored.
Type  I <command> <return>  to replace it with another command,
or  <return>  to continue without it.

./cybersec_final.tex:5965: Missing $ inserted.
<inserted text> 
                $
l.5965 \end{tabular}
                    
I've inserted something that you may have forgotten.
(See the <inserted text> above.)
With luck, this will get me unwedged. But if you
really didn't forget anything, try typing `2' now; then
my insertion and my current dilemma will both disappear.

./cybersec_final.tex:5965: Extra \endgroup.
<recently read> \endgroup 
                          
l.5965 \end{tabular}
                    
Things are pretty mixed up, but I think the worst is over.


./cybersec_final.tex:5966: LaTeX Error: \begin{document} ended by \end{center}.


See the LaTeX manual or LaTeX Companion for explanation.
Type  H <return>  for immediate help.
 ...                                              
                                                  
l.5966 \end{center}
                   
Your command was ignored.
Type  I <command> <return>  to replace it with another command,
or  <return>  to continue without it.

./cybersec_final.tex:5966: Extra \endgroup.
\end  ...end#1\endcsname \@checkend {#1}\endgroup 
                                                  \UseHook {env/#1/after}\if...
l.5966 \end{center}
                   
Things are pretty mixed up, but I think the worst is over.

File: ./images/2025_05_12_ac3bc46a6f93dd973caag-255.jpg Graphic file (type bmp)

<./images/2025_05_12_ac3bc46a6f93dd973caag-255.jpg>


[277]

[278]

[279]

[280]
File: ./images/2025_05_12_ac3bc46a6f93dd973caag-258.jpg Graphic file (type bmp)

<./images/2025_05_12_ac3bc46a6f93dd973caag-258.jpg>
File: ./images/2025_05_12_ac3bc46a6f93dd973caag-259.jpg Graphic file (type bmp)

<./images/2025_05_12_ac3bc46a6f93dd973caag-259.jpg>


[281]

./cybersec_final.tex:6091: Package keyval Error: max width undefined.

See the keyval package documentation for explanation.
Type  H <return>  for immediate help.
 ...                                              
                                                  
l.6091 ...r]{2025_05_12_ac3bc46a6f93dd973caag-261}
                                                  
Try typing  <return>  to proceed.
If that doesn't work, type  X <return>  to quit.


./cybersec_final.tex:6091: Package keyval Error: center undefined.

See the keyval package documentation for explanation.
Type  H <return>  for immediate help.
 ...                                              
                                                  
l.6091 ...r]{2025_05_12_ac3bc46a6f93dd973caag-261}
                                                  
Try typing  <return>  to proceed.
If that doesn't work, type  X <return>  to quit.

File: ./images/2025_05_12_ac3bc46a6f93dd973caag-261.jpg Graphic file (type bmp)

<./images/2025_05_12_ac3bc46a6f93dd973caag-261.jpg>

Overfull \hbox (349.59328pt too wide) in paragraph at lines 6091--6092
 [][] 
 []



[282]

[283]

[284]

[285]

[286]
Overfull \hbox (14.09015pt too wide) in paragraph at lines 6193--6210
 [] 
 []

./cybersec_final.tex:6235: Undefined control sequence.
\@sharp ->\multirow 
                    {5}{*}{}
l.6235 \multicolumn{2}{|c|}{\multirow{5}{*}{}}
                                               & User B & R \\
The control sequence at the end of the top line
of your error message was never \def'ed. If you have
misspelled it (e.g., `\hobx'), type `I' and the correct
spelling (e.g., `I\hbox'). Otherwise just continue,
and I'll forget about whatever was undefined.

File: ./images/2025_05_12_ac3bc46a6f93dd973caag-266.jpg Graphic file (type bmp)

<./images/2025_05_12_ac3bc46a6f93dd973caag-266.jpg>

LaTeX Warning: Float too large for page by 43.11809pt on input line 6251.



[287]
File: ./images/2025_05_12_ac3bc46a6f93dd973caag-266(1).jpg Graphic file (type b
mp)
<./images/2025_05_12_ac3bc46a6f93dd973caag-266(1).jpg>
File: ./images/2025_05_12_ac3bc46a6f93dd973caag-267.jpg Graphic file (type bmp)

<./images/2025_05_12_ac3bc46a6f93dd973caag-267.jpg>


[288]

[289]

./cybersec_final.tex:6323: Package keyval Error: max width undefined.

See the keyval package documentation for explanation.
Type  H <return>  for immediate help.
 ...                                              
                                                  
l.6323 ...r]{2025_05_12_ac3bc46a6f93dd973caag-269}
                                                  
Try typing  <return>  to proceed.
If that doesn't work, type  X <return>  to quit.


./cybersec_final.tex:6323: Package keyval Error: center undefined.

See the keyval package documentation for explanation.
Type  H <return>  for immediate help.
 ...                                              
                                                  
l.6323 ...r]{2025_05_12_ac3bc46a6f93dd973caag-269}
                                                  
Try typing  <return>  to proceed.
If that doesn't work, type  X <return>  to quit.

File: ./images/2025_05_12_ac3bc46a6f93dd973caag-269.jpg Graphic file (type bmp)

<./images/2025_05_12_ac3bc46a6f93dd973caag-269.jpg>

Overfull \hbox (453.98303pt too wide) in paragraph at lines 6323--6324
[][] 
 []


LaTeX Warning: Float too large for page by 49.32986pt on input line 6325.


./cybersec_final.tex:6326: LaTeX Error: \begin{document} ended by \end{itemize}
.

See the LaTeX manual or LaTeX Companion for explanation.
Type  H <return>  for immediate help.
 ...                                              
                                                  
l.6326 \end{itemize}
                    
Your command was ignored.
Type  I <command> <return>  to replace it with another command,
or  <return>  to continue without it.

./cybersec_final.tex:6326: Extra \endgroup.
\end  ...end#1\endcsname \@checkend {#1}\endgroup 
                                                  \UseHook {env/#1/after}\if...
l.6326 \end{itemize}
                    
Things are pretty mixed up, but I think the worst is over.



[290]

[291]

[292]
File: ./images/2025_05_12_ac3bc46a6f93dd973caag-272.jpg Graphic file (type bmp)

<./images/2025_05_12_ac3bc46a6f93dd973caag-272.jpg>
File: ./images/2025_05_12_ac3bc46a6f93dd973caag-273.jpg Graphic file (type bmp)

<./images/2025_05_12_ac3bc46a6f93dd973caag-273.jpg>


[293]
./cybersec_final.tex:6483: Undefined control sequence.
<recently read> \multirow 
                          
l.6483 \multirow
                {13}{*}{\begin{tabular}{l}
The control sequence at the end of the top line
of your error message was never \def'ed. If you have
misspelled it (e.g., `\hobx'), type `I' and the correct
spelling (e.g., `I\hbox'). Otherwise just continue,
and I'll forget about whatever was undefined.


Underfull \vbox (badness 10000) has occurred while \output is active []



[294]

./cybersec_final.tex:6518: Package keyval Error: max width undefined.

See the keyval package documentation for explanation.
Type  H <return>  for immediate help.
 ...                                              
                                                  
l.6518 ...h]{2025_05_12_ac3bc46a6f93dd973caag-274}
                                                  
Try typing  <return>  to proceed.
If that doesn't work, type  X <return>  to quit.

File: ./images/2025_05_12_ac3bc46a6f93dd973caag-274.jpg Graphic file (type bmp)

<./images/2025_05_12_ac3bc46a6f93dd973caag-274.jpg>

Overfull \hbox (744.06607pt too wide) in paragraph at lines 6518--6519
 [][] 
 []


./cybersec_final.tex:6530: Package keyval Error: max width undefined.

See the keyval package documentation for explanation.
Type  H <return>  for immediate help.
 ...                                              
                                                  
l.6530 ...r]{2025_05_12_ac3bc46a6f93dd973caag-275}
                                                  
Try typing  <return>  to proceed.
If that doesn't work, type  X <return>  to quit.


./cybersec_final.tex:6530: Package keyval Error: center undefined.

See the keyval package documentation for explanation.
Type  H <return>  for immediate help.
 ...                                              
                                                  
l.6530 ...r]{2025_05_12_ac3bc46a6f93dd973caag-275}
                                                  
Try typing  <return>  to proceed.
If that doesn't work, type  X <return>  to quit.

File: ./images/2025_05_12_ac3bc46a6f93dd973caag-275.jpg Graphic file (type bmp)

<./images/2025_05_12_ac3bc46a6f93dd973caag-275.jpg>

Overfull \hbox (751.0923pt too wide) in paragraph at lines 6530--6531
 [][] 
 []


LaTeX Warning: Float too large for page by 538.87114pt on input line 6532.



[295]
Overfull \hbox (5.72003pt too wide) in paragraph at lines 6550--6551
[]\TU/lmr/m/n/10 HKLM\HARDWARE, which contains information about the system’s h
ard-
 []



[296]
File: ./images/2025_05_12_ac3bc46a6f93dd973caag-277.jpg Graphic file (type bmp)

<./images/2025_05_12_ac3bc46a6f93dd973caag-277.jpg>


[297]

./cybersec_final.tex:6591: Package keyval Error: max width undefined.

See the keyval package documentation for explanation.
Type  H <return>  for immediate help.
 ...                                              
                                                  
l.6591 ...2025\_05\_12\_ac3bc46a6f93dd973caag-279}
                                                  
Try typing  <return>  to proceed.
If that doesn't work, type  X <return>  to quit.


./cybersec_final.tex:6591: Package keyval Error: center undefined.

See the keyval package documentation for explanation.
Type  H <return>  for immediate help.
 ...                                              
                                                  
l.6591 ...2025\_05\_12\_ac3bc46a6f93dd973caag-279}
                                                  
Try typing  <return>  to proceed.
If that doesn't work, type  X <return>  to quit.

File: ./images/2025_05_12_ac3bc46a6f93dd973caag-279.jpg Graphic file (type bmp)

<./images/2025_05_12_ac3bc46a6f93dd973caag-279.jpg>

Overfull \hbox (760.1261pt too wide) in paragraph at lines 6591--6592
 [][] 
 []


LaTeX Warning: `h' float specifier changed to `ht'.



[298]

[299]
Underfull \hbox (badness 10000) in paragraph at lines 6617--6618

 []


./cybersec_final.tex:6621: LaTeX Error: Lonely \item--perhaps a missing list en
vironment.

See the LaTeX manual or LaTeX Companion for explanation.
Type  H <return>  for immediate help.
 ...                                              
                                                  
l.6621   \item \textbf
                      {Prevention of tampering:} This requirement is very ha...

Try typing  <return>  to proceed.
If that doesn't work, type  X <return>  to quit.


Underfull \hbox (badness 10000) detected at line 6621
[][]
 []


./cybersec_final.tex:6622: LaTeX Error: Lonely \item--perhaps a missing list en
vironment.

See the LaTeX manual or LaTeX Companion for explanation.
Type  H <return>  for immediate help.
 ...                                              
                                                  
l.6622   \item \textbf
                      {Demonstration of correctness:} In many common operati...

Try typing  <return>  to proceed.
If that doesn't work, type  X <return>  to quit.


Underfull \hbox (badness 10000) detected at line 6622
[][]
 []



[300]

./cybersec_final.tex:6623: LaTeX Error: \begin{document} ended by \end{itemize}
.

See the LaTeX manual or LaTeX Companion for explanation.
Type  H <return>  for immediate help.
 ...                                              
                                                  
l.6623 \end{itemize}
                    
Your command was ignored.
Type  I <command> <return>  to replace it with another command,
or  <return>  to continue without it.

./cybersec_final.tex:6623: Extra \endgroup.
\end  ...end#1\endcsname \@checkend {#1}\endgroup 
                                                  \UseHook {env/#1/after}\if...
l.6623 \end{itemize}
                    
Things are pretty mixed up, but I think the worst is over.



[301]
Underfull \vbox (badness 10000) has occurred while \output is active []



[302]

./cybersec_final.tex:6687: Package keyval Error: max width undefined.

See the keyval package documentation for explanation.
Type  H <return>  for immediate help.
 ...                                              
                                                  
l.6687 ...r]{2025_05_12_ac3bc46a6f93dd973caag-284}
                                                  
Try typing  <return>  to proceed.
If that doesn't work, type  X <return>  to quit.


./cybersec_final.tex:6687: Package keyval Error: center undefined.

See the keyval package documentation for explanation.
Type  H <return>  for immediate help.
 ...                                              
                                                  
l.6687 ...r]{2025_05_12_ac3bc46a6f93dd973caag-284}
                                                  
Try typing  <return>  to proceed.
If that doesn't work, type  X <return>  to quit.

File: ./images/2025_05_12_ac3bc46a6f93dd973caag-284.jpg Graphic file (type bmp)

<./images/2025_05_12_ac3bc46a6f93dd973caag-284.jpg>

Overfull \hbox (678.82251pt too wide) in paragraph at lines 6687--6688
 [][] 
 []


LaTeX Warning: Float too large for page by 158.00708pt on input line 6689.


./cybersec_final.tex:6691: LaTeX Error: \begin{document} ended by \end{itemize}
.

See the LaTeX manual or LaTeX Companion for explanation.
Type  H <return>  for immediate help.
 ...                                              
                                                  
l.6691 \end{itemize}
                    
Your command was ignored.
Type  I <command> <return>  to replace it with another command,
or  <return>  to continue without it.

./cybersec_final.tex:6691: Extra \endgroup.
\end  ...end#1\endcsname \@checkend {#1}\endgroup 
                                                  \UseHook {env/#1/after}\if...
l.6691 \end{itemize}
                    
Things are pretty mixed up, but I think the worst is over.



[303]

[304]

[305]
File: ./images/2025_05_12_ac3bc46a6f93dd973caag-286.jpg Graphic file (type bmp)

<./images/2025_05_12_ac3bc46a6f93dd973caag-286.jpg>


[306]

[307]

[308]

[309]

[310]
./cybersec_final.tex:6853: Too many }'s.
<recently read> }
                 
l.6853 ...now the exact details of the network in}
                                                  
You've closed more groups than you opened.
Such booboos are generally harmless, so keep going.



[311]

[312]
File: ./images/2025_05_12_ac3bc46a6f93dd973caag-294.jpg Graphic file (type bmp)

<./images/2025_05_12_ac3bc46a6f93dd973caag-294.jpg>


LaTeX Warning: `h' float specifier changed to `ht'.



[313]

[314]
Overfull \hbox (13.59004pt too wide) in paragraph at lines 6985--6994
 [][] 
 []

File: ./images/2025_05_12_ac3bc46a6f93dd973caag-296.jpg Graphic file (type bmp)

<./images/2025_05_12_ac3bc46a6f93dd973caag-296.jpg>

LaTeX Warning: Float too large for page by 920.57158pt on input line 7001.



[315]
./cybersec_final.tex:7018: Undefined control sequence.
<argument> \euro 
                 
l.7018 ...ith catalogue number 555A, which cost $€
                                                   10$ each, to be delivered...
The control sequence at the end of the top line
of your error message was never \def'ed. If you have
misspelled it (e.g., `\hobx'), type `I' and the correct
spelling (e.g., `I\hbox'). Otherwise just continue,
and I'll forget about whatever was undefined.

./cybersec_final.tex:7018: Undefined control sequence.
<argument> \firstchoice@false \euro 
                                    
l.7018 ...ith catalogue number 555A, which cost $€
                                                   10$ each, to be delivered...
The control sequence at the end of the top line
of your error message was never \def'ed. If you have
misspelled it (e.g., `\hobx'), type `I' and the correct
spelling (e.g., `I\hbox'). Otherwise just continue,
and I'll forget about whatever was undefined.

./cybersec_final.tex:7018: Undefined control sequence.
<argument> \firstchoice@false \euro 
                                    
l.7018 ...ith catalogue number 555A, which cost $€
                                                   10$ each, to be delivered...
The control sequence at the end of the top line
of your error message was never \def'ed. If you have
misspelled it (e.g., `\hobx'), type `I' and the correct
spelling (e.g., `I\hbox'). Otherwise just continue,
and I'll forget about whatever was undefined.

./cybersec_final.tex:7018: Undefined control sequence.
<argument> \firstchoice@false \euro 
                                    
l.7018 ...ith catalogue number 555A, which cost $€
                                                   10$ each, to be delivered...
The control sequence at the end of the top line
of your error message was never \def'ed. If you have
misspelled it (e.g., `\hobx'), type `I' and the correct
spelling (e.g., `I\hbox'). Otherwise just continue,
and I'll forget about whatever was undefined.

./cybersec_final.tex:7018: Undefined control sequence.
<argument> \euro 
                 
l.7018 ...il, and where the transport costs are $€
                                                   5$, the final URI could l...
The control sequence at the end of the top line
of your error message was never \def'ed. If you have
misspelled it (e.g., `\hobx'), type `I' and the correct
spelling (e.g., `I\hbox'). Otherwise just continue,
and I'll forget about whatever was undefined.

./cybersec_final.tex:7018: Undefined control sequence.
<argument> \firstchoice@false \euro 
                                    
l.7018 ...il, and where the transport costs are $€
                                                   5$, the final URI could l...
The control sequence at the end of the top line
of your error message was never \def'ed. If you have
misspelled it (e.g., `\hobx'), type `I' and the correct
spelling (e.g., `I\hbox'). Otherwise just continue,
and I'll forget about whatever was undefined.

./cybersec_final.tex:7018: Undefined control sequence.
<argument> \firstchoice@false \euro 
                                    
l.7018 ...il, and where the transport costs are $€
                                                   5$, the final URI could l...
The control sequence at the end of the top line
of your error message was never \def'ed. If you have
misspelled it (e.g., `\hobx'), type `I' and the correct
spelling (e.g., `I\hbox'). Otherwise just continue,
and I'll forget about whatever was undefined.

./cybersec_final.tex:7018: Undefined control sequence.
<argument> \firstchoice@false \euro 
                                    
l.7018 ...il, and where the transport costs are $€
                                                   5$, the final URI could l...
The control sequence at the end of the top line
of your error message was never \def'ed. If you have
misspelled it (e.g., `\hobx'), type `I' and the correct
spelling (e.g., `I\hbox'). Otherwise just continue,
and I'll forget about whatever was undefined.

./cybersec_final.tex:7021: Undefined control sequence.
<argument> \euro 
                 
l.7021 ...er, so for example the total price of $€
                                                   205$ is altered to € 105 .
The control sequence at the end of the top line
of your error message was never \def'ed. If you have
misspelled it (e.g., `\hobx'), type `I' and the correct
spelling (e.g., `I\hbox'). Otherwise just continue,
and I'll forget about whatever was undefined.

./cybersec_final.tex:7021: Undefined control sequence.
<argument> \firstchoice@false \euro 
                                    
l.7021 ...er, so for example the total price of $€
                                                   205$ is altered to € 105 .
The control sequence at the end of the top line
of your error message was never \def'ed. If you have
misspelled it (e.g., `\hobx'), type `I' and the correct
spelling (e.g., `I\hbox'). Otherwise just continue,
and I'll forget about whatever was undefined.

./cybersec_final.tex:7021: Undefined control sequence.
<argument> \firstchoice@false \euro 
                                    
l.7021 ...er, so for example the total price of $€
                                                   205$ is altered to € 105 .
The control sequence at the end of the top line
of your error message was never \def'ed. If you have
misspelled it (e.g., `\hobx'), type `I' and the correct
spelling (e.g., `I\hbox'). Otherwise just continue,
and I'll forget about whatever was undefined.

./cybersec_final.tex:7021: Undefined control sequence.
<argument> \firstchoice@false \euro 
                                    
l.7021 ...er, so for example the total price of $€
                                                   205$ is altered to € 105 .
The control sequence at the end of the top line
of your error message was never \def'ed. If you have
misspelled it (e.g., `\hobx'), type `I' and the correct
spelling (e.g., `I\hbox'). Otherwise just continue,
and I'll forget about whatever was undefined.

./cybersec_final.tex:7021: Undefined control sequence.
€->\ifmmode \text {\euro }\else \euro 
                                        \fi 
l.7021 ...e total price of $€ 205$ is altered to €
                                                   105 .
The control sequence at the end of the top line
of your error message was never \def'ed. If you have
misspelled it (e.g., `\hobx'), type `I' and the correct
spelling (e.g., `I\hbox'). Otherwise just continue,
and I'll forget about whatever was undefined.



[316]

[317]

[318]
Overfull \hbox (5.13002pt too wide) in paragraph at lines 7061--7062
[]\TU/lmr/m/it/10 American Fuzzy Lop (AFL)\TU/lmr/m/n/10 , an open source tool 
available at [][]http://lcamtuf[][].
 []



[319]

[320]
File: ./images/2025_05_12_ac3bc46a6f93dd973caag-302.jpg Graphic file (type bmp)

<./images/2025_05_12_ac3bc46a6f93dd973caag-302.jpg>


./cybersec_final.tex:7136: Package keyval Error: max width undefined.

See the keyval package documentation for explanation.
Type  H <return>  for immediate help.
 ...                                              
                                                  
l.7136 ...r]{2025_05_12_ac3bc46a6f93dd973caag-303}
                                                  \\
Try typing  <return>  to proceed.
If that doesn't work, type  X <return>  to quit.


./cybersec_final.tex:7136: Package keyval Error: center undefined.

See the keyval package documentation for explanation.
Type  H <return>  for immediate help.
 ...                                              
                                                  
l.7136 ...r]{2025_05_12_ac3bc46a6f93dd973caag-303}
                                                  \\
Try typing  <return>  to proceed.
If that doesn't work, type  X <return>  to quit.

File: ./images/2025_05_12_ac3bc46a6f93dd973caag-303.jpg Graphic file (type bmp)

<./images/2025_05_12_ac3bc46a6f93dd973caag-303.jpg>

Overfull \hbox (581.45897pt too wide) in paragraph at lines 7136--7136
 [][] 
 []


./cybersec_final.tex:7138: Package keyval Error: max width undefined.

See the keyval package documentation for explanation.
Type  H <return>  for immediate help.
 ...                                              
                                                  
l.7138 ...2025_05_12_ac3bc46a6f93dd973caag-303(2)}
                                                  \\
Try typing  <return>  to proceed.
If that doesn't work, type  X <return>  to quit.


./cybersec_final.tex:7138: Package keyval Error: center undefined.

See the keyval package documentation for explanation.
Type  H <return>  for immediate help.
 ...                                              
                                                  
l.7138 ...2025_05_12_ac3bc46a6f93dd973caag-303(2)}
                                                  \\
Try typing  <return>  to proceed.
If that doesn't work, type  X <return>  to quit.

File: ./images/2025_05_12_ac3bc46a6f93dd973caag-303(2).jpg Graphic file (type b
mp)
<./images/2025_05_12_ac3bc46a6f93dd973caag-303(2).jpg>

Overfull \hbox (583.46649pt too wide) in paragraph at lines 7138--7138
 [][] 
 []


./cybersec_final.tex:7140: Package keyval Error: max width undefined.

See the keyval package documentation for explanation.
Type  H <return>  for immediate help.
 ...                                              
                                                  
l.7140 ...2025_05_12_ac3bc46a6f93dd973caag-303(1)}
                                                  
Try typing  <return>  to proceed.
If that doesn't work, type  X <return>  to quit.


./cybersec_final.tex:7140: Package keyval Error: center undefined.

See the keyval package documentation for explanation.
Type  H <return>  for immediate help.
 ...                                              
                                                  
l.7140 ...2025_05_12_ac3bc46a6f93dd973caag-303(1)}
                                                  
Try typing  <return>  to proceed.
If that doesn't work, type  X <return>  to quit.

File: ./images/2025_05_12_ac3bc46a6f93dd973caag-303(1).jpg Graphic file (type b
mp)
<./images/2025_05_12_ac3bc46a6f93dd973caag-303(1).jpg>

Overfull \hbox (583.46649pt too wide) in paragraph at lines 7140--7141
 [][] 
 []


LaTeX Warning: Float too large for page by 121.18477pt on input line 7142.



[321]

[322]

./cybersec_final.tex:7164: LaTeX Error: Too many unprocessed floats.

See the LaTeX manual or LaTeX Companion for explanation.
Type  H <return>  for immediate help.
 ...                                              
                                                  
l.7164 \begin{figure}[t]
                        
You've lost some text.  Try typing  <return>  to proceed.
If that doesn't work, type  X <return>  to quit.

./cybersec_final.tex:7164: Undefined control sequence.
\@xfloat ...@fltovf \fi \global \setbox \@currbox 
                                                  \color@vbox \normalcolor \...
l.7164 \begin{figure}[t]
                        
The control sequence at the end of the top line
of your error message was never \def'ed. If you have
misspelled it (e.g., `\hobx'), type `I' and the correct
spelling (e.g., `I\hbox'). Otherwise just continue,
and I'll forget about whatever was undefined.

./cybersec_final.tex:7164: Missing number, treated as zero.
<to be read again> 
                   \vbox 
l.7164 \begin{figure}[t]
                        
A number should have been here; I inserted `0'.
(If you can't figure out why I needed to see a number,
look up `weird error' in the index to The TeXbook.)

File: ./images/2025_05_12_ac3bc46a6f93dd973caag-305.jpg Graphic file (type bmp)

<./images/2025_05_12_ac3bc46a6f93dd973caag-305.jpg>
./cybersec_final.tex:7168: Undefined control sequence.
\@largefloatcheck ->\ifdim \ht \@currbox 
                                         >\textheight \@tempdima -\textheigh...
l.7168 \end{figure}
                   
The control sequence at the end of the top line
of your error message was never \def'ed. If you have
misspelled it (e.g., `\hobx'), type `I' and the correct
spelling (e.g., `I\hbox'). Otherwise just continue,
and I'll forget about whatever was undefined.

./cybersec_final.tex:7168: Missing number, treated as zero.
<to be read again> 
                   >
l.7168 \end{figure}
                   
A number should have been here; I inserted `0'.
(If you can't figure out why I needed to see a number,
look up `weird error' in the index to The TeXbook.)

./cybersec_final.tex:7168: Undefined control sequence.
<argument> \@currbox 
                     
l.7168 \end{figure}
                   
The control sequence at the end of the top line
of your error message was never \def'ed. If you have
misspelled it (e.g., `\hobx'), type `I' and the correct
spelling (e.g., `I\hbox'). Otherwise just continue,
and I'll forget about whatever was undefined.

./cybersec_final.tex:7169: Argument of \@xnext has an extra }.
<inserted text> 
                \par 
l.7169 
       
I've run across a `}' that doesn't seem to match anything.
For example, `\def\a#1{...}' and `\a}' would produce
this error. If you simply proceed now, the `\par' that
I've just inserted will cause me to report a runaway
argument that might be the root of the problem. But if
your `}' was spurious, just type `2' and it will go away.

Runaway argument?
\@currbox \@currlist \ifnum \count \@currbox >\z@ \advance \@pageht \@pagedp \E
TC.
./cybersec_final.tex:7169: Paragraph ended before \@xnext was complete.
<to be read again> 
                   \par 
l.7169 
       
I suspect you've forgotten a `}', causing me to apply this
control sequence to too much text. How can we recover?
My plan is to forget the whole thing and hope for the best.


./cybersec_final.tex:7177: LaTeX Error: Too many unprocessed floats.

See the LaTeX manual or LaTeX Companion for explanation.
Type  H <return>  for immediate help.
 ...                                              
                                                  
l.7177 \begin{figure}[t]
                        
You've lost some text.  Try typing  <return>  to proceed.
If that doesn't work, type  X <return>  to quit.

./cybersec_final.tex:7177: Undefined control sequence.
\@xfloat ...@fltovf \fi \global \setbox \@currbox 
                                                  \color@vbox \normalcolor \...
l.7177 \begin{figure}[t]
                        
The control sequence at the end of the top line
of your error message was never \def'ed. If you have
misspelled it (e.g., `\hobx'), type `I' and the correct
spelling (e.g., `I\hbox'). Otherwise just continue,
and I'll forget about whatever was undefined.

./cybersec_final.tex:7177: Missing number, treated as zero.
<to be read again> 
                   \vbox 
l.7177 \begin{figure}[t]
                        
A number should have been here; I inserted `0'.
(If you can't figure out why I needed to see a number,
look up `weird error' in the index to The TeXbook.)

File: ./images/2025_05_12_ac3bc46a6f93dd973caag-305(1).jpg Graphic file (type b
mp)
<./images/2025_05_12_ac3bc46a6f93dd973caag-305(1).jpg>
./cybersec_final.tex:7181: Undefined control sequence.
\@largefloatcheck ->\ifdim \ht \@currbox 
                                         >\textheight \@tempdima -\textheigh...
l.7181 \end{figure}
                   
The control sequence at the end of the top line
of your error message was never \def'ed. If you have
misspelled it (e.g., `\hobx'), type `I' and the correct
spelling (e.g., `I\hbox'). Otherwise just continue,
and I'll forget about whatever was undefined.

./cybersec_final.tex:7181: Missing number, treated as zero.
<to be read again> 
                   >
l.7181 \end{figure}
                   
A number should have been here; I inserted `0'.
(If you can't figure out why I needed to see a number,
look up `weird error' in the index to The TeXbook.)

./cybersec_final.tex:7181: Undefined control sequence.
<argument> \@currbox 
                     
l.7181 \end{figure}
                   
The control sequence at the end of the top line
of your error message was never \def'ed. If you have
misspelled it (e.g., `\hobx'), type `I' and the correct
spelling (e.g., `I\hbox'). Otherwise just continue,
and I'll forget about whatever was undefined.

./cybersec_final.tex:7181: Missing number, treated as zero.
<to be read again> 
                   \@elt 
l.7181 \end{figure}
                   
A number should have been here; I inserted `0'.
(If you can't figure out why I needed to see a number,
look up `weird error' in the index to The TeXbook.)

./cybersec_final.tex:7181: Missing = inserted for \ifnum.
<to be read again> 
                   \@elt 
l.7181 \end{figure}
                   
I was expecting to see `<', `=', or `>'. Didn't.

./cybersec_final.tex:7181: Missing number, treated as zero.
<to be read again> 
                   \@elt 
l.7181 \end{figure}
                   
A number should have been here; I inserted `0'.
(If you can't figure out why I needed to see a number,
look up `weird error' in the index to The TeXbook.)


./cybersec_final.tex:7181: LaTeX Error: This may be a LaTeX bug.

See the LaTeX manual or LaTeX Companion for explanation.
Type  H <return>  for immediate help.
 ...                                              
                                                  
l.7181 \end{figure}
                   
Call for help

./cybersec_final.tex:7181: Undefined control sequence.
\@addmarginpar ...advance \@tempdima \ht \@marbox 
                                                  \ifdim \@tempdima >\z@ \@l...
l.7181 \end{figure}
                   
The control sequence at the end of the top line
of your error message was never \def'ed. If you have
misspelled it (e.g., `\hobx'), type `I' and the correct
spelling (e.g., `I\hbox'). Otherwise just continue,
and I'll forget about whatever was undefined.

./cybersec_final.tex:7181: Bad register code (-40663285).
\@addmarginpar ...e \space moved}\else \@tempdima 
                                                  \z@ \fi \global \@mparbott...
l.7181 \end{figure}
                   
A register number must be between 0 and 32767.
I changed this one to zero.

./cybersec_final.tex:7181: Missing number, treated as zero.
<to be read again> 
                   \global 
l.7181 \end{figure}
                   
A number should have been here; I inserted `0'.
(If you can't figure out why I needed to see a number,
look up `weird error' in the index to The TeXbook.)

./cybersec_final.tex:7181: Illegal unit of measure (pt inserted).
<to be read again> 
                   \global 
l.7181 \end{figure}
                   
Dimensions can be in units of em, ex, in, pt, pc,
cm, mm, dd, cc, bp, or sp; but yours is a new one!
I'll assume that you meant to say pt, for printer's points.
To recover gracefully from this error, it's best to
delete the erroneous units; e.g., type `2' to delete
two letters. (See Chapter 27 of The TeXbook.)

./cybersec_final.tex:7181: Undefined control sequence.
\@addmarginpar ...vance \@mparbottom \dp \@marbox 
                                                  \global \advance \@mparbot...
l.7181 \end{figure}
                   
The control sequence at the end of the top line
of your error message was never \def'ed. If you have
misspelled it (e.g., `\hobx'), type `I' and the correct
spelling (e.g., `I\hbox'). Otherwise just continue,
and I'll forget about whatever was undefined.

./cybersec_final.tex:7181: Missing number, treated as zero.
<to be read again> 
                   \global 
l.7181 \end{figure}
                   
A number should have been here; I inserted `0'.
(If you can't figure out why I needed to see a number,
look up `weird error' in the index to The TeXbook.)

./cybersec_final.tex:7181: Undefined control sequence.
\@addmarginpar ...dvance \@tempdima -\ht \@marbox 
                                                  \global \setbox \@marbox \...
l.7181 \end{figure}
                   
The control sequence at the end of the top line
of your error message was never \def'ed. If you have
misspelled it (e.g., `\hobx'), type `I' and the correct
spelling (e.g., `I\hbox'). Otherwise just continue,
and I'll forget about whatever was undefined.

./cybersec_final.tex:7181: Missing number, treated as zero.
<to be read again> 
                   \global 
l.7181 \end{figure}
                   
A number should have been here; I inserted `0'.
(If you can't figure out why I needed to see a number,
look up `weird error' in the index to The TeXbook.)

./cybersec_final.tex:7181: Undefined control sequence.
\@addmarginpar ...marbox \global \setbox \@marbox 
                                                  \vbox {\vskip \@tempdima \...
l.7181 \end{figure}
                   
The control sequence at the end of the top line
of your error message was never \def'ed. If you have
misspelled it (e.g., `\hobx'), type `I' and the correct
spelling (e.g., `I\hbox'). Otherwise just continue,
and I'll forget about whatever was undefined.

./cybersec_final.tex:7181: Missing number, treated as zero.
<to be read again> 
                   \vbox 
l.7181 \end{figure}
                   
A number should have been here; I inserted `0'.
(If you can't figure out why I needed to see a number,
look up `weird error' in the index to The TeXbook.)

./cybersec_final.tex:7181: Undefined control sequence.
\@addmarginpar ...\vskip \@tempdima \box \@marbox 
                                                  }\global \ht \@marbox \z@ ...
l.7181 \end{figure}
                   
The control sequence at the end of the top line
of your error message was never \def'ed. If you have
misspelled it (e.g., `\hobx'), type `I' and the correct
spelling (e.g., `I\hbox'). Otherwise just continue,
and I'll forget about whatever was undefined.

./cybersec_final.tex:7181: Missing number, treated as zero.
<to be read again> 
                   }
l.7181 \end{figure}
                   
A number should have been here; I inserted `0'.
(If you can't figure out why I needed to see a number,
look up `weird error' in the index to The TeXbook.)

./cybersec_final.tex:7181: Undefined control sequence.
\@addmarginpar ... \@marbox }\global \ht \@marbox 
                                                  \z@ \global \dp \@marbox \...
l.7181 \end{figure}
                   
The control sequence at the end of the top line
of your error message was never \def'ed. If you have
misspelled it (e.g., `\hobx'), type `I' and the correct
spelling (e.g., `I\hbox'). Otherwise just continue,
and I'll forget about whatever was undefined.

./cybersec_final.tex:7181: Missing number, treated as zero.
<to be read again> 
                   \global 
l.7181 \end{figure}
                   
A number should have been here; I inserted `0'.
(If you can't figure out why I needed to see a number,
look up `weird error' in the index to The TeXbook.)

./cybersec_final.tex:7181: Illegal unit of measure (pt inserted).
<to be read again> 
                   \global 
l.7181 \end{figure}
                   
Dimensions can be in units of em, ex, in, pt, pc,
cm, mm, dd, cc, bp, or sp; but yours is a new one!
I'll assume that you meant to say pt, for printer's points.
To recover gracefully from this error, it's best to
delete the erroneous units; e.g., type `2' to delete
two letters. (See Chapter 27 of The TeXbook.)

./cybersec_final.tex:7181: Undefined control sequence.
\@addmarginpar ...marbox \z@ \global \dp \@marbox 
                                                  \z@ \kern -\@pagedp \noint...
l.7181 \end{figure}
                   
The control sequence at the end of the top line
of your error message was never \def'ed. If you have
misspelled it (e.g., `\hobx'), type `I' and the correct
spelling (e.g., `I\hbox'). Otherwise just continue,
and I'll forget about whatever was undefined.

./cybersec_final.tex:7181: Missing number, treated as zero.
<to be read again> 
                   \kern 
l.7181 \end{figure}
                   
A number should have been here; I inserted `0'.
(If you can't figure out why I needed to see a number,
look up `weird error' in the index to The TeXbook.)

./cybersec_final.tex:7181: Illegal unit of measure (pt inserted).
<to be read again> 
                   \kern 
l.7181 \end{figure}
                   
Dimensions can be in units of em, ex, in, pt, pc,
cm, mm, dd, cc, bp, or sp; but yours is a new one!
I'll assume that you meant to say pt, for printer's points.
To recover gracefully from this error, it's best to
delete the erroneous units; e.g., type `2' to delete
two letters. (See Chapter 27 of The TeXbook.)

./cybersec_final.tex:7181: Undefined control sequence.
\@addmarginpar ...arginparwidth \fi \box \@marbox 
                                                  \hss }\nointerlineskip \hb...
l.7181 \end{figure}
                   
The control sequence at the end of the top line
of your error message was never \def'ed. If you have
misspelled it (e.g., `\hobx'), type `I' and the correct
spelling (e.g., `I\hbox'). Otherwise just continue,
and I'll forget about whatever was undefined.

./cybersec_final.tex:7181: Missing number, treated as zero.
<to be read again> 
                   \hss 
l.7181 \end{figure}
                   
A number should have been here; I inserted `0'.
(If you can't figure out why I needed to see a number,
look up `weird error' in the index to The TeXbook.)



[323]

./cybersec_final.tex:7191: LaTeX Error: Too many unprocessed floats.

See the LaTeX manual or LaTeX Companion for explanation.
Type  H <return>  for immediate help.
 ...                                              
                                                  
l.7191 \begin{figure}[htbp]
                           
You've lost some text.  Try typing  <return>  to proceed.
If that doesn't work, type  X <return>  to quit.

./cybersec_final.tex:7191: Undefined control sequence.
\@xfloat ...@fltovf \fi \global \setbox \@currbox 
                                                  \color@vbox \normalcolor \...
l.7191 \begin{figure}[htbp]
                           
The control sequence at the end of the top line
of your error message was never \def'ed. If you have
misspelled it (e.g., `\hobx'), type `I' and the correct
spelling (e.g., `I\hbox'). Otherwise just continue,
and I'll forget about whatever was undefined.

./cybersec_final.tex:7191: Missing number, treated as zero.
<to be read again> 
                   \vbox 
l.7191 \begin{figure}[htbp]
                           
A number should have been here; I inserted `0'.
(If you can't figure out why I needed to see a number,
look up `weird error' in the index to The TeXbook.)


./cybersec_final.tex:7192: Package keyval Error: max width undefined.

See the keyval package documentation for explanation.
Type  H <return>  for immediate help.
 ...                                              
                                                  
l.7192 ...r]{2025_05_12_ac3bc46a6f93dd973caag-306}
                                                  
Try typing  <return>  to proceed.
If that doesn't work, type  X <return>  to quit.


./cybersec_final.tex:7192: Package keyval Error: center undefined.

See the keyval package documentation for explanation.
Type  H <return>  for immediate help.
 ...                                              
                                                  
l.7192 ...r]{2025_05_12_ac3bc46a6f93dd973caag-306}
                                                  
Try typing  <return>  to proceed.
If that doesn't work, type  X <return>  to quit.

File: ./images/2025_05_12_ac3bc46a6f93dd973caag-306.jpg Graphic file (type bmp)

<./images/2025_05_12_ac3bc46a6f93dd973caag-306.jpg>

Overfull \hbox (410.82188pt too wide) in paragraph at lines 7192--7193
[][] 
 []

./cybersec_final.tex:7194: Undefined control sequence.
\@largefloatcheck ->\ifdim \ht \@currbox 
                                         >\textheight \@tempdima -\textheigh...
l.7194 \end{figure}
                   
The control sequence at the end of the top line
of your error message was never \def'ed. If you have
misspelled it (e.g., `\hobx'), type `I' and the correct
spelling (e.g., `I\hbox'). Otherwise just continue,
and I'll forget about whatever was undefined.

./cybersec_final.tex:7194: Missing number, treated as zero.
<to be read again> 
                   >
l.7194 \end{figure}
                   
A number should have been here; I inserted `0'.
(If you can't figure out why I needed to see a number,
look up `weird error' in the index to The TeXbook.)

./cybersec_final.tex:7194: Undefined control sequence.
<argument> \@currbox 
                     
l.7194 \end{figure}
                   
The control sequence at the end of the top line
of your error message was never \def'ed. If you have
misspelled it (e.g., `\hobx'), type `I' and the correct
spelling (e.g., `I\hbox'). Otherwise just continue,
and I'll forget about whatever was undefined.

./cybersec_final.tex:7194: Argument of \@xnext has an extra }.
<inserted text> 
                \par 
l.7194 \end{figure}
                   
I've run across a `}' that doesn't seem to match anything.
For example, `\def\a#1{...}' and `\a}' would produce
this error. If you simply proceed now, the `\par' that
I've just inserted will cause me to report a runaway
argument that might be the root of the problem. But if
your `}' was spurious, just type `2' and it will go away.

Runaway argument?
\@currbox \@currlist \ifnum \count \@currbox >\z@ \advance \@pageht \@pagedp \E
TC.
./cybersec_final.tex:7194: Paragraph ended before \@xnext was complete.
<to be read again> 
                   \par 
l.7194 \end{figure}
                   
I suspect you've forgotten a `}', causing me to apply this
control sequence to too much text. How can we recover?
My plan is to forget the whole thing and hope for the best.

./cybersec_final.tex:7194: Extra \else.
\end@float ...pdima \penalty \@floatpenalty \else 
                                                  \vadjust {\penalty -\@Miv ...
l.7194 \end{figure}
                   
I'm ignoring this; it doesn't match any \if.

./cybersec_final.tex:7194: You can't use `\vadjust' in vertical mode.
\end@float ...nalty \@floatpenalty \else \vadjust 
                                                  {\penalty -\@Miv \vbox {}\...
l.7194 \end{figure}
                   
Sorry, but I'm not programmed to handle this case;
I'll just pretend that you didn't ask for it.
If you're in the wrong mode, you might be able to
return to the right one by typing `I}' or `I$' or `I\par'.

./cybersec_final.tex:7194: Argument of \@xnext has an extra }.
<inserted text> 
                \par 
l.7194 \end{figure}
                   
I've run across a `}' that doesn't seem to match anything.
For example, `\def\a#1{...}' and `\a}' would produce
this error. If you simply proceed now, the `\par' that
I've just inserted will cause me to report a runaway
argument that might be the root of the problem. But if
your `}' was spurious, just type `2' and it will go away.

Runaway argument?
\@currbox \@currlist \ifnum \count \@currbox >\z@ \advance \@pageht \@pagedp \E
TC.
./cybersec_final.tex:7194: Paragraph ended before \@xnext was complete.
<to be read again> 
                   \par 
l.7194 \end{figure}
                   
I suspect you've forgotten a `}', causing me to apply this
control sequence to too much text. How can we recover?
My plan is to forget the whole thing and hope for the best.


./cybersec_final.tex:7238: LaTeX Error: Too many unprocessed floats.

See the LaTeX manual or LaTeX Companion for explanation.
Type  H <return>  for immediate help.
 ...                                              
                                                  
l.7238 \begin{table}[htbp]
                          
You've lost some text.  Try typing  <return>  to proceed.
If that doesn't work, type  X <return>  to quit.

./cybersec_final.tex:7238: Undefined control sequence.
\@xfloat ...@fltovf \fi \global \setbox \@currbox 
                                                  \color@vbox \normalcolor \...
l.7238 \begin{table}[htbp]
                          
The control sequence at the end of the top line
of your error message was never \def'ed. If you have
misspelled it (e.g., `\hobx'), type `I' and the correct
spelling (e.g., `I\hbox'). Otherwise just continue,
and I'll forget about whatever was undefined.

./cybersec_final.tex:7238: Missing number, treated as zero.
<to be read again> 
                   \vbox 
l.7238 \begin{table}[htbp]
                          
A number should have been here; I inserted `0'.
(If you can't figure out why I needed to see a number,
look up `weird error' in the index to The TeXbook.)

./cybersec_final.tex:7250: Undefined control sequence.
\@largefloatcheck ->\ifdim \ht \@currbox 
                                         >\textheight \@tempdima -\textheigh...
l.7250 \end{table}
                  
The control sequence at the end of the top line
of your error message was never \def'ed. If you have
misspelled it (e.g., `\hobx'), type `I' and the correct
spelling (e.g., `I\hbox'). Otherwise just continue,
and I'll forget about whatever was undefined.

./cybersec_final.tex:7250: Missing number, treated as zero.
<to be read again> 
                   >
l.7250 \end{table}
                  
A number should have been here; I inserted `0'.
(If you can't figure out why I needed to see a number,
look up `weird error' in the index to The TeXbook.)

./cybersec_final.tex:7250: Undefined control sequence.
<argument> \@currbox 
                     
l.7250 \end{table}
                  
The control sequence at the end of the top line
of your error message was never \def'ed. If you have
misspelled it (e.g., `\hobx'), type `I' and the correct
spelling (e.g., `I\hbox'). Otherwise just continue,
and I'll forget about whatever was undefined.

./cybersec_final.tex:7250: Missing number, treated as zero.
<to be read again> 
                   \@elt 
l.7250 \end{table}
                  
A number should have been here; I inserted `0'.
(If you can't figure out why I needed to see a number,
look up `weird error' in the index to The TeXbook.)

./cybersec_final.tex:7250: Missing = inserted for \ifnum.
<to be read again> 
                   \@elt 
l.7250 \end{table}
                  
I was expecting to see `<', `=', or `>'. Didn't.

./cybersec_final.tex:7250: Missing number, treated as zero.
<to be read again> 
                   \@elt 
l.7250 \end{table}
                  
A number should have been here; I inserted `0'.
(If you can't figure out why I needed to see a number,
look up `weird error' in the index to The TeXbook.)


./cybersec_final.tex:7250: LaTeX Error: This may be a LaTeX bug.

See the LaTeX manual or LaTeX Companion for explanation.
Type  H <return>  for immediate help.
 ...                                              
                                                  
l.7250 \end{table}
                  
Call for help

./cybersec_final.tex:7250: Undefined control sequence.
\@addmarginpar ...a <\z@ \global \setbox \@marbox 
                                                  \box \@currbox \fi \@tempd...
l.7250 \end{table}
                  
The control sequence at the end of the top line
of your error message was never \def'ed. If you have
misspelled it (e.g., `\hobx'), type `I' and the correct
spelling (e.g., `I\hbox'). Otherwise just continue,
and I'll forget about whatever was undefined.

./cybersec_final.tex:7250: Missing number, treated as zero.
<to be read again> 
                   \box 
l.7250 \end{table}
                  
A number should have been here; I inserted `0'.
(If you can't figure out why I needed to see a number,
look up `weird error' in the index to The TeXbook.)

./cybersec_final.tex:7250: Missing number, treated as zero.
<to be read again> 
                   \@elt 
l.7250 \end{table}
                  
A number should have been here; I inserted `0'.
(If you can't figure out why I needed to see a number,
look up `weird error' in the index to The TeXbook.)

./cybersec_final.tex:7250: Undefined control sequence.
\@addmarginpar ...advance \@tempdima \ht \@marbox 
                                                  \ifdim \@tempdima >\z@ \@l...
l.7250 \end{table}
                  
The control sequence at the end of the top line
of your error message was never \def'ed. If you have
misspelled it (e.g., `\hobx'), type `I' and the correct
spelling (e.g., `I\hbox'). Otherwise just continue,
and I'll forget about whatever was undefined.

./cybersec_final.tex:7250: Bad register code (-105885890).
\@addmarginpar ...e \space moved}\else \@tempdima 
                                                  \z@ \fi \global \@mparbott...
l.7250 \end{table}
                  
A register number must be between 0 and 32767.
I changed this one to zero.

./cybersec_final.tex:7250: Missing number, treated as zero.
<to be read again> 
                   \global 
l.7250 \end{table}
                  
A number should have been here; I inserted `0'.
(If you can't figure out why I needed to see a number,
look up `weird error' in the index to The TeXbook.)

./cybersec_final.tex:7250: Illegal unit of measure (pt inserted).
<to be read again> 
                   \global 
l.7250 \end{table}
                  
Dimensions can be in units of em, ex, in, pt, pc,
cm, mm, dd, cc, bp, or sp; but yours is a new one!
I'll assume that you meant to say pt, for printer's points.
To recover gracefully from this error, it's best to
delete the erroneous units; e.g., type `2' to delete
two letters. (See Chapter 27 of The TeXbook.)

./cybersec_final.tex:7250: Undefined control sequence.
\@addmarginpar ...vance \@mparbottom \dp \@marbox 
                                                  \global \advance \@mparbot...
l.7250 \end{table}
                  
The control sequence at the end of the top line
of your error message was never \def'ed. If you have
misspelled it (e.g., `\hobx'), type `I' and the correct
spelling (e.g., `I\hbox'). Otherwise just continue,
and I'll forget about whatever was undefined.

./cybersec_final.tex:7250: Missing number, treated as zero.
<to be read again> 
                   \global 
l.7250 \end{table}
                  
A number should have been here; I inserted `0'.
(If you can't figure out why I needed to see a number,
look up `weird error' in the index to The TeXbook.)

./cybersec_final.tex:7250: Undefined control sequence.
\@addmarginpar ...dvance \@tempdima -\ht \@marbox 
                                                  \global \setbox \@marbox \...
l.7250 \end{table}
                  
The control sequence at the end of the top line
of your error message was never \def'ed. If you have
misspelled it (e.g., `\hobx'), type `I' and the correct
spelling (e.g., `I\hbox'). Otherwise just continue,
and I'll forget about whatever was undefined.

./cybersec_final.tex:7250: Missing number, treated as zero.
<to be read again> 
                   \global 
l.7250 \end{table}
                  
A number should have been here; I inserted `0'.
(If you can't figure out why I needed to see a number,
look up `weird error' in the index to The TeXbook.)

./cybersec_final.tex:7250: Undefined control sequence.
\@addmarginpar ...marbox \global \setbox \@marbox 
                                                  \vbox {\vskip \@tempdima \...
l.7250 \end{table}
                  
The control sequence at the end of the top line
of your error message was never \def'ed. If you have
misspelled it (e.g., `\hobx'), type `I' and the correct
spelling (e.g., `I\hbox'). Otherwise just continue,
and I'll forget about whatever was undefined.

./cybersec_final.tex:7250: Missing number, treated as zero.
<to be read again> 
                   \vbox 
l.7250 \end{table}
                  
A number should have been here; I inserted `0'.
(If you can't figure out why I needed to see a number,
look up `weird error' in the index to The TeXbook.)

./cybersec_final.tex:7250: Undefined control sequence.
\@addmarginpar ...\vskip \@tempdima \box \@marbox 
                                                  }\global \ht \@marbox \z@ ...
l.7250 \end{table}
                  
The control sequence at the end of the top line
of your error message was never \def'ed. If you have
misspelled it (e.g., `\hobx'), type `I' and the correct
spelling (e.g., `I\hbox'). Otherwise just continue,
and I'll forget about whatever was undefined.

./cybersec_final.tex:7250: Missing number, treated as zero.
<to be read again> 
                   }
l.7250 \end{table}
                  
A number should have been here; I inserted `0'.
(If you can't figure out why I needed to see a number,
look up `weird error' in the index to The TeXbook.)

./cybersec_final.tex:7250: Undefined control sequence.
\@addmarginpar ... \@marbox }\global \ht \@marbox 
                                                  \z@ \global \dp \@marbox \...
l.7250 \end{table}
                  
The control sequence at the end of the top line
of your error message was never \def'ed. If you have
misspelled it (e.g., `\hobx'), type `I' and the correct
spelling (e.g., `I\hbox'). Otherwise just continue,
and I'll forget about whatever was undefined.

./cybersec_final.tex:7250: Missing number, treated as zero.
<to be read again> 
                   \global 
l.7250 \end{table}
                  
A number should have been here; I inserted `0'.
(If you can't figure out why I needed to see a number,
look up `weird error' in the index to The TeXbook.)

./cybersec_final.tex:7250: Illegal unit of measure (pt inserted).
<to be read again> 
                   \global 
l.7250 \end{table}
                  
Dimensions can be in units of em, ex, in, pt, pc,
cm, mm, dd, cc, bp, or sp; but yours is a new one!
I'll assume that you meant to say pt, for printer's points.
To recover gracefully from this error, it's best to
delete the erroneous units; e.g., type `2' to delete
two letters. (See Chapter 27 of The TeXbook.)

./cybersec_final.tex:7250: Undefined control sequence.
\@addmarginpar ...marbox \z@ \global \dp \@marbox 
                                                  \z@ \kern -\@pagedp \noint...
l.7250 \end{table}
                  
The control sequence at the end of the top line
of your error message was never \def'ed. If you have
misspelled it (e.g., `\hobx'), type `I' and the correct
spelling (e.g., `I\hbox'). Otherwise just continue,
and I'll forget about whatever was undefined.

./cybersec_final.tex:7250: Missing number, treated as zero.
<to be read again> 
                   \kern 
l.7250 \end{table}
                  
A number should have been here; I inserted `0'.
(If you can't figure out why I needed to see a number,
look up `weird error' in the index to The TeXbook.)

./cybersec_final.tex:7250: Illegal unit of measure (pt inserted).
<to be read again> 
                   \kern 
l.7250 \end{table}
                  
Dimensions can be in units of em, ex, in, pt, pc,
cm, mm, dd, cc, bp, or sp; but yours is a new one!
I'll assume that you meant to say pt, for printer's points.
To recover gracefully from this error, it's best to
delete the erroneous units; e.g., type `2' to delete
two letters. (See Chapter 27 of The TeXbook.)

./cybersec_final.tex:7250: Undefined control sequence.
\@addmarginpar ...arginparwidth \fi \box \@marbox 
                                                  \hss }\nointerlineskip \hb...
l.7250 \end{table}
                  
The control sequence at the end of the top line
of your error message was never \def'ed. If you have
misspelled it (e.g., `\hobx'), type `I' and the correct
spelling (e.g., `I\hbox'). Otherwise just continue,
and I'll forget about whatever was undefined.

./cybersec_final.tex:7250: Missing number, treated as zero.
<to be read again> 
                   \hss 
l.7250 \end{table}
                  
A number should have been here; I inserted `0'.
(If you can't figure out why I needed to see a number,
look up `weird error' in the index to The TeXbook.)



[324]

[325]
./cybersec_final.tex:7252: Misplaced alignment tab character &.
l.7252 $\ldots$ &
                  $\ldots$ & $\ldots$ & $\ldots$ \\
I can't figure out why you would want to use a tab mark
here. If you just want an ampersand, the remedy is
simple: Just type `I\&' now. But if some right brace
up above has ended a previous alignment prematurely,
you're probably due for more error messages, and you
might try typing `S' now just to see what is salvageable.

./cybersec_final.tex:7252: Misplaced alignment tab character &.
l.7252 $\ldots$ & $\ldots$ &
                             $\ldots$ & $\ldots$ \\
I can't figure out why you would want to use a tab mark
here. If you just want an ampersand, the remedy is
simple: Just type `I\&' now. But if some right brace
up above has ended a previous alignment prematurely,
you're probably due for more error messages, and you
might try typing `S' now just to see what is salvageable.

./cybersec_final.tex:7252: Misplaced alignment tab character &.
l.7252 $\ldots$ & $\ldots$ & $\ldots$ &
                                        $\ldots$ \\
I can't figure out why you would want to use a tab mark
here. If you just want an ampersand, the remedy is
simple: Just type `I\&' now. But if some right brace
up above has ended a previous alignment prematurely,
you're probably due for more error messages, and you
might try typing `S' now just to see what is salvageable.

./cybersec_final.tex:7253: Misplaced \noalign.
\hline ->\noalign 
                  {\ifnum 0=`}\fi \hrule \@height \arrayrulewidth \futurelet...
l.7253 \hline
             
I expect to see \noalign only after the \cr of
an alignment. Proceed, and I'll ignore this case.


Underfull \hbox (badness 10000) in paragraph at lines 7252--7253

 []

./cybersec_final.tex:7254: Misplaced \crcr.
\endtabular ->\crcr 
                    \egroup \egroup $\egroup 
l.7254 \end{tabular}
                    
I can't figure out why you would want to use a tab mark
or \cr or \span just now. If something like a right brace
up above has ended a previous alignment prematurely,
you're probably due for more error messages, and you
might try typing `S' now just to see what is salvageable.

./cybersec_final.tex:7254: Too many }'s.
\endtabular ->\crcr \egroup 
                            \egroup $\egroup 
l.7254 \end{tabular}
                    
You've closed more groups than you opened.
Such booboos are generally harmless, so keep going.

./cybersec_final.tex:7254: Too many }'s.
\endtabular ->\crcr \egroup \egroup 
                                    $\egroup 
l.7254 \end{tabular}
                    
You've closed more groups than you opened.
Such booboos are generally harmless, so keep going.

./cybersec_final.tex:7254: Extra }, or forgotten $.
<recently read> \egroup 
                        
l.7254 \end{tabular}
                    
I've deleted a group-closing symbol because it seems to be
spurious, as in `$x}$'. But perhaps the } is legitimate and
you forgot something else, as in `\hbox{$x}'. In such cases
the way to recover is to insert both the forgotten and the
deleted material, e.g., by typing `I$}'.


./cybersec_final.tex:7254: LaTeX Error: \begin{document} ended by \end{tabular}
.

See the LaTeX manual or LaTeX Companion for explanation.
Type  H <return>  for immediate help.
 ...                                              
                                                  
l.7254 \end{tabular}
                    
Your command was ignored.
Type  I <command> <return>  to replace it with another command,
or  <return>  to continue without it.

./cybersec_final.tex:7254: Missing $ inserted.
<inserted text> 
                $
l.7254 \end{tabular}
                    
I've inserted something that you may have forgotten.
(See the <inserted text> above.)
With luck, this will get me unwedged. But if you
really didn't forget anything, try typing `2' now; then
my insertion and my current dilemma will both disappear.

./cybersec_final.tex:7254: Extra \endgroup.
<recently read> \endgroup 
                          
l.7254 \end{tabular}
                    
Things are pretty mixed up, but I think the worst is over.


./cybersec_final.tex:7255: LaTeX Error: \begin{document} ended by \end{center}.


See the LaTeX manual or LaTeX Companion for explanation.
Type  H <return>  for immediate help.
 ...                                              
                                                  
l.7255 \end{center}
                   
Your command was ignored.
Type  I <command> <return>  to replace it with another command,
or  <return>  to continue without it.

./cybersec_final.tex:7255: Extra \endgroup.
\end  ...end#1\endcsname \@checkend {#1}\endgroup 
                                                  \UseHook {env/#1/after}\if...
l.7255 \end{center}
                   
Things are pretty mixed up, but I think the worst is over.



[326]

[327]
Underfull \hbox (badness 10000) in paragraph at lines 7325--7326

 []



[328]

./cybersec_final.tex:7342: LaTeX Error: Too many unprocessed floats.

See the LaTeX manual or LaTeX Companion for explanation.
Type  H <return>  for immediate help.
 ...                                              
                                                  
l.7342 \begin{figure}[htbp]
                           
You've lost some text.  Try typing  <return>  to proceed.
If that doesn't work, type  X <return>  to quit.

./cybersec_final.tex:7342: Undefined control sequence.
\@xfloat ...@fltovf \fi \global \setbox \@currbox 
                                                  \color@vbox \normalcolor \...
l.7342 \begin{figure}[htbp]
                           
The control sequence at the end of the top line
of your error message was never \def'ed. If you have
misspelled it (e.g., `\hobx'), type `I' and the correct
spelling (e.g., `I\hbox'). Otherwise just continue,
and I'll forget about whatever was undefined.

./cybersec_final.tex:7342: Missing number, treated as zero.
<to be read again> 
                   \vbox 
l.7342 \begin{figure}[htbp]
                           
A number should have been here; I inserted `0'.
(If you can't figure out why I needed to see a number,
look up `weird error' in the index to The TeXbook.)


./cybersec_final.tex:7344: Package keyval Error: max width undefined.

See the keyval package documentation for explanation.
Type  H <return>  for immediate help.
 ...                                              
                                                  
l.7344 ...h]{2025_05_12_ac3bc46a6f93dd973caag-312}
                                                  
Try typing  <return>  to proceed.
If that doesn't work, type  X <return>  to quit.

File: ./images/2025_05_12_ac3bc46a6f93dd973caag-312.jpg Graphic file (type bmp)

<./images/2025_05_12_ac3bc46a6f93dd973caag-312.jpg>

Overfull \hbox (816.33592pt too wide) in paragraph at lines 7344--7345
 [][] 
 []

./cybersec_final.tex:7346: Undefined control sequence.
\@largefloatcheck ->\ifdim \ht \@currbox 
                                         >\textheight \@tempdima -\textheigh...
l.7346 \end{figure}
                   
The control sequence at the end of the top line
of your error message was never \def'ed. If you have
misspelled it (e.g., `\hobx'), type `I' and the correct
spelling (e.g., `I\hbox'). Otherwise just continue,
and I'll forget about whatever was undefined.

./cybersec_final.tex:7346: Missing number, treated as zero.
<to be read again> 
                   >
l.7346 \end{figure}
                   
A number should have been here; I inserted `0'.
(If you can't figure out why I needed to see a number,
look up `weird error' in the index to The TeXbook.)

./cybersec_final.tex:7346: Undefined control sequence.
\@largefloatcheck ...nce \@tempdima \ht \@currbox 
                                                  \@latex@warning {Float too...
l.7346 \end{figure}
                   
The control sequence at the end of the top line
of your error message was never \def'ed. If you have
misspelled it (e.g., `\hobx'), type `I' and the correct
spelling (e.g., `I\hbox'). Otherwise just continue,
and I'll forget about whatever was undefined.

./cybersec_final.tex:7346: Missing number, treated as zero.
<to be read again> 
                   \protect 
l.7346 \end{figure}
                   
A number should have been here; I inserted `0'.
(If you can't figure out why I needed to see a number,
look up `weird error' in the index to The TeXbook.)


LaTeX Warning: Float too large for page by 141.99214pt on input line 7346.

./cybersec_final.tex:7346: Undefined control sequence.
\@largefloatcheck ...he \@tempdima }\ht \@currbox 
                                                  \textheight \fi 
l.7346 \end{figure}
                   
The control sequence at the end of the top line
of your error message was never \def'ed. If you have
misspelled it (e.g., `\hobx'), type `I' and the correct
spelling (e.g., `I\hbox'). Otherwise just continue,
and I'll forget about whatever was undefined.

./cybersec_final.tex:7346: Bad register code (36044800).
\@largefloatcheck ...a }\ht \@currbox \textheight 
                                                  \fi 
l.7346 \end{figure}
                   
A register number must be between 0 and 32767.
I changed this one to zero.

./cybersec_final.tex:7346: Missing number, treated as zero.
<to be read again> 
                   \begingroup 
l.7346 \end{figure}
                   
A number should have been here; I inserted `0'.
(If you can't figure out why I needed to see a number,
look up `weird error' in the index to The TeXbook.)

./cybersec_final.tex:7346: Illegal unit of measure (pt inserted).
<to be read again> 
                   \begingroup 
l.7346 \end{figure}
                   
Dimensions can be in units of em, ex, in, pt, pc,
cm, mm, dd, cc, bp, or sp; but yours is a new one!
I'll assume that you meant to say pt, for printer's points.
To recover gracefully from this error, it's best to
delete the erroneous units; e.g., type `2' to delete
two letters. (See Chapter 27 of The TeXbook.)

./cybersec_final.tex:7346: Undefined control sequence.
<argument> \@currbox 
                     
l.7346 \end{figure}
                   
The control sequence at the end of the top line
of your error message was never \def'ed. If you have
misspelled it (e.g., `\hobx'), type `I' and the correct
spelling (e.g., `I\hbox'). Otherwise just continue,
and I'll forget about whatever was undefined.



[329]
./cybersec_final.tex:7347: Argument of \@xnext has an extra }.
<inserted text> 
                \par 
l.7347 
       
I've run across a `}' that doesn't seem to match anything.
For example, `\def\a#1{...}' and `\a}' would produce
this error. If you simply proceed now, the `\par' that
I've just inserted will cause me to report a runaway
argument that might be the root of the problem. But if
your `}' was spurious, just type `2' and it will go away.

Runaway argument?
\@currbox \@currlist \ifnum \count \@currbox >\z@ \advance \@pageht \@pagedp \E
TC.
./cybersec_final.tex:7347: Paragraph ended before \@xnext was complete.
<to be read again> 
                   \par 
l.7347 
       
I suspect you've forgotten a `}', causing me to apply this
control sequence to too much text. How can we recover?
My plan is to forget the whole thing and hope for the best.


./cybersec_final.tex:7350: LaTeX Error: Too many unprocessed floats.

See the LaTeX manual or LaTeX Companion for explanation.
Type  H <return>  for immediate help.
 ...                                              
                                                  
l.7350 \begin{table}[htbp]
                          
You've lost some text.  Try typing  <return>  to proceed.
If that doesn't work, type  X <return>  to quit.

./cybersec_final.tex:7350: Undefined control sequence.
\@xfloat ...@fltovf \fi \global \setbox \@currbox 
                                                  \color@vbox \normalcolor \...
l.7350 \begin{table}[htbp]
                          
The control sequence at the end of the top line
of your error message was never \def'ed. If you have
misspelled it (e.g., `\hobx'), type `I' and the correct
spelling (e.g., `I\hbox'). Otherwise just continue,
and I'll forget about whatever was undefined.

./cybersec_final.tex:7350: Missing number, treated as zero.
<to be read again> 
                   \vbox 
l.7350 \begin{table}[htbp]
                          
A number should have been here; I inserted `0'.
(If you can't figure out why I needed to see a number,
look up `weird error' in the index to The TeXbook.)


Overfull \hbox (15.28006pt too wide) in paragraph at lines 7353--7381
 [][] 
 []

./cybersec_final.tex:7381: Undefined control sequence.
\@largefloatcheck ->\ifdim \ht \@currbox 
                                         >\textheight \@tempdima -\textheigh...
l.7381 \end{table}
                  
The control sequence at the end of the top line
of your error message was never \def'ed. If you have
misspelled it (e.g., `\hobx'), type `I' and the correct
spelling (e.g., `I\hbox'). Otherwise just continue,
and I'll forget about whatever was undefined.

./cybersec_final.tex:7381: Missing number, treated as zero.
<to be read again> 
                   >
l.7381 \end{table}
                  
A number should have been here; I inserted `0'.
(If you can't figure out why I needed to see a number,
look up `weird error' in the index to The TeXbook.)

./cybersec_final.tex:7381: Undefined control sequence.
<argument> \@currbox 
                     
l.7381 \end{table}
                  
The control sequence at the end of the top line
of your error message was never \def'ed. If you have
misspelled it (e.g., `\hobx'), type `I' and the correct
spelling (e.g., `I\hbox'). Otherwise just continue,
and I'll forget about whatever was undefined.

./cybersec_final.tex:7381: Missing number, treated as zero.
<to be read again> 
                   \@elt 
l.7381 \end{table}
                  
A number should have been here; I inserted `0'.
(If you can't figure out why I needed to see a number,
look up `weird error' in the index to The TeXbook.)

./cybersec_final.tex:7381: Missing = inserted for \ifnum.
<to be read again> 
                   \@elt 
l.7381 \end{table}
                  
I was expecting to see `<', `=', or `>'. Didn't.

./cybersec_final.tex:7381: Missing number, treated as zero.
<to be read again> 
                   \@elt 
l.7381 \end{table}
                  
A number should have been here; I inserted `0'.
(If you can't figure out why I needed to see a number,
look up `weird error' in the index to The TeXbook.)


./cybersec_final.tex:7381: LaTeX Error: This may be a LaTeX bug.

See the LaTeX manual or LaTeX Companion for explanation.
Type  H <return>  for immediate help.
 ...                                              
                                                  
l.7381 \end{table}
                  
Call for help

./cybersec_final.tex:7381: Undefined control sequence.
\@addmarginpar ...a <\z@ \global \setbox \@marbox 
                                                  \box \@currbox \fi \@tempd...
l.7381 \end{table}
                  
The control sequence at the end of the top line
of your error message was never \def'ed. If you have
misspelled it (e.g., `\hobx'), type `I' and the correct
spelling (e.g., `I\hbox'). Otherwise just continue,
and I'll forget about whatever was undefined.

./cybersec_final.tex:7381: Missing number, treated as zero.
<to be read again> 
                   \box 
l.7381 \end{table}
                  
A number should have been here; I inserted `0'.
(If you can't figure out why I needed to see a number,
look up `weird error' in the index to The TeXbook.)

./cybersec_final.tex:7381: Missing number, treated as zero.
<to be read again> 
                   \@elt 
l.7381 \end{table}
                  
A number should have been here; I inserted `0'.
(If you can't figure out why I needed to see a number,
look up `weird error' in the index to The TeXbook.)

./cybersec_final.tex:7381: Undefined control sequence.
\@addmarginpar ...advance \@tempdima \ht \@marbox 
                                                  \ifdim \@tempdima >\z@ \@l...
l.7381 \end{table}
                  
The control sequence at the end of the top line
of your error message was never \def'ed. If you have
misspelled it (e.g., `\hobx'), type `I' and the correct
spelling (e.g., `I\hbox'). Otherwise just continue,
and I'll forget about whatever was undefined.

./cybersec_final.tex:7381: Bad register code (-7733248).
\@addmarginpar ...e \space moved}\else \@tempdima 
                                                  \z@ \fi \global \@mparbott...
l.7381 \end{table}
                  
A register number must be between 0 and 32767.
I changed this one to zero.

./cybersec_final.tex:7381: Missing number, treated as zero.
<to be read again> 
                   \global 
l.7381 \end{table}
                  
A number should have been here; I inserted `0'.
(If you can't figure out why I needed to see a number,
look up `weird error' in the index to The TeXbook.)

./cybersec_final.tex:7381: Illegal unit of measure (pt inserted).
<to be read again> 
                   \global 
l.7381 \end{table}
                  
Dimensions can be in units of em, ex, in, pt, pc,
cm, mm, dd, cc, bp, or sp; but yours is a new one!
I'll assume that you meant to say pt, for printer's points.
To recover gracefully from this error, it's best to
delete the erroneous units; e.g., type `2' to delete
two letters. (See Chapter 27 of The TeXbook.)

./cybersec_final.tex:7381: Undefined control sequence.
\@addmarginpar ...vance \@mparbottom \dp \@marbox 
                                                  \global \advance \@mparbot...
l.7381 \end{table}
                  
The control sequence at the end of the top line
of your error message was never \def'ed. If you have
misspelled it (e.g., `\hobx'), type `I' and the correct
spelling (e.g., `I\hbox'). Otherwise just continue,
and I'll forget about whatever was undefined.

./cybersec_final.tex:7381: Missing number, treated as zero.
<to be read again> 
                   \global 
l.7381 \end{table}
                  
A number should have been here; I inserted `0'.
(If you can't figure out why I needed to see a number,
look up `weird error' in the index to The TeXbook.)

./cybersec_final.tex:7381: Undefined control sequence.
\@addmarginpar ...dvance \@tempdima -\ht \@marbox 
                                                  \global \setbox \@marbox \...
l.7381 \end{table}
                  
The control sequence at the end of the top line
of your error message was never \def'ed. If you have
misspelled it (e.g., `\hobx'), type `I' and the correct
spelling (e.g., `I\hbox'). Otherwise just continue,
and I'll forget about whatever was undefined.

./cybersec_final.tex:7381: Missing number, treated as zero.
<to be read again> 
                   \global 
l.7381 \end{table}
                  
A number should have been here; I inserted `0'.
(If you can't figure out why I needed to see a number,
look up `weird error' in the index to The TeXbook.)

./cybersec_final.tex:7381: Undefined control sequence.
\@addmarginpar ...marbox \global \setbox \@marbox 
                                                  \vbox {\vskip \@tempdima \...
l.7381 \end{table}
                  
The control sequence at the end of the top line
of your error message was never \def'ed. If you have
misspelled it (e.g., `\hobx'), type `I' and the correct
spelling (e.g., `I\hbox'). Otherwise just continue,
and I'll forget about whatever was undefined.

./cybersec_final.tex:7381: Missing number, treated as zero.
<to be read again> 
                   \vbox 
l.7381 \end{table}
                  
A number should have been here; I inserted `0'.
(If you can't figure out why I needed to see a number,
look up `weird error' in the index to The TeXbook.)

./cybersec_final.tex:7381: Undefined control sequence.
\@addmarginpar ...\vskip \@tempdima \box \@marbox 
                                                  }\global \ht \@marbox \z@ ...
l.7381 \end{table}
                  
The control sequence at the end of the top line
of your error message was never \def'ed. If you have
misspelled it (e.g., `\hobx'), type `I' and the correct
spelling (e.g., `I\hbox'). Otherwise just continue,
and I'll forget about whatever was undefined.

./cybersec_final.tex:7381: Missing number, treated as zero.
<to be read again> 
                   }
l.7381 \end{table}
                  
A number should have been here; I inserted `0'.
(If you can't figure out why I needed to see a number,
look up `weird error' in the index to The TeXbook.)

./cybersec_final.tex:7381: Undefined control sequence.
\@addmarginpar ... \@marbox }\global \ht \@marbox 
                                                  \z@ \global \dp \@marbox \...
l.7381 \end{table}
                  
The control sequence at the end of the top line
of your error message was never \def'ed. If you have
misspelled it (e.g., `\hobx'), type `I' and the correct
spelling (e.g., `I\hbox'). Otherwise just continue,
and I'll forget about whatever was undefined.

./cybersec_final.tex:7381: Missing number, treated as zero.
<to be read again> 
                   \global 
l.7381 \end{table}
                  
A number should have been here; I inserted `0'.
(If you can't figure out why I needed to see a number,
look up `weird error' in the index to The TeXbook.)

./cybersec_final.tex:7381: Illegal unit of measure (pt inserted).
<to be read again> 
                   \global 
l.7381 \end{table}
                  
Dimensions can be in units of em, ex, in, pt, pc,
cm, mm, dd, cc, bp, or sp; but yours is a new one!
I'll assume that you meant to say pt, for printer's points.
To recover gracefully from this error, it's best to
delete the erroneous units; e.g., type `2' to delete
two letters. (See Chapter 27 of The TeXbook.)

./cybersec_final.tex:7381: Undefined control sequence.
\@addmarginpar ...marbox \z@ \global \dp \@marbox 
                                                  \z@ \kern -\@pagedp \noint...
l.7381 \end{table}
                  
The control sequence at the end of the top line
of your error message was never \def'ed. If you have
misspelled it (e.g., `\hobx'), type `I' and the correct
spelling (e.g., `I\hbox'). Otherwise just continue,
and I'll forget about whatever was undefined.

./cybersec_final.tex:7381: Missing number, treated as zero.
<to be read again> 
                   \kern 
l.7381 \end{table}
                  
A number should have been here; I inserted `0'.
(If you can't figure out why I needed to see a number,
look up `weird error' in the index to The TeXbook.)

./cybersec_final.tex:7381: Illegal unit of measure (pt inserted).
<to be read again> 
                   \kern 
l.7381 \end{table}
                  
Dimensions can be in units of em, ex, in, pt, pc,
cm, mm, dd, cc, bp, or sp; but yours is a new one!
I'll assume that you meant to say pt, for printer's points.
To recover gracefully from this error, it's best to
delete the erroneous units; e.g., type `2' to delete
two letters. (See Chapter 27 of The TeXbook.)

./cybersec_final.tex:7381: Undefined control sequence.
\@addmarginpar ...arginparwidth \fi \box \@marbox 
                                                  \hss }\nointerlineskip \hb...
l.7381 \end{table}
                  
The control sequence at the end of the top line
of your error message was never \def'ed. If you have
misspelled it (e.g., `\hobx'), type `I' and the correct
spelling (e.g., `I\hbox'). Otherwise just continue,
and I'll forget about whatever was undefined.

./cybersec_final.tex:7381: Missing number, treated as zero.
<to be read again> 
                   \hss 
l.7381 \end{table}
                  
A number should have been here; I inserted `0'.
(If you can't figure out why I needed to see a number,
look up `weird error' in the index to The TeXbook.)

./cybersec_final.tex:7383: Misplaced \noalign.
\hline ->\noalign 
                  {\ifnum 0=`}\fi \hrule \@height \arrayrulewidth \futurelet...
l.7383 \hline
             
I expect to see \noalign only after the \cr of
an alignment. Proceed, and I'll ignore this case.

./cybersec_final.tex:7384: Misplaced \crcr.
\endtabular ->\crcr 
                    \egroup \egroup $\egroup 
l.7384 \end{tabular}
                    
I can't figure out why you would want to use a tab mark
or \cr or \span just now. If something like a right brace
up above has ended a previous alignment prematurely,
you're probably due for more error messages, and you
might try typing `S' now just to see what is salvageable.

./cybersec_final.tex:7384: Too many }'s.
\endtabular ->\crcr \egroup 
                            \egroup $\egroup 
l.7384 \end{tabular}
                    
You've closed more groups than you opened.
Such booboos are generally harmless, so keep going.

./cybersec_final.tex:7384: Too many }'s.
\endtabular ->\crcr \egroup \egroup 
                                    $\egroup 
l.7384 \end{tabular}
                    
You've closed more groups than you opened.
Such booboos are generally harmless, so keep going.

./cybersec_final.tex:7384: Extra }, or forgotten $.
<recently read> \egroup 
                        
l.7384 \end{tabular}
                    
I've deleted a group-closing symbol because it seems to be
spurious, as in `$x}$'. But perhaps the } is legitimate and
you forgot something else, as in `\hbox{$x}'. In such cases
the way to recover is to insert both the forgotten and the
deleted material, e.g., by typing `I$}'.


./cybersec_final.tex:7384: LaTeX Error: \begin{document} ended by \end{tabular}
.

See the LaTeX manual or LaTeX Companion for explanation.
Type  H <return>  for immediate help.
 ...                                              
                                                  
l.7384 \end{tabular}
                    
Your command was ignored.
Type  I <command> <return>  to replace it with another command,
or  <return>  to continue without it.

./cybersec_final.tex:7384: Missing $ inserted.
<inserted text> 
                $
l.7384 \end{tabular}
                    
I've inserted something that you may have forgotten.
(See the <inserted text> above.)
With luck, this will get me unwedged. But if you
really didn't forget anything, try typing `2' now; then
my insertion and my current dilemma will both disappear.

./cybersec_final.tex:7384: Extra \endgroup.
<recently read> \endgroup 
                          
l.7384 \end{tabular}
                    
Things are pretty mixed up, but I think the worst is over.


./cybersec_final.tex:7385: LaTeX Error: \begin{document} ended by \end{center}.


See the LaTeX manual or LaTeX Companion for explanation.
Type  H <return>  for immediate help.
 ...                                              
                                                  
l.7385 \end{center}
                   
Your command was ignored.
Type  I <command> <return>  to replace it with another command,
or  <return>  to continue without it.

./cybersec_final.tex:7385: Extra \endgroup.
\end  ...end#1\endcsname \@checkend {#1}\endgroup 
                                                  \UseHook {env/#1/after}\if...
l.7385 \end{center}
                   
Things are pretty mixed up, but I think the worst is over.


Overfull \hbox (220.28008pt too wide) in paragraph at lines 7390--7502
 [] 
 []


Underfull \vbox (badness 10000) has occurred while \output is active []



[330]

./cybersec_final.tex:7506: LaTeX Error: Too many unprocessed floats.

See the LaTeX manual or LaTeX Companion for explanation.
Type  H <return>  for immediate help.
 ...                                              
                                                  
l.7506 \begin{figure}[!ht]
                          
You've lost some text.  Try typing  <return>  to proceed.
If that doesn't work, type  X <return>  to quit.

./cybersec_final.tex:7506: Undefined control sequence.
\@xfloat ...@fltovf \fi \global \setbox \@currbox 
                                                  \color@vbox \normalcolor \...
l.7506 \begin{figure}[!ht]
                          
The control sequence at the end of the top line
of your error message was never \def'ed. If you have
misspelled it (e.g., `\hobx'), type `I' and the correct
spelling (e.g., `I\hbox'). Otherwise just continue,
and I'll forget about whatever was undefined.

./cybersec_final.tex:7506: Missing number, treated as zero.
<to be read again> 
                   \vbox 
l.7506 \begin{figure}[!ht]
                          
A number should have been here; I inserted `0'.
(If you can't figure out why I needed to see a number,
look up `weird error' in the index to The TeXbook.)

File: ./images/2025_05_12_ac3bc46a6f93dd973caag-314.jpg Graphic file (type bmp)

<./images/2025_05_12_ac3bc46a6f93dd973caag-314.jpg>
./cybersec_final.tex:7510: Undefined control sequence.
\@largefloatcheck ->\ifdim \ht \@currbox 
                                         >\textheight \@tempdima -\textheigh...
l.7510 \end{figure}
                   
The control sequence at the end of the top line
of your error message was never \def'ed. If you have
misspelled it (e.g., `\hobx'), type `I' and the correct
spelling (e.g., `I\hbox'). Otherwise just continue,
and I'll forget about whatever was undefined.

./cybersec_final.tex:7510: Missing number, treated as zero.
<to be read again> 
                   >
l.7510 \end{figure}
                   
A number should have been here; I inserted `0'.
(If you can't figure out why I needed to see a number,
look up `weird error' in the index to The TeXbook.)

./cybersec_final.tex:7510: Undefined control sequence.
<argument> \@currbox 
                     
l.7510 \end{figure}
                   
The control sequence at the end of the top line
of your error message was never \def'ed. If you have
misspelled it (e.g., `\hobx'), type `I' and the correct
spelling (e.g., `I\hbox'). Otherwise just continue,
and I'll forget about whatever was undefined.

./cybersec_final.tex:7511: Argument of \@xnext has an extra }.
<inserted text> 
                \par 
l.7511 
       
I've run across a `}' that doesn't seem to match anything.
For example, `\def\a#1{...}' and `\a}' would produce
this error. If you simply proceed now, the `\par' that
I've just inserted will cause me to report a runaway
argument that might be the root of the problem. But if
your `}' was spurious, just type `2' and it will go away.

Runaway argument?
\@currbox \@currlist \ifnum \count \@currbox >\z@ \advance \@pageht \@pagedp \E
TC.
./cybersec_final.tex:7511: Paragraph ended before \@xnext was complete.
<to be read again> 
                   \par 
l.7511 
       
I suspect you've forgotten a `}', causing me to apply this
control sequence to too much text. How can we recover?
My plan is to forget the whole thing and hope for the best.

./cybersec_final.tex:7666: Undefined control sequence.
<recently read> \multirow 
                          
l.7666 \multirow
                [t]{2}{*}{1.} & \multirow[t]{2}{*}{request} & PUT /groggy/ne...
The control sequence at the end of the top line
of your error message was never \def'ed. If you have
misspelled it (e.g., `\hobx'), type `I' and the correct
spelling (e.g., `I\hbox'). Otherwise just continue,
and I'll forget about whatever was undefined.

./cybersec_final.tex:7666: Undefined control sequence.
l.7666 \multirow[t]{2}{*}{1.} & \multirow
                                         [t]{2}{*}{request} & PUT /groggy/ne...
The control sequence at the end of the top line
of your error message was never \def'ed. If you have
misspelled it (e.g., `\hobx'), type `I' and the correct
spelling (e.g., `I\hbox'). Otherwise just continue,
and I'll forget about whatever was undefined.

./cybersec_final.tex:7670: Undefined control sequence.
<recently read> \multirow 
                          
l.7670 \multirow
                [t]{2}{*}{2.} & \multirow[t]{2}{*}{response} & HTTP/1.1 401 ...
The control sequence at the end of the top line
of your error message was never \def'ed. If you have
misspelled it (e.g., `\hobx'), type `I' and the correct
spelling (e.g., `I\hbox'). Otherwise just continue,
and I'll forget about whatever was undefined.

./cybersec_final.tex:7670: Undefined control sequence.
l.7670 \multirow[t]{2}{*}{2.} & \multirow
                                         [t]{2}{*}{response} & HTTP/1.1 401 ...
The control sequence at the end of the top line
of your error message was never \def'ed. If you have
misspelled it (e.g., `\hobx'), type `I' and the correct
spelling (e.g., `I\hbox'). Otherwise just continue,
and I'll forget about whatever was undefined.

./cybersec_final.tex:7674: Undefined control sequence.
<recently read> \multirow 
                          
l.7674 \multirow
                [t]{4}{*}{3.} & \multirow[t]{4}{*}{request} & PUT /groggy/ne...
The control sequence at the end of the top line
of your error message was never \def'ed. If you have
misspelled it (e.g., `\hobx'), type `I' and the correct
spelling (e.g., `I\hbox'). Otherwise just continue,
and I'll forget about whatever was undefined.

./cybersec_final.tex:7674: Undefined control sequence.
l.7674 \multirow[t]{4}{*}{3.} & \multirow
                                         [t]{4}{*}{request} & PUT /groggy/ne...
The control sequence at the end of the top line
of your error message was never \def'ed. If you have
misspelled it (e.g., `\hobx'), type `I' and the correct
spelling (e.g., `I\hbox'). Otherwise just continue,
and I'll forget about whatever was undefined.

./cybersec_final.tex:7682: Undefined control sequence.
<recently read> \multirow 
                          
l.7682 \multirow
                [t]{2}{*}{4.} & \multirow[t]{2}{*}{response} & HTTP/1.1 200 ...
The control sequence at the end of the top line
of your error message was never \def'ed. If you have
misspelled it (e.g., `\hobx'), type `I' and the correct
spelling (e.g., `I\hbox'). Otherwise just continue,
and I'll forget about whatever was undefined.

./cybersec_final.tex:7682: Undefined control sequence.
l.7682 \multirow[t]{2}{*}{4.} & \multirow
                                         [t]{2}{*}{response} & HTTP/1.1 200 ...
The control sequence at the end of the top line
of your error message was never \def'ed. If you have
misspelled it (e.g., `\hobx'), type `I' and the correct
spelling (e.g., `I\hbox'). Otherwise just continue,
and I'll forget about whatever was undefined.


Overfull \hbox (19.92006pt too wide) in paragraph at lines 7662--7687
 [] 
 []


./cybersec_final.tex:7711: LaTeX Error: Too many unprocessed floats.

See the LaTeX manual or LaTeX Companion for explanation.
Type  H <return>  for immediate help.
 ...                                              
                                                  
l.7711 \begin{table}[htbp]
                          
You've lost some text.  Try typing  <return>  to proceed.
If that doesn't work, type  X <return>  to quit.

./cybersec_final.tex:7711: Undefined control sequence.
\@xfloat ...@fltovf \fi \global \setbox \@currbox 
                                                  \color@vbox \normalcolor \...
l.7711 \begin{table}[htbp]
                          
The control sequence at the end of the top line
of your error message was never \def'ed. If you have
misspelled it (e.g., `\hobx'), type `I' and the correct
spelling (e.g., `I\hbox'). Otherwise just continue,
and I'll forget about whatever was undefined.

./cybersec_final.tex:7711: Missing number, treated as zero.
<to be read again> 
                   \vbox 
l.7711 \begin{table}[htbp]
                          
A number should have been here; I inserted `0'.
(If you can't figure out why I needed to see a number,
look up `weird error' in the index to The TeXbook.)


Overfull \hbox (194.84021pt too wide) in paragraph at lines 7714--7751
 [][] 
 []

./cybersec_final.tex:7751: Undefined control sequence.
\@largefloatcheck ->\ifdim \ht \@currbox 
                                         >\textheight \@tempdima -\textheigh...
l.7751 \end{table}
                  
The control sequence at the end of the top line
of your error message was never \def'ed. If you have
misspelled it (e.g., `\hobx'), type `I' and the correct
spelling (e.g., `I\hbox'). Otherwise just continue,
and I'll forget about whatever was undefined.

./cybersec_final.tex:7751: Missing number, treated as zero.
<to be read again> 
                   >
l.7751 \end{table}
                  
A number should have been here; I inserted `0'.
(If you can't figure out why I needed to see a number,
look up `weird error' in the index to The TeXbook.)

./cybersec_final.tex:7751: Undefined control sequence.
<argument> \@currbox 
                     
l.7751 \end{table}
                  
The control sequence at the end of the top line
of your error message was never \def'ed. If you have
misspelled it (e.g., `\hobx'), type `I' and the correct
spelling (e.g., `I\hbox'). Otherwise just continue,
and I'll forget about whatever was undefined.

./cybersec_final.tex:7752: Missing number, treated as zero.
<to be read again> 
                   \@elt 
l.7752 
       
A number should have been here; I inserted `0'.
(If you can't figure out why I needed to see a number,
look up `weird error' in the index to The TeXbook.)

./cybersec_final.tex:7752: Missing = inserted for \ifnum.
<to be read again> 
                   \@elt 
l.7752 
       
I was expecting to see `<', `=', or `>'. Didn't.

./cybersec_final.tex:7752: Missing number, treated as zero.
<to be read again> 
                   \@elt 
l.7752 
       
A number should have been here; I inserted `0'.
(If you can't figure out why I needed to see a number,
look up `weird error' in the index to The TeXbook.)


./cybersec_final.tex:7752: LaTeX Error: This may be a LaTeX bug.

See the LaTeX manual or LaTeX Companion for explanation.
Type  H <return>  for immediate help.
 ...                                              
                                                  
l.7752 
       
Call for help

./cybersec_final.tex:7752: Undefined control sequence.
\@addmarginpar ...advance \@tempdima \ht \@marbox 
                                                  \ifdim \@tempdima >\z@ \@l...
l.7752 
       
The control sequence at the end of the top line
of your error message was never \def'ed. If you have
misspelled it (e.g., `\hobx'), type `I' and the correct
spelling (e.g., `I\hbox'). Otherwise just continue,
and I'll forget about whatever was undefined.

./cybersec_final.tex:7752: Bad register code (-211460636).
\@addmarginpar ...e \space moved}\else \@tempdima 
                                                  \z@ \fi \global \@mparbott...
l.7752 
       
A register number must be between 0 and 32767.
I changed this one to zero.

./cybersec_final.tex:7752: Missing number, treated as zero.
<to be read again> 
                   \global 
l.7752 
       
A number should have been here; I inserted `0'.
(If you can't figure out why I needed to see a number,
look up `weird error' in the index to The TeXbook.)

./cybersec_final.tex:7752: Illegal unit of measure (pt inserted).
<to be read again> 
                   \global 
l.7752 
       
Dimensions can be in units of em, ex, in, pt, pc,
cm, mm, dd, cc, bp, or sp; but yours is a new one!
I'll assume that you meant to say pt, for printer's points.
To recover gracefully from this error, it's best to
delete the erroneous units; e.g., type `2' to delete
two letters. (See Chapter 27 of The TeXbook.)

./cybersec_final.tex:7752: Undefined control sequence.
\@addmarginpar ...vance \@mparbottom \dp \@marbox 
                                                  \global \advance \@mparbot...
l.7752 
       
The control sequence at the end of the top line
of your error message was never \def'ed. If you have
misspelled it (e.g., `\hobx'), type `I' and the correct
spelling (e.g., `I\hbox'). Otherwise just continue,
and I'll forget about whatever was undefined.

./cybersec_final.tex:7752: Missing number, treated as zero.
<to be read again> 
                   \global 
l.7752 
       
A number should have been here; I inserted `0'.
(If you can't figure out why I needed to see a number,
look up `weird error' in the index to The TeXbook.)

./cybersec_final.tex:7752: Undefined control sequence.
\@addmarginpar ...dvance \@tempdima -\ht \@marbox 
                                                  \global \setbox \@marbox \...
l.7752 
       
The control sequence at the end of the top line
of your error message was never \def'ed. If you have
misspelled it (e.g., `\hobx'), type `I' and the correct
spelling (e.g., `I\hbox'). Otherwise just continue,
and I'll forget about whatever was undefined.

./cybersec_final.tex:7752: Missing number, treated as zero.
<to be read again> 
                   \global 
l.7752 
       
A number should have been here; I inserted `0'.
(If you can't figure out why I needed to see a number,
look up `weird error' in the index to The TeXbook.)

./cybersec_final.tex:7752: Undefined control sequence.
\@addmarginpar ...marbox \global \setbox \@marbox 
                                                  \vbox {\vskip \@tempdima \...
l.7752 
       
The control sequence at the end of the top line
of your error message was never \def'ed. If you have
misspelled it (e.g., `\hobx'), type `I' and the correct
spelling (e.g., `I\hbox'). Otherwise just continue,
and I'll forget about whatever was undefined.

./cybersec_final.tex:7752: Missing number, treated as zero.
<to be read again> 
                   \vbox 
l.7752 
       
A number should have been here; I inserted `0'.
(If you can't figure out why I needed to see a number,
look up `weird error' in the index to The TeXbook.)

./cybersec_final.tex:7752: Undefined control sequence.
\@addmarginpar ...\vskip \@tempdima \box \@marbox 
                                                  }\global \ht \@marbox \z@ ...
l.7752 
       
The control sequence at the end of the top line
of your error message was never \def'ed. If you have
misspelled it (e.g., `\hobx'), type `I' and the correct
spelling (e.g., `I\hbox'). Otherwise just continue,
and I'll forget about whatever was undefined.

./cybersec_final.tex:7752: Missing number, treated as zero.
<to be read again> 
                   }
l.7752 
       
A number should have been here; I inserted `0'.
(If you can't figure out why I needed to see a number,
look up `weird error' in the index to The TeXbook.)

./cybersec_final.tex:7752: Undefined control sequence.
\@addmarginpar ... \@marbox }\global \ht \@marbox 
                                                  \z@ \global \dp \@marbox \...
l.7752 
       
The control sequence at the end of the top line
of your error message was never \def'ed. If you have
misspelled it (e.g., `\hobx'), type `I' and the correct
spelling (e.g., `I\hbox'). Otherwise just continue,
and I'll forget about whatever was undefined.

./cybersec_final.tex:7752: Missing number, treated as zero.
<to be read again> 
                   \global 
l.7752 
       
A number should have been here; I inserted `0'.
(If you can't figure out why I needed to see a number,
look up `weird error' in the index to The TeXbook.)

./cybersec_final.tex:7752: Illegal unit of measure (pt inserted).
<to be read again> 
                   \global 
l.7752 
       
Dimensions can be in units of em, ex, in, pt, pc,
cm, mm, dd, cc, bp, or sp; but yours is a new one!
I'll assume that you meant to say pt, for printer's points.
To recover gracefully from this error, it's best to
delete the erroneous units; e.g., type `2' to delete
two letters. (See Chapter 27 of The TeXbook.)

./cybersec_final.tex:7752: Undefined control sequence.
\@addmarginpar ...marbox \z@ \global \dp \@marbox 
                                                  \z@ \kern -\@pagedp \noint...
l.7752 
       
The control sequence at the end of the top line
of your error message was never \def'ed. If you have
misspelled it (e.g., `\hobx'), type `I' and the correct
spelling (e.g., `I\hbox'). Otherwise just continue,
and I'll forget about whatever was undefined.

./cybersec_final.tex:7752: Missing number, treated as zero.
<to be read again> 
                   \kern 
l.7752 
       
A number should have been here; I inserted `0'.
(If you can't figure out why I needed to see a number,
look up `weird error' in the index to The TeXbook.)

./cybersec_final.tex:7752: Illegal unit of measure (pt inserted).
<to be read again> 
                   \kern 
l.7752 
       
Dimensions can be in units of em, ex, in, pt, pc,
cm, mm, dd, cc, bp, or sp; but yours is a new one!
I'll assume that you meant to say pt, for printer's points.
To recover gracefully from this error, it's best to
delete the erroneous units; e.g., type `2' to delete
two letters. (See Chapter 27 of The TeXbook.)

./cybersec_final.tex:7752: Undefined control sequence.
\@addmarginpar ...arginparwidth \fi \box \@marbox 
                                                  \hss }\nointerlineskip \hb...
l.7752 
       
The control sequence at the end of the top line
of your error message was never \def'ed. If you have
misspelled it (e.g., `\hobx'), type `I' and the correct
spelling (e.g., `I\hbox'). Otherwise just continue,
and I'll forget about whatever was undefined.

./cybersec_final.tex:7752: Missing number, treated as zero.
<to be read again> 
                   \hss 
l.7752 
       
A number should have been here; I inserted `0'.
(If you can't figure out why I needed to see a number,
look up `weird error' in the index to The TeXbook.)



[331]

[332]

[333]

[334]

[335]

./cybersec_final.tex:7753: LaTeX Error: Too many unprocessed floats.

See the LaTeX manual or LaTeX Companion for explanation.
Type  H <return>  for immediate help.
 ...                                              
                                                  
l.7753 \begin{table}[htbp]
                          
You've lost some text.  Try typing  <return>  to proceed.
If that doesn't work, type  X <return>  to quit.

./cybersec_final.tex:7753: Undefined control sequence.
\@xfloat ...@fltovf \fi \global \setbox \@currbox 
                                                  \color@vbox \normalcolor \...
l.7753 \begin{table}[htbp]
                          
The control sequence at the end of the top line
of your error message was never \def'ed. If you have
misspelled it (e.g., `\hobx'), type `I' and the correct
spelling (e.g., `I\hbox'). Otherwise just continue,
and I'll forget about whatever was undefined.

./cybersec_final.tex:7753: Missing number, treated as zero.
<to be read again> 
                   \vbox 
l.7753 \begin{table}[htbp]
                          
A number should have been here; I inserted `0'.
(If you can't figure out why I needed to see a number,
look up `weird error' in the index to The TeXbook.)


Overfull \hbox (105.15105pt too wide) in paragraph at lines 7760--7761
\TU/lmr/m/n/10 |0|1|0|0|1|1|10|1|0|0|1|1|0|0|0|0|0|1|0|1|1|1|0|0|1|0|0|1|1|0|1|
0|0|0|1|0|1|1|10|0|0|0|0|1|0|0|0|0|0|0|0|0|0|0|| 
 []

./cybersec_final.tex:7764: Undefined control sequence.
\@largefloatcheck ->\ifdim \ht \@currbox 
                                         >\textheight \@tempdima -\textheigh...
l.7764 \end{table}
                  
The control sequence at the end of the top line
of your error message was never \def'ed. If you have
misspelled it (e.g., `\hobx'), type `I' and the correct
spelling (e.g., `I\hbox'). Otherwise just continue,
and I'll forget about whatever was undefined.

./cybersec_final.tex:7764: Missing number, treated as zero.
<to be read again> 
                   >
l.7764 \end{table}
                  
A number should have been here; I inserted `0'.
(If you can't figure out why I needed to see a number,
look up `weird error' in the index to The TeXbook.)

./cybersec_final.tex:7764: Undefined control sequence.
<argument> \@currbox 
                     
l.7764 \end{table}
                  
The control sequence at the end of the top line
of your error message was never \def'ed. If you have
misspelled it (e.g., `\hobx'), type `I' and the correct
spelling (e.g., `I\hbox'). Otherwise just continue,
and I'll forget about whatever was undefined.

./cybersec_final.tex:7764: Argument of \@xnext has an extra }.
<inserted text> 
                \par 
l.7764 \end{table}
                  
I've run across a `}' that doesn't seem to match anything.
For example, `\def\a#1{...}' and `\a}' would produce
this error. If you simply proceed now, the `\par' that
I've just inserted will cause me to report a runaway
argument that might be the root of the problem. But if
your `}' was spurious, just type `2' and it will go away.

Runaway argument?
\@currbox \@currlist \ifnum \count \@currbox >\z@ \advance \@pageht \@pagedp \E
TC.
./cybersec_final.tex:7764: Paragraph ended before \@xnext was complete.
<to be read again> 
                   \par 
l.7764 \end{table}
                  
I suspect you've forgotten a `}', causing me to apply this
control sequence to too much text. How can we recover?
My plan is to forget the whole thing and hope for the best.

./cybersec_final.tex:7764: Extra \else.
\end@float ...pdima \penalty \@floatpenalty \else 
                                                  \vadjust {\penalty -\@Miv ...
l.7764 \end{table}
                  
I'm ignoring this; it doesn't match any \if.

./cybersec_final.tex:7764: You can't use `\vadjust' in vertical mode.
\end@float ...nalty \@floatpenalty \else \vadjust 
                                                  {\penalty -\@Miv \vbox {}\...
l.7764 \end{table}
                  
Sorry, but I'm not programmed to handle this case;
I'll just pretend that you didn't ask for it.
If you're in the wrong mode, you might be able to
return to the right one by typing `I}' or `I$' or `I\par'.

./cybersec_final.tex:7764: Argument of \@xnext has an extra }.
<inserted text> 
                \par 
l.7764 \end{table}
                  
I've run across a `}' that doesn't seem to match anything.
For example, `\def\a#1{...}' and `\a}' would produce
this error. If you simply proceed now, the `\par' that
I've just inserted will cause me to report a runaway
argument that might be the root of the problem. But if
your `}' was spurious, just type `2' and it will go away.

Runaway argument?
\@currbox \@currlist \ifnum \count \@currbox >\z@ \advance \@pageht \@pagedp \E
TC.
./cybersec_final.tex:7764: Paragraph ended before \@xnext was complete.
<to be read again> 
                   \par 
l.7764 \end{table}
                  
I suspect you've forgotten a `}', causing me to apply this
control sequence to too much text. How can we recover?
My plan is to forget the whole thing and hope for the best.


./cybersec_final.tex:7766: LaTeX Error: Too many unprocessed floats.

See the LaTeX manual or LaTeX Companion for explanation.
Type  H <return>  for immediate help.
 ...                                              
                                                  
l.7766 \begin{figure}[htbp]
                           
You've lost some text.  Try typing  <return>  to proceed.
If that doesn't work, type  X <return>  to quit.

./cybersec_final.tex:7766: Undefined control sequence.
\@xfloat ...@fltovf \fi \global \setbox \@currbox 
                                                  \color@vbox \normalcolor \...
l.7766 \begin{figure}[htbp]
                           
The control sequence at the end of the top line
of your error message was never \def'ed. If you have
misspelled it (e.g., `\hobx'), type `I' and the correct
spelling (e.g., `I\hbox'). Otherwise just continue,
and I'll forget about whatever was undefined.

./cybersec_final.tex:7766: Missing number, treated as zero.
<to be read again> 
                   \vbox 
l.7766 \begin{figure}[htbp]
                           
A number should have been here; I inserted `0'.
(If you can't figure out why I needed to see a number,
look up `weird error' in the index to The TeXbook.)

File: ./images/2025_05_12_ac3bc46a6f93dd973caag-319.jpg Graphic file (type bmp)

<./images/2025_05_12_ac3bc46a6f93dd973caag-319.jpg>
./cybersec_final.tex:7770: Undefined control sequence.
\@largefloatcheck ->\ifdim \ht \@currbox 
                                         >\textheight \@tempdima -\textheigh...
l.7770 \end{figure}
                   
The control sequence at the end of the top line
of your error message was never \def'ed. If you have
misspelled it (e.g., `\hobx'), type `I' and the correct
spelling (e.g., `I\hbox'). Otherwise just continue,
and I'll forget about whatever was undefined.

./cybersec_final.tex:7770: Missing number, treated as zero.
<to be read again> 
                   >
l.7770 \end{figure}
                   
A number should have been here; I inserted `0'.
(If you can't figure out why I needed to see a number,
look up `weird error' in the index to The TeXbook.)

./cybersec_final.tex:7770: Undefined control sequence.
<argument> \@currbox 
                     
l.7770 \end{figure}
                   
The control sequence at the end of the top line
of your error message was never \def'ed. If you have
misspelled it (e.g., `\hobx'), type `I' and the correct
spelling (e.g., `I\hbox'). Otherwise just continue,
and I'll forget about whatever was undefined.

./cybersec_final.tex:7770: Missing number, treated as zero.
<to be read again> 
                   \@elt 
l.7770 \end{figure}
                   
A number should have been here; I inserted `0'.
(If you can't figure out why I needed to see a number,
look up `weird error' in the index to The TeXbook.)

./cybersec_final.tex:7770: Missing = inserted for \ifnum.
<to be read again> 
                   \@elt 
l.7770 \end{figure}
                   
I was expecting to see `<', `=', or `>'. Didn't.

./cybersec_final.tex:7770: Missing number, treated as zero.
<to be read again> 
                   \@elt 
l.7770 \end{figure}
                   
A number should have been here; I inserted `0'.
(If you can't figure out why I needed to see a number,
look up `weird error' in the index to The TeXbook.)


./cybersec_final.tex:7770: LaTeX Error: This may be a LaTeX bug.

See the LaTeX manual or LaTeX Companion for explanation.
Type  H <return>  for immediate help.
 ...                                              
                                                  
l.7770 \end{figure}
                   
Call for help

./cybersec_final.tex:7770: Undefined control sequence.
\@addmarginpar ...a <\z@ \global \setbox \@marbox 
                                                  \box \@currbox \fi \@tempd...
l.7770 \end{figure}
                   
The control sequence at the end of the top line
of your error message was never \def'ed. If you have
misspelled it (e.g., `\hobx'), type `I' and the correct
spelling (e.g., `I\hbox'). Otherwise just continue,
and I'll forget about whatever was undefined.

./cybersec_final.tex:7770: Missing number, treated as zero.
<to be read again> 
                   \box 
l.7770 \end{figure}
                   
A number should have been here; I inserted `0'.
(If you can't figure out why I needed to see a number,
look up `weird error' in the index to The TeXbook.)

./cybersec_final.tex:7770: Missing number, treated as zero.
<to be read again> 
                   \@elt 
l.7770 \end{figure}
                   
A number should have been here; I inserted `0'.
(If you can't figure out why I needed to see a number,
look up `weird error' in the index to The TeXbook.)

./cybersec_final.tex:7770: Undefined control sequence.
\@addmarginpar ...advance \@tempdima \ht \@marbox 
                                                  \ifdim \@tempdima >\z@ \@l...
l.7770 \end{figure}
                   
The control sequence at the end of the top line
of your error message was never \def'ed. If you have
misspelled it (e.g., `\hobx'), type `I' and the correct
spelling (e.g., `I\hbox'). Otherwise just continue,
and I'll forget about whatever was undefined.

./cybersec_final.tex:7770: Bad register code (-31520058).
\@addmarginpar ...e \space moved}\else \@tempdima 
                                                  \z@ \fi \global \@mparbott...
l.7770 \end{figure}
                   
A register number must be between 0 and 32767.
I changed this one to zero.

./cybersec_final.tex:7770: Missing number, treated as zero.
<to be read again> 
                   \global 
l.7770 \end{figure}
                   
A number should have been here; I inserted `0'.
(If you can't figure out why I needed to see a number,
look up `weird error' in the index to The TeXbook.)

./cybersec_final.tex:7770: Illegal unit of measure (pt inserted).
<to be read again> 
                   \global 
l.7770 \end{figure}
                   
Dimensions can be in units of em, ex, in, pt, pc,
cm, mm, dd, cc, bp, or sp; but yours is a new one!
I'll assume that you meant to say pt, for printer's points.
To recover gracefully from this error, it's best to
delete the erroneous units; e.g., type `2' to delete
two letters. (See Chapter 27 of The TeXbook.)

./cybersec_final.tex:7770: Undefined control sequence.
\@addmarginpar ...vance \@mparbottom \dp \@marbox 
                                                  \global \advance \@mparbot...
l.7770 \end{figure}
                   
The control sequence at the end of the top line
of your error message was never \def'ed. If you have
misspelled it (e.g., `\hobx'), type `I' and the correct
spelling (e.g., `I\hbox'). Otherwise just continue,
and I'll forget about whatever was undefined.

./cybersec_final.tex:7770: Missing number, treated as zero.
<to be read again> 
                   \global 
l.7770 \end{figure}
                   
A number should have been here; I inserted `0'.
(If you can't figure out why I needed to see a number,
look up `weird error' in the index to The TeXbook.)

./cybersec_final.tex:7770: Undefined control sequence.
\@addmarginpar ...dvance \@tempdima -\ht \@marbox 
                                                  \global \setbox \@marbox \...
l.7770 \end{figure}
                   
The control sequence at the end of the top line
of your error message was never \def'ed. If you have
misspelled it (e.g., `\hobx'), type `I' and the correct
spelling (e.g., `I\hbox'). Otherwise just continue,
and I'll forget about whatever was undefined.

./cybersec_final.tex:7770: Missing number, treated as zero.
<to be read again> 
                   \global 
l.7770 \end{figure}
                   
A number should have been here; I inserted `0'.
(If you can't figure out why I needed to see a number,
look up `weird error' in the index to The TeXbook.)

./cybersec_final.tex:7770: Undefined control sequence.
\@addmarginpar ...marbox \global \setbox \@marbox 
                                                  \vbox {\vskip \@tempdima \...
l.7770 \end{figure}
                   
The control sequence at the end of the top line
of your error message was never \def'ed. If you have
misspelled it (e.g., `\hobx'), type `I' and the correct
spelling (e.g., `I\hbox'). Otherwise just continue,
and I'll forget about whatever was undefined.

./cybersec_final.tex:7770: Missing number, treated as zero.
<to be read again> 
                   \vbox 
l.7770 \end{figure}
                   
A number should have been here; I inserted `0'.
(If you can't figure out why I needed to see a number,
look up `weird error' in the index to The TeXbook.)

./cybersec_final.tex:7770: Undefined control sequence.
\@addmarginpar ...\vskip \@tempdima \box \@marbox 
                                                  }\global \ht \@marbox \z@ ...
l.7770 \end{figure}
                   
The control sequence at the end of the top line
of your error message was never \def'ed. If you have
misspelled it (e.g., `\hobx'), type `I' and the correct
spelling (e.g., `I\hbox'). Otherwise just continue,
and I'll forget about whatever was undefined.

./cybersec_final.tex:7770: Missing number, treated as zero.
<to be read again> 
                   }
l.7770 \end{figure}
                   
A number should have been here; I inserted `0'.
(If you can't figure out why I needed to see a number,
look up `weird error' in the index to The TeXbook.)

./cybersec_final.tex:7770: Undefined control sequence.
\@addmarginpar ... \@marbox }\global \ht \@marbox 
                                                  \z@ \global \dp \@marbox \...
l.7770 \end{figure}
                   
The control sequence at the end of the top line
of your error message was never \def'ed. If you have
misspelled it (e.g., `\hobx'), type `I' and the correct
spelling (e.g., `I\hbox'). Otherwise just continue,
and I'll forget about whatever was undefined.

./cybersec_final.tex:7770: Missing number, treated as zero.
<to be read again> 
                   \global 
l.7770 \end{figure}
                   
A number should have been here; I inserted `0'.
(If you can't figure out why I needed to see a number,
look up `weird error' in the index to The TeXbook.)

./cybersec_final.tex:7770: Illegal unit of measure (pt inserted).
<to be read again> 
                   \global 
l.7770 \end{figure}
                   
Dimensions can be in units of em, ex, in, pt, pc,
cm, mm, dd, cc, bp, or sp; but yours is a new one!
I'll assume that you meant to say pt, for printer's points.
To recover gracefully from this error, it's best to
delete the erroneous units; e.g., type `2' to delete
two letters. (See Chapter 27 of The TeXbook.)

./cybersec_final.tex:7770: Undefined control sequence.
\@addmarginpar ...marbox \z@ \global \dp \@marbox 
                                                  \z@ \kern -\@pagedp \noint...
l.7770 \end{figure}
                   
The control sequence at the end of the top line
of your error message was never \def'ed. If you have
misspelled it (e.g., `\hobx'), type `I' and the correct
spelling (e.g., `I\hbox'). Otherwise just continue,
and I'll forget about whatever was undefined.

./cybersec_final.tex:7770: Missing number, treated as zero.
<to be read again> 
                   \kern 
l.7770 \end{figure}
                   
A number should have been here; I inserted `0'.
(If you can't figure out why I needed to see a number,
look up `weird error' in the index to The TeXbook.)

./cybersec_final.tex:7770: Illegal unit of measure (pt inserted).
<to be read again> 
                   \kern 
l.7770 \end{figure}
                   
Dimensions can be in units of em, ex, in, pt, pc,
cm, mm, dd, cc, bp, or sp; but yours is a new one!
I'll assume that you meant to say pt, for printer's points.
To recover gracefully from this error, it's best to
delete the erroneous units; e.g., type `2' to delete
two letters. (See Chapter 27 of The TeXbook.)

./cybersec_final.tex:7770: Undefined control sequence.
\@addmarginpar ...arginparwidth \fi \box \@marbox 
                                                  \hss }\nointerlineskip \hb...
l.7770 \end{figure}
                   
The control sequence at the end of the top line
of your error message was never \def'ed. If you have
misspelled it (e.g., `\hobx'), type `I' and the correct
spelling (e.g., `I\hbox'). Otherwise just continue,
and I'll forget about whatever was undefined.

./cybersec_final.tex:7770: Missing number, treated as zero.
<to be read again> 
                   \hss 
l.7770 \end{figure}
                   
A number should have been here; I inserted `0'.
(If you can't figure out why I needed to see a number,
look up `weird error' in the index to The TeXbook.)



[336]
Overfull \hbox (1052.1201pt too wide) in paragraph at lines 7795--7824
 [] 
 []



[337]

./cybersec_final.tex:7860: LaTeX Error: Too many unprocessed floats.

See the LaTeX manual or LaTeX Companion for explanation.
Type  H <return>  for immediate help.
 ...                                              
                                                  
l.7860 \begin{figure}[htbp]
                           
You've lost some text.  Try typing  <return>  to proceed.
If that doesn't work, type  X <return>  to quit.

./cybersec_final.tex:7860: Undefined control sequence.
\@xfloat ...@fltovf \fi \global \setbox \@currbox 
                                                  \color@vbox \normalcolor \...
l.7860 \begin{figure}[htbp]
                           
The control sequence at the end of the top line
of your error message was never \def'ed. If you have
misspelled it (e.g., `\hobx'), type `I' and the correct
spelling (e.g., `I\hbox'). Otherwise just continue,
and I'll forget about whatever was undefined.

./cybersec_final.tex:7860: Missing number, treated as zero.
<to be read again> 
                   \vbox 
l.7860 \begin{figure}[htbp]
                           
A number should have been here; I inserted `0'.
(If you can't figure out why I needed to see a number,
look up `weird error' in the index to The TeXbook.)


./cybersec_final.tex:7862: Package keyval Error: max width undefined.

See the keyval package documentation for explanation.
Type  H <return>  for immediate help.
 ...                                              
                                                  
l.7862 ...r]{2025_05_12_ac3bc46a6f93dd973caag-322}
                                                  
Try typing  <return>  to proceed.
If that doesn't work, type  X <return>  to quit.


./cybersec_final.tex:7862: Package keyval Error: center undefined.

See the keyval package documentation for explanation.
Type  H <return>  for immediate help.
 ...                                              
                                                  
l.7862 ...r]{2025_05_12_ac3bc46a6f93dd973caag-322}
                                                  
Try typing  <return>  to proceed.
If that doesn't work, type  X <return>  to quit.

File: ./images/2025_05_12_ac3bc46a6f93dd973caag-322.jpg Graphic file (type bmp)

<./images/2025_05_12_ac3bc46a6f93dd973caag-322.jpg>

Overfull \hbox (826.37337pt too wide) in paragraph at lines 7862--7863
 [][] 
 []

./cybersec_final.tex:7864: Undefined control sequence.
\@largefloatcheck ->\ifdim \ht \@currbox 
                                         >\textheight \@tempdima -\textheigh...
l.7864 \end{figure}
                   
The control sequence at the end of the top line
of your error message was never \def'ed. If you have
misspelled it (e.g., `\hobx'), type `I' and the correct
spelling (e.g., `I\hbox'). Otherwise just continue,
and I'll forget about whatever was undefined.

./cybersec_final.tex:7864: Missing number, treated as zero.
<to be read again> 
                   >
l.7864 \end{figure}
                   
A number should have been here; I inserted `0'.
(If you can't figure out why I needed to see a number,
look up `weird error' in the index to The TeXbook.)

./cybersec_final.tex:7864: Undefined control sequence.
<argument> \@currbox 
                     
l.7864 \end{figure}
                   
The control sequence at the end of the top line
of your error message was never \def'ed. If you have
misspelled it (e.g., `\hobx'), type `I' and the correct
spelling (e.g., `I\hbox'). Otherwise just continue,
and I'll forget about whatever was undefined.



[338]
./cybersec_final.tex:7865: Argument of \@xnext has an extra }.
<inserted text> 
                \par 
l.7865 
       
I've run across a `}' that doesn't seem to match anything.
For example, `\def\a#1{...}' and `\a}' would produce
this error. If you simply proceed now, the `\par' that
I've just inserted will cause me to report a runaway
argument that might be the root of the problem. But if
your `}' was spurious, just type `2' and it will go away.

Runaway argument?
\@currbox \@currlist \ifnum \count \@currbox >\z@ \advance \@pageht \@pagedp \E
TC.
./cybersec_final.tex:7865: Paragraph ended before \@xnext was complete.
<to be read again> 
                   \par 
l.7865 
       
I suspect you've forgotten a `}', causing me to apply this
control sequence to too much text. How can we recover?
My plan is to forget the whole thing and hope for the best.


./cybersec_final.tex:8008: LaTeX Error: Too many unprocessed floats.

See the LaTeX manual or LaTeX Companion for explanation.
Type  H <return>  for immediate help.
 ...                                              
                                                  
l.8008 \begin{figure}[htbp]
                           
You've lost some text.  Try typing  <return>  to proceed.
If that doesn't work, type  X <return>  to quit.

./cybersec_final.tex:8008: Undefined control sequence.
\@xfloat ...@fltovf \fi \global \setbox \@currbox 
                                                  \color@vbox \normalcolor \...
l.8008 \begin{figure}[htbp]
                           
The control sequence at the end of the top line
of your error message was never \def'ed. If you have
misspelled it (e.g., `\hobx'), type `I' and the correct
spelling (e.g., `I\hbox'). Otherwise just continue,
and I'll forget about whatever was undefined.

./cybersec_final.tex:8008: Missing number, treated as zero.
<to be read again> 
                   \vbox 
l.8008 \begin{figure}[htbp]
                           
A number should have been here; I inserted `0'.
(If you can't figure out why I needed to see a number,
look up `weird error' in the index to The TeXbook.)

File: ./images/2025_05_12_ac3bc46a6f93dd973caag-326.jpg Graphic file (type bmp)

<./images/2025_05_12_ac3bc46a6f93dd973caag-326.jpg>
./cybersec_final.tex:8012: Undefined control sequence.
\@largefloatcheck ->\ifdim \ht \@currbox 
                                         >\textheight \@tempdima -\textheigh...
l.8012 \end{figure}
                   
The control sequence at the end of the top line
of your error message was never \def'ed. If you have
misspelled it (e.g., `\hobx'), type `I' and the correct
spelling (e.g., `I\hbox'). Otherwise just continue,
and I'll forget about whatever was undefined.

./cybersec_final.tex:8012: Missing number, treated as zero.
<to be read again> 
                   >
l.8012 \end{figure}
                   
A number should have been here; I inserted `0'.
(If you can't figure out why I needed to see a number,
look up `weird error' in the index to The TeXbook.)

./cybersec_final.tex:8012: Undefined control sequence.
<argument> \@currbox 
                     
l.8012 \end{figure}
                   
The control sequence at the end of the top line
of your error message was never \def'ed. If you have
misspelled it (e.g., `\hobx'), type `I' and the correct
spelling (e.g., `I\hbox'). Otherwise just continue,
and I'll forget about whatever was undefined.

./cybersec_final.tex:8013: Missing number, treated as zero.
<to be read again> 
                   \@elt 
l.8013 
       
A number should have been here; I inserted `0'.
(If you can't figure out why I needed to see a number,
look up `weird error' in the index to The TeXbook.)

./cybersec_final.tex:8013: Missing = inserted for \ifnum.
<to be read again> 
                   \@elt 
l.8013 
       
I was expecting to see `<', `=', or `>'. Didn't.

./cybersec_final.tex:8013: Missing number, treated as zero.
<to be read again> 
                   \@elt 
l.8013 
       
A number should have been here; I inserted `0'.
(If you can't figure out why I needed to see a number,
look up `weird error' in the index to The TeXbook.)


./cybersec_final.tex:8013: LaTeX Error: This may be a LaTeX bug.

See the LaTeX manual or LaTeX Companion for explanation.
Type  H <return>  for immediate help.
 ...                                              
                                                  
l.8013 
       
Call for help

./cybersec_final.tex:8013: Undefined control sequence.
\@addmarginpar ...advance \@tempdima \ht \@marbox 
                                                  \ifdim \@tempdima >\z@ \@l...
l.8013 
       
The control sequence at the end of the top line
of your error message was never \def'ed. If you have
misspelled it (e.g., `\hobx'), type `I' and the correct
spelling (e.g., `I\hbox'). Otherwise just continue,
and I'll forget about whatever was undefined.

./cybersec_final.tex:8013: Bad register code (-140654340).
\@addmarginpar ...e \space moved}\else \@tempdima 
                                                  \z@ \fi \global \@mparbott...
l.8013 
       
A register number must be between 0 and 32767.
I changed this one to zero.

./cybersec_final.tex:8013: Missing number, treated as zero.
<to be read again> 
                   \global 
l.8013 
       
A number should have been here; I inserted `0'.
(If you can't figure out why I needed to see a number,
look up `weird error' in the index to The TeXbook.)

./cybersec_final.tex:8013: Illegal unit of measure (pt inserted).
<to be read again> 
                   \global 
l.8013 
       
Dimensions can be in units of em, ex, in, pt, pc,
cm, mm, dd, cc, bp, or sp; but yours is a new one!
I'll assume that you meant to say pt, for printer's points.
To recover gracefully from this error, it's best to
delete the erroneous units; e.g., type `2' to delete
two letters. (See Chapter 27 of The TeXbook.)

./cybersec_final.tex:8013: Undefined control sequence.
\@addmarginpar ...vance \@mparbottom \dp \@marbox 
                                                  \global \advance \@mparbot...
l.8013 
       
The control sequence at the end of the top line
of your error message was never \def'ed. If you have
misspelled it (e.g., `\hobx'), type `I' and the correct
spelling (e.g., `I\hbox'). Otherwise just continue,
and I'll forget about whatever was undefined.

./cybersec_final.tex:8013: Missing number, treated as zero.
<to be read again> 
                   \global 
l.8013 
       
A number should have been here; I inserted `0'.
(If you can't figure out why I needed to see a number,
look up `weird error' in the index to The TeXbook.)

./cybersec_final.tex:8013: Undefined control sequence.
\@addmarginpar ...dvance \@tempdima -\ht \@marbox 
                                                  \global \setbox \@marbox \...
l.8013 
       
The control sequence at the end of the top line
of your error message was never \def'ed. If you have
misspelled it (e.g., `\hobx'), type `I' and the correct
spelling (e.g., `I\hbox'). Otherwise just continue,
and I'll forget about whatever was undefined.

./cybersec_final.tex:8013: Missing number, treated as zero.
<to be read again> 
                   \global 
l.8013 
       
A number should have been here; I inserted `0'.
(If you can't figure out why I needed to see a number,
look up `weird error' in the index to The TeXbook.)

./cybersec_final.tex:8013: Undefined control sequence.
\@addmarginpar ...marbox \global \setbox \@marbox 
                                                  \vbox {\vskip \@tempdima \...
l.8013 
       
The control sequence at the end of the top line
of your error message was never \def'ed. If you have
misspelled it (e.g., `\hobx'), type `I' and the correct
spelling (e.g., `I\hbox'). Otherwise just continue,
and I'll forget about whatever was undefined.

./cybersec_final.tex:8013: Missing number, treated as zero.
<to be read again> 
                   \vbox 
l.8013 
       
A number should have been here; I inserted `0'.
(If you can't figure out why I needed to see a number,
look up `weird error' in the index to The TeXbook.)

./cybersec_final.tex:8013: Undefined control sequence.
\@addmarginpar ...\vskip \@tempdima \box \@marbox 
                                                  }\global \ht \@marbox \z@ ...
l.8013 
       
The control sequence at the end of the top line
of your error message was never \def'ed. If you have
misspelled it (e.g., `\hobx'), type `I' and the correct
spelling (e.g., `I\hbox'). Otherwise just continue,
and I'll forget about whatever was undefined.

./cybersec_final.tex:8013: Missing number, treated as zero.
<to be read again> 
                   }
l.8013 
       
A number should have been here; I inserted `0'.
(If you can't figure out why I needed to see a number,
look up `weird error' in the index to The TeXbook.)

./cybersec_final.tex:8013: Undefined control sequence.
\@addmarginpar ... \@marbox }\global \ht \@marbox 
                                                  \z@ \global \dp \@marbox \...
l.8013 
       
The control sequence at the end of the top line
of your error message was never \def'ed. If you have
misspelled it (e.g., `\hobx'), type `I' and the correct
spelling (e.g., `I\hbox'). Otherwise just continue,
and I'll forget about whatever was undefined.

./cybersec_final.tex:8013: Missing number, treated as zero.
<to be read again> 
                   \global 
l.8013 
       
A number should have been here; I inserted `0'.
(If you can't figure out why I needed to see a number,
look up `weird error' in the index to The TeXbook.)

./cybersec_final.tex:8013: Illegal unit of measure (pt inserted).
<to be read again> 
                   \global 
l.8013 
       
Dimensions can be in units of em, ex, in, pt, pc,
cm, mm, dd, cc, bp, or sp; but yours is a new one!
I'll assume that you meant to say pt, for printer's points.
To recover gracefully from this error, it's best to
delete the erroneous units; e.g., type `2' to delete
two letters. (See Chapter 27 of The TeXbook.)

./cybersec_final.tex:8013: Undefined control sequence.
\@addmarginpar ...marbox \z@ \global \dp \@marbox 
                                                  \z@ \kern -\@pagedp \noint...
l.8013 
       
The control sequence at the end of the top line
of your error message was never \def'ed. If you have
misspelled it (e.g., `\hobx'), type `I' and the correct
spelling (e.g., `I\hbox'). Otherwise just continue,
and I'll forget about whatever was undefined.

./cybersec_final.tex:8013: Missing number, treated as zero.
<to be read again> 
                   \kern 
l.8013 
       
A number should have been here; I inserted `0'.
(If you can't figure out why I needed to see a number,
look up `weird error' in the index to The TeXbook.)

./cybersec_final.tex:8013: Illegal unit of measure (pt inserted).
<to be read again> 
                   \kern 
l.8013 
       
Dimensions can be in units of em, ex, in, pt, pc,
cm, mm, dd, cc, bp, or sp; but yours is a new one!
I'll assume that you meant to say pt, for printer's points.
To recover gracefully from this error, it's best to
delete the erroneous units; e.g., type `2' to delete
two letters. (See Chapter 27 of The TeXbook.)

./cybersec_final.tex:8013: Undefined control sequence.
\@addmarginpar ...arginparwidth \fi \box \@marbox 
                                                  \hss }\nointerlineskip \hb...
l.8013 
       
The control sequence at the end of the top line
of your error message was never \def'ed. If you have
misspelled it (e.g., `\hobx'), type `I' and the correct
spelling (e.g., `I\hbox'). Otherwise just continue,
and I'll forget about whatever was undefined.

./cybersec_final.tex:8013: Missing number, treated as zero.
<to be read again> 
                   \hss 
l.8013 
       
A number should have been here; I inserted `0'.
(If you can't figure out why I needed to see a number,
look up `weird error' in the index to The TeXbook.)


Underfull \vbox (badness 10000) has occurred while \output is active []



[339]

[340]

[341]

[342]

[343]

[344]

[345]

[346]
Overfull \hbox (1.9789pt too wide) in paragraph at lines 8149--8150
[]\TU/lmr/m/n/10 The URI [][]http://www.vic.dk/images/../../../../etc/passwd[][
] would then give
 []



[347]

[348]
Underfull \vbox (badness 7576) has occurred while \output is active []



[349]

[350]

[351]

[352]

[353]

[354]

[355]

[356]

[357]

[358]

[359]

[360]

[361]

[362]

[363]

[364]

[365]

[366]

[367]

[368]

[369]

[370]

[371]

[372]

[373]

[374]

[375]

[376]

[377]

[378]

[379]

[380]

[381]

[382]

[383]

[384]

[385]

[386]

[387]

[388]

[389]

[390]

[391]

[392]

[393]

[394]

[395]

[396]

[397]

[398]

[399]

[400

]
Chapter 8.


[401]

[402]
Overfull \hbox (1.45001pt too wide) in paragraph at lines 8366--8367
[]\TU/lmr/m/n/10 Unauthorised activities in the network or in individual system
s (e.g. caused
 []


Overfull \hbox (106.00502pt too wide) in paragraph at lines 8372--8375
[]\TU/lmr/m/n/10 The form can be found on the organisation’s intranet at: [][]h
ttps://www.nnnn.com/cybersec/report.pdf[][]
 []



[403]

[404]

[405]

[406]

[407]

[408]
File: ./images/2025_05_12_ac3bc46a6f93dd973caag-344.jpg Graphic file (type bmp)

<./images/2025_05_12_ac3bc46a6f93dd973caag-344.jpg>

Underfull \vbox (badness 6961) has occurred while \output is active []



[409]
File: ./images/2025_05_12_ac3bc46a6f93dd973caag-345.jpg Graphic file (type bmp)

<./images/2025_05_12_ac3bc46a6f93dd973caag-345.jpg>


[410]
Overfull \hbox (2.5654pt too wide) in paragraph at lines 8515--8516
[]\TU/lmr/bx/n/10 Recovery Time Objective, RTO: \TU/lmr/m/n/10 The acceptable t
ime for restora-
 []



[411]

[412]

./cybersec_final.tex:8553: Package keyval Error: max width undefined.

See the keyval package documentation for explanation.
Type  H <return>  for immediate help.
 ...                                              
                                                  
l.8553 ...r]{2025_05_12_ac3bc46a6f93dd973caag-348}
                                                  
Try typing  <return>  to proceed.
If that doesn't work, type  X <return>  to quit.


./cybersec_final.tex:8553: Package keyval Error: center undefined.

See the keyval package documentation for explanation.
Type  H <return>  for immediate help.
 ...                                              
                                                  
l.8553 ...r]{2025_05_12_ac3bc46a6f93dd973caag-348}
                                                  
Try typing  <return>  to proceed.
If that doesn't work, type  X <return>  to quit.

File: ./images/2025_05_12_ac3bc46a6f93dd973caag-348.jpg Graphic file (type bmp)

<./images/2025_05_12_ac3bc46a6f93dd973caag-348.jpg>

Overfull \hbox (767.15233pt too wide) in paragraph at lines 8553--8554
 [][] 
 []



[413]

[414]

./cybersec_final.tex:8588: Package keyval Error: max width undefined.

See the keyval package documentation for explanation.
Type  H <return>  for immediate help.
 ...                                              
                                                  
l.8588 ...r]{2025_05_12_ac3bc46a6f93dd973caag-350}
                                                  
Try typing  <return>  to proceed.
If that doesn't work, type  X <return>  to quit.


./cybersec_final.tex:8588: Package keyval Error: center undefined.

See the keyval package documentation for explanation.
Type  H <return>  for immediate help.
 ...                                              
                                                  
l.8588 ...r]{2025_05_12_ac3bc46a6f93dd973caag-350}
                                                  
Try typing  <return>  to proceed.
If that doesn't work, type  X <return>  to quit.

File: ./images/2025_05_12_ac3bc46a6f93dd973caag-350.jpg Graphic file (type bmp)

<./images/2025_05_12_ac3bc46a6f93dd973caag-350.jpg>

Overfull \hbox (519.22664pt too wide) in paragraph at lines 8588--8589
 [][] 
 []


LaTeX Warning: `h' float specifier changed to `ht'.



[415]

[416]

./cybersec_final.tex:8619: Package keyval Error: max width undefined.

See the keyval package documentation for explanation.
Type  H <return>  for immediate help.
 ...                                              
                                                  
l.8619 ...r]{2025_05_12_ac3bc46a6f93dd973caag-351}
                                                  
Try typing  <return>  to proceed.
If that doesn't work, type  X <return>  to quit.


./cybersec_final.tex:8619: Package keyval Error: center undefined.

See the keyval package documentation for explanation.
Type  H <return>  for immediate help.
 ...                                              
                                                  
l.8619 ...r]{2025_05_12_ac3bc46a6f93dd973caag-351}
                                                  
Try typing  <return>  to proceed.
If that doesn't work, type  X <return>  to quit.

File: ./images/2025_05_12_ac3bc46a6f93dd973caag-351.jpg Graphic file (type bmp)

<./images/2025_05_12_ac3bc46a6f93dd973caag-351.jpg>

Overfull \hbox (824.36592pt too wide) in paragraph at lines 8619--8620
 [][] 
 []



[417]

./cybersec_final.tex:8661: LaTeX Error: \begin{document} ended by \end{itemize}
.

See the LaTeX manual or LaTeX Companion for explanation.
Type  H <return>  for immediate help.
 ...                                              
                                                  
l.8661 \end{itemize}
                    
Your command was ignored.
Type  I <command> <return>  to replace it with another command,
or  <return>  to continue without it.

./cybersec_final.tex:8661: Extra \endgroup.
\end  ...end#1\endcsname \@checkend {#1}\endgroup 
                                                  \UseHook {env/#1/after}\if...
l.8661 \end{itemize}
                    
Things are pretty mixed up, but I think the worst is over.



[418]

[419]

[420]

./cybersec_final.tex:8712: Package keyval Error: max width undefined.

See the keyval package documentation for explanation.
Type  H <return>  for immediate help.
 ...                                              
                                                  
l.8712 ...h]{2025_05_12_ac3bc46a6f93dd973caag-355}
                                                  
Try typing  <return>  to proceed.
If that doesn't work, type  X <return>  to quit.

File: ./images/2025_05_12_ac3bc46a6f93dd973caag-355.jpg Graphic file (type bmp)

<./images/2025_05_12_ac3bc46a6f93dd973caag-355.jpg>

Overfull \hbox (722.9874pt too wide) in paragraph at lines 8712--8713
 [][] 
 []


LaTeX Warning: Float too large for page by 26.51617pt on input line 8714.




Overfull \hbox (99.76913pt too wide) has occurred while \output is active
\TU/lmr/m/sl/10 8.7.  \TU/lmr/bx/it/10 LOOK AFTER YOUR PRIVATE DATA! DATA THIEV
ES ARE AFTER THEM. \TU/lmr/m/n/10 421
 []

[421]

[422]

[423]

[424]

./cybersec_final.tex:8821: Package keyval Error: max width undefined.

See the keyval package documentation for explanation.
Type  H <return>  for immediate help.
 ...                                              
                                                  
l.8821 ...r]{2025_05_12_ac3bc46a6f93dd973caag-360}
                                                  
Try typing  <return>  to proceed.
If that doesn't work, type  X <return>  to quit.


./cybersec_final.tex:8821: Package keyval Error: center undefined.

See the keyval package documentation for explanation.
Type  H <return>  for immediate help.
 ...                                              
                                                  
l.8821 ...r]{2025_05_12_ac3bc46a6f93dd973caag-360}
                                                  
Try typing  <return>  to proceed.
If that doesn't work, type  X <return>  to quit.

File: ./images/2025_05_12_ac3bc46a6f93dd973caag-360.jpg Graphic file (type bmp)

<./images/2025_05_12_ac3bc46a6f93dd973caag-360.jpg>

Overfull \hbox (792.24602pt too wide) in paragraph at lines 8821--8822
 [][] 
 []


LaTeX Warning: Float too large for page by 271.0355pt on input line 8823.



[425]
Overfull \hbox (1.912pt too wide) in paragraph at lines 8843--8844
[]\TU/lmr/m/n/10 After an introductory chapter, the convention contains two lar
ge parts (Chap-
 []



[426]

[427]

[428]

[429]

[430]

[431]

[432]
Overfull \hbox (0.2975pt too wide) in paragraph at lines 8981--8981
[]\TU/lmr/bx/n/14.4 Definition (Sensitive personal data (Source:
 []


Overfull \hbox (2.08002pt too wide) in paragraph at lines 8994--9005
\TU/lmr/m/n/10 h) Processing is necessary for the purposes of preventive or occ
upational medicine
 []



[433]

[434]

[435]

[436]

./cybersec_final.tex:9059: Package keyval Error: max width undefined.

See the keyval package documentation for explanation.
Type  H <return>  for immediate help.
 ...                                              
                                                  
l.9059 ...h]{2025_05_12_ac3bc46a6f93dd973caag-372}
                                                  
Try typing  <return>  to proceed.
If that doesn't work, type  X <return>  to quit.

File: ./images/2025_05_12_ac3bc46a6f93dd973caag-372.jpg Graphic file (type bmp)

<./images/2025_05_12_ac3bc46a6f93dd973caag-372.jpg>

Overfull \hbox (576.44026pt too wide) in paragraph at lines 9059--9060
 [][] 
 []



[437]

[438]
./cybersec_final.tex:9100: Undefined control sequence.
<argument> \euro 
                 
l.9100   \item Up to $€
                        10000000$ or $2 \%$ of the controller's annual globa...
The control sequence at the end of the top line
of your error message was never \def'ed. If you have
misspelled it (e.g., `\hobx'), type `I' and the correct
spelling (e.g., `I\hbox'). Otherwise just continue,
and I'll forget about whatever was undefined.

./cybersec_final.tex:9100: Undefined control sequence.
<argument> \firstchoice@false \euro 
                                    
l.9100   \item Up to $€
                        10000000$ or $2 \%$ of the controller's annual globa...
The control sequence at the end of the top line
of your error message was never \def'ed. If you have
misspelled it (e.g., `\hobx'), type `I' and the correct
spelling (e.g., `I\hbox'). Otherwise just continue,
and I'll forget about whatever was undefined.

./cybersec_final.tex:9100: Undefined control sequence.
<argument> \firstchoice@false \euro 
                                    
l.9100   \item Up to $€
                        10000000$ or $2 \%$ of the controller's annual globa...
The control sequence at the end of the top line
of your error message was never \def'ed. If you have
misspelled it (e.g., `\hobx'), type `I' and the correct
spelling (e.g., `I\hbox'). Otherwise just continue,
and I'll forget about whatever was undefined.

./cybersec_final.tex:9100: Undefined control sequence.
<argument> \firstchoice@false \euro 
                                    
l.9100   \item Up to $€
                        10000000$ or $2 \%$ of the controller's annual globa...
The control sequence at the end of the top line
of your error message was never \def'ed. If you have
misspelled it (e.g., `\hobx'), type `I' and the correct
spelling (e.g., `I\hbox'). Otherwise just continue,
and I'll forget about whatever was undefined.

./cybersec_final.tex:9101: Undefined control sequence.
<argument> \euro 
                 
l.9101   \item Up to $€
                        20000000$ or $4 \%$ of the controller's annual globa...
The control sequence at the end of the top line
of your error message was never \def'ed. If you have
misspelled it (e.g., `\hobx'), type `I' and the correct
spelling (e.g., `I\hbox'). Otherwise just continue,
and I'll forget about whatever was undefined.

./cybersec_final.tex:9101: Undefined control sequence.
<argument> \firstchoice@false \euro 
                                    
l.9101   \item Up to $€
                        20000000$ or $4 \%$ of the controller's annual globa...
The control sequence at the end of the top line
of your error message was never \def'ed. If you have
misspelled it (e.g., `\hobx'), type `I' and the correct
spelling (e.g., `I\hbox'). Otherwise just continue,
and I'll forget about whatever was undefined.

./cybersec_final.tex:9101: Undefined control sequence.
<argument> \firstchoice@false \euro 
                                    
l.9101   \item Up to $€
                        20000000$ or $4 \%$ of the controller's annual globa...
The control sequence at the end of the top line
of your error message was never \def'ed. If you have
misspelled it (e.g., `\hobx'), type `I' and the correct
spelling (e.g., `I\hbox'). Otherwise just continue,
and I'll forget about whatever was undefined.

./cybersec_final.tex:9101: Undefined control sequence.
<argument> \firstchoice@false \euro 
                                    
l.9101   \item Up to $€
                        20000000$ or $4 \%$ of the controller's annual globa...
The control sequence at the end of the top line
of your error message was never \def'ed. If you have
misspelled it (e.g., `\hobx'), type `I' and the correct
spelling (e.g., `I\hbox'). Otherwise just continue,
and I'll forget about whatever was undefined.



[439]

[440]

[441]

[442]

[443]
Underfull \hbox (badness 10000) in paragraph at lines 9184--9185

 []



[444]

[445]

[446]

[447]

[448]

[449]

./cybersec_final.tex:9333: LaTeX Error: Environment displayquote undefined.

See the LaTeX manual or LaTeX Companion for explanation.
Type  H <return>  for immediate help.
 ...                                              
                                                  
l.9333 \begin{displayquote}
                           
Your command was ignored.
Type  I <command> <return>  to replace it with another command,
or  <return>  to continue without it.



[450]

./cybersec_final.tex:9342: LaTeX Error: \begin{document} ended by \end{displayq
uote}.

See the LaTeX manual or LaTeX Companion for explanation.
Type  H <return>  for immediate help.
 ...                                              
                                                  
l.9342 \end{displayquote}
                         
Your command was ignored.
Type  I <command> <return>  to replace it with another command,
or  <return>  to continue without it.



[451]

./cybersec_final.tex:9362: Package keyval Error: max width undefined.

See the keyval package documentation for explanation.
Type  H <return>  for immediate help.
 ...                                              
                                                  
l.9362 ...2025_05_12_ac3bc46a6f93dd973caag-387(1)}
                                                  
Try typing  <return>  to proceed.
If that doesn't work, type  X <return>  to quit.


./cybersec_final.tex:9362: Package keyval Error: center undefined.

See the keyval package documentation for explanation.
Type  H <return>  for immediate help.
 ...                                              
                                                  
l.9362 ...2025_05_12_ac3bc46a6f93dd973caag-387(1)}
                                                  
Try typing  <return>  to proceed.
If that doesn't work, type  X <return>  to quit.

File: ./images/2025_05_12_ac3bc46a6f93dd973caag-387(1).jpg Graphic file (type b
mp)
<./images/2025_05_12_ac3bc46a6f93dd973caag-387(1).jpg>

Overfull \hbox (583.46649pt too wide) in paragraph at lines 9362--9363
 [][] 
 []


./cybersec_final.tex:9374: Package keyval Error: max width undefined.

See the keyval package documentation for explanation.
Type  H <return>  for immediate help.
 ...                                              
                                                  
l.9374 ...r]{2025_05_12_ac3bc46a6f93dd973caag-387}
                                                  
Try typing  <return>  to proceed.
If that doesn't work, type  X <return>  to quit.


./cybersec_final.tex:9374: Package keyval Error: center undefined.

See the keyval package documentation for explanation.
Type  H <return>  for immediate help.
 ...                                              
                                                  
l.9374 ...r]{2025_05_12_ac3bc46a6f93dd973caag-387}
                                                  
Try typing  <return>  to proceed.
If that doesn't work, type  X <return>  to quit.

File: ./images/2025_05_12_ac3bc46a6f93dd973caag-387.jpg Graphic file (type bmp)

<./images/2025_05_12_ac3bc46a6f93dd973caag-387.jpg>

Overfull \hbox (134.79132pt too wide) in paragraph at lines 9374--9375
 [][] 
 []



[452]

[453]

[454]

[455]

./cybersec_final.tex:9424: Package keyval Error: max width undefined.

See the keyval package documentation for explanation.
Type  H <return>  for immediate help.
 ...                                              
                                                  
l.9424 ...r]{2025_05_12_ac3bc46a6f93dd973caag-392}
                                                  
Try typing  <return>  to proceed.
If that doesn't work, type  X <return>  to quit.


./cybersec_final.tex:9424: Package keyval Error: center undefined.

See the keyval package documentation for explanation.
Type  H <return>  for immediate help.
 ...                                              
                                                  
l.9424 ...r]{2025_05_12_ac3bc46a6f93dd973caag-392}
                                                  
Try typing  <return>  to proceed.
If that doesn't work, type  X <return>  to quit.

File: ./images/2025_05_12_ac3bc46a6f93dd973caag-392.jpg Graphic file (type bmp)

<./images/2025_05_12_ac3bc46a6f93dd973caag-392.jpg>

Overfull \hbox (227.13611pt too wide) in paragraph at lines 9424--9425
 [][] 
 []


LaTeX Warning: Float too large for page by 73.64732pt on input line 9426.


LaTeX Font Warning: Font shape `TU/STSong(0)/b/n' undefined
(Font)              using `TU/STSong(0)/m/n' instead on input line 9428.



[456]

./cybersec_final.tex:9436: Package keyval Error: max width undefined.

See the keyval package documentation for explanation.
Type  H <return>  for immediate help.
 ...                                              
                                                  
l.9436 ...2025_05_12_ac3bc46a6f93dd973caag-394(1)}
                                                  
Try typing  <return>  to proceed.
If that doesn't work, type  X <return>  to quit.


./cybersec_final.tex:9436: Package keyval Error: center undefined.

See the keyval package documentation for explanation.
Type  H <return>  for immediate help.
 ...                                              
                                                  
l.9436 ...2025_05_12_ac3bc46a6f93dd973caag-394(1)}
                                                  
Try typing  <return>  to proceed.
If that doesn't work, type  X <return>  to quit.

File: ./images/2025_05_12_ac3bc46a6f93dd973caag-394(1).jpg Graphic file (type b
mp)
<./images/2025_05_12_ac3bc46a6f93dd973caag-394(1).jpg>

Overfull \hbox (787.22722pt too wide) in paragraph at lines 9436--9437
 [][] 
 []


LaTeX Warning: Float too large for page by 331.0954pt on input line 9438.


./cybersec_final.tex:9444: Package keyval Error: max width undefined.

See the keyval package documentation for explanation.
Type  H <return>  for immediate help.
 ...                                              
                                                  
l.9444 ...r]{2025_05_12_ac3bc46a6f93dd973caag-394}
                                                  
Try typing  <return>  to proceed.
If that doesn't work, type  X <return>  to quit.


./cybersec_final.tex:9444: Package keyval Error: center undefined.

See the keyval package documentation for explanation.
Type  H <return>  for immediate help.
 ...                                              
                                                  
l.9444 ...r]{2025_05_12_ac3bc46a6f93dd973caag-394}
                                                  
Try typing  <return>  to proceed.
If that doesn't work, type  X <return>  to quit.

File: ./images/2025_05_12_ac3bc46a6f93dd973caag-394.jpg Graphic file (type bmp)

<./images/2025_05_12_ac3bc46a6f93dd973caag-394.jpg>

Overfull \hbox (294.38716pt too wide) in paragraph at lines 9444--9445
 [][] 
 []

./cybersec_final.tex:9462: Misplaced \noalign.
\hline ->\noalign 
                  {\ifnum 0=`}\fi \hrule \@height \arrayrulewidth \futurelet...
l.9462 \hline
             
I expect to see \noalign only after the \cr of
an alignment. Proceed, and I'll ignore this case.

./cybersec_final.tex:9463: Misplaced alignment tab character &.
l.9463 Processor &
                   Intel Core i7 & 8700 K & Intel Atom x5-E3940 &  & Mediate...
I can't figure out why you would want to use a tab mark
here. If you just want an ampersand, the remedy is
simple: Just type `I\&' now. But if some right brace
up above has ended a previous alignment prematurely,
you're probably due for more error messages, and you
might try typing `S' now just to see what is salvageable.

./cybersec_final.tex:9463: Misplaced alignment tab character &.
l.9463 Processor & Intel Core i7 &
                                   8700 K & Intel Atom x5-E3940 &  & Mediate...
I can't figure out why you would want to use a tab mark
here. If you just want an ampersand, the remedy is
simple: Just type `I\&' now. But if some right brace
up above has ended a previous alignment prematurely,
you're probably due for more error messages, and you
might try typing `S' now just to see what is salvageable.

./cybersec_final.tex:9463: Misplaced alignment tab character &.
l.9463 Processor & Intel Core i7 & 8700 K &
                                            Intel Atom x5-E3940 &  & Mediate...
I can't figure out why you would want to use a tab mark
here. If you just want an ampersand, the remedy is
simple: Just type `I\&' now. But if some right brace
up above has ended a previous alignment prematurely,
you're probably due for more error messages, and you
might try typing `S' now just to see what is salvageable.

./cybersec_final.tex:9463: Misplaced alignment tab character &.
l.9463 ...Core i7 & 8700 K & Intel Atom x5-E3940 &
                                                    & Mediatek Helio P65 &  ...
I can't figure out why you would want to use a tab mark
here. If you just want an ampersand, the remedy is
simple: Just type `I\&' now. But if some right brace
up above has ended a previous alignment prematurely,
you're probably due for more error messages, and you
might try typing `S' now just to see what is salvageable.

./cybersec_final.tex:9463: Misplaced alignment tab character &.
l.9463 ...e i7 & 8700 K & Intel Atom x5-E3940 &  &
                                                   Mediatek Helio P65 &  & A...
I can't figure out why you would want to use a tab mark
here. If you just want an ampersand, the remedy is
simple: Just type `I\&' now. But if some right brace
up above has ended a previous alignment prematurely,
you're probably due for more error messages, and you
might try typing `S' now just to see what is salvageable.

./cybersec_final.tex:9463: Misplaced alignment tab character &.
l.9463 ... Atom x5-E3940 &  & Mediatek Helio P65 &
                                                    & ATmega328P &  \\
I can't figure out why you would want to use a tab mark
here. If you just want an ampersand, the remedy is
simple: Just type `I\&' now. But if some right brace
up above has ended a previous alignment prematurely,
you're probably due for more error messages, and you
might try typing `S' now just to see what is salvageable.

./cybersec_final.tex:9463: Misplaced alignment tab character &.
l.9463 ...om x5-E3940 &  & Mediatek Helio P65 &  &
                                                   ATmega328P &  \\
I can't figure out why you would want to use a tab mark
here. If you just want an ampersand, the remedy is
simple: Just type `I\&' now. But if some right brace
up above has ended a previous alignment prematurely,
you're probably due for more error messages, and you
might try typing `S' now just to see what is salvageable.

./cybersec_final.tex:9463: Misplaced alignment tab character &.
l.9463 ...  & Mediatek Helio P65 &  & ATmega328P &
                                                    \\
I can't figure out why you would want to use a tab mark
here. If you just want an ampersand, the remedy is
simple: Just type `I\&' now. But if some right brace
up above has ended a previous alignment prematurely,
you're probably due for more error messages, and you
might try typing `S' now just to see what is salvageable.

./cybersec_final.tex:9464: Misplaced \noalign.
\hline ->\noalign 
                  {\ifnum 0=`}\fi \hrule \@height \arrayrulewidth \futurelet...
l.9464 \hline
             
I expect to see \noalign only after the \cr of
an alignment. Proceed, and I'll ignore this case.


Underfull \hbox (badness 10000) in paragraph at lines 9463--9464

 []

./cybersec_final.tex:9465: Misplaced alignment tab character &.
l.9465 CPU clock &
                   3.7 GHz &  & 1.6 GHz &  & $2.0 / 1.95 \mathrm{GHz}$ &  & ...
I can't figure out why you would want to use a tab mark
here. If you just want an ampersand, the remedy is
simple: Just type `I\&' now. But if some right brace
up above has ended a previous alignment prematurely,
you're probably due for more error messages, and you
might try typing `S' now just to see what is salvageable.

./cybersec_final.tex:9465: Misplaced alignment tab character &.
l.9465 CPU clock & 3.7 GHz &
                              & 1.6 GHz &  & $2.0 / 1.95 \mathrm{GHz}$ &  & ...
I can't figure out why you would want to use a tab mark
here. If you just want an ampersand, the remedy is
simple: Just type `I\&' now. But if some right brace
up above has ended a previous alignment prematurely,
you're probably due for more error messages, and you
might try typing `S' now just to see what is salvageable.

./cybersec_final.tex:9465: Misplaced alignment tab character &.
l.9465 CPU clock & 3.7 GHz &  &
                                1.6 GHz &  & $2.0 / 1.95 \mathrm{GHz}$ &  & ...
I can't figure out why you would want to use a tab mark
here. If you just want an ampersand, the remedy is
simple: Just type `I\&' now. But if some right brace
up above has ended a previous alignment prematurely,
you're probably due for more error messages, and you
might try typing `S' now just to see what is salvageable.

./cybersec_final.tex:9465: Misplaced alignment tab character &.
l.9465 CPU clock & 3.7 GHz &  & 1.6 GHz &
                                           & $2.0 / 1.95 \mathrm{GHz}$ &  & ...
I can't figure out why you would want to use a tab mark
here. If you just want an ampersand, the remedy is
simple: Just type `I\&' now. But if some right brace
up above has ended a previous alignment prematurely,
you're probably due for more error messages, and you
might try typing `S' now just to see what is salvageable.

./cybersec_final.tex:9465: Misplaced alignment tab character &.
l.9465 CPU clock & 3.7 GHz &  & 1.6 GHz &  &
                                             $2.0 / 1.95 \mathrm{GHz}$ &  & ...
I can't figure out why you would want to use a tab mark
here. If you just want an ampersand, the remedy is
simple: Just type `I\&' now. But if some right brace
up above has ended a previous alignment prematurely,
you're probably due for more error messages, and you
might try typing `S' now just to see what is salvageable.

./cybersec_final.tex:9465: Misplaced alignment tab character &.
l.9465 ...1.6 GHz &  & $2.0 / 1.95 \mathrm{GHz}$ &
                                                    & 20 MHz &  \\
I can't figure out why you would want to use a tab mark
here. If you just want an ampersand, the remedy is
simple: Just type `I\&' now. But if some right brace
up above has ended a previous alignment prematurely,
you're probably due for more error messages, and you
might try typing `S' now just to see what is salvageable.

./cybersec_final.tex:9465: Misplaced alignment tab character &.
l.9465 ... GHz &  & $2.0 / 1.95 \mathrm{GHz}$ &  &
                                                   20 MHz &  \\
I can't figure out why you would want to use a tab mark
here. If you just want an ampersand, the remedy is
simple: Just type `I\&' now. But if some right brace
up above has ended a previous alignment prematurely,
you're probably due for more error messages, and you
might try typing `S' now just to see what is salvageable.

./cybersec_final.tex:9465: Misplaced alignment tab character &.
l.9465 ... $2.0 / 1.95 \mathrm{GHz}$ &  & 20 MHz &
                                                    \\
I can't figure out why you would want to use a tab mark
here. If you just want an ampersand, the remedy is
simple: Just type `I\&' now. But if some right brace
up above has ended a previous alignment prematurely,
you're probably due for more error messages, and you
might try typing `S' now just to see what is salvageable.

./cybersec_final.tex:9466: Misplaced \noalign.
\hline ->\noalign 
                  {\ifnum 0=`}\fi \hrule \@height \arrayrulewidth \futurelet...
l.9466 \hline
             
I expect to see \noalign only after the \cr of
an alignment. Proceed, and I'll ignore this case.


Underfull \hbox (badness 10000) in paragraph at lines 9465--9466

 []

./cybersec_final.tex:9467: Misplaced alignment tab character &.
l.9467 CPU cores &
                   4 &  & 4 &  & 8 &  & 1 &  \\
I can't figure out why you would want to use a tab mark
here. If you just want an ampersand, the remedy is
simple: Just type `I\&' now. But if some right brace
up above has ended a previous alignment prematurely,
you're probably due for more error messages, and you
might try typing `S' now just to see what is salvageable.

./cybersec_final.tex:9467: Misplaced alignment tab character &.
l.9467 CPU cores & 4 &
                        & 4 &  & 8 &  & 1 &  \\
I can't figure out why you would want to use a tab mark
here. If you just want an ampersand, the remedy is
simple: Just type `I\&' now. But if some right brace
up above has ended a previous alignment prematurely,
you're probably due for more error messages, and you
might try typing `S' now just to see what is salvageable.

./cybersec_final.tex:9467: Misplaced alignment tab character &.
l.9467 CPU cores & 4 &  &
                          4 &  & 8 &  & 1 &  \\
I can't figure out why you would want to use a tab mark
here. If you just want an ampersand, the remedy is
simple: Just type `I\&' now. But if some right brace
up above has ended a previous alignment prematurely,
you're probably due for more error messages, and you
might try typing `S' now just to see what is salvageable.

./cybersec_final.tex:9467: Misplaced alignment tab character &.
l.9467 CPU cores & 4 &  & 4 &
                               & 8 &  & 1 &  \\
I can't figure out why you would want to use a tab mark
here. If you just want an ampersand, the remedy is
simple: Just type `I\&' now. But if some right brace
up above has ended a previous alignment prematurely,
you're probably due for more error messages, and you
might try typing `S' now just to see what is salvageable.

./cybersec_final.tex:9467: Misplaced alignment tab character &.
l.9467 CPU cores & 4 &  & 4 &  &
                                 8 &  & 1 &  \\
I can't figure out why you would want to use a tab mark
here. If you just want an ampersand, the remedy is
simple: Just type `I\&' now. But if some right brace
up above has ended a previous alignment prematurely,
you're probably due for more error messages, and you
might try typing `S' now just to see what is salvageable.

./cybersec_final.tex:9467: Misplaced alignment tab character &.
l.9467 CPU cores & 4 &  & 4 &  & 8 &
                                      & 1 &  \\
I can't figure out why you would want to use a tab mark
here. If you just want an ampersand, the remedy is
simple: Just type `I\&' now. But if some right brace
up above has ended a previous alignment prematurely,
you're probably due for more error messages, and you
might try typing `S' now just to see what is salvageable.

./cybersec_final.tex:9467: Misplaced alignment tab character &.
l.9467 CPU cores & 4 &  & 4 &  & 8 &  &
                                        1 &  \\
I can't figure out why you would want to use a tab mark
here. If you just want an ampersand, the remedy is
simple: Just type `I\&' now. But if some right brace
up above has ended a previous alignment prematurely,
you're probably due for more error messages, and you
might try typing `S' now just to see what is salvageable.

./cybersec_final.tex:9467: Misplaced alignment tab character &.
l.9467 CPU cores & 4 &  & 4 &  & 8 &  & 1 &
                                             \\
I can't figure out why you would want to use a tab mark
here. If you just want an ampersand, the remedy is
simple: Just type `I\&' now. But if some right brace
up above has ended a previous alignment prematurely,
you're probably due for more error messages, and you
might try typing `S' now just to see what is salvageable.

./cybersec_final.tex:9468: Misplaced \noalign.
\hline ->\noalign 
                  {\ifnum 0=`}\fi \hrule \@height \arrayrulewidth \futurelet...
l.9468 \hline
             
I expect to see \noalign only after the \cr of
an alignment. Proceed, and I'll ignore this case.


Underfull \hbox (badness 10000) in paragraph at lines 9467--9468

 []

./cybersec_final.tex:9469: Misplaced alignment tab character &.
l.9469 Storage units &
                       Capacity Acc.time &  & Capacity & Acc.time & Capacity...
I can't figure out why you would want to use a tab mark
here. If you just want an ampersand, the remedy is
simple: Just type `I\&' now. But if some right brace
up above has ended a previous alignment prematurely,
you're probably due for more error messages, and you
might try typing `S' now just to see what is salvageable.

./cybersec_final.tex:9469: Misplaced alignment tab character &.
l.9469 Storage units & Capacity Acc.time &
                                            & Capacity & Acc.time & Capacity...
I can't figure out why you would want to use a tab mark
here. If you just want an ampersand, the remedy is
simple: Just type `I\&' now. But if some right brace
up above has ended a previous alignment prematurely,
you're probably due for more error messages, and you
might try typing `S' now just to see what is salvageable.

./cybersec_final.tex:9469: Misplaced alignment tab character &.
l.9469 Storage units & Capacity Acc.time &  &
                                              Capacity & Acc.time & Capacity...
I can't figure out why you would want to use a tab mark
here. If you just want an ampersand, the remedy is
simple: Just type `I\&' now. But if some right brace
up above has ended a previous alignment prematurely,
you're probably due for more error messages, and you
might try typing `S' now just to see what is salvageable.

./cybersec_final.tex:9469: Misplaced alignment tab character &.
l.9469 ...nits & Capacity Acc.time &  & Capacity &
                                                   Acc.time & Capacity & Acc...
I can't figure out why you would want to use a tab mark
here. If you just want an ampersand, the remedy is
simple: Just type `I\&' now. But if some right brace
up above has ended a previous alignment prematurely,
you're probably due for more error messages, and you
might try typing `S' now just to see what is salvageable.

./cybersec_final.tex:9469: Misplaced alignment tab character &.
l.9469 ...city Acc.time &  & Capacity & Acc.time &
                                                   Capacity & Acc.time & Cap...
I can't figure out why you would want to use a tab mark
here. If you just want an ampersand, the remedy is
simple: Just type `I\&' now. But if some right brace
up above has ended a previous alignment prematurely,
you're probably due for more error messages, and you
might try typing `S' now just to see what is salvageable.

./cybersec_final.tex:9469: Misplaced alignment tab character &.
l.9469 ...me &  & Capacity & Acc.time & Capacity &
                                                   Acc.time & Capacity & Acc...
I can't figure out why you would want to use a tab mark
here. If you just want an ampersand, the remedy is
simple: Just type `I\&' now. But if some right brace
up above has ended a previous alignment prematurely,
you're probably due for more error messages, and you
might try typing `S' now just to see what is salvageable.

./cybersec_final.tex:9469: Misplaced alignment tab character &.
l.9469 ...acity & Acc.time & Capacity & Acc.time &
                                                   Capacity & Acc.time \\
I can't figure out why you would want to use a tab mark
here. If you just want an ampersand, the remedy is
simple: Just type `I\&' now. But if some right brace
up above has ended a previous alignment prematurely,
you're probably due for more error messages, and you
might try typing `S' now just to see what is salvageable.

./cybersec_final.tex:9469: Misplaced alignment tab character &.
l.9469 ....time & Capacity & Acc.time & Capacity &
                                                   Acc.time \\
I can't figure out why you would want to use a tab mark
here. If you just want an ampersand, the remedy is
simple: Just type `I\&' now. But if some right brace
up above has ended a previous alignment prematurely,
you're probably due for more error messages, and you
might try typing `S' now just to see what is salvageable.

./cybersec_final.tex:9470: Misplaced \noalign.
\hline ->\noalign 
                  {\ifnum 0=`}\fi \hrule \@height \arrayrulewidth \futurelet...
l.9470 \hline
             
I expect to see \noalign only after the \cr of
an alignment. Proceed, and I'll ignore this case.


Underfull \hbox (badness 10000) in paragraph at lines 9469--9470

 []

./cybersec_final.tex:9471: Misplaced alignment tab character &.
l.9471 Disk &
              2TB & ? & 64 GB & ? & ? &  &  &  \\
I can't figure out why you would want to use a tab mark
here. If you just want an ampersand, the remedy is
simple: Just type `I\&' now. But if some right brace
up above has ended a previous alignment prematurely,
you're probably due for more error messages, and you
might try typing `S' now just to see what is salvageable.

./cybersec_final.tex:9471: Misplaced alignment tab character &.
l.9471 Disk & 2TB &
                    ? & 64 GB & ? & ? &  &  &  \\
I can't figure out why you would want to use a tab mark
here. If you just want an ampersand, the remedy is
simple: Just type `I\&' now. But if some right brace
up above has ended a previous alignment prematurely,
you're probably due for more error messages, and you
might try typing `S' now just to see what is salvageable.

./cybersec_final.tex:9471: Misplaced alignment tab character &.
l.9471 Disk & 2TB & ? &
                        64 GB & ? & ? &  &  &  \\
I can't figure out why you would want to use a tab mark
here. If you just want an ampersand, the remedy is
simple: Just type `I\&' now. But if some right brace
up above has ended a previous alignment prematurely,
you're probably due for more error messages, and you
might try typing `S' now just to see what is salvageable.

./cybersec_final.tex:9471: Misplaced alignment tab character &.
l.9471 Disk & 2TB & ? & 64 GB &
                                ? & ? &  &  &  \\
I can't figure out why you would want to use a tab mark
here. If you just want an ampersand, the remedy is
simple: Just type `I\&' now. But if some right brace
up above has ended a previous alignment prematurely,
you're probably due for more error messages, and you
might try typing `S' now just to see what is salvageable.

./cybersec_final.tex:9471: Misplaced alignment tab character &.
l.9471 Disk & 2TB & ? & 64 GB & ? &
                                    ? &  &  &  \\
I can't figure out why you would want to use a tab mark
here. If you just want an ampersand, the remedy is
simple: Just type `I\&' now. But if some right brace
up above has ended a previous alignment prematurely,
you're probably due for more error messages, and you
might try typing `S' now just to see what is salvageable.

./cybersec_final.tex:9471: Misplaced alignment tab character &.
l.9471 Disk & 2TB & ? & 64 GB & ? & ? &
                                         &  &  \\
I can't figure out why you would want to use a tab mark
here. If you just want an ampersand, the remedy is
simple: Just type `I\&' now. But if some right brace
up above has ended a previous alignment prematurely,
you're probably due for more error messages, and you
might try typing `S' now just to see what is salvageable.

./cybersec_final.tex:9471: Misplaced alignment tab character &.
l.9471 Disk & 2TB & ? & 64 GB & ? & ? &  &
                                            &  \\
I can't figure out why you would want to use a tab mark
here. If you just want an ampersand, the remedy is
simple: Just type `I\&' now. But if some right brace
up above has ended a previous alignment prematurely,
you're probably due for more error messages, and you
might try typing `S' now just to see what is salvageable.

./cybersec_final.tex:9471: Misplaced alignment tab character &.
l.9471 Disk & 2TB & ? & 64 GB & ? & ? &  &  &
                                               \\
I can't figure out why you would want to use a tab mark
here. If you just want an ampersand, the remedy is
simple: Just type `I\&' now. But if some right brace
up above has ended a previous alignment prematurely,
you're probably due for more error messages, and you
might try typing `S' now just to see what is salvageable.

./cybersec_final.tex:9472: Misplaced \noalign.
\hline ->\noalign 
                  {\ifnum 0=`}\fi \hrule \@height \arrayrulewidth \futurelet...
l.9472 \hline
             
I expect to see \noalign only after the \cr of
an alignment. Proceed, and I'll ignore this case.


Underfull \hbox (badness 10000) in paragraph at lines 9471--9472

 []



[457]
./cybersec_final.tex:9473: Misplaced alignment tab character &.
l.9473 Memory (max) &
                      64 GB & 11.25 ns & 8GB & 12 ns & 64GB(FLA) & ? & $32 \...
I can't figure out why you would want to use a tab mark
here. If you just want an ampersand, the remedy is
simple: Just type `I\&' now. But if some right brace
up above has ended a previous alignment prematurely,
you're probably due for more error messages, and you
might try typing `S' now just to see what is salvageable.

./cybersec_final.tex:9473: Misplaced alignment tab character &.
l.9473 Memory (max) & 64 GB &
                              11.25 ns & 8GB & 12 ns & 64GB(FLA) & ? & $32 \...
I can't figure out why you would want to use a tab mark
here. If you just want an ampersand, the remedy is
simple: Just type `I\&' now. But if some right brace
up above has ended a previous alignment prematurely,
you're probably due for more error messages, and you
might try typing `S' now just to see what is salvageable.

./cybersec_final.tex:9473: Misplaced alignment tab character &.
l.9473 Memory (max) & 64 GB & 11.25 ns &
                                         8GB & 12 ns & 64GB(FLA) & ? & $32 \...
I can't figure out why you would want to use a tab mark
here. If you just want an ampersand, the remedy is
simple: Just type `I\&' now. But if some right brace
up above has ended a previous alignment prematurely,
you're probably due for more error messages, and you
might try typing `S' now just to see what is salvageable.

./cybersec_final.tex:9473: Misplaced alignment tab character &.
l.9473 Memory (max) & 64 GB & 11.25 ns & 8GB &
                                               12 ns & 64GB(FLA) & ? & $32 \...
I can't figure out why you would want to use a tab mark
here. If you just want an ampersand, the remedy is
simple: Just type `I\&' now. But if some right brace
up above has ended a previous alignment prematurely,
you're probably due for more error messages, and you
might try typing `S' now just to see what is salvageable.

./cybersec_final.tex:9473: Misplaced alignment tab character &.
l.9473 ...(max) & 64 GB & 11.25 ns & 8GB & 12 ns &
                                                   64GB(FLA) & ? & $32 \math...
I can't figure out why you would want to use a tab mark
here. If you just want an ampersand, the remedy is
simple: Just type `I\&' now. But if some right brace
up above has ended a previous alignment prematurely,
you're probably due for more error messages, and you
might try typing `S' now just to see what is salvageable.

./cybersec_final.tex:9473: Misplaced alignment tab character &.
l.9473 ...B & 11.25 ns & 8GB & 12 ns & 64GB(FLA) &
                                                   ? & $32 \mathrm{kB}(\math...
I can't figure out why you would want to use a tab mark
here. If you just want an ampersand, the remedy is
simple: Just type `I\&' now. But if some right brace
up above has ended a previous alignment prematurely,
you're probably due for more error messages, and you
might try typing `S' now just to see what is salvageable.

./cybersec_final.tex:9473: Misplaced alignment tab character &.
l.9473 ...11.25 ns & 8GB & 12 ns & 64GB(FLA) & ? &
                                                   $32 \mathrm{kB}(\mathrm{I...
I can't figure out why you would want to use a tab mark
here. If you just want an ampersand, the remedy is
simple: Just type `I\&' now. But if some right brace
up above has ended a previous alignment prematurely,
you're probably due for more error messages, and you
might try typing `S' now just to see what is salvageable.

./cybersec_final.tex:9473: Misplaced alignment tab character &.
l.9473 ...LA) & ? & $32 \mathrm{kB}(\mathrm{I})$ &
                                                   50 ns \\
I can't figure out why you would want to use a tab mark
here. If you just want an ampersand, the remedy is
simple: Just type `I\&' now. But if some right brace
up above has ended a previous alignment prematurely,
you're probably due for more error messages, and you
might try typing `S' now just to see what is salvageable.

./cybersec_final.tex:9474: Misplaced \noalign.
\hline ->\noalign 
                  {\ifnum 0=`}\fi \hrule \@height \arrayrulewidth \futurelet...
l.9474 \hline
             
I expect to see \noalign only after the \cr of
an alignment. Proceed, and I'll ignore this case.


Underfull \hbox (badness 10000) in paragraph at lines 9473--9474

 []

./cybersec_final.tex:9475: Misplaced alignment tab character &.
<recently read> &
                 
l.9475  &
           &  &  &  & 4GB(RAM) & 8.4 ns & 2 kB (D) & 50 ns \\
I can't figure out why you would want to use a tab mark
here. If you just want an ampersand, the remedy is
simple: Just type `I\&' now. But if some right brace
up above has ended a previous alignment prematurely,
you're probably due for more error messages, and you
might try typing `S' now just to see what is salvageable.

./cybersec_final.tex:9475: Misplaced alignment tab character &.
l.9475  &  &
              &  &  & 4GB(RAM) & 8.4 ns & 2 kB (D) & 50 ns \\
I can't figure out why you would want to use a tab mark
here. If you just want an ampersand, the remedy is
simple: Just type `I\&' now. But if some right brace
up above has ended a previous alignment prematurely,
you're probably due for more error messages, and you
might try typing `S' now just to see what is salvageable.

./cybersec_final.tex:9475: Misplaced alignment tab character &.
l.9475  &  &  &
                 &  & 4GB(RAM) & 8.4 ns & 2 kB (D) & 50 ns \\
I can't figure out why you would want to use a tab mark
here. If you just want an ampersand, the remedy is
simple: Just type `I\&' now. But if some right brace
up above has ended a previous alignment prematurely,
you're probably due for more error messages, and you
might try typing `S' now just to see what is salvageable.

./cybersec_final.tex:9475: Misplaced alignment tab character &.
l.9475  &  &  &  &
                    & 4GB(RAM) & 8.4 ns & 2 kB (D) & 50 ns \\
I can't figure out why you would want to use a tab mark
here. If you just want an ampersand, the remedy is
simple: Just type `I\&' now. But if some right brace
up above has ended a previous alignment prematurely,
you're probably due for more error messages, and you
might try typing `S' now just to see what is salvageable.

./cybersec_final.tex:9475: Misplaced alignment tab character &.
l.9475  &  &  &  &  &
                      4GB(RAM) & 8.4 ns & 2 kB (D) & 50 ns \\
I can't figure out why you would want to use a tab mark
here. If you just want an ampersand, the remedy is
simple: Just type `I\&' now. But if some right brace
up above has ended a previous alignment prematurely,
you're probably due for more error messages, and you
might try typing `S' now just to see what is salvageable.

./cybersec_final.tex:9475: Misplaced alignment tab character &.
l.9475  &  &  &  &  & 4GB(RAM) &
                                 8.4 ns & 2 kB (D) & 50 ns \\
I can't figure out why you would want to use a tab mark
here. If you just want an ampersand, the remedy is
simple: Just type `I\&' now. But if some right brace
up above has ended a previous alignment prematurely,
you're probably due for more error messages, and you
might try typing `S' now just to see what is salvageable.

./cybersec_final.tex:9475: Misplaced alignment tab character &.
l.9475  &  &  &  &  & 4GB(RAM) & 8.4 ns &
                                          2 kB (D) & 50 ns \\
I can't figure out why you would want to use a tab mark
here. If you just want an ampersand, the remedy is
simple: Just type `I\&' now. But if some right brace
up above has ended a previous alignment prematurely,
you're probably due for more error messages, and you
might try typing `S' now just to see what is salvageable.

./cybersec_final.tex:9475: Misplaced alignment tab character &.
l.9475 ...  &  &  & 4GB(RAM) & 8.4 ns & 2 kB (D) &
                                                   50 ns \\
I can't figure out why you would want to use a tab mark
here. If you just want an ampersand, the remedy is
simple: Just type `I\&' now. But if some right brace
up above has ended a previous alignment prematurely,
you're probably due for more error messages, and you
might try typing `S' now just to see what is salvageable.

./cybersec_final.tex:9476: Misplaced \noalign.
\hline ->\noalign 
                  {\ifnum 0=`}\fi \hrule \@height \arrayrulewidth \futurelet...
l.9476 \hline
             
I expect to see \noalign only after the \cr of
an alignment. Proceed, and I'll ignore this case.


Underfull \hbox (badness 10000) in paragraph at lines 9475--9476

 []

./cybersec_final.tex:9477: Misplaced alignment tab character &.
l.9477 CPU L3 cache &
                      $4 \times 2 \mathrm{MB}$ & 4.8 ns & - & - & 4MB & ? & ...
I can't figure out why you would want to use a tab mark
here. If you just want an ampersand, the remedy is
simple: Just type `I\&' now. But if some right brace
up above has ended a previous alignment prematurely,
you're probably due for more error messages, and you
might try typing `S' now just to see what is salvageable.

./cybersec_final.tex:9477: Misplaced alignment tab character &.
l.9477 CPU L3 cache & $4 \times 2 \mathrm{MB}$ &
                                                 4.8 ns & - & - & 4MB & ? & ...
I can't figure out why you would want to use a tab mark
here. If you just want an ampersand, the remedy is
simple: Just type `I\&' now. But if some right brace
up above has ended a previous alignment prematurely,
you're probably due for more error messages, and you
might try typing `S' now just to see what is salvageable.

./cybersec_final.tex:9477: Misplaced alignment tab character &.
l.9477 ...he & $4 \times 2 \mathrm{MB}$ & 4.8 ns &
                                                   - & - & 4MB & ? & - & - \\
I can't figure out why you would want to use a tab mark
here. If you just want an ampersand, the remedy is
simple: Just type `I\&' now. But if some right brace
up above has ended a previous alignment prematurely,
you're probably due for more error messages, and you
might try typing `S' now just to see what is salvageable.

./cybersec_final.tex:9477: Misplaced alignment tab character &.
l.9477 ... $4 \times 2 \mathrm{MB}$ & 4.8 ns & - &
                                                   - & 4MB & ? & - & - \\
I can't figure out why you would want to use a tab mark
here. If you just want an ampersand, the remedy is
simple: Just type `I\&' now. But if some right brace
up above has ended a previous alignment prematurely,
you're probably due for more error messages, and you
might try typing `S' now just to see what is salvageable.

./cybersec_final.tex:9477: Misplaced alignment tab character &.
l.9477 ...\times 2 \mathrm{MB}$ & 4.8 ns & - & - &
                                                   4MB & ? & - & - \\
I can't figure out why you would want to use a tab mark
here. If you just want an ampersand, the remedy is
simple: Just type `I\&' now. But if some right brace
up above has ended a previous alignment prematurely,
you're probably due for more error messages, and you
might try typing `S' now just to see what is salvageable.

./cybersec_final.tex:9477: Misplaced alignment tab character &.
l.9477 ... 2 \mathrm{MB}$ & 4.8 ns & - & - & 4MB &
                                                   ? & - & - \\
I can't figure out why you would want to use a tab mark
here. If you just want an ampersand, the remedy is
simple: Just type `I\&' now. But if some right brace
up above has ended a previous alignment prematurely,
you're probably due for more error messages, and you
might try typing `S' now just to see what is salvageable.

./cybersec_final.tex:9477: Misplaced alignment tab character &.
l.9477 ...mathrm{MB}$ & 4.8 ns & - & - & 4MB & ? &
                                                   - & - \\
I can't figure out why you would want to use a tab mark
here. If you just want an ampersand, the remedy is
simple: Just type `I\&' now. But if some right brace
up above has ended a previous alignment prematurely,
you're probably due for more error messages, and you
might try typing `S' now just to see what is salvageable.

./cybersec_final.tex:9477: Misplaced alignment tab character &.
l.9477 ...rm{MB}$ & 4.8 ns & - & - & 4MB & ? & - &
                                                   - \\
I can't figure out why you would want to use a tab mark
here. If you just want an ampersand, the remedy is
simple: Just type `I\&' now. But if some right brace
up above has ended a previous alignment prematurely,
you're probably due for more error messages, and you
might try typing `S' now just to see what is salvageable.

./cybersec_final.tex:9478: Misplaced \noalign.
\hline ->\noalign 
                  {\ifnum 0=`}\fi \hrule \@height \arrayrulewidth \futurelet...
l.9478 \hline
             
I expect to see \noalign only after the \cr of
an alignment. Proceed, and I'll ignore this case.


Underfull \hbox (badness 10000) in paragraph at lines 9477--9478

 []

./cybersec_final.tex:9479: Misplaced alignment tab character &.
l.9479 CPU L2 cache &
                      $4 \times 256 \mathrm{kB}$ & 3.0 ns & 2 MB & ? & 512 K...
I can't figure out why you would want to use a tab mark
here. If you just want an ampersand, the remedy is
simple: Just type `I\&' now. But if some right brace
up above has ended a previous alignment prematurely,
you're probably due for more error messages, and you
might try typing `S' now just to see what is salvageable.

./cybersec_final.tex:9479: Misplaced alignment tab character &.
l.9479 CPU L2 cache & $4 \times 256 \mathrm{kB}$ &
                                                   3.0 ns & 2 MB & ? & 512 K...
I can't figure out why you would want to use a tab mark
here. If you just want an ampersand, the remedy is
simple: Just type `I\&' now. But if some right brace
up above has ended a previous alignment prematurely,
you're probably due for more error messages, and you
might try typing `S' now just to see what is salvageable.

./cybersec_final.tex:9479: Misplaced alignment tab character &.
l.9479 ... & $4 \times 256 \mathrm{kB}$ & 3.0 ns &
                                                   2 MB & ? & 512 KB & ? & -...
I can't figure out why you would want to use a tab mark
here. If you just want an ampersand, the remedy is
simple: Just type `I\&' now. But if some right brace
up above has ended a previous alignment prematurely,
you're probably due for more error messages, and you
might try typing `S' now just to see what is salvageable.

./cybersec_final.tex:9479: Misplaced alignment tab character &.
l.9479 ...times 256 \mathrm{kB}$ & 3.0 ns & 2 MB &
                                                   ? & 512 KB & ? & - & - \\
I can't figure out why you would want to use a tab mark
here. If you just want an ampersand, the remedy is
simple: Just type `I\&' now. But if some right brace
up above has ended a previous alignment prematurely,
you're probably due for more error messages, and you
might try typing `S' now just to see what is salvageable.

./cybersec_final.tex:9479: Misplaced alignment tab character &.
l.9479 ...s 256 \mathrm{kB}$ & 3.0 ns & 2 MB & ? &
                                                   512 KB & ? & - & - \\
I can't figure out why you would want to use a tab mark
here. If you just want an ampersand, the remedy is
simple: Just type `I\&' now. But if some right brace
up above has ended a previous alignment prematurely,
you're probably due for more error messages, and you
might try typing `S' now just to see what is salvageable.

./cybersec_final.tex:9479: Misplaced alignment tab character &.
l.9479 ...thrm{kB}$ & 3.0 ns & 2 MB & ? & 512 KB &
                                                   ? & - & - \\
I can't figure out why you would want to use a tab mark
here. If you just want an ampersand, the remedy is
simple: Just type `I\&' now. But if some right brace
up above has ended a previous alignment prematurely,
you're probably due for more error messages, and you
might try typing `S' now just to see what is salvageable.

./cybersec_final.tex:9479: Misplaced alignment tab character &.
l.9479 ...{kB}$ & 3.0 ns & 2 MB & ? & 512 KB & ? &
                                                   - & - \\
I can't figure out why you would want to use a tab mark
here. If you just want an ampersand, the remedy is
simple: Just type `I\&' now. But if some right brace
up above has ended a previous alignment prematurely,
you're probably due for more error messages, and you
might try typing `S' now just to see what is salvageable.

./cybersec_final.tex:9479: Misplaced alignment tab character &.
l.9479 ...$ & 3.0 ns & 2 MB & ? & 512 KB & ? & - &
                                                   - \\
I can't figure out why you would want to use a tab mark
here. If you just want an ampersand, the remedy is
simple: Just type `I\&' now. But if some right brace
up above has ended a previous alignment prematurely,
you're probably due for more error messages, and you
might try typing `S' now just to see what is salvageable.

./cybersec_final.tex:9480: Misplaced \noalign.
\hline ->\noalign 
                  {\ifnum 0=`}\fi \hrule \@height \arrayrulewidth \futurelet...
l.9480 \hline
             
I expect to see \noalign only after the \cr of
an alignment. Proceed, and I'll ignore this case.


Underfull \hbox (badness 10000) in paragraph at lines 9479--9480

 []

./cybersec_final.tex:9481: Misplaced alignment tab character &.
l.9481 CPU L1 cache &
                      $4 \times 32 \mathrm{kB}(\mathrm{I})$ & 1.2 ns & $64 \...
I can't figure out why you would want to use a tab mark
here. If you just want an ampersand, the remedy is
simple: Just type `I\&' now. But if some right brace
up above has ended a previous alignment prematurely,
you're probably due for more error messages, and you
might try typing `S' now just to see what is salvageable.

./cybersec_final.tex:9481: Misplaced alignment tab character &.
l.9481 ... $4 \times 32 \mathrm{kB}(\mathrm{I})$ &
                                                   1.2 ns & $64 \mathrm{kB}(...
I can't figure out why you would want to use a tab mark
here. If you just want an ampersand, the remedy is
simple: Just type `I\&' now. But if some right brace
up above has ended a previous alignment prematurely,
you're probably due for more error messages, and you
might try typing `S' now just to see what is salvageable.

./cybersec_final.tex:9481: Misplaced alignment tab character &.
l.9481 ...s 32 \mathrm{kB}(\mathrm{I})$ & 1.2 ns &
                                                   $64 \mathrm{kB}(\mathrm{I...
I can't figure out why you would want to use a tab mark
here. If you just want an ampersand, the remedy is
simple: Just type `I\&' now. But if some right brace
up above has ended a previous alignment prematurely,
you're probably due for more error messages, and you
might try typing `S' now just to see what is salvageable.

./cybersec_final.tex:9481: Misplaced alignment tab character &.
l.9481 ... 1.2 ns & $64 \mathrm{kB}(\mathrm{I})$ &
                                                   ? & $48 \mathrm{kB}(\math...
I can't figure out why you would want to use a tab mark
here. If you just want an ampersand, the remedy is
simple: Just type `I\&' now. But if some right brace
up above has ended a previous alignment prematurely,
you're probably due for more error messages, and you
might try typing `S' now just to see what is salvageable.

./cybersec_final.tex:9481: Misplaced alignment tab character &.
l.9481 ... ns & $64 \mathrm{kB}(\mathrm{I})$ & ? &
                                                   $48 \mathrm{kB}(\mathrm{I...
I can't figure out why you would want to use a tab mark
here. If you just want an ampersand, the remedy is
simple: Just type `I\&' now. But if some right brace
up above has ended a previous alignment prematurely,
you're probably due for more error messages, and you
might try typing `S' now just to see what is salvageable.

./cybersec_final.tex:9481: Misplaced alignment tab character &.
l.9481 ...})$ & ? & $48 \mathrm{kB}(\mathrm{I})$ &
                                                   ? & - & - \\
I can't figure out why you would want to use a tab mark
here. If you just want an ampersand, the remedy is
simple: Just type `I\&' now. But if some right brace
up above has ended a previous alignment prematurely,
you're probably due for more error messages, and you
might try typing `S' now just to see what is salvageable.

./cybersec_final.tex:9481: Misplaced alignment tab character &.
l.9481 ...& ? & $48 \mathrm{kB}(\mathrm{I})$ & ? &
                                                   - & - \\
I can't figure out why you would want to use a tab mark
here. If you just want an ampersand, the remedy is
simple: Just type `I\&' now. But if some right brace
up above has ended a previous alignment prematurely,
you're probably due for more error messages, and you
might try typing `S' now just to see what is salvageable.

./cybersec_final.tex:9481: Misplaced alignment tab character &.
l.9481 ...& $48 \mathrm{kB}(\mathrm{I})$ & ? & - &
                                                   - \\
I can't figure out why you would want to use a tab mark
here. If you just want an ampersand, the remedy is
simple: Just type `I\&' now. But if some right brace
up above has ended a previous alignment prematurely,
you're probably due for more error messages, and you
might try typing `S' now just to see what is salvageable.

./cybersec_final.tex:9482: Misplaced \noalign.
\hline ->\noalign 
                  {\ifnum 0=`}\fi \hrule \@height \arrayrulewidth \futurelet...
l.9482 \hline
             
I expect to see \noalign only after the \cr of
an alignment. Proceed, and I'll ignore this case.


Underfull \hbox (badness 10000) in paragraph at lines 9481--9482

 []

./cybersec_final.tex:9483: Misplaced alignment tab character &.
<recently read> &
                 
l.9483  &
          $4 \times 32 \mathrm{kB}(\mathrm{D})$ &  & 48 kB (D) &  & 32 kB (D...
I can't figure out why you would want to use a tab mark
here. If you just want an ampersand, the remedy is
simple: Just type `I\&' now. But if some right brace
up above has ended a previous alignment prematurely,
you're probably due for more error messages, and you
might try typing `S' now just to see what is salvageable.

./cybersec_final.tex:9483: Misplaced alignment tab character &.
l.9483  & $4 \times 32 \mathrm{kB}(\mathrm{D})$ &
                                                   & 48 kB (D) &  & 32 kB (D...
I can't figure out why you would want to use a tab mark
here. If you just want an ampersand, the remedy is
simple: Just type `I\&' now. But if some right brace
up above has ended a previous alignment prematurely,
you're probably due for more error messages, and you
might try typing `S' now just to see what is salvageable.

./cybersec_final.tex:9483: Misplaced alignment tab character &.
l.9483 ... \times 32 \mathrm{kB}(\mathrm{D})$ &  &
                                                   48 kB (D) &  & 32 kB (D) ...
I can't figure out why you would want to use a tab mark
here. If you just want an ampersand, the remedy is
simple: Just type `I\&' now. But if some right brace
up above has ended a previous alignment prematurely,
you're probably due for more error messages, and you
might try typing `S' now just to see what is salvageable.

./cybersec_final.tex:9483: Misplaced alignment tab character &.
l.9483 ...mathrm{kB}(\mathrm{D})$ &  & 48 kB (D) &
                                                    & 32 kB (D) &  &  &  \\
I can't figure out why you would want to use a tab mark
here. If you just want an ampersand, the remedy is
simple: Just type `I\&' now. But if some right brace
up above has ended a previous alignment prematurely,
you're probably due for more error messages, and you
might try typing `S' now just to see what is salvageable.

./cybersec_final.tex:9483: Misplaced alignment tab character &.
l.9483 ...hrm{kB}(\mathrm{D})$ &  & 48 kB (D) &  &
                                                   32 kB (D) &  &  &  \\
I can't figure out why you would want to use a tab mark
here. If you just want an ampersand, the remedy is
simple: Just type `I\&' now. But if some right brace
up above has ended a previous alignment prematurely,
you're probably due for more error messages, and you
might try typing `S' now just to see what is salvageable.

./cybersec_final.tex:9483: Misplaced alignment tab character &.
l.9483 ...hrm{D})$ &  & 48 kB (D) &  & 32 kB (D) &
                                                    &  &  \\
I can't figure out why you would want to use a tab mark
here. If you just want an ampersand, the remedy is
simple: Just type `I\&' now. But if some right brace
up above has ended a previous alignment prematurely,
you're probably due for more error messages, and you
might try typing `S' now just to see what is salvageable.

./cybersec_final.tex:9483: Misplaced alignment tab character &.
l.9483 ...{D})$ &  & 48 kB (D) &  & 32 kB (D) &  &
                                                    &  \\
I can't figure out why you would want to use a tab mark
here. If you just want an ampersand, the remedy is
simple: Just type `I\&' now. But if some right brace
up above has ended a previous alignment prematurely,
you're probably due for more error messages, and you
might try typing `S' now just to see what is salvageable.

./cybersec_final.tex:9483: Misplaced alignment tab character &.
l.9483 ...)$ &  & 48 kB (D) &  & 32 kB (D) &  &  &
                                                    \\
I can't figure out why you would want to use a tab mark
here. If you just want an ampersand, the remedy is
simple: Just type `I\&' now. But if some right brace
up above has ended a previous alignment prematurely,
you're probably due for more error messages, and you
might try typing `S' now just to see what is salvageable.

./cybersec_final.tex:9484: Misplaced \noalign.
\hline ->\noalign 
                  {\ifnum 0=`}\fi \hrule \@height \arrayrulewidth \futurelet...
l.9484 \hline
             
I expect to see \noalign only after the \cr of
an alignment. Proceed, and I'll ignore this case.


Underfull \hbox (badness 10000) in paragraph at lines 9483--9484

 []

./cybersec_final.tex:9485: Misplaced alignment tab character &.
l.9485 CPU registers &
                       $16 \times 64 \mathrm{bit}$ & 0.3 ns & $16 \times 64 ...
I can't figure out why you would want to use a tab mark
here. If you just want an ampersand, the remedy is
simple: Just type `I\&' now. But if some right brace
up above has ended a previous alignment prematurely,
you're probably due for more error messages, and you
might try typing `S' now just to see what is salvageable.

./cybersec_final.tex:9485: Misplaced alignment tab character &.
l.9485 ...egisters & $16 \times 64 \mathrm{bit}$ &
                                                   0.3 ns & $16 \times 64 \m...
I can't figure out why you would want to use a tab mark
here. If you just want an ampersand, the remedy is
simple: Just type `I\&' now. But if some right brace
up above has ended a previous alignment prematurely,
you're probably due for more error messages, and you
might try typing `S' now just to see what is salvageable.

./cybersec_final.tex:9485: Misplaced alignment tab character &.
l.9485 ...& $16 \times 64 \mathrm{bit}$ & 0.3 ns &
                                                   $16 \times 64 \mathrm{bit...
I can't figure out why you would want to use a tab mark
here. If you just want an ampersand, the remedy is
simple: Just type `I\&' now. But if some right brace
up above has ended a previous alignment prematurely,
you're probably due for more error messages, and you
might try typing `S' now just to see what is salvageable.

./cybersec_final.tex:9485: Misplaced alignment tab character &.
l.9485 ...& 0.3 ns & $16 \times 64 \mathrm{bit}$ &
                                                    & $31 \times 64 \mathrm{...
I can't figure out why you would want to use a tab mark
here. If you just want an ampersand, the remedy is
simple: Just type `I\&' now. But if some right brace
up above has ended a previous alignment prematurely,
you're probably due for more error messages, and you
might try typing `S' now just to see what is salvageable.

./cybersec_final.tex:9485: Misplaced alignment tab character &.
l.9485 ....3 ns & $16 \times 64 \mathrm{bit}$ &  &
                                                   $31 \times 64 \mathrm{bit...
I can't figure out why you would want to use a tab mark
here. If you just want an ampersand, the remedy is
simple: Just type `I\&' now. But if some right brace
up above has ended a previous alignment prematurely,
you're probably due for more error messages, and you
might try typing `S' now just to see what is salvageable.

./cybersec_final.tex:9485: Misplaced alignment tab character &.
l.9485 ...bit}$ &  & $31 \times 64 \mathrm{bit}$ &
                                                    & $32 \times 8$ bit & 50...
I can't figure out why you would want to use a tab mark
here. If you just want an ampersand, the remedy is
simple: Just type `I\&' now. But if some right brace
up above has ended a previous alignment prematurely,
you're probably due for more error messages, and you
might try typing `S' now just to see what is salvageable.

./cybersec_final.tex:9485: Misplaced alignment tab character &.
l.9485 ...}$ &  & $31 \times 64 \mathrm{bit}$ &  &
                                                   $32 \times 8$ bit & 50 ns \\
I can't figure out why you would want to use a tab mark
here. If you just want an ampersand, the remedy is
simple: Just type `I\&' now. But if some right brace
up above has ended a previous alignment prematurely,
you're probably due for more error messages, and you
might try typing `S' now just to see what is salvageable.

./cybersec_final.tex:9485: Misplaced alignment tab character &.
l.9485 ...4 \mathrm{bit}$ &  & $32 \times 8$ bit &
                                                   50 ns \\
I can't figure out why you would want to use a tab mark
here. If you just want an ampersand, the remedy is
simple: Just type `I\&' now. But if some right brace
up above has ended a previous alignment prematurely,
you're probably due for more error messages, and you
might try typing `S' now just to see what is salvageable.

./cybersec_final.tex:9486: Misplaced \noalign.
\hline ->\noalign 
                  {\ifnum 0=`}\fi \hrule \@height \arrayrulewidth \futurelet...
l.9486 \hline
             
I expect to see \noalign only after the \cr of
an alignment. Proceed, and I'll ignore this case.


Underfull \hbox (badness 10000) in paragraph at lines 9485--9486

 []

./cybersec_final.tex:9487: Misplaced \crcr.
\endtabular ->\crcr 
                    \egroup \egroup $\egroup 
l.9487 \end{tabular}
                    
I can't figure out why you would want to use a tab mark
or \cr or \span just now. If something like a right brace
up above has ended a previous alignment prematurely,
you're probably due for more error messages, and you
might try typing `S' now just to see what is salvageable.

./cybersec_final.tex:9487: Too many }'s.
\endtabular ->\crcr \egroup 
                            \egroup $\egroup 
l.9487 \end{tabular}
                    
You've closed more groups than you opened.
Such booboos are generally harmless, so keep going.

./cybersec_final.tex:9487: Too many }'s.
\endtabular ->\crcr \egroup \egroup 
                                    $\egroup 
l.9487 \end{tabular}
                    
You've closed more groups than you opened.
Such booboos are generally harmless, so keep going.

./cybersec_final.tex:9487: Extra }, or forgotten $.
<recently read> \egroup 
                        
l.9487 \end{tabular}
                    
I've deleted a group-closing symbol because it seems to be
spurious, as in `$x}$'. But perhaps the } is legitimate and
you forgot something else, as in `\hbox{$x}'. In such cases
the way to recover is to insert both the forgotten and the
deleted material, e.g., by typing `I$}'.


./cybersec_final.tex:9487: LaTeX Error: \begin{document} ended by \end{tabular}
.

See the LaTeX manual or LaTeX Companion for explanation.
Type  H <return>  for immediate help.
 ...                                              
                                                  
l.9487 \end{tabular}
                    
Your command was ignored.
Type  I <command> <return>  to replace it with another command,
or  <return>  to continue without it.

./cybersec_final.tex:9487: Missing $ inserted.
<inserted text> 
                $
l.9487 \end{tabular}
                    
I've inserted something that you may have forgotten.
(See the <inserted text> above.)
With luck, this will get me unwedged. But if you
really didn't forget anything, try typing `2' now; then
my insertion and my current dilemma will both disappear.

./cybersec_final.tex:9487: Extra \endgroup.
<recently read> \endgroup 
                          
l.9487 \end{tabular}
                    
Things are pretty mixed up, but I think the worst is over.


./cybersec_final.tex:9488: LaTeX Error: \begin{document} ended by \end{center}.


See the LaTeX manual or LaTeX Companion for explanation.
Type  H <return>  for immediate help.
 ...                                              
                                                  
l.9488 \end{center}
                   
Your command was ignored.
Type  I <command> <return>  to replace it with another command,
or  <return>  to continue without it.

./cybersec_final.tex:9488: Extra \endgroup.
\end  ...end#1\endcsname \@checkend {#1}\endgroup 
                                                  \UseHook {env/#1/after}\if...
l.9488 \end{center}
                   
Things are pretty mixed up, but I think the worst is over.



[458]
File: ./images/2025_05_12_ac3bc46a6f93dd973caag-396.jpg Graphic file (type bmp)

<./images/2025_05_12_ac3bc46a6f93dd973caag-396.jpg>


[459]

./cybersec_final.tex:9547: Package keyval Error: max width undefined.

See the keyval package documentation for explanation.
Type  H <return>  for immediate help.
 ...                                              
                                                  
l.9547 ...2025_05_12_ac3bc46a6f93dd973caag-398(1)}
                                                  
Try typing  <return>  to proceed.
If that doesn't work, type  X <return>  to quit.


./cybersec_final.tex:9547: Package keyval Error: center undefined.

See the keyval package documentation for explanation.
Type  H <return>  for immediate help.
 ...                                              
                                                  
l.9547 ...2025_05_12_ac3bc46a6f93dd973caag-398(1)}
                                                  
Try typing  <return>  to proceed.
If that doesn't work, type  X <return>  to quit.

File: ./images/2025_05_12_ac3bc46a6f93dd973caag-398(1).jpg Graphic file (type b
mp)
<./images/2025_05_12_ac3bc46a6f93dd973caag-398(1).jpg>

Overfull \hbox (749.08485pt too wide) in paragraph at lines 9547--9548
 [][] 
 []


LaTeX Warning: Float too large for page by 114.45093pt on input line 9549.



[460]
File: ./images/2025_05_12_ac3bc46a6f93dd973caag-398.jpg Graphic file (type bmp)

<./images/2025_05_12_ac3bc46a6f93dd973caag-398.jpg>


[461]

[462]

./cybersec_final.tex:9597: Package keyval Error: max width undefined.

See the keyval package documentation for explanation.
Type  H <return>  for immediate help.
 ...                                              
                                                  
l.9597 ...r]{2025_05_12_ac3bc46a6f93dd973caag-401}
                                                  
Try typing  <return>  to proceed.
If that doesn't work, type  X <return>  to quit.


./cybersec_final.tex:9597: Package keyval Error: center undefined.

See the keyval package documentation for explanation.
Type  H <return>  for immediate help.
 ...                                              
                                                  
l.9597 ...r]{2025_05_12_ac3bc46a6f93dd973caag-401}
                                                  
Try typing  <return>  to proceed.
If that doesn't work, type  X <return>  to quit.

File: ./images/2025_05_12_ac3bc46a6f93dd973caag-401.jpg Graphic file (type bmp)

<./images/2025_05_12_ac3bc46a6f93dd973caag-401.jpg>

Overfull \hbox (592.50021pt too wide) in paragraph at lines 9597--9598
 [][] 
 []


LaTeX Warning: Float too large for page by 472.7888pt on input line 9599.



[463]

LaTeX Warning: `h' float specifier changed to `ht'.



[464]

[465]

[466]

[467]

[468]

[469]

[470]

[471]

./cybersec_final.tex:9865: Package keyval Error: max width undefined.

See the keyval package documentation for explanation.
Type  H <return>  for immediate help.
 ...                                              
                                                  
l.9865 ...r]{2025_05_12_ac3bc46a6f93dd973caag-410}
                                                  
Try typing  <return>  to proceed.
If that doesn't work, type  X <return>  to quit.


./cybersec_final.tex:9865: Package keyval Error: center undefined.

See the keyval package documentation for explanation.
Type  H <return>  for immediate help.
 ...                                              
                                                  
l.9865 ...r]{2025_05_12_ac3bc46a6f93dd973caag-410}
                                                  
Try typing  <return>  to proceed.
If that doesn't work, type  X <return>  to quit.

File: ./images/2025_05_12_ac3bc46a6f93dd973caag-410.jpg Graphic file (type bmp)

<./images/2025_05_12_ac3bc46a6f93dd973caag-410.jpg>

Overfull \hbox (346.58205pt too wide) in paragraph at lines 9865--9866
 [][] 
 []


LaTeX Warning: Float too large for page by 61.64734pt on input line 9867.



[472]

[473]
Overfull \hbox (1.99303pt too wide) detected at line 9956
[][]
 []



[474]
Overfull \hbox (20.5295pt too wide) in paragraph at lines 9973--9973
[]\TU/lmr/bx/n/14.4 Algorithm (Fermat’s Factorisation Algorithm) 
 []



[475]

[476]

[477]

Package hyperref Warning: Token not allowed in a PDF string (Unicode):
(hyperref)                removing `math shift' on input line 10122.


Package hyperref Warning: Token not allowed in a PDF string (Unicode):
(hyperref)                removing `math shift' on input line 10122.



[478]
Overfull \hbox (6.40881pt too wide) in paragraph at lines 10182--10183
[]\TU/lmr/m/n/10 then we can reason as follows: All numbers which are congruent
 to $\OML/cmm/m/it/10 a[] []$
 []



[479]

[480]

[481]
Overfull \hbox (7.96857pt too wide) in paragraph at lines 10317--10318
[]\TU/lmr/m/n/10 The first condition is that $\OML/cmm/m/it/10 p[]$ \TU/lmr/m/n
/10 and $\OML/cmm/m/it/10 p[]$ \TU/lmr/m/n/10 have no common factors, so $[]  [
] \OT1/cmr/m/n/10 =
 []



[482]

[483]

[484]

[485]

[486]

[487]

[488]

[489]

[490]

[491]

[492]

[493]

[494]

[495]

[496]

[497]

[498]
Chapter 9.

Overfull \hbox (1175.52014pt too wide) in paragraph at lines 10379--10406
 [] 
 []


Overfull \hbox (1246.3201pt too wide) in paragraph at lines 10411--10451
 [] 
 []


Underfull \vbox (badness 10000) has occurred while \output is active []



[499

]
Overfull \hbox (1385.93016pt too wide) in paragraph at lines 10454--10492
 [] 
 []


Overfull \hbox (1003.1101pt too wide) in paragraph at lines 10495--10538
 [] 
 []


Underfull \vbox (badness 10000) has occurred while \output is active []



[500]
Overfull \hbox (1152.48013pt too wide) in paragraph at lines 10541--10583
 [] 
 []


Overfull \hbox (1060.01013pt too wide) in paragraph at lines 10586--10628
 [] 
 []


Underfull \vbox (badness 10000) has occurred while \output is active []



[501]
Overfull \hbox (1436.10014pt too wide) in paragraph at lines 10631--10676
 [] 
 []


Overfull \hbox (1112.86015pt too wide) in paragraph at lines 10679--10721
 [] 
 []


Underfull \vbox (badness 10000) has occurred while \output is active []



[502]
Overfull \hbox (1339.38014pt too wide) in paragraph at lines 10724--10767
 [] 
 []


Overfull \hbox (1312.69173pt too wide) in paragraph at lines 10770--10804
 [] 
 []


Underfull \vbox (badness 10000) has occurred while \output is active []



[503]

[504]
Chapter 10.

Overfull \hbox (2.19502pt too wide) in paragraph at lines 10808--10809
\TU/lmr/m/n/10 publication: [][]https://www.accenture.com/_acnmedia/PDF-62/Acce
nture-
 []


Overfull \hbox (117.917pt too wide) in paragraph at lines 10809--10810
\TU/lmr/m/n/10 tute, Carnegie Mellon University (2001). Web publication: [][]ht
tps://resources.sei.cmu.edu/asset_files/[][]
 []


Overfull \hbox (181.76501pt too wide) in paragraph at lines 10810--10811
\TU/lmr/m/n/10 Mellon University (2003). Web publication: [][]https://resources
.sei.cmu.edu/asset_files/UsersGuide/2003_012_001_[][]
 []


Overfull \hbox (2.375pt too wide) in paragraph at lines 10815--10816
\TU/lmr/m/n/10 tion: [][]https://ec.europa.eu/newsroom/just/document[][]. cfm?d
oc_id=47711
 []



[505

]
Overfull \hbox (49.0348pt too wide) in paragraph at lines 10819--10820
\TU/lmr/m/n/10 rep., US NAVSEA (2009). Web publication: [][]https://samate.nist
.gov/docs/NAVSEA-
 []


Overfull \hbox (6.435pt too wide) in paragraph at lines 10820--10822
\TU/lmr/m/n/10 lication: [][]https://resources.sei.cmu.edu/asset_files/Technica
lReport/2007_[][]
 []



[506]
Overfull \hbox (18.69502pt too wide) in paragraph at lines 10836--10837
\TU/lmr/m/n/10 countries. Web publication: [][]https://commission.europa.eu/sys
tem/files/2021-
 []


Overfull \hbox (6.99pt too wide) in paragraph at lines 10836--10837
\TU/lmr/m/n/10 06/1_en_[][] annexe_acte_autonome_cp_part1_v5_0.pdf (2021). [Acc
essed
 []


Overfull \hbox (127.86702pt too wide) in paragraph at lines 10837--10838
\TU/lmr/m/n/10 mission, Brussels (2020). Web publication: [][]https://edpb.euro
pa.eu/sites/default/files/files/file1/edpb_[][]
 []


Overfull \hbox (70.91702pt too wide) in paragraph at lines 10842--10843
\TU/lmr/m/n/10 Corporation, 1.4 edn. (2011). Web publication: [][]https://docs.
broadcom.com/doc/security-
 []



[507]
Overfull \hbox (12.23001pt too wide) in paragraph at lines 10845--10846
[][]\TU/lmr/m/n/10 https://fireeye[][]. market/assets/apps/211364/documents/877
936_en.pdf [Ac-
 []


Overfull \hbox (2.91002pt too wide) in paragraph at lines 10852--10853
\TU/lmr/m/n/10 tion: https: //www. [][]iana.org/assignments/uri-schemes/uri-sch
emes.xhtml[][]
 []



[508]
Overfull \hbox (119.97502pt too wide) in paragraph at lines 10860--10861
\TU/lmr/m/n/10 World Telecommunication Day 1999 (1999). Web publication: [][]ht
tps://www.itu.int/newsarchive/wtd/[][]
 []


Overfull \hbox (27.72002pt too wide) in paragraph at lines 10861--10862
[][]\TU/lmr/m/n/10 https://www.riskmanagementinsight[][]. com/media/docs/FAIR_i
ntroduction.pdf
 []



[509]
Overfull \hbox (59.92502pt too wide) in paragraph at lines 10871--10872
\TU/lmr/m/n/10 archive at: [][]https://web.archive.org/web/20211008023335/https
://www.mandiant.com/[][]
 []


Overfull \hbox (0.20502pt too wide) in paragraph at lines 10876--10877
\TU/lmr/m/n/10 (2018). Web publication: [][]https://csrc.nist.gov/publications/
detail/white-
 []


Overfull \hbox (7.78502pt too wide) in paragraph at lines 10878--10879
\TU/lmr/m/n/10 cation Security Project (2021). Web publication: [][]https://owa
sp.org/Top10/[][]
 []



[510]

[511]
Overfull \hbox (0.24171pt too wide) in paragraph at lines 10899--10900
[]\TU/lmr/m/n/10 US National Security Agency: NSA ANT catalog. Web publication 
(2013).
 []


Overfull \hbox (3.49892pt too wide) in paragraph at lines 10899--10900
[][]\TU/lmr/m/n/10 https://commons.wikimedia[][]. org/wiki/Category:NSA_ANT [Ac
cessed 22-
 []


Overfull \hbox (88.905pt too wide) in paragraph at lines 10900--10901
\TU/lmr/m/n/10 Web publication: [][]https://www.verizon.com/business/resources/
reports/DBIR_2016_Report[][].
 []


Overfull \hbox (23.545pt too wide) in paragraph at lines 10901--10902
\TU/lmr/m/n/10 Web publication: [][]https://enterprise.verizon.com/resources/re
ports/2021/2021-
 []


Overfull \hbox (42.67392pt too wide) in paragraph at lines 10903--10904
[]\TU/lmr/m/n/10 WHATWG: HTML - Living Standard. Web publication: [][]https://h
tml.spec.whatwg[][].
 []


Overfull \hbox (32.52203pt too wide) in paragraph at lines 10904--10905
[]\TU/lmr/m/n/10 Wheeler, D.A.: Flawfinder (2001). Web publication: [][]https:/
/www.dwheeler.com/[][]
 []


Overfull \hbox (11.945pt too wide) in paragraph at lines 10905--10906
\TU/lmr/m/n/10 publication: [][]https://www.dwheeler.com/secure-programs/Secure
-Programs-
 []


Overfull \hbox (77.24702pt too wide) in paragraph at lines 10906--10907
\TU/lmr/m/n/10 tion, originally issued 2014. Web publication: [][]https://dwhee
ler.com/essays/heartbleed.html[][]
 []


Overfull \hbox (18.34001pt too wide) in paragraph at lines 10907--10908
\TU/lmr/m/n/10 cyclopedia. [][]https://en.wikipedia.org/w/index.php?title=List_
of_operating_[][]
 []


Overfull \hbox (113.76703pt too wide) in paragraph at lines 10908--10909
\TU/lmr/m/n/10 rep., Association of Chief Police Officers (2012). Web publicati
on: [][]https://athenaforensics.co.uk/wp-
 []


Overfull \hbox (31.47pt too wide) in paragraph at lines 10908--10909
\TU/lmr/m/n/10 content/uploads/2019/01/National-Police-Chiefs-Council-ACPO-Good
-Practice-
 []



[512]
Overfull \hbox (1.34505pt too wide) in paragraph at lines 10932--10933
[]\TU/lmr/m/n/10 45. International Standards Organisation: International Standa
rd ISO11172-
 []


Overfull \hbox (1.34505pt too wide) in paragraph at lines 10934--10935
[]\TU/lmr/m/n/10 46. International Standards Organisation: International Standa
rd ISO10918-
 []



[513]
Overfull \hbox (170.04503pt too wide) in paragraph at lines 10946--10947
\TU/lmr/m/n/10 World Telecommunication Day 1999 (1999). Web publication: https:
//www.itu.int/newsarchive/wtd/1999/report.html
 []


Overfull \hbox (293.97594pt too wide) in paragraph at lines 10948--10949
\TU/lmr/m/n/10 Tech. rep., Risk Management Insight LLC (2006). Web publication:
 https://www.riskmanagementinsight.com/media/docs/FAIR_introduction.pdf
 []


Overfull \hbox (132.435pt too wide) in paragraph at lines 10968--10969
\TU/lmr/m/n/10 archive at: https://web.archive.org/web/20211008023335/https://w
ww.mandiant.com/media/9941/download
 []


Overfull \hbox (86.55501pt too wide) in paragraph at lines 10978--10979
\TU/lmr/m/n/10 Web publication: https://csrc.nist.gov/publications/detail/white
-paper/2018/04/16/cybersecurity-
 []



[514]
Overfull \hbox (4.03091pt too wide) in paragraph at lines 11000--11001
[]\TU/lmr/m/n/10 79. Sciberras, A.: RFC 4519: Lightweight Directory Access Prot
ocol (LDAP):
 []



[515]
Overfull \hbox (138.06503pt too wide) in paragraph at lines 11018--11019
[]\TU/lmr/m/n/10 88. The Tor Project: Tor: Overview. Web publication: https://w
ww.torproject.org/about/overview.html.en
 []


Overfull \hbox (3.92392pt too wide) in paragraph at lines 11024--11025
\TU/lmr/m/n/10 mons: https://commons.wikimedia.org/wiki/Category:NSA_ANT [Acces
sed 22-
 []


Overfull \hbox (78.365pt too wide) in paragraph at lines 11026--11027
\TU/lmr/m/n/10 Web publication: https://www.verizon.com/business/resources/repo
rts/DBIR_2016_Report.pdf
 []


Overfull \hbox (106.25893pt too wide) in paragraph at lines 11032--11033
[]\TU/lmr/m/n/10 95. WHATWG: HTML  |\TU/STSong(0)/m/n/10 –| \TU/lmr/m/n/10 Livi
ng Standard. Web publication: https://html.spec.whatwg.org/print.pdf
 []


Overfull \hbox (81.91203pt too wide) in paragraph at lines 11034--11035
[]\TU/lmr/m/n/10 96. Wheeler, D.A.: Flawfinder (2001). Web publication: https:/
/www.dwheeler.com/flawfinder
 []


Overfull \hbox (44.46503pt too wide) in paragraph at lines 11036--11037
\TU/lmr/m/n/10 publication: https://www.dwheeler.com/secure-programs/Secure-Pro
grams-HOWTO.pdf
 []


Overfull \hbox (52.24702pt too wide) in paragraph at lines 11038--11039
\TU/lmr/m/n/10 tion, originally issued 2014. Web publication: https://dwheeler.
com/essays/heartbleed.html
 []


Overfull \hbox (124.34001pt too wide) in paragraph at lines 11040--11041
\TU/lmr/m/n/10 encyclopedia. https://en.wikipedia.org/w/index.php?title=List_of
_operating_systems&oldid=1160973695
 []


Overfull \hbox (88.76703pt too wide) in paragraph at lines 11042--11043
\TU/lmr/m/n/10 rep., Association of Chief Police Officers (2012). Web publicati
on: https://athenaforensics.co.uk/wp-
 []


Overfull \hbox (6.47pt too wide) in paragraph at lines 11042--11043
\TU/lmr/m/n/10 content/uploads/2019/01/National-Police-Chiefs-Council-ACPO-Good
-Practice-
 []



[516]

[517]

[518]

[519]

[520]
Underfull \hbox (badness 10000) in paragraph at lines 11253--11398

 []



[521]

[522]

[523]

[524]

[525]
Underfull \hbox (badness 10000) in paragraph at lines 11478--11548

 []



[526]
Underfull \hbox (badness 10000) in paragraph at lines 11550--11628

 []


Underfull \vbox (badness 10000) has occurred while \output is active []



[527]

[528]

[529]

[530]

[531]
Underfull \hbox (badness 10000) in paragraph at lines 11755--11827

 []



[532]

[533]
Underfull \hbox (badness 10000) in paragraph at lines 11829--11834

 []


Underfull \hbox (badness 10000) in paragraph at lines 11836--11856

 []


Underfull \hbox (badness 10000) in paragraph at lines 11858--11900

 []


Underfull \vbox (badness 1331) has occurred while \output is active []



[534]
Underfull \vbox (badness 10000) has occurred while \output is active []



[535]

[536]

[537]

[538]
Underfull \vbox (badness 10000) has occurred while \output is active []



[539]

[540]

[541]
Underfull \hbox (badness 10000) in paragraph at lines 12183--12187

 []


Underfull \hbox (badness 10000) in paragraph at lines 12189--12278

 []



[542]

[543]
Underfull \hbox (badness 10000) in paragraph at lines 12280--12290

 []



[544]

[545]

[546]

[547]

[548]

[549]

[550]

./cybersec_final.tex:12612: LaTeX Error: Can be used only in preamble.

See the LaTeX manual or LaTeX Companion for explanation.
Type  H <return>  for immediate help.
 ...                                              
                                                  
l.12612 \makeindex
                  
Your command was ignored.
Type  I <command> <return>  to replace it with another command,
or  <return>  to continue without it.

(./cybersec_final.ind
Underfull \vbox (badness 1331) has occurred while \output is active []



[551]

[552]



[553


])
No file cybersec_final.bbl.
(./cybersec_final.aux)
 ***********
LaTeX2e <2025-06-01> patch level 1
L3 programming layer <2022/08/05>
 ***********


LaTeX Font Warning: Some font shapes were not available, defaults substituted.


LaTeX Warning: There were undefined references.

Package rerunfilecheck Info: File `cybersec_final.out' has not changed.
(rerunfilecheck)             Checksum: 25CF3F21C049259A4EF4976A06F0CC98;79513.
 )
(\end occurred when \ifx on line 7865 was incomplete)
(\end occurred when \ifnum on line 7865 was incomplete)
(\end occurred when \ifnum on line 7865 was incomplete)
(\end occurred when \ifnum on line 7865 was incomplete)
(\end occurred when \ifnum on line 7764 was incomplete)
(\end occurred when \ifnum on line 7764 was incomplete)
(\end occurred when \ifx on line 7764 was incomplete)
(\end occurred when \ifnum on line 7764 was incomplete)
(\end occurred when \ifnum on line 7764 was incomplete)
(\end occurred when \ifnum on line 7764 was incomplete)
(\end occurred when \ifnum on line 7764 was incomplete)
(\end occurred when \ifnum on line 7764 was incomplete)
(\end occurred when \ifx on line 7511 was incomplete)
(\end occurred when \ifnum on line 7511 was incomplete)
(\end occurred when \ifnum on line 7511 was incomplete)
(\end occurred when \ifnum on line 7511 was incomplete)
(\end occurred when \ifx on line 7347 was incomplete)
(\end occurred when \ifnum on line 7347 was incomplete)
(\end occurred when \ifnum on line 7347 was incomplete)
(\end occurred when \ifnum on line 7347 was incomplete)
(\end occurred when \ifnum on line 7194 was incomplete)
(\end occurred when \ifnum on line 7194 was incomplete)
(\end occurred when \ifx on line 7194 was incomplete)
(\end occurred when \ifnum on line 7194 was incomplete)
(\end occurred when \ifnum on line 7194 was incomplete)
(\end occurred when \ifnum on line 7194 was incomplete)
(\end occurred when \ifnum on line 7194 was incomplete)
(\end occurred when \ifnum on line 7194 was incomplete)
(\end occurred when \ifx on line 7169 was incomplete)
(\end occurred when \ifnum on line 7169 was incomplete)
(\end occurred when \ifnum on line 7169 was incomplete)
(\end occurred when \ifnum on line 7169 was incomplete) 
Here is how much of TeX's memory you used:
 18181 strings out of 468389
 486493 string characters out of 5440620
 912727 words of memory out of 5000000
 46472 multiletter control sequences out of 15000+600000
 636792 words of font info for 108 fonts, out of 8000000 for 9000
 1348 hyphenation exceptions out of 8191
 73i,15n,92p,1677b,992s stack positions out of 10000i,1000n,20000p,200000b,200000s

Output written on cybersec_final.xdv (553 pages, 10757212 bytes).
