This is XeTeX, Version 3.141592653-2.6-0.999997 (TeX Live 2025) (preloaded format=xelatex 2025.3.8)  1 DEC 2025 13:30
entering extended mode
 restricted \write18 enabled.
 file:line:error style messages enabled.
 %&-line parsing enabled.
**/Users/jrathi/Projects/pdf-2-latex/files/ai/bold-italic-formatting/ai_final.t
ex

(/Users/jrathi/Projects/pdf-2-latex/files/ai/bold-italic-formatting/ai_final.te
x
LaTeX2e <2024-11-01> patch level 2
L3 programming layer <2025-01-18>
(/usr/local/texlive/2025basic/texmf-dist/tex/latex/base/book.cls
Document Class: book 2024/06/29 v1.4n Standard LaTeX document class
(/usr/local/texlive/2025basic/texmf-dist/tex/latex/base/bk10.clo
File: bk10.clo 2024/06/29 v1.4n Standard LaTeX file (size option)
)
\c@part=\count192
\c@chapter=\count193
\c@section=\count194
\c@subsection=\count195
\c@subsubsection=\count196
\c@paragraph=\count197
\c@subparagraph=\count198
\c@figure=\count199
\c@table=\count266
\abovecaptionskip=\skip49
\belowcaptionskip=\skip50
\bibindent=\dimen141
)
(/usr/local/texlive/2025basic/texmf-dist/tex/latex/base/inputenc.sty
Package: inputenc 2024/02/08 v1.3d Input encoding file
\inpenc@prehook=\toks17
\inpenc@posthook=\toks18


Package inputenc Warning: inputenc package ignored with utf8 based engines.

) (/usr/local/texlive/2025basic/texmf-dist/tex/latex/amsmath/amsmath.sty
Package: amsmath 2024/11/05 v2.17t AMS math features
\@mathmargin=\skip51

For additional information on amsmath, use the `?' option.
(/usr/local/texlive/2025basic/texmf-dist/tex/latex/amsmath/amstext.sty
Package: amstext 2021/08/26 v2.01 AMS text

(/usr/local/texlive/2025basic/texmf-dist/tex/latex/amsmath/amsgen.sty
File: amsgen.sty 1999/11/30 v2.0 generic functions
\@emptytoks=\toks19
\ex@=\dimen142
))
(/usr/local/texlive/2025basic/texmf-dist/tex/latex/amsmath/amsbsy.sty
Package: amsbsy 1999/11/29 v1.2d Bold Symbols
\pmbraise@=\dimen143
)
(/usr/local/texlive/2025basic/texmf-dist/tex/latex/amsmath/amsopn.sty
Package: amsopn 2022/04/08 v2.04 operator names
)
\inf@bad=\count267
LaTeX Info: Redefining \frac on input line 233.
\uproot@=\count268
\leftroot@=\count269
LaTeX Info: Redefining \overline on input line 398.
LaTeX Info: Redefining \colon on input line 409.
\classnum@=\count270
\DOTSCASE@=\count271
LaTeX Info: Redefining \ldots on input line 495.
LaTeX Info: Redefining \dots on input line 498.
LaTeX Info: Redefining \cdots on input line 619.
\Mathstrutbox@=\box52
\strutbox@=\box53
LaTeX Info: Redefining \big on input line 721.
LaTeX Info: Redefining \Big on input line 722.
LaTeX Info: Redefining \bigg on input line 723.
LaTeX Info: Redefining \Bigg on input line 724.
\big@size=\dimen144
LaTeX Font Info:    Redeclaring font encoding OML on input line 742.
LaTeX Font Info:    Redeclaring font encoding OMS on input line 743.
\macc@depth=\count272
LaTeX Info: Redefining \bmod on input line 904.
LaTeX Info: Redefining \pmod on input line 909.
LaTeX Info: Redefining \smash on input line 939.
LaTeX Info: Redefining \relbar on input line 969.
LaTeX Info: Redefining \Relbar on input line 970.
\c@MaxMatrixCols=\count273
\dotsspace@=\muskip17
\c@parentequation=\count274
\dspbrk@lvl=\count275
\tag@help=\toks20
\row@=\count276
\column@=\count277
\maxfields@=\count278
\andhelp@=\toks21
\eqnshift@=\dimen145
\alignsep@=\dimen146
\tagshift@=\dimen147
\tagwidth@=\dimen148
\totwidth@=\dimen149
\lineht@=\dimen150
\@envbody=\toks22
\multlinegap=\skip52
\multlinetaggap=\skip53
\mathdisplay@stack=\toks23
LaTeX Info: Redefining \[ on input line 2953.
LaTeX Info: Redefining \] on input line 2954.
)
(/usr/local/texlive/2025basic/texmf-dist/tex/latex/amsfonts/amsfonts.sty
Package: amsfonts 2013/01/14 v3.01 Basic AMSFonts support
\symAMSa=\mathgroup4
\symAMSb=\mathgroup5
LaTeX Font Info:    Redeclaring math symbol \hbar on input line 98.
LaTeX Font Info:    Overwriting math alphabet `\mathfrak' in version `bold'
(Font)                  U/euf/m/n --> U/euf/b/n on input line 106.
)
(/usr/local/texlive/2025basic/texmf-dist/tex/latex/amsfonts/amssymb.sty
Package: amssymb 2013/01/14 v3.01 AMS font symbols
)
(/usr/local/texlive/2025basic/texmf-dist/tex/latex/mhchem/mhchem.sty
Package: mhchem 2024/01/29 v4.10 for typesetting chemical formulae

(/usr/local/texlive/2025basic/texmf-dist/tex/latex/l3kernel/expl3.sty
Package: expl3 2025-01-18 L3 programming layer (loader) 

(/usr/local/texlive/2025basic/texmf-dist/tex/latex/l3backend/l3backend-xetex.de
f
File: l3backend-xetex.def 2024-05-08 L3 backend support: XeTeX
\g__graphics_track_int=\count279
\l__pdf_internal_box=\box54
\g__pdf_backend_annotation_int=\count280
\g__pdf_backend_link_int=\count281
))
(/usr/local/texlive/2025basic/texmf-dist/tex/latex/l3packages/l3keys2e/l3keys2e
.sty
Package: l3keys2e 2024-08-16 LaTeX2e option processing using LaTeX3 keys
) (/usr/local/texlive/2025basic/texmf-dist/tex/latex/tools/calc.sty
Package: calc 2023/07/08 v4.3 Infix arithmetic (KKT,FJ)
\calc@Acount=\count282
\calc@Bcount=\count283
\calc@Adimen=\dimen151
\calc@Bdimen=\dimen152
\calc@Askip=\skip54
\calc@Bskip=\skip55
LaTeX Info: Redefining \setlength on input line 80.
LaTeX Info: Redefining \addtolength on input line 81.
\calc@Ccount=\count284
\calc@Cskip=\skip56
)
(/usr/local/texlive/2025basic/texmf-dist/tex/latex/chemgreek/chemgreek.sty
(/usr/local/texlive/2025basic/texmf-dist/tex/latex/l3packages/xparse/xparse.sty
Package: xparse 2024-08-16 L3 Experimental document command parser
)
Package: chemgreek 2020/01/16 v1.1a interface for upright Greek letters for use
 in chemistry (CN)
\l__chemgreek_tmpa_int=\count285
\g__chemgreek_tmpa_int=\count286
) (/usr/local/texlive/2025basic/texmf-dist/tex/latex/graphics/graphics.sty
Package: graphics 2024/08/06 v1.4g Standard LaTeX Graphics (DPC,SPQR)

(/usr/local/texlive/2025basic/texmf-dist/tex/latex/graphics/trig.sty
Package: trig 2023/12/02 v1.11 sin cos tan (DPC)
)
(/usr/local/texlive/2025basic/texmf-dist/tex/latex/graphics-cfg/graphics.cfg
File: graphics.cfg 2016/06/04 v1.11 sample graphics configuration
)
Package graphics Info: Driver file: xetex.def on input line 106.

(/usr/local/texlive/2025basic/texmf-dist/tex/latex/graphics-def/xetex.def
File: xetex.def 2022/09/22 v5.0n Graphics/color driver for xetex
))
\l__mhchem_ce_distanceFromLastComma_int=\count287
\__mhchem_arrow_extPgfLength_skip=\skip57
\mhchem@minispace@tmp=\skip58
\mhchem@minibackspace@tmp=\skip59
\mhchem@bondwidth=\skip60
\mhchem@bondheight=\skip61
\mhchem@smallbondwidth@tmpA=\skip62
\mhchem@smallbondwidth@tmpB=\skip63
\mhchem@smallbondwidth=\skip64
\mhchem@bondtmp@minussidebearingleft=\skip65
\mhchem@bondtmp@minussidebearingright=\skip66
\l__mhchem_option_version_int=\count288
\mhchem@option@minusmathsidebearingleft=\dimen153
\mhchem@option@minusmathsidebearingright=\dimen154
\mhchem@option@minustextsidebearingleft=\dimen155
\mhchem@option@minustextsidebearingright=\dimen156
)
(/usr/local/texlive/2025basic/texmf-dist/tex/latex/stmaryrd/stmaryrd.sty
Package: stmaryrd 1994/03/03 St Mary's Road symbol package
\symstmry=\mathgroup6
LaTeX Font Info:    Overwriting symbol font `stmry' in version `bold'
(Font)                  U/stmry/m/n --> U/stmry/b/n on input line 89.
)
(/usr/local/texlive/2025basic/texmf-dist/tex/latex/graphics/graphicx.sty
Package: graphicx 2021/09/16 v1.2d Enhanced LaTeX Graphics (DPC,SPQR)

(/usr/local/texlive/2025basic/texmf-dist/tex/latex/graphics/keyval.sty
Package: keyval 2022/05/29 v1.15 key=value parser (DPC)
\KV@toks@=\toks24
)
\Gin@req@height=\dimen157
\Gin@req@width=\dimen158
)
(/usr/local/texlive/2025basic/texmf-dist/tex/latex/adjustbox/adjustbox.sty
Package: adjustbox 2025/02/26 v1.3c Adjusting TeX boxes (trim, clip, ...)

(/usr/local/texlive/2025basic/texmf-dist/tex/latex/xkeyval/xkeyval.sty
Package: xkeyval 2022/06/16 v2.9 package option processing (HA)

(/usr/local/texlive/2025basic/texmf-dist/tex/generic/xkeyval/xkeyval.tex
(/usr/local/texlive/2025basic/texmf-dist/tex/generic/xkeyval/xkvutils.tex
\XKV@toks=\toks25
\XKV@tempa@toks=\toks26
)
\XKV@depth=\count289
File: xkeyval.tex 2014/12/03 v2.7a key=value parser (HA)
))
(/usr/local/texlive/2025basic/texmf-dist/tex/latex/adjustbox/adjcalc.sty
Package: adjcalc 2012/05/16 v1.1 Provides advanced setlength with multiple back
-ends (calc, etex, pgfmath)
)
(/usr/local/texlive/2025basic/texmf-dist/tex/latex/adjustbox/trimclip.sty
Package: trimclip 2025/02/21 v1.2a Trim and clip general TeX material

(/usr/local/texlive/2025basic/texmf-dist/tex/latex/collectbox/collectbox.sty
Package: collectbox 2022/10/17 v0.4c Collect macro arguments as boxes
\collectedbox=\box55
)
\tc@llx=\dimen159
\tc@lly=\dimen160
\tc@urx=\dimen161
\tc@ury=\dimen162
Package trimclip Info: Using driver 'tc-xetex.def'.

(/usr/local/texlive/2025basic/texmf-dist/tex/latex/adjustbox/tc-xetex.def
File: tc-xetex.def 2019/01/04 v2.2 Clipping driver for xetex
))
\adjbox@Width=\dimen163
\adjbox@Height=\dimen164
\adjbox@Depth=\dimen165
\adjbox@Totalheight=\dimen166
\adjbox@pwidth=\dimen167
\adjbox@pheight=\dimen168
\adjbox@pdepth=\dimen169
\adjbox@ptotalheight=\dimen170

(/usr/local/texlive/2025basic/texmf-dist/tex/latex/ifoddpage/ifoddpage.sty
Package: ifoddpage 2022/10/18 v1.2 Conditionals for odd/even page detection
\c@checkoddpage=\count290
)
(/usr/local/texlive/2025basic/texmf-dist/tex/latex/varwidth/varwidth.sty
Package: varwidth 2009/03/30 ver 0.92;  Variable-width minipages
\@vwid@box=\box56
\sift@deathcycles=\count291
\@vwid@loff=\dimen171
\@vwid@roff=\dimen172
))
(/usr/local/texlive/2025basic/texmf-dist/tex/latex/fvextra/fvextra.sty
Package: fvextra 2025/05/29 v1.13.2 fvextra - extensions and patches for fancyv
rb

(/usr/local/texlive/2025basic/texmf-dist/tex/latex/etoolbox/etoolbox.sty
Package: etoolbox 2025/02/11 v2.5l e-TeX tools for LaTeX (JAW)
\etb@tempcnta=\count292
)
(/usr/local/texlive/2025basic/texmf-dist/tex/latex/fancyvrb/fancyvrb.sty
Package: fancyvrb 2024/01/20 4.5c verbatim text (tvz,hv)
\FV@CodeLineNo=\count293
\FV@InFile=\read2
\FV@TabBox=\box57
\c@FancyVerbLine=\count294
\FV@StepNumber=\count295
\FV@OutFile=\write3
)
(/usr/local/texlive/2025basic/texmf-dist/tex/generic/pdftexcmds/pdftexcmds.sty
Package: pdftexcmds 2020-06-27 v0.33 Utility functions of pdfTeX for LuaTeX (HO
)

(/usr/local/texlive/2025basic/texmf-dist/tex/generic/infwarerr/infwarerr.sty
Package: infwarerr 2019/12/03 v1.5 Providing info/warning/error messages (HO)
)
(/usr/local/texlive/2025basic/texmf-dist/tex/generic/iftex/iftex.sty
Package: iftex 2024/12/12 v1.0g TeX engine tests
)
(/usr/local/texlive/2025basic/texmf-dist/tex/generic/ltxcmds/ltxcmds.sty
Package: ltxcmds 2023-12-04 v1.26 LaTeX kernel commands for general use (HO)
)
Package pdftexcmds Info: \pdf@primitive is available.
Package pdftexcmds Info: \pdf@ifprimitive is available.
Package pdftexcmds Info: \pdfdraftmode not found.
)
(/usr/local/texlive/2025basic/texmf-dist/tex/latex/upquote/upquote.sty
Package: upquote 2012/04/19 v1.3 upright-quote and grave-accent glyphs in verba
tim

(/usr/local/texlive/2025basic/texmf-dist/tex/latex/base/textcomp.sty
Package: textcomp 2024/04/24 v2.1b Standard LaTeX package
))
(/usr/local/texlive/2025basic/texmf-dist/tex/latex/lineno/lineno.sty
Package: lineno 2025/01/29 line numbers on paragraphs v5.4

(/usr/local/texlive/2025basic/texmf-dist/tex/latex/kvoptions/kvoptions.sty
Package: kvoptions 2022-06-15 v3.15 Key value format for package options (HO)

(/usr/local/texlive/2025basic/texmf-dist/tex/latex/kvsetkeys/kvsetkeys.sty
Package: kvsetkeys 2022-10-05 v1.19 Key value parser (HO)
))
\linenopenalty=\count296
\output=\toks27
\linenoprevgraf=\count297
\linenumbersep=\dimen173
\linenumberwidth=\dimen174
\c@linenumber=\count298
\c@pagewiselinenumber=\count299
\c@LN@truepage=\count300
\c@internallinenumber=\count301
\c@internallinenumbers=\count302
\quotelinenumbersep=\dimen175
\bframerule=\dimen176
\bframesep=\dimen177
\bframebox=\box58
\@LN@amsmath@ams@eqpen=\count303
LaTeX Info: Redefining \\ on input line 3187.
)
\c@FancyVerbWriteLine=\count304
\c@FancyVerbBufferLine=\count305
\c@FV@TrueTabGroupLevel=\count306
\c@FV@TrueTabCounter=\count307
\FV@TabBox@Group=\box59
\FV@bgcolorstructbox=\box60
\FV@TmpLength=\skip67
\c@FV@HighlightLinesStart=\count308
\c@FV@HighlightLinesStop=\count309
\FV@LoopCount=\count310
\FV@NCharsBox=\box61
\FV@BreakIndent=\dimen178
\FV@BreakIndentNChars=\count311
\FV@BreakSymbolSepLeft=\dimen179
\FV@BreakSymbolSepLeftNChars=\count312
\FV@BreakSymbolSepRight=\dimen180
\FV@BreakSymbolSepRightNChars=\count313
\FV@BreakSymbolIndentLeft=\dimen181
\FV@BreakSymbolIndentLeftNChars=\count314
\FV@BreakSymbolIndentRight=\dimen182
\FV@BreakSymbolIndentRightNChars=\count315
\c@FancyVerbLineBreakLast=\count316
\FV@LineBox=\box62
\FV@LineIndentBox=\box63
\c@FV@BreakBufferDepth=\count317
\FV@LineWidth=\dimen183
)
(/usr/local/texlive/2025basic/texmf-dist/tex/latex/csquotes/csquotes.sty
Package: csquotes 2024-04-04 v5.2o context-sensitive quotations (JAW)
\csq@reset=\count318
\csq@gtype=\count319
\csq@glevel=\count320
\csq@qlevel=\count321
\csq@maxlvl=\count322
\csq@tshold=\count323
\csq@ltx@everypar=\toks28

(/usr/local/texlive/2025basic/texmf-dist/tex/latex/csquotes/csquotes.def
File: csquotes.def 2024-04-04 v5.2o csquotes generic definitions (JAW)
)
Package csquotes Info: Trying to load configuration file 'csquotes.cfg'...
Package csquotes Info: ... configuration file loaded successfully.

(/usr/local/texlive/2025basic/texmf-dist/tex/latex/csquotes/csquotes.cfg
File: csquotes.cfg 
))
(/usr/local/texlive/2025basic/texmf-dist/tex/latex/multirow/multirow.sty
Package: multirow 2024/11/12 v2.9 Span multiple rows of a table
\multirow@colwidth=\skip68
\multirow@cntb=\count324
\multirow@dima=\skip69
\bigstrutjot=\dimen184
)
(/usr/local/texlive/2025basic/texmf-dist/tex/latex/hyperref/hyperref.sty
Package: hyperref 2024-11-05 v7.01l Hypertext links for LaTeX

(/usr/local/texlive/2025basic/texmf-dist/tex/generic/kvdefinekeys/kvdefinekeys.
sty
Package: kvdefinekeys 2019-12-19 v1.6 Define keys (HO)
)
(/usr/local/texlive/2025basic/texmf-dist/tex/generic/pdfescape/pdfescape.sty
Package: pdfescape 2019/12/09 v1.15 Implements pdfTeX's escape features (HO)
)
(/usr/local/texlive/2025basic/texmf-dist/tex/latex/hycolor/hycolor.sty
Package: hycolor 2020-01-27 v1.10 Color options for hyperref/bookmark (HO)
)
(/usr/local/texlive/2025basic/texmf-dist/tex/latex/hyperref/nameref.sty
Package: nameref 2023-11-26 v2.56 Cross-referencing by name of section

(/usr/local/texlive/2025basic/texmf-dist/tex/latex/refcount/refcount.sty
Package: refcount 2019/12/15 v3.6 Data extraction from label references (HO)
)
(/usr/local/texlive/2025basic/texmf-dist/tex/generic/gettitlestring/gettitlestr
ing.sty
Package: gettitlestring 2019/12/15 v1.6 Cleanup title references (HO)
)
\c@section@level=\count325
)
(/usr/local/texlive/2025basic/texmf-dist/tex/generic/stringenc/stringenc.sty
Package: stringenc 2019/11/29 v1.12 Convert strings between diff. encodings (HO
)
)
\@linkdim=\dimen185
\Hy@linkcounter=\count326
\Hy@pagecounter=\count327

(/usr/local/texlive/2025basic/texmf-dist/tex/latex/hyperref/pd1enc.def
File: pd1enc.def 2024-11-05 v7.01l Hyperref: PDFDocEncoding definition (HO)
)
(/usr/local/texlive/2025basic/texmf-dist/tex/generic/intcalc/intcalc.sty
Package: intcalc 2019/12/15 v1.3 Expandable calculations with integers (HO)
)
\Hy@SavedSpaceFactor=\count328

(/usr/local/texlive/2025basic/texmf-dist/tex/latex/hyperref/puenc.def
File: puenc.def 2024-11-05 v7.01l Hyperref: PDF Unicode definition (HO)
)
Package hyperref Info: Hyper figures OFF on input line 4157.
Package hyperref Info: Link nesting OFF on input line 4162.
Package hyperref Info: Hyper index ON on input line 4165.
Package hyperref Info: Plain pages OFF on input line 4172.
Package hyperref Info: Backreferencing OFF on input line 4177.
Package hyperref Info: Implicit mode ON; LaTeX internals redefined.
Package hyperref Info: Bookmarks ON on input line 4424.
\c@Hy@tempcnt=\count329

(/usr/local/texlive/2025basic/texmf-dist/tex/latex/url/url.sty
\Urlmuskip=\muskip18
Package: url 2013/09/16  ver 3.4  Verb mode for urls, etc.
)
LaTeX Info: Redefining \url on input line 4763.
\XeTeXLinkMargin=\dimen186

(/usr/local/texlive/2025basic/texmf-dist/tex/generic/bitset/bitset.sty
Package: bitset 2019/12/09 v1.3 Handle bit-vector datatype (HO)

(/usr/local/texlive/2025basic/texmf-dist/tex/generic/bigintcalc/bigintcalc.sty
Package: bigintcalc 2019/12/15 v1.5 Expandable calculations on big integers (HO
)
))
\Fld@menulength=\count330
\Field@Width=\dimen187
\Fld@charsize=\dimen188
Package hyperref Info: Hyper figures OFF on input line 6042.
Package hyperref Info: Link nesting OFF on input line 6047.
Package hyperref Info: Hyper index ON on input line 6050.
Package hyperref Info: backreferencing OFF on input line 6057.
Package hyperref Info: Link coloring OFF on input line 6062.
Package hyperref Info: Link coloring with OCG OFF on input line 6067.
Package hyperref Info: PDF/A mode OFF on input line 6072.
 (/usr/local/texlive/2025basic/texmf-dist/tex/latex/base/atbegshi-ltx.sty
Package: atbegshi-ltx 2021/01/10 v1.0c Emulation of the original atbegshi
package with kernel methods
)
\Hy@abspage=\count331
\c@Item=\count332
\c@Hfootnote=\count333
)
Package hyperref Info: Driver (autodetected): hxetex.

(/usr/local/texlive/2025basic/texmf-dist/tex/latex/hyperref/hxetex.def
File: hxetex.def 2024-11-05 v7.01l Hyperref driver for XeTeX
\pdfm@box=\box64
\c@Hy@AnnotLevel=\count334
\HyField@AnnotCount=\count335
\Fld@listcount=\count336
\c@bookmark@seq@number=\count337

(/usr/local/texlive/2025basic/texmf-dist/tex/latex/rerunfilecheck/rerunfilechec
k.sty
Package: rerunfilecheck 2022-07-10 v1.10 Rerun checks for auxiliary files (HO)
 (/usr/local/texlive/2025basic/texmf-dist/tex/latex/base/atveryend-ltx.sty
Package: atveryend-ltx 2020/08/19 v1.0a Emulation of the original atveryend pac
kage
with kernel methods
)
(/usr/local/texlive/2025basic/texmf-dist/tex/generic/uniquecounter/uniquecounte
r.sty
Package: uniquecounter 2019/12/15 v1.4 Provide unlimited unique counter (HO)
)
Package uniquecounter Info: New unique counter `rerunfilecheck' on input line 2
85.
)
\Hy@SectionHShift=\skip70
)
Package hyperref Info: Option `colorlinks' set `true' on input line 15.

(/usr/local/texlive/2025basic/texmf-dist/tex/latex/underscore/underscore.sty
Package: underscore 2006/09/13
LaTeX Info: Redefining \_ on input line 42.
)
(/usr/local/texlive/2025basic/texmf-dist/tex/latex/firstaid/underscore-ltx.sty
Package: underscore-ltx 2023/09/20 LaTeX firstaid to make underscore protected 

) (/usr/local/texlive/2025basic/texmf-dist/tex/latex/bbold/bbold.sty
Package: bbold 1994/04/06 Bbold symbol package
LaTeX Font Info:    Redeclaring math alphabet \mathbb on input line 42.
)
(/usr/local/texlive/2025basic/texmf-dist/tex/xelatex/xecjk/xeCJK.sty
Package: xeCJK 2022/08/05 v3.9.1 Typesetting CJK scripts with XeLaTeX

(/usr/local/texlive/2025basic/texmf-dist/tex/latex/ctex/ctexhook.sty
Package: ctexhook 2022/07/14 v2.5.10 Document and package hooks (CTEX)
)
(/usr/local/texlive/2025basic/texmf-dist/tex/latex/l3packages/xtemplate/xtempla
te.sty
Package: xtemplate 2024-08-16 L3 Experimental prototype document functions
)
\l__xeCJK_tmp_int=\count338
\l__xeCJK_tmp_box=\box65
\l__xeCJK_tmp_dim=\dimen189
\l__xeCJK_tmp_skip=\skip71
\g__xeCJK_space_factor_int=\count339
\l__xeCJK_begin_int=\count340
\l__xeCJK_end_int=\count341
\c__xeCJK_CJK_class_int=\XeTeXcharclass1
\c__xeCJK_FullLeft_class_int=\XeTeXcharclass2
\c__xeCJK_FullRight_class_int=\XeTeXcharclass3
\c__xeCJK_HalfLeft_class_int=\XeTeXcharclass4
\c__xeCJK_HalfRight_class_int=\XeTeXcharclass5
\c__xeCJK_NormalSpace_class_int=\XeTeXcharclass6
\c__xeCJK_CM_class_int=\XeTeXcharclass7
\c__xeCJK_HangulJamo_class_int=\XeTeXcharclass8
\l__xeCJK_last_skip=\skip72
\c__xeCJK_none_node=\count342
\g__xeCJK_node_int=\count343
\c__xeCJK_CJK_node_dim=\dimen190
\c__xeCJK_CJK-space_node_dim=\dimen191
\c__xeCJK_default_node_dim=\dimen192
\c__xeCJK_CJK-widow_node_dim=\dimen193
\c__xeCJK_normalspace_node_dim=\dimen194
\c__xeCJK_default-space_node_skip=\skip73
\l__xeCJK_ccglue_skip=\skip74
\l__xeCJK_ecglue_skip=\skip75
\l__xeCJK_punct_kern_skip=\skip76
\l__xeCJK_indent_box=\box66
\l__xeCJK_last_penalty_int=\count344
\l__xeCJK_last_bound_dim=\dimen195
\l__xeCJK_last_kern_dim=\dimen196
\l__xeCJK_widow_penalty_int=\count345

LaTeX template Info: Declaring template type 'xeCJK/punctuation' taking 0
(template)           argument(s) on line 2396.

\l__xeCJK_fixed_punct_width_dim=\dimen197
\l__xeCJK_mixed_punct_width_dim=\dimen198
\l__xeCJK_middle_punct_width_dim=\dimen199
\l__xeCJK_fixed_margin_width_dim=\dimen256
\l__xeCJK_mixed_margin_width_dim=\dimen257
\l__xeCJK_middle_margin_width_dim=\dimen258
\l__xeCJK_bound_punct_width_dim=\dimen259
\l__xeCJK_bound_margin_width_dim=\dimen260
\l__xeCJK_margin_minimum_dim=\dimen261
\l__xeCJK_kerning_total_width_dim=\dimen262
\l__xeCJK_same_align_margin_dim=\dimen263
\l__xeCJK_different_align_margin_dim=\dimen264
\l__xeCJK_kerning_margin_width_dim=\dimen265
\l__xeCJK_kerning_margin_minimum_dim=\dimen266
\l__xeCJK_bound_dim=\dimen267
\l__xeCJK_reverse_bound_dim=\dimen268
\l__xeCJK_margin_dim=\dimen269
\l__xeCJK_minimum_bound_dim=\dimen270
\l__xeCJK_kerning_margin_dim=\dimen271
\g__xeCJK_family_int=\count346
\l__xeCJK_fam_int=\count347
\g__xeCJK_fam_allocation_int=\count348
\l__xeCJK_verb_case_int=\count349
\l__xeCJK_verb_exspace_skip=\skip77

(/usr/local/texlive/2025basic/texmf-dist/tex/latex/fontspec/fontspec.sty
Package: fontspec 2024/05/11 v2.9e Font selection for XeLaTeX and LuaLaTeX

(/usr/local/texlive/2025basic/texmf-dist/tex/latex/fontspec/fontspec-xetex.sty
Package: fontspec-xetex 2024/05/11 v2.9e Font selection for XeLaTeX and LuaLaTe
X
\l__fontspec_script_int=\count350
\l__fontspec_language_int=\count351
\l__fontspec_strnum_int=\count352
\l__fontspec_tmp_int=\count353
\l__fontspec_tmpa_int=\count354
\l__fontspec_tmpb_int=\count355
\l__fontspec_tmpc_int=\count356
\l__fontspec_em_int=\count357
\l__fontspec_emdef_int=\count358
\l__fontspec_strong_int=\count359
\l__fontspec_strongdef_int=\count360
\l__fontspec_tmpa_dim=\dimen272
\l__fontspec_tmpb_dim=\dimen273
\l__fontspec_tmpc_dim=\dimen274

(/usr/local/texlive/2025basic/texmf-dist/tex/latex/base/fontenc.sty
Package: fontenc 2021/04/29 v2.0v Standard LaTeX package
)
(/usr/local/texlive/2025basic/texmf-dist/tex/latex/fontspec/fontspec.cfg)))
(/usr/local/texlive/2025basic/texmf-dist/tex/xelatex/xecjk/xeCJK.cfg
File: xeCJK.cfg 2022/08/05 v3.9.1 Configuration file for xeCJK package
))
(/usr/local/texlive/2025basic/texmf-dist/tex/latex/polyglossia/polyglossia.sty
Package: polyglossia 2025/01/31 v2.4 Modern multilingual typesetting with XeLaT
eX and LuaLaTeX
\l_xpg_alias_keyvals_int=\count361

(/usr/local/texlive/2025basic/texmf-dist/tex/latex/polyglossia/gloss-latex.ldf
File: gloss-latex.ldf polyglossia: module for default language
))

Package fontspec Info: 
(fontspec)             Script 'CJK' not explicitly supported within font
(fontspec)             'STSong'. Check the typeset output, and if it is okay
(fontspec)             then ignore this warning. Otherwise a different font
(fontspec)             should be chosen.


Package fontspec Info: 
(fontspec)             Could not resolve font "STSong/BI" (it probably doesn't
(fontspec)             exist).


Package fontspec Info: 
(fontspec)             Could not resolve font "STSong/B" (it probably doesn't
(fontspec)             exist).


Package fontspec Info: 
(fontspec)             Could not resolve font "STSong/I" (it probably doesn't
(fontspec)             exist).


Package fontspec Info: 
(fontspec)             Font family 'STSong(0)' created for font 'STSong' with
(fontspec)             options [Script={CJK}].
(fontspec)              
(fontspec)              This font family consists of the following NFSS
(fontspec)             series/shapes:
(fontspec)              
(fontspec)             - 'normal' (m/n) with NFSS spec.:
(fontspec)             <->"STSong/OT:script=hani;language=dflt;"


(/usr/local/texlive/2025basic/texmf-dist/tex/latex/polyglossia/gloss-english.ld
f
File: gloss-english.ldf polyglossia: module for English
)

Package polyglossia Info: Default language is english


Package fontspec Info: 
(fontspec)             Font family 'Georgia(0)' created for font 'Georgia'
(fontspec)             with options [Ligatures=TeX].
(fontspec)              
(fontspec)              This font family consists of the following NFSS
(fontspec)             series/shapes:
(fontspec)              
(fontspec)             - 'normal' (m/n) with NFSS spec.:
(fontspec)             <->"Georgia/OT:script=latn;language=dflt;mapping=tex-tex
t;"
(fontspec)             - 'bold' (b/n) with NFSS spec.:
(fontspec)             <->"Georgia/B/OT:script=latn;language=dflt;mapping=tex-t
ext;"
(fontspec)             - 'italic' (m/it) with NFSS spec.:
(fontspec)             <->"Georgia/I/OT:script=latn;language=dflt;mapping=tex-t
ext;"
(fontspec)             - 'bold italic' (b/it) with NFSS spec.:
(fontspec)             <->"Georgia/BI/OT:script=latn;language=dflt;mapping=tex-
text;"

 (/usr/local/texlive/2025basic/texmf-dist/tex/latex/tcolorbox/tcolorbox.sty
Package: tcolorbox 2025/07/08 version 6.7.1 text color boxes

(/usr/local/texlive/2025basic/texmf-dist/tex/latex/pgf/frontendlayer/tikz.sty
(/usr/local/texlive/2025basic/texmf-dist/tex/latex/pgf/basiclayer/pgf.sty
(/usr/local/texlive/2025basic/texmf-dist/tex/latex/pgf/utilities/pgfrcs.sty
(/usr/local/texlive/2025basic/texmf-dist/tex/generic/pgf/utilities/pgfutil-comm
on.tex
\pgfutil@everybye=\toks29
\pgfutil@tempdima=\dimen275
\pgfutil@tempdimb=\dimen276
)
(/usr/local/texlive/2025basic/texmf-dist/tex/generic/pgf/utilities/pgfutil-late
x.def
\pgfutil@abb=\box67
)
(/usr/local/texlive/2025basic/texmf-dist/tex/generic/pgf/utilities/pgfrcs.code.
tex (/usr/local/texlive/2025basic/texmf-dist/tex/generic/pgf/pgf.revision.tex)
Package: pgfrcs 2023-01-15 v3.1.10 (3.1.10)
))
Package: pgf 2023-01-15 v3.1.10 (3.1.10)
 (/usr/local/texlive/2025basic/texmf-dist/tex/latex/pgf/basiclayer/pgfcore.sty 
(/usr/local/texlive/2025basic/texmf-dist/tex/latex/pgf/systemlayer/pgfsys.sty
(/usr/local/texlive/2025basic/texmf-dist/tex/generic/pgf/systemlayer/pgfsys.cod
e.tex
Package: pgfsys 2023-01-15 v3.1.10 (3.1.10)

(/usr/local/texlive/2025basic/texmf-dist/tex/generic/pgf/utilities/pgfkeys.code
.tex
\pgfkeys@pathtoks=\toks30
\pgfkeys@temptoks=\toks31

(/usr/local/texlive/2025basic/texmf-dist/tex/generic/pgf/utilities/pgfkeyslibra
ryfiltered.code.tex
\pgfkeys@tmptoks=\toks32
))
\pgf@x=\dimen277
\pgf@y=\dimen278
\pgf@xa=\dimen279
\pgf@ya=\dimen280
\pgf@xb=\dimen281
\pgf@yb=\dimen282
\pgf@xc=\dimen283
\pgf@yc=\dimen284
\pgf@xd=\dimen285
\pgf@yd=\dimen286
\w@pgf@writea=\write4
\r@pgf@reada=\read3
\c@pgf@counta=\count362
\c@pgf@countb=\count363
\c@pgf@countc=\count364
\c@pgf@countd=\count365
\t@pgf@toka=\toks33
\t@pgf@tokb=\toks34
\t@pgf@tokc=\toks35
\pgf@sys@id@count=\count366

(/usr/local/texlive/2025basic/texmf-dist/tex/generic/pgf/systemlayer/pgf.cfg
File: pgf.cfg 2023-01-15 v3.1.10 (3.1.10)
)
Driver file for pgf: pgfsys-xetex.def

(/usr/local/texlive/2025basic/texmf-dist/tex/generic/pgf/systemlayer/pgfsys-xet
ex.def
File: pgfsys-xetex.def 2023-01-15 v3.1.10 (3.1.10)

(/usr/local/texlive/2025basic/texmf-dist/tex/generic/pgf/systemlayer/pgfsys-dvi
pdfmx.def
File: pgfsys-dvipdfmx.def 2023-01-15 v3.1.10 (3.1.10)

(/usr/local/texlive/2025basic/texmf-dist/tex/generic/pgf/systemlayer/pgfsys-com
mon-pdf.def
File: pgfsys-common-pdf.def 2023-01-15 v3.1.10 (3.1.10)
)
\pgfsys@objnum=\count367
)))
(/usr/local/texlive/2025basic/texmf-dist/tex/generic/pgf/systemlayer/pgfsyssoft
path.code.tex
File: pgfsyssoftpath.code.tex 2023-01-15 v3.1.10 (3.1.10)
\pgfsyssoftpath@smallbuffer@items=\count368
\pgfsyssoftpath@bigbuffer@items=\count369
)
(/usr/local/texlive/2025basic/texmf-dist/tex/generic/pgf/systemlayer/pgfsysprot
ocol.code.tex
File: pgfsysprotocol.code.tex 2023-01-15 v3.1.10 (3.1.10)
))
(/usr/local/texlive/2025basic/texmf-dist/tex/latex/xcolor/xcolor.sty
Package: xcolor 2024/09/29 v3.02 LaTeX color extensions (UK)

(/usr/local/texlive/2025basic/texmf-dist/tex/latex/graphics-cfg/color.cfg
File: color.cfg 2016/01/02 v1.6 sample color configuration
)
Package xcolor Info: Driver file: xetex.def on input line 274.

(/usr/local/texlive/2025basic/texmf-dist/tex/latex/graphics/mathcolor.ltx)
Package xcolor Info: Model `cmy' substituted by `cmy0' on input line 1349.
Package xcolor Info: Model `RGB' extended on input line 1365.
Package xcolor Info: Model `HTML' substituted by `rgb' on input line 1367.
Package xcolor Info: Model `Hsb' substituted by `hsb' on input line 1368.
Package xcolor Info: Model `tHsb' substituted by `hsb' on input line 1369.
Package xcolor Info: Model `HSB' substituted by `hsb' on input line 1370.
Package xcolor Info: Model `Gray' substituted by `gray' on input line 1371.
Package xcolor Info: Model `wave' substituted by `hsb' on input line 1372.
)
(/usr/local/texlive/2025basic/texmf-dist/tex/generic/pgf/basiclayer/pgfcore.cod
e.tex
Package: pgfcore 2023-01-15 v3.1.10 (3.1.10)

(/usr/local/texlive/2025basic/texmf-dist/tex/generic/pgf/math/pgfmath.code.tex
(/usr/local/texlive/2025basic/texmf-dist/tex/generic/pgf/math/pgfmathutil.code.
tex)
(/usr/local/texlive/2025basic/texmf-dist/tex/generic/pgf/math/pgfmathparser.cod
e.tex
\pgfmath@dimen=\dimen287
\pgfmath@count=\count370
\pgfmath@box=\box68
\pgfmath@toks=\toks36
\pgfmath@stack@operand=\toks37
\pgfmath@stack@operation=\toks38
)
(/usr/local/texlive/2025basic/texmf-dist/tex/generic/pgf/math/pgfmathfunctions.
code.tex)
(/usr/local/texlive/2025basic/texmf-dist/tex/generic/pgf/math/pgfmathfunctions.
basic.code.tex)
(/usr/local/texlive/2025basic/texmf-dist/tex/generic/pgf/math/pgfmathfunctions.
trigonometric.code.tex)
(/usr/local/texlive/2025basic/texmf-dist/tex/generic/pgf/math/pgfmathfunctions.
random.code.tex)
(/usr/local/texlive/2025basic/texmf-dist/tex/generic/pgf/math/pgfmathfunctions.
comparison.code.tex)
(/usr/local/texlive/2025basic/texmf-dist/tex/generic/pgf/math/pgfmathfunctions.
base.code.tex)
(/usr/local/texlive/2025basic/texmf-dist/tex/generic/pgf/math/pgfmathfunctions.
round.code.tex)
(/usr/local/texlive/2025basic/texmf-dist/tex/generic/pgf/math/pgfmathfunctions.
misc.code.tex)
(/usr/local/texlive/2025basic/texmf-dist/tex/generic/pgf/math/pgfmathfunctions.
integerarithmetics.code.tex)
(/usr/local/texlive/2025basic/texmf-dist/tex/generic/pgf/math/pgfmathcalc.code.
tex)
(/usr/local/texlive/2025basic/texmf-dist/tex/generic/pgf/math/pgfmathfloat.code
.tex
\c@pgfmathroundto@lastzeros=\count371
))
(/usr/local/texlive/2025basic/texmf-dist/tex/generic/pgf/math/pgfint.code.tex)
(/usr/local/texlive/2025basic/texmf-dist/tex/generic/pgf/basiclayer/pgfcorepoin
ts.code.tex
File: pgfcorepoints.code.tex 2023-01-15 v3.1.10 (3.1.10)
\pgf@picminx=\dimen288
\pgf@picmaxx=\dimen289
\pgf@picminy=\dimen290
\pgf@picmaxy=\dimen291
\pgf@pathminx=\dimen292
\pgf@pathmaxx=\dimen293
\pgf@pathminy=\dimen294
\pgf@pathmaxy=\dimen295
\pgf@xx=\dimen296
\pgf@xy=\dimen297
\pgf@yx=\dimen298
\pgf@yy=\dimen299
\pgf@zx=\dimen300
\pgf@zy=\dimen301
)
(/usr/local/texlive/2025basic/texmf-dist/tex/generic/pgf/basiclayer/pgfcorepath
construct.code.tex
File: pgfcorepathconstruct.code.tex 2023-01-15 v3.1.10 (3.1.10)
\pgf@path@lastx=\dimen302
\pgf@path@lasty=\dimen303
)
(/usr/local/texlive/2025basic/texmf-dist/tex/generic/pgf/basiclayer/pgfcorepath
usage.code.tex
File: pgfcorepathusage.code.tex 2023-01-15 v3.1.10 (3.1.10)
\pgf@shorten@end@additional=\dimen304
\pgf@shorten@start@additional=\dimen305
)
(/usr/local/texlive/2025basic/texmf-dist/tex/generic/pgf/basiclayer/pgfcorescop
es.code.tex
File: pgfcorescopes.code.tex 2023-01-15 v3.1.10 (3.1.10)
\pgfpic=\box69
\pgf@hbox=\box70
\pgf@layerbox@main=\box71
\pgf@picture@serial@count=\count372
)
(/usr/local/texlive/2025basic/texmf-dist/tex/generic/pgf/basiclayer/pgfcoregrap
hicstate.code.tex
File: pgfcoregraphicstate.code.tex 2023-01-15 v3.1.10 (3.1.10)
\pgflinewidth=\dimen306
)
(/usr/local/texlive/2025basic/texmf-dist/tex/generic/pgf/basiclayer/pgfcoretran
sformations.code.tex
File: pgfcoretransformations.code.tex 2023-01-15 v3.1.10 (3.1.10)
\pgf@pt@x=\dimen307
\pgf@pt@y=\dimen308
\pgf@pt@temp=\dimen309
)
(/usr/local/texlive/2025basic/texmf-dist/tex/generic/pgf/basiclayer/pgfcorequic
k.code.tex
File: pgfcorequick.code.tex 2023-01-15 v3.1.10 (3.1.10)
)
(/usr/local/texlive/2025basic/texmf-dist/tex/generic/pgf/basiclayer/pgfcoreobje
cts.code.tex
File: pgfcoreobjects.code.tex 2023-01-15 v3.1.10 (3.1.10)
)
(/usr/local/texlive/2025basic/texmf-dist/tex/generic/pgf/basiclayer/pgfcorepath
processing.code.tex
File: pgfcorepathprocessing.code.tex 2023-01-15 v3.1.10 (3.1.10)
)
(/usr/local/texlive/2025basic/texmf-dist/tex/generic/pgf/basiclayer/pgfcorearro
ws.code.tex
File: pgfcorearrows.code.tex 2023-01-15 v3.1.10 (3.1.10)
\pgfarrowsep=\dimen310
)
(/usr/local/texlive/2025basic/texmf-dist/tex/generic/pgf/basiclayer/pgfcoreshad
e.code.tex
File: pgfcoreshade.code.tex 2023-01-15 v3.1.10 (3.1.10)
\pgf@max=\dimen311
\pgf@sys@shading@range@num=\count373
\pgf@shadingcount=\count374
)
(/usr/local/texlive/2025basic/texmf-dist/tex/generic/pgf/basiclayer/pgfcoreimag
e.code.tex
File: pgfcoreimage.code.tex 2023-01-15 v3.1.10 (3.1.10)
)
(/usr/local/texlive/2025basic/texmf-dist/tex/generic/pgf/basiclayer/pgfcoreexte
rnal.code.tex
File: pgfcoreexternal.code.tex 2023-01-15 v3.1.10 (3.1.10)
\pgfexternal@startupbox=\box72
)
(/usr/local/texlive/2025basic/texmf-dist/tex/generic/pgf/basiclayer/pgfcorelaye
rs.code.tex
File: pgfcorelayers.code.tex 2023-01-15 v3.1.10 (3.1.10)
)
(/usr/local/texlive/2025basic/texmf-dist/tex/generic/pgf/basiclayer/pgfcoretran
sparency.code.tex
File: pgfcoretransparency.code.tex 2023-01-15 v3.1.10 (3.1.10)
)
(/usr/local/texlive/2025basic/texmf-dist/tex/generic/pgf/basiclayer/pgfcorepatt
erns.code.tex
File: pgfcorepatterns.code.tex 2023-01-15 v3.1.10 (3.1.10)
)
(/usr/local/texlive/2025basic/texmf-dist/tex/generic/pgf/basiclayer/pgfcorerdf.
code.tex
File: pgfcorerdf.code.tex 2023-01-15 v3.1.10 (3.1.10)
)))
(/usr/local/texlive/2025basic/texmf-dist/tex/generic/pgf/modules/pgfmoduleshape
s.code.tex
File: pgfmoduleshapes.code.tex 2023-01-15 v3.1.10 (3.1.10)
\pgfnodeparttextbox=\box73
)
(/usr/local/texlive/2025basic/texmf-dist/tex/generic/pgf/modules/pgfmoduleplot.
code.tex
File: pgfmoduleplot.code.tex 2023-01-15 v3.1.10 (3.1.10)
)
(/usr/local/texlive/2025basic/texmf-dist/tex/latex/pgf/compatibility/pgfcomp-ve
rsion-0-65.sty
Package: pgfcomp-version-0-65 2023-01-15 v3.1.10 (3.1.10)
\pgf@nodesepstart=\dimen312
\pgf@nodesepend=\dimen313
)
(/usr/local/texlive/2025basic/texmf-dist/tex/latex/pgf/compatibility/pgfcomp-ve
rsion-1-18.sty
Package: pgfcomp-version-1-18 2023-01-15 v3.1.10 (3.1.10)
))
(/usr/local/texlive/2025basic/texmf-dist/tex/latex/pgf/utilities/pgffor.sty
(/usr/local/texlive/2025basic/texmf-dist/tex/latex/pgf/utilities/pgfkeys.sty
(/usr/local/texlive/2025basic/texmf-dist/tex/generic/pgf/utilities/pgfkeys.code
.tex)) (/usr/local/texlive/2025basic/texmf-dist/tex/latex/pgf/math/pgfmath.sty
(/usr/local/texlive/2025basic/texmf-dist/tex/generic/pgf/math/pgfmath.code.tex)
)
(/usr/local/texlive/2025basic/texmf-dist/tex/generic/pgf/utilities/pgffor.code.
tex
Package: pgffor 2023-01-15 v3.1.10 (3.1.10)
\pgffor@iter=\dimen314
\pgffor@skip=\dimen315
\pgffor@stack=\toks39
\pgffor@toks=\toks40
))
(/usr/local/texlive/2025basic/texmf-dist/tex/generic/pgf/frontendlayer/tikz/tik
z.code.tex
Package: tikz 2023-01-15 v3.1.10 (3.1.10)

(/usr/local/texlive/2025basic/texmf-dist/tex/generic/pgf/libraries/pgflibrarypl
othandlers.code.tex
File: pgflibraryplothandlers.code.tex 2023-01-15 v3.1.10 (3.1.10)
\pgf@plot@mark@count=\count375
\pgfplotmarksize=\dimen316
)
\tikz@lastx=\dimen317
\tikz@lasty=\dimen318
\tikz@lastxsaved=\dimen319
\tikz@lastysaved=\dimen320
\tikz@lastmovetox=\dimen321
\tikz@lastmovetoy=\dimen322
\tikzleveldistance=\dimen323
\tikzsiblingdistance=\dimen324
\tikz@figbox=\box74
\tikz@figbox@bg=\box75
\tikz@tempbox=\box76
\tikz@tempbox@bg=\box77
\tikztreelevel=\count376
\tikznumberofchildren=\count377
\tikznumberofcurrentchild=\count378
\tikz@fig@count=\count379

(/usr/local/texlive/2025basic/texmf-dist/tex/generic/pgf/modules/pgfmodulematri
x.code.tex
File: pgfmodulematrix.code.tex 2023-01-15 v3.1.10 (3.1.10)
\pgfmatrixcurrentrow=\count380
\pgfmatrixcurrentcolumn=\count381
\pgf@matrix@numberofcolumns=\count382
)
\tikz@expandcount=\count383

(/usr/local/texlive/2025basic/texmf-dist/tex/generic/pgf/frontendlayer/tikz/lib
raries/tikzlibrarytopaths.code.tex
File: tikzlibrarytopaths.code.tex 2023-01-15 v3.1.10 (3.1.10)
)))
(/usr/local/texlive/2025basic/texmf-dist/tex/latex/tools/verbatim.sty
Package: verbatim 2024-01-22 v1.5x LaTeX2e package for verbatim enhancements
\every@verbatim=\toks41
\verbatim@line=\toks42
\verbatim@in@stream=\read4
)
(/usr/local/texlive/2025basic/texmf-dist/tex/latex/environ/environ.sty
Package: environ 2014/05/04 v0.3 A new way to define environments

(/usr/local/texlive/2025basic/texmf-dist/tex/latex/trimspaces/trimspaces.sty
Package: trimspaces 2009/09/17 v1.1 Trim spaces around a token list
))
\tcb@titlebox=\box78
\tcb@upperbox=\box79
\tcb@lowerbox=\box80
\tcb@phantombox=\box81
\c@tcbbreakpart=\count384
\c@tcblayer=\count385
\c@tcolorbox@number=\count386
\l__tcobox_tmpa_box=\box82
\l__tcobox_tmpa_dim=\dimen325
\tcb@temp=\box83
\tcb@temp=\box84
\tcb@temp=\box85
\tcb@temp=\box86
)
Package csquotes Info: Checking for multilingual support...
Package csquotes Info: ... found 'polyglossia' package.
Package csquotes Info: Adjusting default style.
Package csquotes Info: Redefining alias 'default' -> 'american'.
(./ai_final.aux)
\openout1 = `ai_final.aux'.

LaTeX Font Info:    Checking defaults for OML/cmm/m/it on input line 66.
LaTeX Font Info:    ... okay on input line 66.
LaTeX Font Info:    Checking defaults for OMS/cmsy/m/n on input line 66.
LaTeX Font Info:    ... okay on input line 66.
LaTeX Font Info:    Checking defaults for OT1/cmr/m/n on input line 66.
LaTeX Font Info:    ... okay on input line 66.
LaTeX Font Info:    Checking defaults for T1/cmr/m/n on input line 66.
LaTeX Font Info:    ... okay on input line 66.
LaTeX Font Info:    Checking defaults for TS1/cmr/m/n on input line 66.
LaTeX Font Info:    ... okay on input line 66.
LaTeX Font Info:    Checking defaults for TU/lmr/m/n on input line 66.
LaTeX Font Info:    ... okay on input line 66.
LaTeX Font Info:    Checking defaults for OMX/cmex/m/n on input line 66.
LaTeX Font Info:    ... okay on input line 66.
LaTeX Font Info:    Checking defaults for U/cmr/m/n on input line 66.
LaTeX Font Info:    ... okay on input line 66.
LaTeX Font Info:    Checking defaults for PD1/pdf/m/n on input line 66.
LaTeX Font Info:    ... okay on input line 66.
LaTeX Font Info:    Checking defaults for PU/pdf/m/n on input line 66.
LaTeX Font Info:    ... okay on input line 66.

Package chemgreek Info: Activating mapping `fontspec' on line 66.

Package hyperref Info: Link coloring ON on input line 66.
 (./ai_final.out) (./ai_final.out)
\@outlinefile=\write5
\openout5 = `ai_final.out'.


Package fontspec Info: 
(fontspec)             Adjusting the maths setup (use [no-math] to avoid
(fontspec)             this).

\symlegacymaths=\mathgroup7
LaTeX Font Info:    Overwriting symbol font `legacymaths' in version `bold'
(Font)                  OT1/cmr/m/n --> OT1/cmr/bx/n on input line 66.
LaTeX Font Info:    Redeclaring math accent \acute on input line 66.
LaTeX Font Info:    Redeclaring math accent \grave on input line 66.
LaTeX Font Info:    Redeclaring math accent \ddot on input line 66.
LaTeX Font Info:    Redeclaring math accent \tilde on input line 66.
LaTeX Font Info:    Redeclaring math accent \bar on input line 66.
LaTeX Font Info:    Redeclaring math accent \breve on input line 66.
LaTeX Font Info:    Redeclaring math accent \check on input line 66.
LaTeX Font Info:    Redeclaring math accent \hat on input line 66.
LaTeX Font Info:    Redeclaring math accent \dot on input line 66.
LaTeX Font Info:    Redeclaring math accent \mathring on input line 66.
LaTeX Font Info:    Redeclaring math symbol \Gamma on input line 66.
LaTeX Font Info:    Redeclaring math symbol \Delta on input line 66.
LaTeX Font Info:    Redeclaring math symbol \Theta on input line 66.
LaTeX Font Info:    Redeclaring math symbol \Lambda on input line 66.
LaTeX Font Info:    Redeclaring math symbol \Xi on input line 66.
LaTeX Font Info:    Redeclaring math symbol \Pi on input line 66.
LaTeX Font Info:    Redeclaring math symbol \Sigma on input line 66.
LaTeX Font Info:    Redeclaring math symbol \Upsilon on input line 66.
LaTeX Font Info:    Redeclaring math symbol \Phi on input line 66.
LaTeX Font Info:    Redeclaring math symbol \Psi on input line 66.
LaTeX Font Info:    Redeclaring math symbol \Omega on input line 66.
LaTeX Font Info:    Redeclaring math symbol \mathdollar on input line 66.
LaTeX Font Info:    Redeclaring symbol font `operators' on input line 66.
LaTeX Font Info:    Encoding `OT1' has changed to `TU' for symbol font
(Font)              `operators' in the math version `normal' on input line 66.
LaTeX Font Info:    Overwriting symbol font `operators' in version `normal'
(Font)                  OT1/cmr/m/n --> TU/Georgia(0)/m/n on input line 66.
LaTeX Font Info:    Encoding `OT1' has changed to `TU' for symbol font
(Font)              `operators' in the math version `bold' on input line 66.
LaTeX Font Info:    Overwriting symbol font `operators' in version `bold'
(Font)                  OT1/cmr/bx/n --> TU/Georgia(0)/m/n on input line 66.
LaTeX Font Info:    Overwriting symbol font `operators' in version `normal'
(Font)                  TU/Georgia(0)/m/n --> TU/Georgia(0)/m/n on input line 6
6.
LaTeX Font Info:    Overwriting math alphabet `\mathit' in version `normal'
(Font)                  OT1/cmr/m/it --> TU/Georgia(0)/m/it on input line 66.
LaTeX Font Info:    Overwriting math alphabet `\mathbf' in version `normal'
(Font)                  OT1/cmr/bx/n --> TU/Georgia(0)/b/n on input line 66.
LaTeX Font Info:    Overwriting math alphabet `\mathsf' in version `normal'
(Font)                  OT1/cmss/m/n --> TU/lmss/m/n on input line 66.
LaTeX Font Info:    Overwriting math alphabet `\mathtt' in version `normal'
(Font)                  OT1/cmtt/m/n --> TU/lmtt/m/n on input line 66.
LaTeX Font Info:    Overwriting symbol font `operators' in version `bold'
(Font)                  TU/Georgia(0)/m/n --> TU/Georgia(0)/b/n on input line 6
6.
LaTeX Font Info:    Overwriting math alphabet `\mathit' in version `bold'
(Font)                  OT1/cmr/bx/it --> TU/Georgia(0)/b/it on input line 66.
LaTeX Font Info:    Overwriting math alphabet `\mathsf' in version `bold'
(Font)                  OT1/cmss/bx/n --> TU/lmss/b/n on input line 66.
LaTeX Font Info:    Overwriting math alphabet `\mathtt' in version `bold'
(Font)                  OT1/cmtt/m/n --> TU/lmtt/b/n on input line 66.
 (./ai_final.toc
LaTeX Font Info:    Trying to load font information for U+msa on input line 4.

(/usr/local/texlive/2025basic/texmf-dist/tex/latex/amsfonts/umsa.fd
File: umsa.fd 2013/01/14 v3.01 AMS symbols A
)
LaTeX Font Info:    Trying to load font information for U+msb on input line 4.

(/usr/local/texlive/2025basic/texmf-dist/tex/latex/amsfonts/umsb.fd
File: umsb.fd 2013/01/14 v3.01 AMS symbols B
)
LaTeX Font Info:    Trying to load font information for U+stmry on input line 4
.

(/usr/local/texlive/2025basic/texmf-dist/tex/latex/stmaryrd/Ustmry.fd)

[1


]
Overfull \hbox (0.52048pt too wide) detected at line 56
 []\TU/Georgia(0)/m/n/10 102
 []


Overfull \hbox (0.21774pt too wide) detected at line 58
 []\TU/Georgia(0)/m/n/10 105
 []


Overfull \hbox (0.52048pt too wide) detected at line 66
 []\TU/Georgia(0)/m/n/10 120
 []


Overfull \hbox (0.3447pt too wide) detected at line 68
 []\TU/Georgia(0)/m/n/10 128
 []


Overfull \hbox (0.3447pt too wide) detected at line 69
 []\TU/Georgia(0)/m/n/10 128
 []



LaTeX Font Info:    Font shape `TU/Georgia(0)/m/sl' in size <10> not available
(Font)              Font shape `TU/Georgia(0)/m/it' tried instead on input line
 77.
[2]
Overfull \hbox (0.10544pt too wide) detected at line 81
 []\TU/Georgia(0)/m/n/10 146
 []


Overfull \hbox (0.59372pt too wide) detected at line 87
 []\TU/Georgia(0)/m/n/10 160
 []


Overfull \hbox (0.1152pt too wide) detected at line 91
 []\TU/Georgia(0)/m/n/10 166
 []


Overfull \hbox (0.41794pt too wide) detected at line 92
 []\TU/Georgia(0)/m/n/10 168
 []


Overfull \hbox (4.02708pt too wide) in paragraph at lines 98--98
 [][] [][][]\TU/Georgia(0)/m/n/10 Graphical Representation of Knowledge as a Ba
yesian Net- 
 []


Overfull \hbox (0.27634pt too wide) detected at line 102
 []\TU/Georgia(0)/m/n/10 183
 []


Overfull \hbox (0.41794pt too wide) detected at line 103
 []\TU/Georgia(0)/m/n/10 186
 []


Overfull \hbox (0.41794pt too wide) detected at line 104
 []\TU/Georgia(0)/m/n/10 189
 []


Overfull \hbox (0.59372pt too wide) detected at line 105
 []\TU/Georgia(0)/m/n/10 190
 []


Overfull \hbox (1.74118pt too wide) detected at line 107
 []\TU/Georgia(0)/m/n/10 203
 []


Overfull \hbox (2.18552pt too wide) detected at line 108
 []\TU/Georgia(0)/m/n/10 208
 []


Overfull \hbox (1.80954pt too wide) detected at line 113
 []\TU/Georgia(0)/m/n/10 220
 []


Overfull \hbox (1.18942pt too wide) detected at line 115
 []\TU/Georgia(0)/m/n/10 223
 []


Overfull \hbox (1.32126pt too wide) detected at line 116
 []\TU/Georgia(0)/m/n/10 224
 []


Overfull \hbox (0.95505pt too wide) detected at line 117
 []\TU/Georgia(0)/m/n/10 225
 []


Overfull \hbox (0.69626pt too wide) detected at line 118
 []\TU/Georgia(0)/m/n/10 227
 []


Overfull \hbox (1.33102pt too wide) detected at line 119
 []\TU/Georgia(0)/m/n/10 229
 []



[3]
Overfull \hbox (1.12106pt too wide) detected at line 121
 []\TU/Georgia(0)/m/n/10 233
 []


Overfull \hbox (1.26266pt too wide) detected at line 122
 []\TU/Georgia(0)/m/n/10 236
 []


Overfull \hbox (1.5654pt too wide) detected at line 123
 []\TU/Georgia(0)/m/n/10 238
 []


Overfull \hbox (1.5654pt too wide) detected at line 124
 []\TU/Georgia(0)/m/n/10 238
 []


Overfull \hbox (1.26266pt too wide) detected at line 125
 []\TU/Georgia(0)/m/n/10 239
 []


Overfull \hbox (1.87302pt too wide) detected at line 126
 []\TU/Georgia(0)/m/n/10 240
 []


Overfull \hbox (1.38474pt too wide) detected at line 128
 []\TU/Georgia(0)/m/n/10 244
 []


Overfull \hbox (0.75974pt too wide) detected at line 129
 []\TU/Georgia(0)/m/n/10 247
 []


Overfull \hbox (1.3945pt too wide) detected at line 130
 []\TU/Georgia(0)/m/n/10 249
 []


Overfull \hbox (1.5068pt too wide) detected at line 131
 []\TU/Georgia(0)/m/n/10 250
 []


Overfull \hbox (0.88669pt too wide) detected at line 133
 []\TU/Georgia(0)/m/n/10 253
 []


Overfull \hbox (1.01852pt too wide) detected at line 134
 []\TU/Georgia(0)/m/n/10 254
 []


Overfull \hbox (0.65231pt too wide) detected at line 135
 []\TU/Georgia(0)/m/n/10 255
 []


Overfull \hbox (0.39352pt too wide) detected at line 136
 []\TU/Georgia(0)/m/n/10 257
 []


Overfull \hbox (1.3945pt too wide) detected at line 139
 []\TU/Georgia(0)/m/n/10 264
 []


Overfull \hbox (0.7695pt too wide) detected at line 140
 []\TU/Georgia(0)/m/n/10 267
 []


Overfull \hbox (0.7695pt too wide) detected at line 141
 []\TU/Georgia(0)/m/n/10 267
 []


Overfull \hbox (0.7695pt too wide) detected at line 142
 []\TU/Georgia(0)/m/n/10 267
 []


Overfull \hbox (1.707pt too wide) detected at line 143
 []\TU/Georgia(0)/m/n/10 268
 []


Overfull \hbox (1.40427pt too wide) detected at line 144
 []\TU/Georgia(0)/m/n/10 269
 []


Overfull \hbox (0.69626pt too wide) detected at line 146
 []\TU/Georgia(0)/m/n/10 272
 []


Overfull \hbox (0.6279pt too wide) detected at line 147
 []\TU/Georgia(0)/m/n/10 273
 []


Overfull \hbox (0.7695pt too wide) detected at line 149
 []\TU/Georgia(0)/m/n/10 276
 []


Overfull \hbox (1.07224pt too wide) detected at line 150
 []\TU/Georgia(0)/m/n/10 278
 []


Overfull \hbox (0.3447pt too wide) detected at line 151
 []\TU/Georgia(0)/m/n/10 281
 []


Overfull \hbox (1.5654pt too wide) detected at line 152
 []\TU/Georgia(0)/m/n/10 283
 []


Overfull \hbox (1.5654pt too wide) detected at line 153
 []\TU/Georgia(0)/m/n/10 283
 []


Overfull \hbox (2.00974pt too wide) detected at line 154
 []\TU/Georgia(0)/m/n/10 288
 []


Overfull \hbox (2.00974pt too wide) detected at line 155
 []\TU/Georgia(0)/m/n/10 288
 []


Overfull \hbox (1.707pt too wide) detected at line 156
 []\TU/Georgia(0)/m/n/10 289
 []


Overfull \hbox (1.3945pt too wide) detected at line 158
 []\TU/Georgia(0)/m/n/10 294
 []


Overfull \hbox (1.40427pt too wide) detected at line 159
 []\TU/Georgia(0)/m/n/10 296
 []


Overfull \hbox (0.7695pt too wide) detected at line 160
 []\TU/Georgia(0)/m/n/10 297
 []


Overfull \hbox (1.40427pt too wide) detected at line 161
 []\TU/Georgia(0)/m/n/10 299
 []


Overfull \hbox (1.40427pt too wide) detected at line 162
 []\TU/Georgia(0)/m/n/10 299
 []


Overfull \hbox (1.74118pt too wide) detected at line 163
 []\TU/Georgia(0)/m/n/10 302
 []


Overfull \hbox (1.74118pt too wide) detected at line 164
 []\TU/Georgia(0)/m/n/10 302
 []



[4]
Overfull \hbox (1.81442pt too wide) detected at line 165
 []\TU/Georgia(0)/m/n/10 306
 []


Overfull \hbox (2.11716pt too wide) detected at line 166
 []\TU/Georgia(0)/m/n/10 308
 []


Overfull \hbox (1.81442pt too wide) detected at line 167
 []\TU/Georgia(0)/m/n/10 309
 []


Overfull \hbox (0.45212pt too wide) detected at line 168
 []\TU/Georgia(0)/m/n/10 310
 []


Overfull \hbox (0.27634pt too wide) detected at line 175
 []\TU/Georgia(0)/m/n/10 318
 []


Overfull \hbox (0.56442pt too wide) detected at line 177
\TU/Georgia(0)/m/n/10 10.10 
 []


Overfull \hbox (1.18942pt too wide) detected at line 178
 []\TU/Georgia(0)/m/n/10 322
 []


Overfull \hbox (1.18942pt too wide) detected at line 179
 []\TU/Georgia(0)/m/n/10 322
 []


Overfull \hbox (1.18942pt too wide) detected at line 180
 []\TU/Georgia(0)/m/n/10 322
 []


Overfull \hbox (1.12106pt too wide) detected at line 181
 []\TU/Georgia(0)/m/n/10 323
 []


Overfull \hbox (1.12106pt too wide) detected at line 182
 []\TU/Georgia(0)/m/n/10 323
 []


Overfull \hbox (1.12106pt too wide) detected at line 183
 []\TU/Georgia(0)/m/n/10 323
 []


Overfull \hbox (0.88669pt too wide) detected at line 185
 []\TU/Georgia(0)/m/n/10 325
 []


Overfull \hbox (1.26266pt too wide) detected at line 186
 []\TU/Georgia(0)/m/n/10 329
 []


Overfull \hbox (1.67282pt too wide) detected at line 187
 []\TU/Georgia(0)/m/n/10 330
 []


Overfull \hbox (1.12106pt too wide) detected at line 188
 []\TU/Georgia(0)/m/n/10 332
 []


Overfull \hbox (0.81833pt too wide) detected at line 189
 []\TU/Georgia(0)/m/n/10 335
 []


Overfull \hbox (1.49704pt too wide) detected at line 190
 []\TU/Georgia(0)/m/n/10 338
 []


Overfull \hbox (1.18454pt too wide) detected at line 192
 []\TU/Georgia(0)/m/n/10 343
 []


Overfull \hbox (1.18454pt too wide) detected at line 193
 []\TU/Georgia(0)/m/n/10 343
 []


Overfull \hbox (1.31638pt too wide) detected at line 194
 []\TU/Georgia(0)/m/n/10 344
 []


Overfull \hbox (0.95016pt too wide) detected at line 195
 []\TU/Georgia(0)/m/n/10 345
 []


Overfull \hbox (0.69138pt too wide) detected at line 196
 []\TU/Georgia(0)/m/n/10 347
 []


Overfull \hbox (1.62888pt too wide) detected at line 197
 []\TU/Georgia(0)/m/n/10 348
 []


Overfull \hbox (1.32614pt too wide) detected at line 198
 []\TU/Georgia(0)/m/n/10 349
 []


Overfull \hbox (0.88669pt too wide) detected at line 201
 []\TU/Georgia(0)/m/n/10 352
 []


Overfull \hbox (0.81833pt too wide) detected at line 202
 []\TU/Georgia(0)/m/n/10 353
 []


Overfull \hbox (0.95016pt too wide) detected at line 203
 []\TU/Georgia(0)/m/n/10 354
 []


Overfull \hbox (0.58395pt too wide) detected at line 204
 []\TU/Georgia(0)/m/n/10 355
 []


Overfull \hbox (0.32516pt too wide) detected at line 205
 []\TU/Georgia(0)/m/n/10 357
 []


Overfull \hbox (1.26266pt too wide) detected at line 206
 []\TU/Georgia(0)/m/n/10 358
 []


Overfull \hbox (0.95993pt too wide) detected at line 207
 []\TU/Georgia(0)/m/n/10 365
 []

)
\tf@toc=\write6
\openout6 = `ai_final.toc'.



[5]

[6]
Chapter 1.

Underfull \hbox (badness 10000) in paragraph at lines 82--114

 []



[7

]
Underfull \hbox (badness 10000) in paragraph at lines 115--282

 []



[8]

[9]

[10]

[11]

[12

]
Chapter 2.
File: ./images/2025_05_12_af19cd5e0d1b8a465ffeg-009.jpg Graphic file (type bmp)

<./images/2025_05_12_af19cd5e0d1b8a465ffeg-009.jpg>

Underfull \hbox (badness 10000) in paragraph at lines 309--309

 []



[13]
Overfull \hbox (4.60292pt too wide) in paragraph at lines 322--323
[]\TU/Georgia(0)/m/n/10 Artificial Intelligence is the study of how to make com
puters do things
 []



[14]

[15]
File: ./images/2025_05_12_af19cd5e0d1b8a465ffeg-011.jpg Graphic file (type bmp)

<./images/2025_05_12_af19cd5e0d1b8a465ffeg-011.jpg>

Overfull \hbox (1.24678pt too wide) in paragraph at lines 344--351
[]\TU/Georgia(0)/m/n/10 There are many interesting philosophical questions surr
ounding intelligence
 []



[16]

[17]
/Users/jrathi/Projects/pdf-2-latex/files/ai/bold-italic-formatting/ai_final.tex
:387: Misplaced \noalign.
\hline ->\noalign 
                  {\ifnum 0=`}\fi \hrule \@height \arrayrulewidth \futurelet...
l.387 \hline
            
I expect to see \noalign only after the \cr of
an alignment. Proceed, and I'll ignore this case.

/Users/jrathi/Projects/pdf-2-latex/files/ai/bold-italic-formatting/ai_final.tex
:387: You can't use `\hrule' here except with leaders.
\hline ->\noalign {\ifnum 0=`}\fi \hrule 
                                         \@height \arrayrulewidth \futurelet...
l.387 \hline
            
To put a horizontal rule in an hbox or an alignment,
you should use \leaders or \hrulefill (see The TeXbook).

/Users/jrathi/Projects/pdf-2-latex/files/ai/bold-italic-formatting/ai_final.tex
:387: Missing number, treated as zero.
<to be read again> 
                   \futurelet 
l.387 \hline
            
A number should have been here; I inserted `0'.
(If you can't figure out why I needed to see a number,
look up `weird error' in the index to The TeXbook.)

/Users/jrathi/Projects/pdf-2-latex/files/ai/bold-italic-formatting/ai_final.tex
:387: Illegal unit of measure (pt inserted).
<to be read again> 
                   \futurelet 
l.387 \hline
            
Dimensions can be in units of em, ex, in, pt, pc,
cm, mm, dd, cc, bp, or sp; but yours is a new one!
I'll assume that you meant to say pt, for printer's points.
To recover gracefully from this error, it's best to
delete the erroneous units; e.g., type `2' to delete
two letters. (See Chapter 27 of The TeXbook.)

/Users/jrathi/Projects/pdf-2-latex/files/ai/bold-italic-formatting/ai_final.tex
:395: Misplaced \noalign.
\hline ->\noalign 
                  {\ifnum 0=`}\fi \hrule \@height \arrayrulewidth \futurelet...
l.395 \hline
            
I expect to see \noalign only after the \cr of
an alignment. Proceed, and I'll ignore this case.

/Users/jrathi/Projects/pdf-2-latex/files/ai/bold-italic-formatting/ai_final.tex
:395: You can't use `\hrule' here except with leaders.
\hline ->\noalign {\ifnum 0=`}\fi \hrule 
                                         \@height \arrayrulewidth \futurelet...
l.395 \hline
            
To put a horizontal rule in an hbox or an alignment,
you should use \leaders or \hrulefill (see The TeXbook).

/Users/jrathi/Projects/pdf-2-latex/files/ai/bold-italic-formatting/ai_final.tex
:395: Missing number, treated as zero.
<to be read again> 
                   \futurelet 
l.395 \hline
            
A number should have been here; I inserted `0'.
(If you can't figure out why I needed to see a number,
look up `weird error' in the index to The TeXbook.)

/Users/jrathi/Projects/pdf-2-latex/files/ai/bold-italic-formatting/ai_final.tex
:395: Illegal unit of measure (pt inserted).
<to be read again> 
                   \futurelet 
l.395 \hline
            
Dimensions can be in units of em, ex, in, pt, pc,
cm, mm, dd, cc, bp, or sp; but yours is a new one!
I'll assume that you meant to say pt, for printer's points.
To recover gracefully from this error, it's best to
delete the erroneous units; e.g., type `2' to delete
two letters. (See Chapter 27 of The TeXbook.)


Overfull \hbox (1079.4118pt too wide) in paragraph at lines 372--419
 [] 
 []


Underfull \vbox (badness 10000) has occurred while \output is active []



[18]
/Users/jrathi/Projects/pdf-2-latex/files/ai/bold-italic-formatting/ai_final.tex
:441: Misplaced \noalign.
\hline ->\noalign 
                  {\ifnum 0=`}\fi \hrule \@height \arrayrulewidth \futurelet...
l.441 \hline
            
I expect to see \noalign only after the \cr of
an alignment. Proceed, and I'll ignore this case.

/Users/jrathi/Projects/pdf-2-latex/files/ai/bold-italic-formatting/ai_final.tex
:441: You can't use `\hrule' here except with leaders.
\hline ->\noalign {\ifnum 0=`}\fi \hrule 
                                         \@height \arrayrulewidth \futurelet...
l.441 \hline
            
To put a horizontal rule in an hbox or an alignment,
you should use \leaders or \hrulefill (see The TeXbook).

/Users/jrathi/Projects/pdf-2-latex/files/ai/bold-italic-formatting/ai_final.tex
:441: Missing number, treated as zero.
<to be read again> 
                   \futurelet 
l.441 \hline
            
A number should have been here; I inserted `0'.
(If you can't figure out why I needed to see a number,
look up `weird error' in the index to The TeXbook.)

/Users/jrathi/Projects/pdf-2-latex/files/ai/bold-italic-formatting/ai_final.tex
:441: Illegal unit of measure (pt inserted).
<to be read again> 
                   \futurelet 
l.441 \hline
            
Dimensions can be in units of em, ex, in, pt, pc,
cm, mm, dd, cc, bp, or sp; but yours is a new one!
I'll assume that you meant to say pt, for printer's points.
To recover gracefully from this error, it's best to
delete the erroneous units; e.g., type `2' to delete
two letters. (See Chapter 27 of The TeXbook.)

/Users/jrathi/Projects/pdf-2-latex/files/ai/bold-italic-formatting/ai_final.tex
:443: Misplaced \noalign.
\hline ->\noalign 
                  {\ifnum 0=`}\fi \hrule \@height \arrayrulewidth \futurelet...
l.443 \hline
            
I expect to see \noalign only after the \cr of
an alignment. Proceed, and I'll ignore this case.

/Users/jrathi/Projects/pdf-2-latex/files/ai/bold-italic-formatting/ai_final.tex
:443: You can't use `\hrule' here except with leaders.
\hline ->\noalign {\ifnum 0=`}\fi \hrule 
                                         \@height \arrayrulewidth \futurelet...
l.443 \hline
            
To put a horizontal rule in an hbox or an alignment,
you should use \leaders or \hrulefill (see The TeXbook).

/Users/jrathi/Projects/pdf-2-latex/files/ai/bold-italic-formatting/ai_final.tex
:443: Missing number, treated as zero.
<to be read again> 
                   \futurelet 
l.443 \hline
            
A number should have been here; I inserted `0'.
(If you can't figure out why I needed to see a number,
look up `weird error' in the index to The TeXbook.)

/Users/jrathi/Projects/pdf-2-latex/files/ai/bold-italic-formatting/ai_final.tex
:443: Illegal unit of measure (pt inserted).
<to be read again> 
                   \futurelet 
l.443 \hline
            
Dimensions can be in units of em, ex, in, pt, pc,
cm, mm, dd, cc, bp, or sp; but yours is a new one!
I'll assume that you meant to say pt, for printer's points.
To recover gracefully from this error, it's best to
delete the erroneous units; e.g., type `2' to delete
two letters. (See Chapter 27 of The TeXbook.)

/Users/jrathi/Projects/pdf-2-latex/files/ai/bold-italic-formatting/ai_final.tex
:457: Misplaced \noalign.
\hline ->\noalign 
                  {\ifnum 0=`}\fi \hrule \@height \arrayrulewidth \futurelet...
l.457 \hline
            
I expect to see \noalign only after the \cr of
an alignment. Proceed, and I'll ignore this case.

/Users/jrathi/Projects/pdf-2-latex/files/ai/bold-italic-formatting/ai_final.tex
:457: You can't use `\hrule' here except with leaders.
\hline ->\noalign {\ifnum 0=`}\fi \hrule 
                                         \@height \arrayrulewidth \futurelet...
l.457 \hline
            
To put a horizontal rule in an hbox or an alignment,
you should use \leaders or \hrulefill (see The TeXbook).

/Users/jrathi/Projects/pdf-2-latex/files/ai/bold-italic-formatting/ai_final.tex
:457: Missing number, treated as zero.
<to be read again> 
                   \futurelet 
l.457 \hline
            
A number should have been here; I inserted `0'.
(If you can't figure out why I needed to see a number,
look up `weird error' in the index to The TeXbook.)

/Users/jrathi/Projects/pdf-2-latex/files/ai/bold-italic-formatting/ai_final.tex
:457: Illegal unit of measure (pt inserted).
<to be read again> 
                   \futurelet 
l.457 \hline
            
Dimensions can be in units of em, ex, in, pt, pc,
cm, mm, dd, cc, bp, or sp; but yours is a new one!
I'll assume that you meant to say pt, for printer's points.
To recover gracefully from this error, it's best to
delete the erroneous units; e.g., type `2' to delete
two letters. (See Chapter 27 of The TeXbook.)


Overfull \hbox (1734.94728pt too wide) in paragraph at lines 426--459
 [] 
 []


Underfull \vbox (badness 4940) has occurred while \output is active []



[19]
File: ./images/2025_05_12_af19cd5e0d1b8a465ffeg-015.jpg Graphic file (type bmp)

<./images/2025_05_12_af19cd5e0d1b8a465ffeg-015.jpg>

Underfull \hbox (badness 10000) in paragraph at lines 471--471

 []


Overfull \hbox (0.73477pt too wide) in paragraph at lines 477--478
[]\TU/Georgia(0)/m/n/10 In the 1940s, based on results from neuroscience, McCul
loch, Pitts and Hebb
 []


Overfull \hbox (4.70839pt too wide) in paragraph at lines 480--481
\TU/Georgia(0)/m/n/10 Newell and Simon introduced Logic Theorist, the first aut
omatic theorem prover,
 []



[20]

[21]

[22]
Overfull \hbox (8.77057pt too wide) in paragraph at lines 501--503
\TU/Georgia(0)/m/n/10 hensibility, the clean semantics of conditional probabili
ty, and from the centuries-
 []


Overfull \hbox (0.31581pt too wide) in paragraph at lines 512--513
\TU/Georgia(0)/m/n/10 area of statistical data analysis for extraction of knowl
edge from large databases.
 []



[23]

[24]

[25]
Overfull \hbox (12.69426pt too wide) in paragraph at lines 558--559
\TU/Georgia(0)/m/n/10 citepiketty2014kapital]. This leads to ever-increasing ca
pital concentration among
 []



[26]
Overfull \hbox (1.49876pt too wide) in paragraph at lines 568--570
\TU/Georgia(0)/m/n/10 common good would involve a tax reform, the most importan
t elements of which
 []


Overfull \hbox (3.56418pt too wide) in paragraph at lines 568--570
\TU/Georgia(0)/m/n/10 highly prosperous, more sustainable human world with less
 environmental dam-
 []


Overfull \hbox (2.55757pt too wide) in paragraph at lines 568--570
\TU/Georgia(0)/m/n/10 age and more local trade. The reader may study the litera
ture and assess whether
 []



[27]
Overfull \hbox (5.15501pt too wide) in paragraph at lines 595--597
\TU/Georgia(0)/m/n/10 sponsibilities and expenses, such as refueling, technical
 service, cleaning, search-
 []



[28]
File: ./images/2025_05_12_af19cd5e0d1b8a465ffeg-023.jpg Graphic file (type bmp)

<./images/2025_05_12_af19cd5e0d1b8a465ffeg-023.jpg>

Underfull \hbox (badness 10000) in paragraph at lines 618--618

 []


LaTeX Warning: Float too large for page by 311.17726pt on input line 619.



[29]

[30]
File: ./images/2025_05_12_af19cd5e0d1b8a465ffeg-024.jpg Graphic file (type bmp)

<./images/2025_05_12_af19cd5e0d1b8a465ffeg-024.jpg>


[31]
Overfull \hbox (94.31067pt too wide) in paragraph at lines 653--666
 [] 
 []



[32]
File: ./images/2025_05_12_af19cd5e0d1b8a465ffeg-026.jpg Graphic file (type bmp)

<./images/2025_05_12_af19cd5e0d1b8a465ffeg-026.jpg>


[33]
Overfull \hbox (0.96983pt too wide) in paragraph at lines 700--701
\TU/Georgia(0)/m/n/10 citeferrucci2009towards]. Watson was developed within IBM
’s DeepQA project
 []


Overfull \hbox (4.28325pt too wide) in paragraph at lines 703--704
\TU/Georgia(0)/m/n/10 chine Learning, Knowledge Representation and Reasoning, a
nd mas-
 []



[34]
Overfull \hbox (3.71524pt too wide) in paragraph at lines 713--714
\TU/Georgia(0)/m/n/10 pending on your interest level, develop a simple or compl
ex chatterbot, or change
 []


Underfull \hbox (badness 10000) in paragraph at lines 715--717

 []



[35]

[36

]
Chapter 3.

Underfull \hbox (badness 10000) in paragraph at lines 732--734

 []



[37]
Overfull \hbox (65.99063pt too wide) detected at line 770
[]
 []


Overfull \hbox (2.3858pt too wide) in paragraph at lines 783--784
[]\TU/Georgia(0)/m/n/10 Because every proposition variable can take on two trut
h values, every propo-
 []



[38]
Overfull \hbox (61.8452pt too wide) detected at line 847
[]
 []



[39]

[40]
File: ./images/2025_05_12_af19cd5e0d1b8a465ffeg-035.jpg Graphic file (type bmp)

<./images/2025_05_12_af19cd5e0d1b8a465ffeg-035.jpg>

Underfull \hbox (badness 10000) in paragraph at lines 942--942

 []



[41]

[42]

[43]
Overfull \hbox (7.04877pt too wide) in paragraph at lines 1038--1039
\TU/Georgia(0)/m/n/10 Recently, moved by noble feelings, I picked up three hitc
hhikers, a father, mother,
 []


Overfull \hbox (0.81029pt too wide) in paragraph at lines 1040--1041
[]\TU/Georgia(0)/m/n/10 To solve this kind of problem we proceed in three steps
: formalization, trans-
 []



[44]
Underfull \hbox (badness 10000) in paragraph at lines 1072--1074

 []



[45]

[46]

Package xeCJK Warning: Unknown CJK family `\CJKttdefault' is being ignored.
(xeCJK)                
(xeCJK)                Try to use `\setCJKmonofont[<...>]{<...>}' to define
(xeCJK)                it.



[47]
Overfull \hbox (2.09712pt too wide) in paragraph at lines 1206--1207
[]\TU/Georgia(0)/m/n/10 Before application of the inference rule, $\OML/cmm/m/i
t/10 B[]; B[]; [] ; B[]$\TU/Georgia(0)/m/n/10 -the current subgoals-
 []



[48]
Overfull \hbox (2.7979pt too wide) in paragraph at lines 1235--1239
[]\TU/Georgia(0)/m/n/10 Exercise 2.3 Transform the following formulas into conj
unctive normal form: 
 []



[49]
Underfull \hbox (badness 10000) in paragraph at lines 1247--1250

 []


Overfull \hbox (5.14784pt too wide) in paragraph at lines 1270--1274
[]\TU/Georgia(0)/m/n/10 Exercise 2.12 Prove the following equivalences, which a
re important for work-
 []



[50]

[51]

[52

]
Chapter 4.

Overfull \hbox (27.75pt too wide) in paragraph at lines 1314--1314
[]    \TU/lmtt/m/n/10 $\wedge$ Robot_12_is_situated_at_xy_position_(10, 93) $\v
ee \ldots$[] 
 []



[53]
Overfull \hbox (537.0pt too wide) in paragraph at lines 1323--1323
[]    \TU/lmtt/m/n/10 $\exists x_{u} \exists y_{u} \exists x_{v} \exists y_{v}$
 position $\left(u, x_{u}, y_{u}\right) \wedge$ position $\left(v, x_{v}, y_{v}
\right) \wedge x_{u}>x_{v}$,[] 
 []


LaTeX Warning: Characters dropped after `\end{verbatim}' on input line 1324.


Overfull \hbox (107.53488pt too wide) in paragraph at lines 1355--1390
 [] 
 []



[54]
LaTeX Font Info:    Trying to load font information for U+bbold on input line 1
418.
 (/usr/local/texlive/2025basic/texmf-dist/tex/latex/bbold/Ubbold.fd)

[55]
Overfull \hbox (5.39212pt too wide) in paragraph at lines 1430--1431
\TU/Georgia(0)/m/n/10 numbers with $\OML/cmm/m/it/10 x > y$\TU/Georgia(0)/m/n/1
0 , meaning the set $\OML/cmm/m/it/10 G \OT1/cmr/m/n/10 = \OMS/cmsy/m/n/10 f\OT
1/cmr/m/n/10 (4\OML/cmm/m/it/10 ; \OT1/cmr/m/n/10 3)\OML/cmm/m/it/10 ; \OT1/cmr
/m/n/10 (4\OML/cmm/m/it/10 ; \OT1/cmr/m/n/10 2)\OML/cmm/m/it/10 ; \OT1/cmr/m/n/
10 (4\OML/cmm/m/it/10 ; \OT1/cmr/m/n/10 1)\OML/cmm/m/it/10 ; \OT1/cmr/m/n/10 (3
\OML/cmm/m/it/10 ; \OT1/cmr/m/n/10 2)\OML/cmm/m/it/10 ; \OT1/cmr/m/n/10 (3\OML/
cmm/m/it/10 ; \OT1/cmr/m/n/10 1)\OML/cmm/m/it/10 ; \OT1/cmr/m/n/10 (2\OML/cmm/m
/it/10 ; \OT1/cmr/m/n/10 1)\OMS/cmsy/m/n/10 g$\TU/Georgia(0)/m/n/10 .
 []


Overfull \hbox (17.1371pt too wide) in paragraph at lines 1456--1457
[]\TU/Georgia(0)/m/n/10 The truth of quantifierless formulas follows from the t
ruth of atomic formulas-
 []

File: ./images/2025_05_12_af19cd5e0d1b8a465ffeg-049.jpg Graphic file (type bmp)

<./images/2025_05_12_af19cd5e0d1b8a465ffeg-049.jpg>


[56]

[57]

[58]
Overfull \hbox (7.30962pt too wide) in paragraph at lines 1578--1579
[]\TU/Georgia(0)/m/n/10 Quantifiers are an important component of predicate log
ic’s expressive power.
 []



[59]
Overfull \hbox (3.60864pt too wide) detected at line 1658
\OMS/cmsy/m/n/10 8\OML/cmm/m/it/10 " [] :
 []



[60]
Overfull \hbox (1.31679pt too wide) in paragraph at lines 1670--1671
[]\TU/Georgia(0)/m/n/10 Theorem 3.2 Every predicate logic formula can be transf
ormed into an equiv-
 []

File: ./images/2025_05_12_af19cd5e0d1b8a465ffeg-055.jpg Graphic file (type bmp)

<./images/2025_05_12_af19cd5e0d1b8a465ffeg-055.jpg>

Overfull \hbox (13.95068pt too wide) in paragraph at lines 1702--1709
\TU/Georgia(0)/m/n/10 are eliminated from the outside inward, where a formula o
f the form $\OMS/cmsy/m/n/10 8\OML/cmm/m/it/10 x[] [] \OMS/cmsy/m/n/10 8\OML/cm
m/m/it/10 x[]\OMS/cmsy/m/n/10 9\OML/cmm/m/it/10 y'$
 []



[61]

[62]
Overfull \hbox (55.16736pt too wide) in paragraph at lines 1726--1737
 [] 
 []



[63]
File: ./images/2025_05_12_af19cd5e0d1b8a465ffeg-057.jpg Graphic file (type bmp)

<./images/2025_05_12_af19cd5e0d1b8a465ffeg-057.jpg>


[64]
Overfull \hbox (3.49171pt too wide) in paragraph at lines 1818--1825
 [] 
 []



[65]
Overfull \hbox (4.7452pt too wide) in paragraph at lines 1827--1828
[]\TU/Georgia(0)/m/n/10 where $\OML/cmm/m/it/10 ^^[[]$ \TU/Georgia(0)/m/n/10 is
 the most general unifier. The other unifiers result from $\OML/cmm/m/it/10 ^^[
[]$ \TU/Georgia(0)/m/n/10 through
 []


Overfull \hbox (2.16315pt too wide) in paragraph at lines 1849--1850
[]\TU/Georgia(0)/m/n/10 Example 3.7 The famous Russell paradox reads ”There is 
a barber who shaves
 []


Overfull \hbox (9.28397pt too wide) in paragraph at lines 1855--1857
\OT1/cmr/m/n/10 (\OMS/cmsy/m/n/10 :[]\OT1/cmr/m/n/10 ([]\OML/cmm/m/it/10 ; x\OT
1/cmr/m/n/10 ) \OMS/cmsy/m/n/10 _ :[]\OT1/cmr/m/n/10 (\OML/cmm/m/it/10 x; x\OT1
/cmr/m/n/10 ))[] \OMS/cmsy/m/n/10 ^ \OT1/cmr/m/n/10 ([]([]\OML/cmm/m/it/10 ; x\
OT1/cmr/m/n/10 ) \OMS/cmsy/m/n/10 _ []\OT1/cmr/m/n/10 (\OML/cmm/m/it/10 x; x\OT
1/cmr/m/n/10 ))[]$\TU/Georgia(0)/m/n/10 . 
 []



[66]

[67]
Overfull \hbox (6.95697pt too wide) in paragraph at lines 1918--1919
\TU/Georgia(0)/m/n/10 Implementations of proof calculi on computers are called 
theorem provers. Along
 []



[68]
Overfull \hbox (12.82852pt too wide) in paragraph at lines 1933--1934
\TU/Georgia(0)/m/n/10 finding a proof, the next best thing is to build systems 
that work semi-automatically
 []



[69]
Underfull \vbox (badness 1348) has occurred while \output is active []



[70]

[71]

[72]

[73]
Underfull \hbox (badness 10000) in paragraph at lines 2110--2112

 []

File: ./images/2025_05_12_af19cd5e0d1b8a465ffeg-068.jpg Graphic file (type bmp)

<./images/2025_05_12_af19cd5e0d1b8a465ffeg-068.jpg>

Overfull \hbox (27.60417pt too wide) detected at line 2125
[][]
 []



[74]

[75]

[76]

[77]

[78

]
Chapter 5.
File: ./images/2025_05_12_af19cd5e0d1b8a465ffeg-072.jpg Graphic file (type bmp)

<./images/2025_05_12_af19cd5e0d1b8a465ffeg-072.jpg>


[79]

[80]
Overfull \hbox (3.20775pt too wide) in paragraph at lines 2213--2214
\TU/Georgia(0)/m/n/10 are stored as positive, and the attributes of all unsucce
ssful resolutions are stored
 []


Overfull \hbox (12.21033pt too wide) in paragraph at lines 2215--2216
\TU/Georgia(0)/m/n/10 citenipkow2002isabelle] provides distinctly more support 
during the proof search.
 []


Overfull \hbox (0.30768pt too wide) in paragraph at lines 2222--2224
[]\TU/Georgia(0)/m/n/10 Theorem 4.1 The set of valid formulas in first-order pr
edicate logic is semide-
 []


Overfull \hbox (0.21869pt too wide) in paragraph at lines 2222--2224
\TU/Georgia(0)/m/n/10 cidable. This theorem implies that there are programs (th
eorem provers) which,
 []



[81]

[82]
File: ./images/2025_05_12_af19cd5e0d1b8a465ffeg-076.jpg Graphic file (type bmp)

<./images/2025_05_12_af19cd5e0d1b8a465ffeg-076.jpg>


[83]

[84]
File: ./images/2025_05_12_af19cd5e0d1b8a465ffeg-078.jpg Graphic file (type bmp)

<./images/2025_05_12_af19cd5e0d1b8a465ffeg-078.jpg>


[85]
Overfull \hbox (34.14946pt too wide) in paragraph at lines 2394--2409
 [] 
 []



[86]

[87]

[88

]
Chapter 6.

Overfull \hbox (3.87885pt too wide) in paragraph at lines 2428--2429
\TU/Georgia(0)/m/n/10 components, a purely declarative description is often ins
ufficient. Robert Kowal-
 []


Underfull \vbox (badness 6032) has occurred while \output is active []



[89]
Overfull \hbox (7.09607pt too wide) in paragraph at lines 2459--2460
\TU/Georgia(0)/m/n/10 citediaz2004gnu] and SWI-PROLOG. For the following exampl
es, SWI-PROLOG
 []



[90]

[91]
File: ./images/2025_05_12_af19cd5e0d1b8a465ffeg-083.jpg Graphic file (type bmp)

<./images/2025_05_12_af19cd5e0d1b8a465ffeg-083.jpg>
File: ./images/2025_05_12_af19cd5e0d1b8a465ffeg-084.jpg Graphic file (type bmp)

<./images/2025_05_12_af19cd5e0d1b8a465ffeg-084.jpg>

Underfull \hbox (badness 10000) in paragraph at lines 2539--2547

 []


Overfull \hbox (13.77408pt too wide) in paragraph at lines 2550--2550
[]\TU/Georgia(0)/b/n/14.4 Execution Control and Procedural Elements 
 []


Underfull \vbox (badness 1442) has occurred while \output is active []



[92]

[93]
Overfull \hbox (0.49648pt too wide) in paragraph at lines 2596--2606
\TU/Georgia(0)/m/n/10 The construct [Head|Tail] separates the first element (He
ad) from the rest (Tail)
 []

File: ./images/2025_05_12_af19cd5e0d1b8a465ffeg-086.jpg Graphic file (type bmp)

<./images/2025_05_12_af19cd5e0d1b8a465ffeg-086.jpg>
File: ./images/2025_05_12_af19cd5e0d1b8a465ffeg-086(1).jpg Graphic file (type b
mp)
<./images/2025_05_12_af19cd5e0d1b8a465ffeg-086(1).jpg>


[94]

[95]
Overfull \hbox (117.0pt too wide) in paragraph at lines 2691--2691
[]\TU/lmtt/m/n/10 descendant(mary, karen).\index{Finite domain constraint solve
r}\index{Rapid prototyping}[] 
 []



[96]
Underfull \hbox (badness 10000) in paragraph at lines 2730--2732

 []



[97]

[98]

[99]
Overfull \hbox (8.25656pt too wide) in paragraph at lines 2819--2820
[]\TU/Georgia(0)/m/n/10 Represented somewhat more conveniently, we have the fol
lowing room sched-
 []

/Users/jrathi/Projects/pdf-2-latex/files/ai/bold-italic-formatting/ai_final.tex
:2825: Misplaced \noalign.
\hline ->\noalign 
                  {\ifnum 0=`}\fi \hrule \@height \arrayrulewidth \futurelet...
l.2825 \hline
             
I expect to see \noalign only after the \cr of
an alignment. Proceed, and I'll ignore this case.

/Users/jrathi/Projects/pdf-2-latex/files/ai/bold-italic-formatting/ai_final.tex
:2825: You can't use `\hrule' here except with leaders.
\hline ->\noalign {\ifnum 0=`}\fi \hrule 
                                         \@height \arrayrulewidth \futurelet...
l.2825 \hline
             
To put a horizontal rule in an hbox or an alignment,
you should use \leaders or \hrulefill (see The TeXbook).

/Users/jrathi/Projects/pdf-2-latex/files/ai/bold-italic-formatting/ai_final.tex
:2825: Missing number, treated as zero.
<to be read again> 
                   \futurelet 
l.2825 \hline
             
A number should have been here; I inserted `0'.
(If you can't figure out why I needed to see a number,
look up `weird error' in the index to The TeXbook.)

/Users/jrathi/Projects/pdf-2-latex/files/ai/bold-italic-formatting/ai_final.tex
:2825: Illegal unit of measure (pt inserted).
<to be read again> 
                   \futurelet 
l.2825 \hline
             
Dimensions can be in units of em, ex, in, pt, pc,
cm, mm, dd, cc, bp, or sp; but yours is a new one!
I'll assume that you meant to say pt, for printer's points.
To recover gracefully from this error, it's best to
delete the erroneous units; e.g., type `2' to delete
two letters. (See Chapter 27 of The TeXbook.)



[100]
Overfull \hbox (6.41118pt too wide) in paragraph at lines 2838--2839
\TU/Georgia(0)/m/n/10 Europe’s leading programming languages in AI, along with 
procedural languages.
 []


Overfull \hbox (4.35551pt too wide) in paragraph at lines 2845--2846
\TU/Georgia(0)/m/n/10 and right-neutral elements of semi-groups with PROLOG. Wh
ich problems come
 []


Underfull \vbox (badness 4429) has occurred while \output is active []



[101]
Underfull \hbox (badness 10000) in paragraph at lines 2862--2864

 []


Overfull \hbox (34.35162pt too wide) in paragraph at lines 2865--2870
\TU/Georgia(0)/m/n/10 append, and accrev, for example by carrying out time meas
urements (time(+Goal)
 []



[102]
Overfull \hbox (2.42487pt too wide) in paragraph at lines 2887--2888
[]\TU/Georgia(0)/m/n/10 Every resident prefers a specific drink, smokes a speci
fic brand of cigarette,
 []



[103]

[104]
Chapter 7.

Underfull \hbox (badness 10000) in paragraph at lines 2916--2918

 []

File: ./images/2025_05_12_af19cd5e0d1b8a465ffeg-096.jpg Graphic file (type bmp)

<./images/2025_05_12_af19cd5e0d1b8a465ffeg-096.jpg>

Underfull \vbox (badness 1158) has occurred while \output is active []



[105

]
Overfull \hbox (3.59837pt too wide) in paragraph at lines 2938--2939
\TU/Georgia(0)/m/n/10 simple thought exercise, we can quickly recognize that th
ere is no realistic chance
 []


Overfull \hbox (17.16986pt too wide) in paragraph at lines 2944--2945
\TU/Georgia(0)/m/n/10 citerussell2010aima], the various algorithms can be very 
visibly illustrated. Squares
 []



[106]
File: ./images/2025_05_12_af19cd5e0d1b8a465ffeg-098(1).jpg Graphic file (type b
mp)
<./images/2025_05_12_af19cd5e0d1b8a465ffeg-098(1).jpg>
File: ./images/2025_05_12_af19cd5e0d1b8a465ffeg-098.jpg Graphic file (type bmp)

<./images/2025_05_12_af19cd5e0d1b8a465ffeg-098.jpg>
File: ./images/2025_05_12_af19cd5e0d1b8a465ffeg-099.jpg Graphic file (type bmp)

<./images/2025_05_12_af19cd5e0d1b8a465ffeg-099.jpg>
File: ./images/2025_05_12_af19cd5e0d1b8a465ffeg-099(1).jpg Graphic file (type b
mp)
<./images/2025_05_12_af19cd5e0d1b8a465ffeg-099(1).jpg>

Underfull \hbox (badness 10000) in paragraph at lines 2969--2969

 []


Overfull \hbox (6.92357pt too wide) in paragraph at lines 2976--2977
[]\TU/Georgia(0)/m/n/10 Before we begin describing the search algorithms, a few
 new terms are needed.
 []



[107]

[108]

[109]
File: ./images/2025_05_12_af19cd5e0d1b8a465ffeg-101.jpg Graphic file (type bmp)

<./images/2025_05_12_af19cd5e0d1b8a465ffeg-101.jpg>

Underfull \hbox (badness 10000) in paragraph at lines 3044--3046

 []



[110]

[111]
Overfull \hbox (5.51924pt too wide) in paragraph at lines 3059--3060
\TU/Georgia(0)/m/n/10 two application-specific functions ”GoalReached” and ”Suc
cessors” are provided. 
 []

File: ./images/2025_05_12_af19cd5e0d1b8a465ffeg-103.jpg Graphic file (type bmp)

<./images/2025_05_12_af19cd5e0d1b8a465ffeg-103.jpg>


[112]
Overfull \hbox (4.06743pt too wide) in paragraph at lines 3097--3099
\TU/Georgia(0)/m/n/10 Analysis Depth-first search requires much less memory tha
n breadth-first search
 []



[113]
File: ./images/2025_05_12_af19cd5e0d1b8a465ffeg-105(1).jpg Graphic file (type b
mp)
<./images/2025_05_12_af19cd5e0d1b8a465ffeg-105(1).jpg>

Underfull \hbox (badness 10000) in paragraph at lines 3118--3118

 []

File: ./images/2025_05_12_af19cd5e0d1b8a465ffeg-105.jpg Graphic file (type bmp)

<./images/2025_05_12_af19cd5e0d1b8a465ffeg-105.jpg>

Underfull \hbox (badness 10000) in paragraph at lines 3123--3123

 []



[114]
Underfull \vbox (badness 5741) has occurred while \output is active []



[115]

[116]
Overfull \hbox (139.07722pt too wide) in paragraph at lines 3191--3204
 [] 
 []



[117]
Overfull \hbox (0.44493pt too wide) in paragraph at lines 3237--3238
[]\TU/Georgia(0)/m/n/10 We humans successfully use heuristic processes for all 
kinds of things. When
 []


Overfull \hbox (5.7643pt too wide) in paragraph at lines 3243--3244
[]\TU/Georgia(0)/m/n/10 A heuristic evaluation function $\OML/cmm/m/it/10 f\OT1
/cmr/m/n/10 (\OML/cmm/m/it/10 s\OT1/cmr/m/n/10 )$ \TU/Georgia(0)/m/n/10 for sta
tes is used to mathematically model
 []



[118]
File: ./images/2025_05_12_af19cd5e0d1b8a465ffeg-110.jpg Graphic file (type bmp)

<./images/2025_05_12_af19cd5e0d1b8a465ffeg-110.jpg>


[119]
File: ./images/2025_05_12_af19cd5e0d1b8a465ffeg-111.jpg Graphic file (type bmp)

<./images/2025_05_12_af19cd5e0d1b8a465ffeg-111.jpg>
File: ./images/2025_05_12_af19cd5e0d1b8a465ffeg-112.jpg Graphic file (type bmp)

<./images/2025_05_12_af19cd5e0d1b8a465ffeg-112.jpg>


[120]

[121]
/Users/jrathi/Projects/pdf-2-latex/files/ai/bold-italic-formatting/ai_final.tex
:3311: Missing } inserted.
<inserted text> 
                }
l.3311 A ${^{\star}$
                    -Search}
I've inserted something that you may have forgotten.
(See the <inserted text> above.)
With luck, this will get me unwedged. But if you
really didn't forget anything, try typing `2' now; then
my insertion and my current dilemma will both disappear.

/Users/jrathi/Projects/pdf-2-latex/files/ai/bold-italic-formatting/ai_final.tex
:3311: Too many }'s.
<recently read> }
                 
l.3311 A ${^{\star}$-Search}
                            
You've closed more groups than you opened.
Such booboos are generally harmless, so keep going.

File: ./images/2025_05_12_af19cd5e0d1b8a465ffeg-113.jpg Graphic file (type bmp)

<./images/2025_05_12_af19cd5e0d1b8a465ffeg-113.jpg>

Underfull \hbox (badness 1221) in paragraph at lines 3334--3334
\TU/Georgia(0)/m/n/10 Frankfurt to Ulm. In the boxes below the name of the city
 $\OML/cmm/m/it/10 s$ \TU/Georgia(0)/m/n/10 we show
 []

File: ./images/2025_05_12_af19cd5e0d1b8a465ffeg-114.jpg Graphic file (type bmp)

<./images/2025_05_12_af19cd5e0d1b8a465ffeg-114.jpg>

Underfull \hbox (badness 10000) in paragraph at lines 3350--3350

 []



[122]

[123]
/Users/jrathi/Projects/pdf-2-latex/files/ai/bold-italic-formatting/ai_final.tex
:3360: Missing } inserted.
<inserted text> 
                }
l.3360 ...he $\mathbf{A^{\star}$ Search Algorithm}
                                                  
I've inserted something that you may have forgotten.
(See the <inserted text> above.)
With luck, this will get me unwedged. But if you
really didn't forget anything, try typing `2' now; then
my insertion and my current dilemma will both disappear.

/Users/jrathi/Projects/pdf-2-latex/files/ai/bold-italic-formatting/ai_final.tex
:3360: Missing } inserted.
<inserted text> 
                }
l.3360 ...he $\mathbf{A^{\star}$ Search Algorithm}
                                                  
I've inserted something that you may have forgotten.
(See the <inserted text> above.)
With luck, this will get me unwedged. But if you
really didn't forget anything, try typing `2' now; then
my insertion and my current dilemma will both disappear.

/Users/jrathi/Projects/pdf-2-latex/files/ai/bold-italic-formatting/ai_final.tex
:3360: Too many }'s.
<recently read> \egroup 
                        
l.3360 ...he $\mathbf{A^{\star}$ Search Algorithm}
                                                  
You've closed more groups than you opened.
Such booboos are generally harmless, so keep going.

/Users/jrathi/Projects/pdf-2-latex/files/ai/bold-italic-formatting/ai_final.tex
:3360: Too many }'s.
\select@group ...@bgroup \bgroup {#4}\else #4\fi }
                                                  
l.3360 ...he $\mathbf{A^{\star}$ Search Algorithm}
                                                  
You've closed more groups than you opened.
Such booboos are generally harmless, so keep going.


Overfull \hbox (8.79205pt too wide) in paragraph at lines 3373--3375
\TU/Georgia(0)/m/n/10 citebatzill2016optimal], it was shown that this heuristic
 is better than the straight-
 []

File: ./images/2025_05_12_af19cd5e0d1b8a465ffeg-115.jpg Graphic file (type bmp)

<./images/2025_05_12_af19cd5e0d1b8a465ffeg-115.jpg>


[124]
Overfull \hbox (137.27708pt too wide) in paragraph at lines 3386--3399
 [] 
 []



[125]
/Users/jrathi/Projects/pdf-2-latex/files/ai/bold-italic-formatting/ai_final.tex
:3412: Missing } inserted.
<inserted text> 
                }
l.3412 IDA ${^{\star}$
                      -Search}
I've inserted something that you may have forgotten.
(See the <inserted text> above.)
With luck, this will get me unwedged. But if you
really didn't forget anything, try typing `2' now; then
my insertion and my current dilemma will both disappear.

/Users/jrathi/Projects/pdf-2-latex/files/ai/bold-italic-formatting/ai_final.tex
:3412: Too many }'s.
<recently read> }
                 
l.3412 IDA ${^{\star}$-Search}
                              
You've closed more groups than you opened.
Such booboos are generally harmless, so keep going.



[126]
Overfull \hbox (74.9731pt too wide) in paragraph at lines 3460--3489
 [] 
 []



[127]
Overfull \hbox (5.03749pt too wide) in paragraph at lines 3504--3505
[]\TU/Georgia(0)/m/n/10 Heuristics naturally only give a significant advantage 
if the heuristic is ”good”.
 []



[128]
File: ./images/2025_05_12_af19cd5e0d1b8a465ffeg-120(1).jpg Graphic file (type b
mp)
<./images/2025_05_12_af19cd5e0d1b8a465ffeg-120(1).jpg>
File: ./images/2025_05_12_af19cd5e0d1b8a465ffeg-120.jpg Graphic file (type bmp)

<./images/2025_05_12_af19cd5e0d1b8a465ffeg-120.jpg>

Underfull \vbox (badness 1033) has occurred while \output is active []



[129]

[130]
Overfull \hbox (211.5pt too wide) in paragraph at lines 3549--3549
[]    \TU/lmtt/m/n/10 $\alpha=\operatorname{Maximum}(\alpha, \operatorname{Alph
aBetaMin(First(NewNodes),~} \alpha, \beta)$ )[] 
 []


LaTeX Font Warning: Font shape `U/stmry/b/n' undefined
(Font)              using `U/stmry/m/n' instead on input line 3562.



[131]

[132]
Overfull \hbox (2.63593pt too wide) detected at line 3638
[][]
 []



[133]
File: ./images/2025_05_12_af19cd5e0d1b8a465ffeg-124.jpg Graphic file (type bmp)

<./images/2025_05_12_af19cd5e0d1b8a465ffeg-124.jpg>

Underfull \hbox (badness 10000) in paragraph at lines 3649--3649

 []



[134]
Overfull \hbox (7.49516pt too wide) in paragraph at lines 3668--3669
\TU/Georgia(0)/m/n/10 did Gerald Tersauro build a learning backgammon program n
amed TD-Gammon,
 []



[135]
Overfull \hbox (6.10896pt too wide) in paragraph at lines 3682--3683
\TU/Georgia(0)/m/n/10 citewikipedia2013], Pocket Fritz with its chess search en
gine HIARCS 13 searches
 []



[136]
Overfull \hbox (0.5811pt too wide) in paragraph at lines 3688--3689
[]\TU/Georgia(0)/m/n/10 The experts agree that ”truly intelligent” algorithms a
re needed here.
 []


Overfull \hbox (0.53064pt too wide) in paragraph at lines 3688--3689
\TU/Georgia(0)/m/n/10 Combinatoric enumeration of all possibilities is the wron
g approach.
 []


Overfull \hbox (4.98918pt too wide) in paragraph at lines 3691--3692
\TU/Georgia(0)/m/n/10 citetian2016better] published the breakthrough concurrent
ly. That same month,
 []


Overfull \hbox (3.90468pt too wide) in paragraph at lines 3702--3705
\TU/Georgia(0)/m/n/10 (b) Calculate the average branching factor for the 8-puzz
le for uninformed search
 []



[137]
Underfull \hbox (badness 10000) in paragraph at lines 3737--3740

 []

File: ./images/2025_05_12_af19cd5e0d1b8a465ffeg-128.jpg Graphic file (type bmp)

<./images/2025_05_12_af19cd5e0d1b8a465ffeg-128.jpg>


[138]
File: ./images/2025_05_12_af19cd5e0d1b8a465ffeg-129.jpg Graphic file (type bmp)

<./images/2025_05_12_af19cd5e0d1b8a465ffeg-129.jpg>


[139]

[140

]
Chapter 8.
File: ./images/2025_05_12_af19cd5e0d1b8a465ffeg-131.jpg Graphic file (type bmp)

<./images/2025_05_12_af19cd5e0d1b8a465ffeg-131.jpg>


[141]
Overfull \hbox (3.13371pt too wide) in paragraph at lines 3808--3809
\TU/Georgia(0)/m/n/10 citeshortliffe1976computer]. They developed a calculus us
ing so-called certainty
 []



[142]

[143]
Overfull \hbox (2.38039pt too wide) detected at line 3875
\OML/cmm/m/it/10 P\OT1/cmr/m/n/10 ([] \OMS/cmsy/m/n/10 2 f\OT1/cmr/m/n/10 5\OML
/cmm/m/it/10 ; \OT1/cmr/m/n/10 6\OMS/cmsy/m/n/10 g\OT1/cmr/m/n/10 ) = \OML/cmm/
m/it/10 P\OT1/cmr/m/n/10 ([] = 5 \OMS/cmsy/m/n/10 _ [] \OT1/cmr/m/n/10 = 6) = 1
/3\OML/cmm/m/it/10 :
 []



[144]
Overfull \hbox (2.7545pt too wide) in paragraph at lines 3885--3886
\TU/Georgia(0)/m/n/10 probabilities. This definition hits its limit when the nu
mber of elementary events
 []


Overfull \hbox (3.87886pt too wide) in paragraph at lines 3885--3886
\TU/Georgia(0)/m/n/10 becomes infinite. Because we are only looking at finite e
vent spaces here, though,
 []



[145]
Overfull \hbox (2.26292pt too wide) in paragraph at lines 3932--3945
 [] 
 []



[146]
Overfull \hbox (30.20879pt too wide) detected at line 4022
[]
 []



[147]
Overfull \hbox (18.55975pt too wide) in paragraph at lines 4040--4041
\TU/Georgia(0)/m/n/10 can continue with the variables $\OML/cmm/m/it/10 X[]; []
 ; X[]$ \TU/Georgia(0)/m/n/10 until just one variable is left. Marginal-
 []



[148]

[149]

[150]

[151]

[152]

[153]
File: ./images/2025_05_12_af19cd5e0d1b8a465ffeg-144.jpg Graphic file (type bmp)

<./images/2025_05_12_af19cd5e0d1b8a465ffeg-144.jpg>

Underfull \hbox (badness 10000) in paragraph at lines 4257--4257

 []



[154]
File: ./images/2025_05_12_af19cd5e0d1b8a465ffeg-145.jpg Graphic file (type bmp)

<./images/2025_05_12_af19cd5e0d1b8a465ffeg-145.jpg>


[155]

[156]
File: ./images/2025_05_12_af19cd5e0d1b8a465ffeg-147.jpg Graphic file (type bmp)

<./images/2025_05_12_af19cd5e0d1b8a465ffeg-147.jpg>

Overfull \hbox (0.363pt too wide) in paragraph at lines 4340--4341
\TU/Georgia(0)/m/n/10 which the conditional probability and material implicatio
n for the extreme cases
 []



[157]

[158]
Overfull \hbox (0.97336pt too wide) in paragraph at lines 4391--4392
\TU/Georgia(0)/m/n/10 Ent optimization usually cannot be carried out symbolical
ly for non-trivial prob-
 []


Overfull \hbox (6.2804pt too wide) in paragraph at lines 4391--4392
\TU/Georgia(0)/m/n/10 citerodder1996spirit] was built at Fernuniversität Hagen.
 The second, PIT (Prob-
 []



[159]
Overfull \hbox (13.85243pt too wide) in paragraph at lines 4447--4454
 [] 
 []



[160]
Overfull \hbox (13.97841pt too wide) in paragraph at lines 4468--4472
\TU/Georgia(0)/m/n/10 health insurance company AOK Baden-Württemberg, the Raven
sburg-Weingarten
 []



[161]
Overfull \hbox (9.26328pt too wide) in paragraph at lines 4490--4491
\TU/Georgia(0)/m/n/10 Complex probabilistic relationships appear frequently in 
medicine. With Lexmed,
 []

/Users/jrathi/Projects/pdf-2-latex/files/ai/bold-italic-formatting/ai_final.tex
:4504: Misplaced \noalign.
\hline ->\noalign 
                  {\ifnum 0=`}\fi \hrule \@height \arrayrulewidth \futurelet...
l.4504 \hline
             
I expect to see \noalign only after the \cr of
an alignment. Proceed, and I'll ignore this case.

/Users/jrathi/Projects/pdf-2-latex/files/ai/bold-italic-formatting/ai_final.tex
:4504: You can't use `\hrule' here except with leaders.
\hline ->\noalign {\ifnum 0=`}\fi \hrule 
                                         \@height \arrayrulewidth \futurelet...
l.4504 \hline
             
To put a horizontal rule in an hbox or an alignment,
you should use \leaders or \hrulefill (see The TeXbook).

/Users/jrathi/Projects/pdf-2-latex/files/ai/bold-italic-formatting/ai_final.tex
:4504: Missing number, treated as zero.
<to be read again> 
                   \futurelet 
l.4504 \hline
             
A number should have been here; I inserted `0'.
(If you can't figure out why I needed to see a number,
look up `weird error' in the index to The TeXbook.)

/Users/jrathi/Projects/pdf-2-latex/files/ai/bold-italic-formatting/ai_final.tex
:4504: Illegal unit of measure (pt inserted).
<to be read again> 
                   \futurelet 
l.4504 \hline
             
Dimensions can be in units of em, ex, in, pt, pc,
cm, mm, dd, cc, bp, or sp; but yours is a new one!
I'll assume that you meant to say pt, for printer's points.
To recover gracefully from this error, it's best to
delete the erroneous units; e.g., type `2' to delete
two letters. (See Chapter 27 of The TeXbook.)


Overfull \hbox (118.26373pt too wide) in paragraph at lines 4497--4534
 [] 
 []



[162]
File: ./images/2025_05_12_af19cd5e0d1b8a465ffeg-153.jpg Graphic file (type bmp)

<./images/2025_05_12_af19cd5e0d1b8a465ffeg-153.jpg>


[163]

[164]
File: ./images/2025_05_12_af19cd5e0d1b8a465ffeg-154.jpg Graphic file (type bmp)

<./images/2025_05_12_af19cd5e0d1b8a465ffeg-154.jpg>

Overfull \hbox (325.6163pt too wide) in paragraph at lines 4567--4613
 [] 
 []


Underfull \vbox (badness 10000) has occurred while \output is active []



[165]
Overfull \hbox (6.66238pt too wide) in paragraph at lines 4618--4619
\TU/Georgia(0)/m/n/10 The usage of Lexmed is simple and self-explanatory. The d
octor visits the Lexmed
 []

File: ./images/2025_05_12_af19cd5e0d1b8a465ffeg-155.jpg Graphic file (type bmp)

<./images/2025_05_12_af19cd5e0d1b8a465ffeg-155.jpg>


[166]

[167]
Overfull \hbox (1.04823pt too wide) in paragraph at lines 4639--4641
[]\TU/Georgia(0)/m/n/10 Learning of Rules by Statistical Induction The raw data
 in Lexmed’s database
 []

File: ./images/2025_05_12_af19cd5e0d1b8a465ffeg-156.jpg Graphic file (type bmp)

<./images/2025_05_12_af19cd5e0d1b8a465ffeg-156.jpg>

Overfull \hbox (6.75pt too wide) in paragraph at lines 4655--4655
[]\TU/lmtt/m/n/10 P([Leuco7=0-6k] | [Diag4=negativ] * [Age10=16-20]) = [0.132,0
.156];[] 
 []


Overfull \hbox (6.75pt too wide) in paragraph at lines 4656--4656
[]\TU/lmtt/m/n/10 P([Leuco7=6-8k] | [Diag4=negativ] * [Age10=16-20]) = [0.257,0
.281];[] 
 []


Overfull \hbox (12.0pt too wide) in paragraph at lines 4657--4657
[]\TU/lmtt/m/n/10 P([Leuco7=8-10k] | [Diag4=negativ] * [Age10=16-20]) = [0.250,
0.274];[] 
 []


Overfull \hbox (17.25pt too wide) in paragraph at lines 4658--4658
[]\TU/lmtt/m/n/10 P([Leuco7=10-12k] | [Diag4=negativ] * [Age10=16-20]) = [0.159
,0.183];[] 
 []


Overfull \hbox (6.75pt too wide) in paragraph at lines 4659--4659
[]\TU/lmtt/m/n/10 P([Leuco7=12-15k] [Diag4=negativ] * [Age10=16-20]) = [0.087,0
.112];[] 
 []


Overfull \hbox (17.25pt too wide) in paragraph at lines 4660--4660
[]\TU/lmtt/m/n/10 P([Leuco7=15-20k] | [Diag4=negativ] * [Age10=16-20]) = [0.032
,0.056];[] 
 []


Overfull \hbox (6.75pt too wide) in paragraph at lines 4661--4661
[]\TU/lmtt/m/n/10 P([Leuco7=20k-] | [Diag4=negativ] * [Age10=16-20]) = [0.000,0
.023];[] 
 []


Overfull \hbox (6.75pt too wide) in paragraph at lines 4662--4662
[]\TU/lmtt/m/n/10 P([Leuco7=0-6k] | [Diag4=negativ] * [Age10=21-25]) = [0.132,0
.172];[] 
 []


Overfull \hbox (6.75pt too wide) in paragraph at lines 4663--4663
[]\TU/lmtt/m/n/10 P([Leuco7=6-8k] | [Diag4=negativ] * [Age10=21-25]) = [0.227,0
.266];[] 
 []


Overfull \hbox (12.0pt too wide) in paragraph at lines 4664--4664
[]\TU/lmtt/m/n/10 P([Leuco7=8-10k] | [Diag4=negativ] * [Age10=21-25]) = [0.211,
0.250];[] 
 []


Overfull \hbox (17.25pt too wide) in paragraph at lines 4665--4665
[]\TU/lmtt/m/n/10 P([Leuco7=10-12k] | [Diag4=negativ] * [Age10=21-25]) = [0.166
,0.205];[] 
 []


Overfull \hbox (17.25pt too wide) in paragraph at lines 4666--4666
[]\TU/lmtt/m/n/10 P([Leuco7=12-15k] | [Diag4=negativ] * [Age10=21-25]) = [0.081
,0.120];[] 
 []


Overfull \hbox (17.25pt too wide) in paragraph at lines 4667--4667
[]\TU/lmtt/m/n/10 P([Leuco7=15-20k] | [Diag4=negativ] * [Age10=21-25]) = [0.041
,0.081];[] 
 []


Overfull \hbox (6.75pt too wide) in paragraph at lines 4668--4668
[]\TU/lmtt/m/n/10 P([Leuco7=20k-] | [Diag4=negativ] * [Age10=21-25]) = [0.004,0
.043];[] 
 []



[168]

[169]
Overfull \hbox (4.22859pt too wide) in paragraph at lines 4703--4712
 [] 
 []



[170]
Overfull \hbox (2.879pt too wide) in paragraph at lines 4725--4744
 [] 
 []



[171]

[172]
File: ./images/2025_05_12_af19cd5e0d1b8a465ffeg-161.jpg Graphic file (type bmp)

<./images/2025_05_12_af19cd5e0d1b8a465ffeg-161.jpg>


[173]
Overfull \hbox (9.46349pt too wide) in paragraph at lines 4826--4827
\TU/Georgia(0)/m/n/10 citezielke1999appendizitis]. Because Lexmed is above or t
o the left of the Ohmann
 []



[174]
Overfull \hbox (14.95503pt too wide) in paragraph at lines 4838--4839
\TU/Georgia(0)/m/n/10 since 1999 and has performed there very well. It is also 
available at [][]www.lexmed.de[][],
 []



[175]
Overfull \hbox (54.53548pt too wide) in paragraph at lines 4856--4857
[]\TU/Georgia(0)/m/n/10 All entries in the distribution can thus be calculated 
from the $\OML/cmm/m/it/10 d$ \TU/Georgia(0)/m/n/10 values $\OML/cmm/m/it/10 P 
[] ; [] ; P []$\TU/Georgia(0)/m/n/10 .
 []



[176]
Overfull \hbox (24.32227pt too wide) in paragraph at lines 4896--4896
[]\TU/Georgia(0)/b/n/12 Graphical Representation of Knowledge as a Bayesian
 []



[177]
File: ./images/2025_05_12_af19cd5e0d1b8a465ffeg-165.jpg Graphic file (type bmp)

<./images/2025_05_12_af19cd5e0d1b8a465ffeg-165.jpg>


[178]

[179]
Overfull \hbox (29.65761pt too wide) detected at line 4971
[]\OT1/cmr/m/n/10 (\OML/cmm/m/it/10 J; Bur; Al\OT1/cmr/m/n/10 ) = [](\OML/cmm/m
/it/10 J \OMS/cmsy/m/n/10 j \OML/cmm/m/it/10 Bur; Al\OT1/cmr/m/n/10 )[](\OML/cm
m/m/it/10 Al \OMS/cmsy/m/n/10 j \OML/cmm/m/it/10 Bur\OT1/cmr/m/n/10 )[](\OML/cm
m/m/it/10 Bur\OT1/cmr/m/n/10 ) = [](\OML/cmm/m/it/10 J \OMS/cmsy/m/n/10 j \OML/
cmm/m/it/10 Al\OT1/cmr/m/n/10 )[](\OML/cmm/m/it/10 Al \OMS/cmsy/m/n/10 j \OML/c
mm/m/it/10 Bur\OT1/cmr/m/n/10 )[](\OML/cmm/m/it/10 Bur\OT1/cmr/m/n/10 )\OML/cmm
/m/it/10 ;
 []


Overfull \hbox (2.30957pt too wide) detected at line 4980
[]
 []


Overfull \hbox (70.49597pt too wide) detected at line 4992
[][]
 []


Overfull \hbox (52.0449pt too wide) detected at line 5008
[][]
 []


Overfull \hbox (48.3367pt too wide) detected at line 5018
[][]
 []



[180]
Overfull \hbox (17.25pt too wide) in paragraph at lines 5054--5054
[]\TU/lmtt/m/n/10 var Alarm{t,f}, Burglary{t,f}, Earthquake{t,f}, John{t,f}, Ma
ry{t,f};[] 
 []



[181]
File: ./images/2025_05_12_af19cd5e0d1b8a465ffeg-169.jpg Graphic file (type bmp)

<./images/2025_05_12_af19cd5e0d1b8a465ffeg-169.jpg>

Underfull \vbox (badness 1852) has occurred while \output is active []



[182]
File: ./images/2025_05_12_af19cd5e0d1b8a465ffeg-171.jpg Graphic file (type bmp)

<./images/2025_05_12_af19cd5e0d1b8a465ffeg-171.jpg>


[183]

[184]

[185]
File: ./images/2025_05_12_af19cd5e0d1b8a465ffeg-172.jpg Graphic file (type bmp)

<./images/2025_05_12_af19cd5e0d1b8a465ffeg-172.jpg>
File: ./images/2025_05_12_af19cd5e0d1b8a465ffeg-173.jpg Graphic file (type bmp)

<./images/2025_05_12_af19cd5e0d1b8a465ffeg-173.jpg>

Overfull \hbox (0.30711pt too wide) in paragraph at lines 5170--5171
[]\TU/Georgia(0)/m/n/10 This equation thus is a proposition that an arbitrary v
ariable $\OML/cmm/m/it/10 X[]$ \TU/Georgia(0)/m/n/10 in a Bayesian
 []



[186]
Underfull \hbox (badness 5446) in paragraph at lines 5191--5191
[][][]$[][]$ \TU/Georgia(0)/m/n/8 If for example three nodes $\OML/cmm/m/it/8 X
[]; X[]; X[]$ \TU/Georgia(0)/m/n/8 form a cycle, then there are the edges
 []

File: ./images/2025_05_12_af19cd5e0d1b8a465ffeg-174.jpg Graphic file (type bmp)

<./images/2025_05_12_af19cd5e0d1b8a465ffeg-174.jpg>

Overfull \hbox (10.14748pt too wide) in paragraph at lines 5201--5202
\TU/Georgia(0)/m/n/10 A DAG is a graph without cycles, that is, without paths o
f the form $\OT1/cmr/m/n/10 (\OML/cmm/m/it/10 A; [] ; A\OT1/cmr/m/n/10 )$\TU/Ge
orgia(0)/m/n/10 . 
 []


Overfull \hbox (9.8195pt too wide) in paragraph at lines 5205--5209
[]\TU/Georgia(0)/m/n/10 Two variables $\OML/cmm/m/it/10 A$ \TU/Georgia(0)/m/n/1
0 and $\OML/cmm/m/it/10 B$ \TU/Georgia(0)/m/n/10 are called conditionally indep
endent given $\OML/cmm/m/it/10 C$ \TU/Georgia(0)/m/n/10 if $[]\OT1/cmr/m/n/10 (
\OML/cmm/m/it/10 A; B \OMS/cmsy/m/n/10 j
 []


Overfull \hbox (7.98592pt too wide) in paragraph at lines 5214--5218
\TU/Georgia(0)/m/n/10 A variable in a Bayesian network is conditionally indepen
dent of all non-successor
 []



[187]

[188]
Overfull \hbox (1.75429pt too wide) in paragraph at lines 5222--5223
\TU/Georgia(0)/m/n/10 tems, we have introduced probabilistic logic for reasonin
g with uncertain knowl-
 []


Overfull \hbox (4.7494pt too wide) in paragraph at lines 5226--5227
\TU/Georgia(0)/m/n/10 modeling with Bayesian networks the approach is quite cle
ar: according to causal
 []



[189]
Overfull \hbox (1.34576pt too wide) in paragraph at lines 5238--5239
\TU/Georgia(0)/m/n/10 place the well-established, but too weak linear scoring s
ystems used in medicine.
 []


Overfull \hbox (1.24274pt too wide) in paragraph at lines 5242--5243
\TU/Georgia(0)/m/n/10 the Association for Uncertainty in Artificial Intelligenc
e (AUAI) ([][]www.auai.org[][]). 
 []



[190]
Underfull \hbox (badness 10000) in paragraph at lines 5248--5252

 []


Underfull \hbox (badness 10000) in paragraph at lines 5256--5260

 []


Underfull \hbox (badness 10000) in paragraph at lines 5262--5265

 []



[191]
Overfull \hbox (16.87346pt too wide) in paragraph at lines 5320--5321
[]\TU/Georgia(0)/m/n/10 Exercise 7.6 Use the PIT system ([][]http://www.pit-sys
tems.de[][]) or SPIRIT (http://
 []


Underfull \hbox (badness 10000) in paragraph at lines 5326--5328

 []

File: ./images/2025_05_12_af19cd5e0d1b8a465ffeg-178.jpg Graphic file (type bmp)

<./images/2025_05_12_af19cd5e0d1b8a465ffeg-178.jpg>

Overfull \hbox (0.42943pt too wide) in paragraph at lines 5360--5370
\TU/Georgia(0)/m/n/10 (h) In the original Bayesian network of the alarm example
, the earthquake nodes
 []



[192]

[193]
File: ./images/2025_05_12_af19cd5e0d1b8a465ffeg-179.jpg Graphic file (type bmp)

<./images/2025_05_12_af19cd5e0d1b8a465ffeg-179.jpg>

Underfull \vbox (badness 10000) has occurred while \output is active []



[194]

[195]

[196

]
Chapter 9.
File: ./images/2025_05_12_af19cd5e0d1b8a465ffeg-181.jpg Graphic file (type bmp)

<./images/2025_05_12_af19cd5e0d1b8a465ffeg-181.jpg>


[197]

[198]
File: ./images/2025_05_12_af19cd5e0d1b8a465ffeg-182(1).jpg Graphic file (type b
mp)
<./images/2025_05_12_af19cd5e0d1b8a465ffeg-182(1).jpg>
File: ./images/2025_05_12_af19cd5e0d1b8a465ffeg-182.jpg Graphic file (type bmp)

<./images/2025_05_12_af19cd5e0d1b8a465ffeg-182.jpg>

Underfull \hbox (badness 10000) in paragraph at lines 5490--5490

 []

File: ./images/2025_05_12_af19cd5e0d1b8a465ffeg-183.jpg Graphic file (type bmp)

<./images/2025_05_12_af19cd5e0d1b8a465ffeg-183.jpg>

Underfull \hbox (badness 10000) in paragraph at lines 5500--5500

 []



[199]

[200]
File: ./images/2025_05_12_af19cd5e0d1b8a465ffeg-184.jpg Graphic file (type bmp)

<./images/2025_05_12_af19cd5e0d1b8a465ffeg-184.jpg>


[201]

[202]

[203]
/Users/jrathi/Projects/pdf-2-latex/files/ai/bold-italic-formatting/ai_final.tex
:5656: Misplaced \noalign.
\hline ->\noalign 
                  {\ifnum 0=`}\fi \hrule \@height \arrayrulewidth \futurelet...
l.5656 \hline
             
I expect to see \noalign only after the \cr of
an alignment. Proceed, and I'll ignore this case.

/Users/jrathi/Projects/pdf-2-latex/files/ai/bold-italic-formatting/ai_final.tex
:5656: You can't use `\hrule' here except with leaders.
\hline ->\noalign {\ifnum 0=`}\fi \hrule 
                                         \@height \arrayrulewidth \futurelet...
l.5656 \hline
             
To put a horizontal rule in an hbox or an alignment,
you should use \leaders or \hrulefill (see The TeXbook).

/Users/jrathi/Projects/pdf-2-latex/files/ai/bold-italic-formatting/ai_final.tex
:5656: Missing number, treated as zero.
<to be read again> 
                   \futurelet 
l.5656 \hline
             
A number should have been here; I inserted `0'.
(If you can't figure out why I needed to see a number,
look up `weird error' in the index to The TeXbook.)

/Users/jrathi/Projects/pdf-2-latex/files/ai/bold-italic-formatting/ai_final.tex
:5656: Illegal unit of measure (pt inserted).
<to be read again> 
                   \futurelet 
l.5656 \hline
             
Dimensions can be in units of em, ex, in, pt, pc,
cm, mm, dd, cc, bp, or sp; but yours is a new one!
I'll assume that you meant to say pt, for printer's points.
To recover gracefully from this error, it's best to
delete the erroneous units; e.g., type `2' to delete
two letters. (See Chapter 27 of The TeXbook.)


Overfull \hbox (351.1018pt too wide) in paragraph at lines 5623--5658
 [] 
 []



[204]
File: ./images/2025_05_12_af19cd5e0d1b8a465ffeg-188(1).jpg Graphic file (type b
mp)
<./images/2025_05_12_af19cd5e0d1b8a465ffeg-188(1).jpg>
File: ./images/2025_05_12_af19cd5e0d1b8a465ffeg-188.jpg Graphic file (type bmp)

<./images/2025_05_12_af19cd5e0d1b8a465ffeg-188.jpg>

Underfull \hbox (badness 10000) in paragraph at lines 5684--5684

 []

File: ./images/2025_05_12_af19cd5e0d1b8a465ffeg-189.jpg Graphic file (type bmp)

<./images/2025_05_12_af19cd5e0d1b8a465ffeg-189.jpg>


[205]
Overfull \hbox (3.37624pt too wide) in paragraph at lines 5722--5723
\TU/Georgia(0)/m/n/10 citeminsky1969perceptrons] is a very simple classificatio
n algorithm. It is equiv-
 []



[206]

[207]
File: ./images/2025_05_12_af19cd5e0d1b8a465ffeg-190.jpg Graphic file (type bmp)

<./images/2025_05_12_af19cd5e0d1b8a465ffeg-190.jpg>

Underfull \hbox (badness 10000) in paragraph at lines 5727--5727

 []



[208]

[209]
File: ./images/2025_05_12_af19cd5e0d1b8a465ffeg-192.jpg Graphic file (type bmp)

<./images/2025_05_12_af19cd5e0d1b8a465ffeg-192.jpg>


[210]
File: ./images/2025_05_12_af19cd5e0d1b8a465ffeg-193.jpg Graphic file (type bmp)

<./images/2025_05_12_af19cd5e0d1b8a465ffeg-193.jpg>
File: ./images/2025_05_12_af19cd5e0d1b8a465ffeg-193(1).jpg Graphic file (type b
mp)
<./images/2025_05_12_af19cd5e0d1b8a465ffeg-193(1).jpg>

Underfull \hbox (badness 10000) in paragraph at lines 5821--5821

 []



[211]
Overfull \hbox (0.2683pt too wide) in paragraph at lines 5849--5850
\TU/Georgia(0)/m/n/10 For a perceptron, knowledge available in the training dat
a is extracted and saved
 []



[212]
File: ./images/2025_05_12_af19cd5e0d1b8a465ffeg-195.jpg Graphic file (type bmp)

<./images/2025_05_12_af19cd5e0d1b8a465ffeg-195.jpg>

Underfull \hbox (badness 10000) in paragraph at lines 5860--5860

 []



[213]
File: ./images/2025_05_12_af19cd5e0d1b8a465ffeg-196(1).jpg Graphic file (type b
mp)
<./images/2025_05_12_af19cd5e0d1b8a465ffeg-196(1).jpg>
File: ./images/2025_05_12_af19cd5e0d1b8a465ffeg-196.jpg Graphic file (type bmp)

<./images/2025_05_12_af19cd5e0d1b8a465ffeg-196.jpg>

Underfull \hbox (badness 10000) in paragraph at lines 5903--5903

 []



[214]

[215]
Overfull \hbox (59.25pt too wide) in paragraph at lines 5913--5913
[]    \TU/lmtt/m/n/10 $V=\left\{k\right.$ nearest neighbors in $\left.M_{+} \cu
p M_{-}\right\}$[] 
 []


Overfull \hbox (90.75pt too wide) in paragraph at lines 5914--5914
[]    \TU/lmtt/m/n/10 If $\quad\left|M_{+} \cap V\right|>\left|M_{-} \cap V\rig
ht|$ Then Return(,,+")[] 
 []


Overfull \hbox (85.5pt too wide) in paragraph at lines 5915--5915
[]    \TU/lmtt/m/n/10 ElseIf $\left|M_{+} \cap V\right|<\left|M_{-} \cap V\righ
t|$ Then Return(,,-")[] 
 []

File: ./images/2025_05_12_af19cd5e0d1b8a465ffeg-197.jpg Graphic file (type bmp)

<./images/2025_05_12_af19cd5e0d1b8a465ffeg-197.jpg>

Underfull \hbox (badness 2126) in paragraph at lines 5924--5924
[]\TU/Georgia(0)/m/n/10 Figure 9.16: []Relative correctness of nearest neighbor
 classification as a
 []


Underfull \hbox (badness 10000) in paragraph at lines 5924--5924

 []



[216]
File: ./images/2025_05_12_af19cd5e0d1b8a465ffeg-198(1).jpg Graphic file (type b
mp)
<./images/2025_05_12_af19cd5e0d1b8a465ffeg-198(1).jpg>
File: ./images/2025_05_12_af19cd5e0d1b8a465ffeg-198.jpg Graphic file (type bmp)

<./images/2025_05_12_af19cd5e0d1b8a465ffeg-198.jpg>


[217]

[218]
File: ./images/2025_05_12_af19cd5e0d1b8a465ffeg-200.jpg Graphic file (type bmp)

<./images/2025_05_12_af19cd5e0d1b8a465ffeg-200.jpg>


[219]
Overfull \hbox (2.91208pt too wide) in paragraph at lines 5988--5989
[]\TU/Georgia(0)/m/n/10 To get a feeling for these methods, in Fig. 8.19 the $\
OML/cmm/m/it/10 k$\TU/Georgia(0)/m/n/10 -nearest neighbor method
 []



[220]
File: ./images/2025_05_12_af19cd5e0d1b8a465ffeg-201.jpg Graphic file (type bmp)

<./images/2025_05_12_af19cd5e0d1b8a465ffeg-201.jpg>

Underfull \hbox (badness 10000) in paragraph at lines 6000--6000

 []



[221]
/Users/jrathi/Projects/pdf-2-latex/files/ai/bold-italic-formatting/ai_final.tex
:6034: Misplaced \noalign.
\hline ->\noalign 
                  {\ifnum 0=`}\fi \hrule \@height \arrayrulewidth \futurelet...
l.6034 \hline
             
I expect to see \noalign only after the \cr of
an alignment. Proceed, and I'll ignore this case.

/Users/jrathi/Projects/pdf-2-latex/files/ai/bold-italic-formatting/ai_final.tex
:6034: You can't use `\hrule' here except with leaders.
\hline ->\noalign {\ifnum 0=`}\fi \hrule 
                                         \@height \arrayrulewidth \futurelet...
l.6034 \hline
             
To put a horizontal rule in an hbox or an alignment,
you should use \leaders or \hrulefill (see The TeXbook).

/Users/jrathi/Projects/pdf-2-latex/files/ai/bold-italic-formatting/ai_final.tex
:6034: Missing number, treated as zero.
<to be read again> 
                   \futurelet 
l.6034 \hline
             
A number should have been here; I inserted `0'.
(If you can't figure out why I needed to see a number,
look up `weird error' in the index to The TeXbook.)

/Users/jrathi/Projects/pdf-2-latex/files/ai/bold-italic-formatting/ai_final.tex
:6034: Illegal unit of measure (pt inserted).
<to be read again> 
                   \futurelet 
l.6034 \hline
             
Dimensions can be in units of em, ex, in, pt, pc,
cm, mm, dd, cc, bp, or sp; but yours is a new one!
I'll assume that you meant to say pt, for printer's points.
To recover gracefully from this error, it's best to
delete the erroneous units; e.g., type `2' to delete
two letters. (See Chapter 27 of The TeXbook.)


Overfull \hbox (25.37016pt too wide) in paragraph at lines 6011--6036
 [] 
 []



[222]
File: ./images/2025_05_12_af19cd5e0d1b8a465ffeg-203.jpg Graphic file (type bmp)

<./images/2025_05_12_af19cd5e0d1b8a465ffeg-203.jpg>


[223]
Overfull \hbox (0.62935pt too wide) in paragraph at lines 6064--6065
\TU/Georgia(0)/m/n/10 citequinlan1993c45]. A further development, which works e
ven more efficiently
 []


Overfull \hbox (199.9833pt too wide) in paragraph at lines 6073--6086
 [] 
 []


Overfull \hbox (9.44913pt too wide) in paragraph at lines 6088--6089
[]\TU/Georgia(0)/m/n/10 Also interesting is the data mining tool KNIME (Konstan
z Information Miner),
 []


Overfull \hbox (1.23561pt too wide) in paragraph at lines 6088--6089
\TU/Georgia(0)/m/n/10 which has a friendly user interface and, using the WEKA J
ava library, also makes
 []



[224]
File: ./images/2025_05_12_af19cd5e0d1b8a465ffeg-205.jpg Graphic file (type bmp)

<./images/2025_05_12_af19cd5e0d1b8a465ffeg-205.jpg>

Underfull \vbox (badness 10000) has occurred while \output is active []



[225]
Overfull \hbox (0.3131pt too wide) in paragraph at lines 6142--6143
[]\TU/Georgia(0)/m/n/10 a decision tree. First the attribute with the highest i
nformation gain (Snow_-
 []


Underfull \vbox (badness 10000) has occurred while \output is active []



[226]

[227]
File: ./images/2025_05_12_af19cd5e0d1b8a465ffeg-207.jpg Graphic file (type bmp)

<./images/2025_05_12_af19cd5e0d1b8a465ffeg-207.jpg>

Underfull \hbox (badness 10000) in paragraph at lines 6201--6201

 []


Overfull \hbox (29.48503pt too wide) in paragraph at lines 6209--6210
\TU/Georgia(0)/m/n/10 citeshannon1976mathematische]. If we substitute the certa
in event $[] \OT1/cmr/m/n/10 = (1\OML/cmm/m/it/10 ; \OT1/cmr/m/n/10 0\OML/cmm/m
/it/10 ; \OT1/cmr/m/n/10 0\OML/cmm/m/it/10 ; [] ; \OT1/cmr/m/n/10 0)$\TU/Georgi
a(0)/m/n/10 ,
 []



[228]

[229]
File: ./images/2025_05_12_af19cd5e0d1b8a465ffeg-209.jpg Graphic file (type bmp)

<./images/2025_05_12_af19cd5e0d1b8a465ffeg-209.jpg>


[230]

[231]

[232]
Overfull \hbox (22.5pt too wide) in paragraph at lines 6380--6380
[]        \TU/lmtt/m/n/10 For each value $a_{1}, \ldots, a_{n}$ of $A_{\max }$,
 generate[] 
 []


Overfull \hbox (311.25pt too wide) in paragraph at lines 6382--6382
[]        \TU/lmtt/m/n/10 Divide Data into $D_{1}, \ldots, D_{n}$ with $D_{i}=\
left\{x \in \operatorname{Data} \mid A_{\max }(x)=a_{i}\right\}$[] 
 []



[233]

[234]

[235]
Overfull \hbox (657.75pt too wide) in paragraph at lines 6515--6515
[]    \TU/lmtt/m/n/10 $\begin{array}{rcrcrl}\text { Size } & \text { Errors } &
 \text { Size } & \text { Errors } & \text { Estimate } & \\ 37 & 2197(22.5 \%)
 & 21 & 2223(22.8 \%) & (23.6 \%) & \ll\end{array}$[] 
 []



[236]
File: ./images/2025_05_12_af19cd5e0d1b8a465ffeg-216.jpg Graphic file (type bmp)

<./images/2025_05_12_af19cd5e0d1b8a465ffeg-216.jpg>

Underfull \hbox (badness 10000) in paragraph at lines 6550--6550

 []



[237]

[238]
Overfull \hbox (264.0pt too wide) in paragraph at lines 6592--6592
[]\TU/lmtt/m/n/10 Partition data into $k$ equally sized blocks $\boldsymbol{X}=
\boldsymbol{X}_{1} \cup \ldots \cup \boldsymbol{X}_{k}$[] 
 []


Overfull \hbox (111.75pt too wide) in paragraph at lines 6593--6593
[]\TU/lmtt/m/n/10 For all $\gamma \in\left\{\gamma_{\text {min }}, \ldots, \gam
ma_{\text {max }}\right\}$[] 
 []


Overfull \hbox (148.5pt too wide) in paragraph at lines 6595--6595
[]        \TU/lmtt/m/n/10 Train a model of complexity $\gamma$ on $\boldsymbol{
X} \backslash \boldsymbol{X}_{i}$[] 
 []


Overfull \hbox (206.25pt too wide) in paragraph at lines 6596--6596
[]        \TU/lmtt/m/n/10 Compute the error $E\left(\gamma, \boldsymbol{X}_{i}\
right)$ on the test set $\boldsymbol{X}_{i}$[] 
 []


Overfull \hbox (211.5pt too wide) in paragraph at lines 6597--6597
[]    \TU/lmtt/m/n/10 Compute the mean error $E(\gamma)=\frac{1}{k} \sum_{i=1}^
{k} E\left(\gamma, \boldsymbol{X}_{i}\right)$[] 
 []


Overfull \hbox (211.5pt too wide) in paragraph at lines 6598--6598
[]\TU/lmtt/m/n/10 Choose the value $\gamma_{\text {opt }}=\operatorname{argmin}
_{\gamma} E(\gamma)$ with smallest mean error[] 
 []


Overfull \hbox (180.0pt too wide) in paragraph at lines 6599--6599
[]\TU/lmtt/m/n/10 Train the final model with complexity $\gamma_{\text {opt }}$
 on the whole data set $\boldsymbol{X}$[] 
 []



[239]
File: ./images/2025_05_12_af19cd5e0d1b8a465ffeg-220.jpg Graphic file (type bmp)

<./images/2025_05_12_af19cd5e0d1b8a465ffeg-220.jpg>

Overfull \hbox (8.45003pt too wide) in paragraph at lines 6616--6622
\TU/Georgia(0)/m/n/10 ance). This is an obvious overfitting effect. The fourth 
degree polynomial presents
 []



[240]

[241]
File: ./images/2025_05_12_af19cd5e0d1b8a465ffeg-222(1).jpg Graphic file (type b
mp)
<./images/2025_05_12_af19cd5e0d1b8a465ffeg-222(1).jpg>

Underfull \hbox (badness 10000) in paragraph at lines 6670--6670

 []



[242]
File: ./images/2025_05_12_af19cd5e0d1b8a465ffeg-222.jpg Graphic file (type bmp)

<./images/2025_05_12_af19cd5e0d1b8a465ffeg-222.jpg>

Underfull \hbox (badness 10000) in paragraph at lines 6692--6692

 []


Underfull \vbox (badness 1102) has occurred while \output is active []



[243]
Overfull \hbox (1.39491pt too wide) in paragraph at lines 6718--6719
[]\TU/Georgia(0)/m/n/10 The computed probabilities are transformed into a decis
ion by a simple naive
 []



[244]
File: ./images/2025_05_12_af19cd5e0d1b8a465ffeg-224.jpg Graphic file (type bmp)

<./images/2025_05_12_af19cd5e0d1b8a465ffeg-224.jpg>

Underfull \hbox (badness 10000) in paragraph at lines 6733--6733

 []



[245]

[246]

[247]
Overfull \hbox (4.16272pt too wide) detected at line 6795
[][]
 []


Overfull \hbox (33.86356pt too wide) in paragraph at lines 6807--6808
[]\TU/Georgia(0)/m/n/10 The learning here is quite simple. The conditional prob
abilities $\OML/cmm/m/it/10 P [] ; P []$
 []



[248]

[249]

[250]
File: ./images/2025_05_12_af19cd5e0d1b8a465ffeg-230(1).jpg Graphic file (type b
mp)
<./images/2025_05_12_af19cd5e0d1b8a465ffeg-230(1).jpg>
File: ./images/2025_05_12_af19cd5e0d1b8a465ffeg-230.jpg Graphic file (type bmp)

<./images/2025_05_12_af19cd5e0d1b8a465ffeg-230.jpg>

Underfull \hbox (badness 10000) in paragraph at lines 6899--6899

 []



[251]

[252]

[253]
Overfull \hbox (33.0pt too wide) in paragraph at lines 6958--6958
[]\TU/lmtt/m/n/10 K-MEANS $\left(\boldsymbol{x}_{1}, \ldots, \boldsymbol{x}_{n}
, k\right)$[] 
 []


Overfull \hbox (122.25pt too wide) in paragraph at lines 6959--6959
[]\TU/lmtt/m/n/10 initialize cluster centers $\mu_{1}=x_{i_{1}}, \ldots, \mu_{k
}=x_{i_{k}}$ (e.g. randomly)[] 
 []


Overfull \hbox (190.5pt too wide) in paragraph at lines 6961--6961
[]    \TU/lmtt/m/n/10 classify $\boldsymbol{x}_{1}, \ldots, \boldsymbol{x}_{n}$
 to each[]s nearest $\boldsymbol{\mu}_{i}$[] 
 []


Overfull \hbox (12.0pt too wide) in paragraph at lines 6962--6962
[]    \TU/lmtt/m/n/10 recalculate $\boldsymbol{\mu}_{1}, \ldots, \boldsymbol{\m
u}_{k}$[] 
 []


Overfull \hbox (27.75pt too wide) in paragraph at lines 6963--6963
[]\TU/lmtt/m/n/10 Until no change in $\boldsymbol{\mu}_{1}, \ldots, \boldsymbol
{\mu}_{k}$[] 
 []


Overfull \hbox (216.75pt too wide) in paragraph at lines 6964--6964
[]\TU/lmtt/m/n/10 $\boldsymbol{\operatorname { R e t u r n }}\left(\boldsymbol{
\mu}_{1}, \ldots, \boldsymbol{\mu}_{k}\right)$[] 
 []

File: ./images/2025_05_12_af19cd5e0d1b8a465ffeg-232.jpg Graphic file (type bmp)

<./images/2025_05_12_af19cd5e0d1b8a465ffeg-232.jpg>

Underfull \hbox (badness 10000) in paragraph at lines 6977--6977

 []



[254]
/Users/jrathi/Projects/pdf-2-latex/files/ai/bold-italic-formatting/ai_final.tex
:6993: Extra \right.
<argument> ...ots , \boldsymbol {x}_{n}, k\right )
                                                  $
l.6993 ..., \ldots, \boldsymbol{x}_{n}, k\right)$}
                                                  
I'm ignoring a \right that had no matching \left.

/Users/jrathi/Projects/pdf-2-latex/files/ai/bold-italic-formatting/ai_final.tex
:6993: Extra }, or forgotten $.
<recently read> }
                 
l.6993 ..., \ldots, \boldsymbol{x}_{n}, k\right)$}
                                                  
I've deleted a group-closing symbol because it seems to be
spurious, as in `$x}$'. But perhaps the } is legitimate and
you forgot something else, as in `\hbox{$x}'. In such cases
the way to recover is to insert both the forgotten and the
deleted material, e.g., by typing `I$}'.

/Users/jrathi/Projects/pdf-2-latex/files/ai/bold-italic-formatting/ai_final.tex
:6993: Missing $ inserted.
<inserted text> 
                $
l.6993 ..., \ldots, \boldsymbol{x}_{n}, k\right)$}
                                                  
I've inserted a begin-math/end-math symbol since I think
you left one out. Proceed, with fingers crossed.

/Users/jrathi/Projects/pdf-2-latex/files/ai/bold-italic-formatting/ai_final.tex
:6993: Extra }, or forgotten $.
\math@atom #1#2->\binrel@ {#1}\binrel@@ {#2}
                                            
l.6993 ..., \ldots, \boldsymbol{x}_{n}, k\right)$}
                                                  
I've deleted a group-closing symbol because it seems to be
spurious, as in `$x}$'. But perhaps the } is legitimate and
you forgot something else, as in `\hbox{$x}'. In such cases
the way to recover is to insert both the forgotten and the
deleted material, e.g., by typing `I$}'.

/Users/jrathi/Projects/pdf-2-latex/files/ai/bold-italic-formatting/ai_final.tex
:6993: Missing $ inserted.
<inserted text> 
                $
l.6993 ..., \ldots, \boldsymbol{x}_{n}, k\right)$}
                                                  
I've inserted something that you may have forgotten.
(See the <inserted text> above.)
With luck, this will get me unwedged. But if you
really didn't forget anything, try typing `2' now; then
my insertion and my current dilemma will both disappear.

/Users/jrathi/Projects/pdf-2-latex/files/ai/bold-italic-formatting/ai_final.tex
:6993: Missing } inserted.
<inserted text> 
                }
l.6993 ..., \ldots, \boldsymbol{x}_{n}, k\right)$}
                                                  
I've inserted something that you may have forgotten.
(See the <inserted text> above.)
With luck, this will get me unwedged. But if you
really didn't forget anything, try typing `2' now; then
my insertion and my current dilemma will both disappear.

/Users/jrathi/Projects/pdf-2-latex/files/ai/bold-italic-formatting/ai_final.tex
:6993: Missing $ inserted.
<inserted text> 
                $
l.6993 ..., \ldots, \boldsymbol{x}_{n}, k\right)$}
                                                  
I've inserted a begin-math/end-math symbol since I think
you left one out. Proceed, with fingers crossed.

/Users/jrathi/Projects/pdf-2-latex/files/ai/bold-italic-formatting/ai_final.tex
:6993: Extra \right.
<argument> ...ots , \boldsymbol {x}_{n}, k\right )
                                                  $
l.6993 ..., \ldots, \boldsymbol{x}_{n}, k\right)$}
                                                  
I'm ignoring a \right that had no matching \left.

/Users/jrathi/Projects/pdf-2-latex/files/ai/bold-italic-formatting/ai_final.tex
:6993: Extra }, or forgotten $.
<recently read> }
                 
l.6993 ..., \ldots, \boldsymbol{x}_{n}, k\right)$}
                                                  
I've deleted a group-closing symbol because it seems to be
spurious, as in `$x}$'. But perhaps the } is legitimate and
you forgot something else, as in `\hbox{$x}'. In such cases
the way to recover is to insert both the forgotten and the
deleted material, e.g., by typing `I$}'.

/Users/jrathi/Projects/pdf-2-latex/files/ai/bold-italic-formatting/ai_final.tex
:6993: Missing $ inserted.
<inserted text> 
                $
l.6993 ..., \ldots, \boldsymbol{x}_{n}, k\right)$}
                                                  
I've inserted something that you may have forgotten.
(See the <inserted text> above.)
With luck, this will get me unwedged. But if you
really didn't forget anything, try typing `2' now; then
my insertion and my current dilemma will both disappear.

/Users/jrathi/Projects/pdf-2-latex/files/ai/bold-italic-formatting/ai_final.tex
:6993: Missing } inserted.
<inserted text> 
                }
l.6993 ..., \ldots, \boldsymbol{x}_{n}, k\right)$}
                                                  
I've inserted something that you may have forgotten.
(See the <inserted text> above.)
With luck, this will get me unwedged. But if you
really didn't forget anything, try typing `2' now; then
my insertion and my current dilemma will both disappear.

/Users/jrathi/Projects/pdf-2-latex/files/ai/bold-italic-formatting/ai_final.tex
:6993: Missing } inserted.
<inserted text> 
                }
l.6993 ..., \ldots, \boldsymbol{x}_{n}, k\right)$}
                                                  
I've inserted something that you may have forgotten.
(See the <inserted text> above.)
With luck, this will get me unwedged. But if you
really didn't forget anything, try typing `2' now; then
my insertion and my current dilemma will both disappear.

/Users/jrathi/Projects/pdf-2-latex/files/ai/bold-italic-formatting/ai_final.tex
:6993: Extra \right.
<argument> ...ots , \boldsymbol {x}_{n}, k\right )
                                                  $$}}{\hbox {$\m@th \textst...
l.6993 ..., \ldots, \boldsymbol{x}_{n}, k\right)$}
                                                  
I'm ignoring a \right that had no matching \left.

/Users/jrathi/Projects/pdf-2-latex/files/ai/bold-italic-formatting/ai_final.tex
:6993: Extra }, or forgotten $.
<recently read> }
                 
l.6993 ..., \ldots, \boldsymbol{x}_{n}, k\right)$}
                                                  
I've deleted a group-closing symbol because it seems to be
spurious, as in `$x}$'. But perhaps the } is legitimate and
you forgot something else, as in `\hbox{$x}'. In such cases
the way to recover is to insert both the forgotten and the
deleted material, e.g., by typing `I$}'.

/Users/jrathi/Projects/pdf-2-latex/files/ai/bold-italic-formatting/ai_final.tex
:6993: Extra }, or forgotten $.
<argument> ..., \boldsymbol {x}_{n}, k\right )$$}}
                                                  {\hbox {$\m@th \textstyle ...
l.6993 ..., \ldots, \boldsymbol{x}_{n}, k\right)$}
                                                  
I've deleted a group-closing symbol because it seems to be
spurious, as in `$x}$'. But perhaps the } is legitimate and
you forgot something else, as in `\hbox{$x}'. In such cases
the way to recover is to insert both the forgotten and the
deleted material, e.g., by typing `I$}'.

/Users/jrathi/Projects/pdf-2-latex/files/ai/bold-italic-formatting/ai_final.tex
:6993: Extra \right.
<argument> ...ots , \boldsymbol {x}_{n}, k\right )
                                                  $$}}{\hbox {$\m@th \script...
l.6993 ..., \ldots, \boldsymbol{x}_{n}, k\right)$}
                                                  
I'm ignoring a \right that had no matching \left.

/Users/jrathi/Projects/pdf-2-latex/files/ai/bold-italic-formatting/ai_final.tex
:6993: Extra }, or forgotten $.
<recently read> }
                 
l.6993 ..., \ldots, \boldsymbol{x}_{n}, k\right)$}
                                                  
I've deleted a group-closing symbol because it seems to be
spurious, as in `$x}$'. But perhaps the } is legitimate and
you forgot something else, as in `\hbox{$x}'. In such cases
the way to recover is to insert both the forgotten and the
deleted material, e.g., by typing `I$}'.

/Users/jrathi/Projects/pdf-2-latex/files/ai/bold-italic-formatting/ai_final.tex
:6993: Extra }, or forgotten $.
<argument> ..., \boldsymbol {x}_{n}, k\right )$$}}
                                                  {\hbox {$\m@th \scriptstyl...
l.6993 ..., \ldots, \boldsymbol{x}_{n}, k\right)$}
                                                  
I've deleted a group-closing symbol because it seems to be
spurious, as in `$x}$'. But perhaps the } is legitimate and
you forgot something else, as in `\hbox{$x}'. In such cases
the way to recover is to insert both the forgotten and the
deleted material, e.g., by typing `I$}'.

/Users/jrathi/Projects/pdf-2-latex/files/ai/bold-italic-formatting/ai_final.tex
:6993: Extra \right.
<argument> ...ots , \boldsymbol {x}_{n}, k\right )
                                                  $$}}{\hbox {$\m@th \script...
l.6993 ..., \ldots, \boldsymbol{x}_{n}, k\right)$}
                                                  
I'm ignoring a \right that had no matching \left.

/Users/jrathi/Projects/pdf-2-latex/files/ai/bold-italic-formatting/ai_final.tex
:6993: Extra }, or forgotten $.
<recently read> }
                 
l.6993 ..., \ldots, \boldsymbol{x}_{n}, k\right)$}
                                                  
I've deleted a group-closing symbol because it seems to be
spurious, as in `$x}$'. But perhaps the } is legitimate and
you forgot something else, as in `\hbox{$x}'. In such cases
the way to recover is to insert both the forgotten and the
deleted material, e.g., by typing `I$}'.

/Users/jrathi/Projects/pdf-2-latex/files/ai/bold-italic-formatting/ai_final.tex
:6993: Extra }, or forgotten $.
<argument> ..., \boldsymbol {x}_{n}, k\right )$$}}
                                                  {\hbox {$\m@th \scriptscri...
l.6993 ..., \ldots, \boldsymbol{x}_{n}, k\right)$}
                                                  
I've deleted a group-closing symbol because it seems to be
spurious, as in `$x}$'. But perhaps the } is legitimate and
you forgot something else, as in `\hbox{$x}'. In such cases
the way to recover is to insert both the forgotten and the
deleted material, e.g., by typing `I$}'.

/Users/jrathi/Projects/pdf-2-latex/files/ai/bold-italic-formatting/ai_final.tex
:6993: Extra \right.
<argument> ...ots , \boldsymbol {x}_{n}, k\right )
                                                  $$}}
l.6993 ..., \ldots, \boldsymbol{x}_{n}, k\right)$}
                                                  
I'm ignoring a \right that had no matching \left.

/Users/jrathi/Projects/pdf-2-latex/files/ai/bold-italic-formatting/ai_final.tex
:6993: Extra }, or forgotten $.
<recently read> }
                 
l.6993 ..., \ldots, \boldsymbol{x}_{n}, k\right)$}
                                                  
I've deleted a group-closing symbol because it seems to be
spurious, as in `$x}$'. But perhaps the } is legitimate and
you forgot something else, as in `\hbox{$x}'. In such cases
the way to recover is to insert both the forgotten and the
deleted material, e.g., by typing `I$}'.

/Users/jrathi/Projects/pdf-2-latex/files/ai/bold-italic-formatting/ai_final.tex
:6993: Extra }, or forgotten $.
<argument> ..., \boldsymbol {x}_{n}, k\right )$$}}
                                                  
l.6993 ..., \ldots, \boldsymbol{x}_{n}, k\right)$}
                                                  
I've deleted a group-closing symbol because it seems to be
spurious, as in `$x}$'. But perhaps the } is legitimate and
you forgot something else, as in `\hbox{$x}'. In such cases
the way to recover is to insert both the forgotten and the
deleted material, e.g., by typing `I$}'.

/Users/jrathi/Projects/pdf-2-latex/files/ai/bold-italic-formatting/ai_final.tex
:6993: Extra }, or forgotten $.
\math@atom #1#2->\binrel@ {#1}\binrel@@ {#2}
                                            
l.6993 ..., \ldots, \boldsymbol{x}_{n}, k\right)$}
                                                  
I've deleted a group-closing symbol because it seems to be
spurious, as in `$x}$'. But perhaps the } is legitimate and
you forgot something else, as in `\hbox{$x}'. In such cases
the way to recover is to insert both the forgotten and the
deleted material, e.g., by typing `I$}'.

/Users/jrathi/Projects/pdf-2-latex/files/ai/bold-italic-formatting/ai_final.tex
:6993: Missing $ inserted.
<inserted text> 
                $
l.6993 ..., \ldots, \boldsymbol{x}_{n}, k\right)$}
                                                  
I've inserted something that you may have forgotten.
(See the <inserted text> above.)
With luck, this will get me unwedged. But if you
really didn't forget anything, try typing `2' now; then
my insertion and my current dilemma will both disappear.

/Users/jrathi/Projects/pdf-2-latex/files/ai/bold-italic-formatting/ai_final.tex
:6993: Missing } inserted.
<inserted text> 
                }
l.6993 ..., \ldots, \boldsymbol{x}_{n}, k\right)$}
                                                  
I've inserted something that you may have forgotten.
(See the <inserted text> above.)
With luck, this will get me unwedged. But if you
really didn't forget anything, try typing `2' now; then
my insertion and my current dilemma will both disappear.

/Users/jrathi/Projects/pdf-2-latex/files/ai/bold-italic-formatting/ai_final.tex
:6993: Missing } inserted.
<inserted text> 
                }
l.6993 ..., \ldots, \boldsymbol{x}_{n}, k\right)$}
                                                  
I've inserted something that you may have forgotten.
(See the <inserted text> above.)
With luck, this will get me unwedged. But if you
really didn't forget anything, try typing `2' now; then
my insertion and my current dilemma will both disappear.

/Users/jrathi/Projects/pdf-2-latex/files/ai/bold-italic-formatting/ai_final.tex
:6993: Missing $ inserted.
<inserted text> 
                $
l.6993 ..., \ldots, \boldsymbol{x}_{n}, k\right)$}
                                                  
I've inserted something that you may have forgotten.
(See the <inserted text> above.)
With luck, this will get me unwedged. But if you
really didn't forget anything, try typing `2' now; then
my insertion and my current dilemma will both disappear.

/Users/jrathi/Projects/pdf-2-latex/files/ai/bold-italic-formatting/ai_final.tex
:6993: Missing } inserted.
<inserted text> 
                }
l.6993 ..., \ldots, \boldsymbol{x}_{n}, k\right)$}
                                                  
I've inserted something that you may have forgotten.
(See the <inserted text> above.)
With luck, this will get me unwedged. But if you
really didn't forget anything, try typing `2' now; then
my insertion and my current dilemma will both disappear.

/Users/jrathi/Projects/pdf-2-latex/files/ai/bold-italic-formatting/ai_final.tex
:6993: Missing } inserted.
<inserted text> 
                }
l.6993 ..., \ldots, \boldsymbol{x}_{n}, k\right)$}
                                                  
I've inserted something that you may have forgotten.
(See the <inserted text> above.)
With luck, this will get me unwedged. But if you
really didn't forget anything, try typing `2' now; then
my insertion and my current dilemma will both disappear.

/Users/jrathi/Projects/pdf-2-latex/files/ai/bold-italic-formatting/ai_final.tex
:6993: Missing $ inserted.
<inserted text> 
                $
l.6993 ..., \ldots, \boldsymbol{x}_{n}, k\right)$}
                                                  
I've inserted something that you may have forgotten.
(See the <inserted text> above.)
With luck, this will get me unwedged. But if you
really didn't forget anything, try typing `2' now; then
my insertion and my current dilemma will both disappear.

/Users/jrathi/Projects/pdf-2-latex/files/ai/bold-italic-formatting/ai_final.tex
:6993: Missing } inserted.
<inserted text> 
                }
l.6993 ..., \ldots, \boldsymbol{x}_{n}, k\right)$}
                                                  
I've inserted something that you may have forgotten.
(See the <inserted text> above.)
With luck, this will get me unwedged. But if you
really didn't forget anything, try typing `2' now; then
my insertion and my current dilemma will both disappear.

/Users/jrathi/Projects/pdf-2-latex/files/ai/bold-italic-formatting/ai_final.tex
:6993: Missing } inserted.
<inserted text> 
                }
l.6993 ..., \ldots, \boldsymbol{x}_{n}, k\right)$}
                                                  
I've inserted something that you may have forgotten.
(See the <inserted text> above.)
With luck, this will get me unwedged. But if you
really didn't forget anything, try typing `2' now; then
my insertion and my current dilemma will both disappear.

/Users/jrathi/Projects/pdf-2-latex/files/ai/bold-italic-formatting/ai_final.tex
:6993: Missing $ inserted.
<inserted text> 
                $
l.6993 ..., \ldots, \boldsymbol{x}_{n}, k\right)$}
                                                  
I've inserted something that you may have forgotten.
(See the <inserted text> above.)
With luck, this will get me unwedged. But if you
really didn't forget anything, try typing `2' now; then
my insertion and my current dilemma will both disappear.

/Users/jrathi/Projects/pdf-2-latex/files/ai/bold-italic-formatting/ai_final.tex
:6993: Missing } inserted.
<inserted text> 
                }
l.6993 ..., \ldots, \boldsymbol{x}_{n}, k\right)$}
                                                  
I've inserted something that you may have forgotten.
(See the <inserted text> above.)
With luck, this will get me unwedged. But if you
really didn't forget anything, try typing `2' now; then
my insertion and my current dilemma will both disappear.

/Users/jrathi/Projects/pdf-2-latex/files/ai/bold-italic-formatting/ai_final.tex
:6993: Missing } inserted.
<inserted text> 
                }
l.6993 ..., \ldots, \boldsymbol{x}_{n}, k\right)$}
                                                  
I've inserted something that you may have forgotten.
(See the <inserted text> above.)
With luck, this will get me unwedged. But if you
really didn't forget anything, try typing `2' now; then
my insertion and my current dilemma will both disappear.

/Users/jrathi/Projects/pdf-2-latex/files/ai/bold-italic-formatting/ai_final.tex
:6993: Missing { inserted.
<to be read again> 
                   \endgroup 
l.6993 ..., \ldots, \boldsymbol{x}_{n}, k\right)$}
                                                  
A left brace was mandatory here, so I've put one in.
You might want to delete and/or insert some corrections
so that I will find a matching right brace soon.
(If you're confused by all this, try typing `I}' now.)

/Users/jrathi/Projects/pdf-2-latex/files/ai/bold-italic-formatting/ai_final.tex
:6993: Missing } inserted.
<inserted text> 
                }
l.6993 ..., \ldots, \boldsymbol{x}_{n}, k\right)$}
                                                  
I've inserted something that you may have forgotten.
(See the <inserted text> above.)
With luck, this will get me unwedged. But if you
really didn't forget anything, try typing `2' now; then
my insertion and my current dilemma will both disappear.

/Users/jrathi/Projects/pdf-2-latex/files/ai/bold-italic-formatting/ai_final.tex
:6993: Missing { inserted.
<to be read again> 
                   \endgroup 
l.6993 ..., \ldots, \boldsymbol{x}_{n}, k\right)$}
                                                  
A left brace was mandatory here, so I've put one in.
You might want to delete and/or insert some corrections
so that I will find a matching right brace soon.
(If you're confused by all this, try typing `I}' now.)

/Users/jrathi/Projects/pdf-2-latex/files/ai/bold-italic-formatting/ai_final.tex
:6993: Missing } inserted.
<inserted text> 
                }
l.6993 ..., \ldots, \boldsymbol{x}_{n}, k\right)$}
                                                  
I've inserted something that you may have forgotten.
(See the <inserted text> above.)
With luck, this will get me unwedged. But if you
really didn't forget anything, try typing `2' now; then
my insertion and my current dilemma will both disappear.

/Users/jrathi/Projects/pdf-2-latex/files/ai/bold-italic-formatting/ai_final.tex
:6993: Missing { inserted.
<to be read again> 
                   \endgroup 
l.6993 ..., \ldots, \boldsymbol{x}_{n}, k\right)$}
                                                  
A left brace was mandatory here, so I've put one in.
You might want to delete and/or insert some corrections
so that I will find a matching right brace soon.
(If you're confused by all this, try typing `I}' now.)

/Users/jrathi/Projects/pdf-2-latex/files/ai/bold-italic-formatting/ai_final.tex
:6993: Missing } inserted.
<inserted text> 
                }
l.6993 ..., \ldots, \boldsymbol{x}_{n}, k\right)$}
                                                  
I've inserted something that you may have forgotten.
(See the <inserted text> above.)
With luck, this will get me unwedged. But if you
really didn't forget anything, try typing `2' now; then
my insertion and my current dilemma will both disappear.

/Users/jrathi/Projects/pdf-2-latex/files/ai/bold-italic-formatting/ai_final.tex
:6993: Missing } inserted.
<inserted text> 
                }
l.6993 ..., \ldots, \boldsymbol{x}_{n}, k\right)$}
                                                  
I've inserted something that you may have forgotten.
(See the <inserted text> above.)
With luck, this will get me unwedged. But if you
really didn't forget anything, try typing `2' now; then
my insertion and my current dilemma will both disappear.

/Users/jrathi/Projects/pdf-2-latex/files/ai/bold-italic-formatting/ai_final.tex
:6994: Missing \right. inserted.
<inserted text> 
                \right .
l.6994 initialize $
                   C_{1}=\left\{x_{1}\right\}, \ldots, C_{n}=\left\{x_{n}\ri...
I've inserted something that you may have forgotten.
(See the <inserted text> above.)
With luck, this will get me unwedged. But if you
really didn't forget anything, try typing `2' now; then
my insertion and my current dilemma will both disappear.

/Users/jrathi/Projects/pdf-2-latex/files/ai/bold-italic-formatting/ai_final.tex
:6994: Missing $ inserted.
<inserted text> 
                $
l.6994 initialize $C_{1}=\left
                              \{x_{1}\right\}, \ldots, C_{n}=\left\{x_{n}\ri...
I've inserted a begin-math/end-math symbol since I think
you left one out. Proceed, with fingers crossed.

File: ./images/2025_05_12_af19cd5e0d1b8a465ffeg-234.jpg Graphic file (type bmp)

<./images/2025_05_12_af19cd5e0d1b8a465ffeg-234.jpg>

Underfull \hbox (badness 10000) in paragraph at lines 7004--7004

 []



[255]
File: ./images/2025_05_12_af19cd5e0d1b8a465ffeg-234(1).jpg Graphic file (type b
mp)
<./images/2025_05_12_af19cd5e0d1b8a465ffeg-234(1).jpg>

Underfull \hbox (badness 10000) in paragraph at lines 7011--7011

 []



[256]

[257]
Overfull \hbox (185.25pt too wide) in paragraph at lines 7086--7086
[]\TU/lmtt/m/n/10 $\operatorname{OMRk}\left(\boldsymbol{x}_{1}, \ldots, \boldsy
mbol{x}_{n}, p, k_{\text {max }}\right)$[] 
 []


Overfull \hbox (22.5pt too wide) in paragraph at lines 7090--7090
[]        \TU/lmtt/m/n/10 Generate a random partition with $k$ clusters (initia
lization)[] 
 []



[258]
File: ./images/2025_05_12_af19cd5e0d1b8a465ffeg-237.jpg Graphic file (type bmp)

<./images/2025_05_12_af19cd5e0d1b8a465ffeg-237.jpg>

Underfull \hbox (badness 10000) in paragraph at lines 7104--7104

 []



[259]
File: ./images/2025_05_12_af19cd5e0d1b8a465ffeg-238.jpg Graphic file (type bmp)

<./images/2025_05_12_af19cd5e0d1b8a465ffeg-238.jpg>

Underfull \vbox (badness 10000) has occurred while \output is active []



[260]
Overfull \hbox (47.75578pt too wide) in paragraph at lines 7126--7127
\TU/Georgia(0)/m/n/10 RapidMiner (www. [][]rapidminer.com[][]), the system Clem
entine ([][]www.spss.com/clementine[][])
 []


Overfull \hbox (0.85475pt too wide) in paragraph at lines 7131--7132
\TU/Georgia(0)/m/n/10 citewitten2001datamining], which contains a Java implemen
tation of C4.5. The
 []



[261]
File: ./images/2025_05_12_af19cd5e0d1b8a465ffeg-239.jpg Graphic file (type bmp)

<./images/2025_05_12_af19cd5e0d1b8a465ffeg-239.jpg>

Underfull \hbox (badness 10000) in paragraph at lines 7139--7139

 []

File: ./images/2025_05_12_af19cd5e0d1b8a465ffeg-240.jpg Graphic file (type bmp)

<./images/2025_05_12_af19cd5e0d1b8a465ffeg-240.jpg>

Underfull \hbox (badness 10000) in paragraph at lines 7144--7144

 []


Underfull \hbox (badness 10000) in paragraph at lines 7135--7148

 []



[262]

[263]

[264]
Underfull \hbox (badness 10000) in paragraph at lines 7162--7164

 []



[265]
Overfull \hbox (10.5352pt too wide) in paragraph at lines 7206--7207
\TU/Georgia(0)/m/n/10 which combine large, complex neural networks with unsuper
vised pre-processing,
 []


Overfull \hbox (12.84479pt too wide) in paragraph at lines 7210--7211
\TU/Georgia(0)/m/n/10 ware, is an excellent directory of links to freely availa
ble software ([][]www.mloss.org[][]). 
 []



[266]

[267]
File: ./images/2025_05_12_af19cd5e0d1b8a465ffeg-244.jpg Graphic file (type bmp)

<./images/2025_05_12_af19cd5e0d1b8a465ffeg-244.jpg>

Underfull \hbox (badness 10000) in paragraph at lines 7271--7281

 []


Overfull \hbox (14.53621pt too wide) in paragraph at lines 7289--7295
\TU/Georgia(0)/m/n/10 (c) Apply leave-one-out cross-validation on the whole dat
a set app1.data $\OMS/cmsy/m/n/10 [$ \TU/Georgia(0)/m/n/10 app1.test
 []



[268]
Overfull \hbox (0.618pt too wide) in paragraph at lines 7297--7298
\TU/Georgia(0)/m/n/10 Exercise 8.10 Show that the definition $\OT1/cmr/m/n/10 0
 [][] 0 := 0$ \TU/Georgia(0)/m/n/10 is reasonable, in other words,
 []

File: ./images/2025_05_12_af19cd5e0d1b8a465ffeg-246.jpg Graphic file (type bmp)

<./images/2025_05_12_af19cd5e0d1b8a465ffeg-246.jpg>


[269]
File: ./images/2025_05_12_af19cd5e0d1b8a465ffeg-247(2).jpg Graphic file (type b
mp)
<./images/2025_05_12_af19cd5e0d1b8a465ffeg-247(2).jpg>
File: ./images/2025_05_12_af19cd5e0d1b8a465ffeg-247.jpg Graphic file (type bmp)

<./images/2025_05_12_af19cd5e0d1b8a465ffeg-247.jpg>
File: ./images/2025_05_12_af19cd5e0d1b8a465ffeg-247(1).jpg Graphic file (type b
mp)
<./images/2025_05_12_af19cd5e0d1b8a465ffeg-247(1).jpg>

Underfull \hbox (badness 10000) in paragraph at lines 7376--7394

 []



[270]

[271]
Overfull \hbox (43.5pt too wide) in paragraph at lines 7413--7413
[]\TU/lmtt/m/n/10 cat <datei> | tr -d "[:punct:]" | tr -s "[:space:]" "\n" | so
rt | uniq -ci[] 
 []


Underfull \hbox (badness 10000) in paragraph at lines 7421--7423

 []



[272]

[273]

[274

]
Chapter 10.
File: ./images/2025_05_12_af19cd5e0d1b8a465ffeg-250.jpg Graphic file (type bmp)

<./images/2025_05_12_af19cd5e0d1b8a465ffeg-250.jpg>

Underfull \vbox (badness 1558) has occurred while \output is active []



[275]

[276]

[277]

[278]
File: ./images/2025_05_12_af19cd5e0d1b8a465ffeg-252.jpg Graphic file (type bmp)

<./images/2025_05_12_af19cd5e0d1b8a465ffeg-252.jpg>

Underfull \hbox (badness 10000) in paragraph at lines 7507--7507

 []

File: ./images/2025_05_12_af19cd5e0d1b8a465ffeg-253.jpg Graphic file (type bmp)

<./images/2025_05_12_af19cd5e0d1b8a465ffeg-253.jpg>

Underfull \hbox (badness 10000) in paragraph at lines 7512--7512

 []

File: ./images/2025_05_12_af19cd5e0d1b8a465ffeg-253(1).jpg Graphic file (type b
mp)
<./images/2025_05_12_af19cd5e0d1b8a465ffeg-253(1).jpg>

Underfull \hbox (badness 10000) in paragraph at lines 7519--7519

 []



[279]

[280]

[281]
File: ./images/2025_05_12_af19cd5e0d1b8a465ffeg-254.jpg Graphic file (type bmp)

<./images/2025_05_12_af19cd5e0d1b8a465ffeg-254.jpg>

Underfull \hbox (badness 10000) in paragraph at lines 7566--7566

 []



[282]
File: ./images/2025_05_12_af19cd5e0d1b8a465ffeg-256.jpg Graphic file (type bmp)

<./images/2025_05_12_af19cd5e0d1b8a465ffeg-256.jpg>

Underfull \hbox (badness 10000) in paragraph at lines 7599--7606

 []

File: ./images/2025_05_12_af19cd5e0d1b8a465ffeg-256(1).jpg Graphic file (type b
mp)
<./images/2025_05_12_af19cd5e0d1b8a465ffeg-256(1).jpg>

Underfull \hbox (badness 10000) in paragraph at lines 7610--7610

 []

File: ./images/2025_05_12_af19cd5e0d1b8a465ffeg-257(1).jpg Graphic file (type b
mp)
<./images/2025_05_12_af19cd5e0d1b8a465ffeg-257(1).jpg>
File: ./images/2025_05_12_af19cd5e0d1b8a465ffeg-257(2).jpg Graphic file (type b
mp)
<./images/2025_05_12_af19cd5e0d1b8a465ffeg-257(2).jpg>

Underfull \hbox (badness 10000) in paragraph at lines 7627--7627

 []

File: ./images/2025_05_12_af19cd5e0d1b8a465ffeg-257.jpg Graphic file (type bmp)

<./images/2025_05_12_af19cd5e0d1b8a465ffeg-257.jpg>

Underfull \hbox (badness 10000) in paragraph at lines 7633--7633

 []


Overfull \hbox (7.36984pt too wide) in paragraph at lines 7618--7637
\TU/Georgia(0)/m/n/10 citehopfield1982neural] that this model is formally equiv
alent to a physical model
 []



[283]

[284]

[285]
Overfull \hbox (0.45578pt too wide) in paragraph at lines 7669--7670
[]\TU/Georgia(0)/m/n/10 Hopfield and other physicists have investigated exactly
 this process and have
 []



[286]
Overfull \hbox (10.23628pt too wide) in paragraph at lines 7675--7676
\TU/Georgia(0)/m/n/10 and insert the learned weights from (9.1) on page 250 int
o the term $[][] \OML/cmm/m/it/10 w[]q[]$\TU/Georgia(0)/m/n/10 ,
 []



[287]

[288]
Overfull \hbox (3.66214pt too wide) in paragraph at lines 7730--7731
\TU/Georgia(0)/m/n/10 citekohonen1972correlation] Kohonen introduced an associa
tive memory model
 []



[289]
Underfull \hbox (badness 10000) in paragraph at lines 7753--7755

 []

File: ./images/2025_05_12_af19cd5e0d1b8a465ffeg-262.jpg Graphic file (type bmp)

<./images/2025_05_12_af19cd5e0d1b8a465ffeg-262.jpg>


[290]

[291]
File: ./images/2025_05_12_af19cd5e0d1b8a465ffeg-264(1).jpg Graphic file (type b
mp)
<./images/2025_05_12_af19cd5e0d1b8a465ffeg-264(1).jpg>

Underfull \hbox (badness 10000) in paragraph at lines 7819--7819

 []

File: ./images/2025_05_12_af19cd5e0d1b8a465ffeg-264.jpg Graphic file (type bmp)

<./images/2025_05_12_af19cd5e0d1b8a465ffeg-264.jpg>


[292]

[293]
Overfull \hbox (2.36044pt too wide) in paragraph at lines 7862--7864
\TU/Georgia(0)/m/n/10 georg, gerhard, hannelore, harry, herbert, ingilt, irmgar
d, jan, johannes, johnny,
 []



[294]
Overfull \hbox (500.25pt too wide) in paragraph at lines 7908--7908
[]\TU/lmtt/m/n/10 threshold: 5, answer: johnnnes\index{Batch learning}\index{De
lta rule}\index{Incremental learning}\index{Learning!batch}\index{Learning!incr
emental}\index{Score}[] 
 []



[295]

[296]

[297]
File: ./images/2025_05_12_af19cd5e0d1b8a465ffeg-268.jpg Graphic file (type bmp)

<./images/2025_05_12_af19cd5e0d1b8a465ffeg-268.jpg>

Overfull \hbox (1.81937pt too wide) in paragraph at lines 8016--8017
\TU/Georgia(0)/m/n/10 when $[]$ is invertible, exactly one. Furthermore, the ma
trix $\OML/cmm/m/it/10 A$ \TU/Georgia(0)/m/n/10 is positive-definite,
 []



[298]
File: ./images/2025_05_12_af19cd5e0d1b8a465ffeg-270.jpg Graphic file (type bmp)

<./images/2025_05_12_af19cd5e0d1b8a465ffeg-270.jpg>


[299]

[300]
File: ./images/2025_05_12_af19cd5e0d1b8a465ffeg-271.jpg Graphic file (type bmp)

<./images/2025_05_12_af19cd5e0d1b8a465ffeg-271.jpg>

Overfull \hbox (38.25pt too wide) in paragraph at lines 8094--8094
[]    \TU/lmtt/m/n/10 For all $\left(\boldsymbol{q}^{p}, t^{p}\right) \in$ Trai
ningExamples[] 
 []


Overfull \hbox (64.5pt too wide) in paragraph at lines 8095--8095
[]        \TU/lmtt/m/n/10 Calculate network output $y^{p}=\boldsymbol{w}^{p} \b
oldsymbol{q}^{p}$[] 
 []


Overfull \hbox (185.25pt too wide) in paragraph at lines 8096--8096
[]        \TU/lmtt/m/n/10 $\Delta \boldsymbol{w}=\Delta \boldsymbol{w}+\eta\lef
t(t^{p}-y^{p}\right) \boldsymbol{q}^{p}$[] 
 []



[301]

[302]
File: ./images/2025_05_12_af19cd5e0d1b8a465ffeg-274.jpg Graphic file (type bmp)

<./images/2025_05_12_af19cd5e0d1b8a465ffeg-274.jpg>

Underfull \hbox (badness 10000) in paragraph at lines 8154--8154

 []

File: ./images/2025_05_12_af19cd5e0d1b8a465ffeg-275.jpg Graphic file (type bmp)

<./images/2025_05_12_af19cd5e0d1b8a465ffeg-275.jpg>

Underfull \hbox (badness 10000) in paragraph at lines 8181--8181

 []



[303]

[304]

[305]
File: ./images/2025_05_12_af19cd5e0d1b8a465ffeg-276.jpg Graphic file (type bmp)

<./images/2025_05_12_af19cd5e0d1b8a465ffeg-276.jpg>
File: ./images/2025_05_12_af19cd5e0d1b8a465ffeg-277.jpg Graphic file (type bmp)

<./images/2025_05_12_af19cd5e0d1b8a465ffeg-277.jpg>


[306]

[307]
File: ./images/2025_05_12_af19cd5e0d1b8a465ffeg-278.jpg Graphic file (type bmp)

<./images/2025_05_12_af19cd5e0d1b8a465ffeg-278.jpg>


[308]
File: ./images/2025_05_12_af19cd5e0d1b8a465ffeg-279.jpg Graphic file (type bmp)

<./images/2025_05_12_af19cd5e0d1b8a465ffeg-279.jpg>

Underfull \hbox (badness 10000) in paragraph at lines 8269--8269

 []



[309]
Overfull \hbox (12.42128pt too wide) in paragraph at lines 8281--8282
[]\TU/Georgia(0)/m/n/10 with a parameter $\OML/cmm/m/it/10 ^^M$ \TU/Georgia(0)/
m/n/10 between zero and one. This is depicted in a two-dimensional
 []


Overfull \hbox (2.77837pt too wide) in paragraph at lines 8287--8288
[]\TU/Georgia(0)/m/n/10 Through smart unification of the improvements mentioned
 and other heuris-
 []

File: ./images/2025_05_12_af19cd5e0d1b8a465ffeg-280.jpg Graphic file (type bmp)

<./images/2025_05_12_af19cd5e0d1b8a465ffeg-280.jpg>

Underfull \hbox (badness 10000) in paragraph at lines 8295--8295

 []



[310]
Overfull \hbox (1.93527pt too wide) in paragraph at lines 8301--8302
[]\TU/Georgia(0)/m/n/10 Support vector machines apply this algorithm to non lin
early separable prob-
 []



[311]
Overfull \hbox (5.69234pt too wide) in paragraph at lines 8325--8326
\TU/Georgia(0)/m/n/10 (i.e. the principal component) in the vector space of the
 training data and projects
 []



[312]
File: ./images/2025_05_12_af19cd5e0d1b8a465ffeg-282.jpg Graphic file (type bmp)

<./images/2025_05_12_af19cd5e0d1b8a465ffeg-282.jpg>

Underfull \hbox (badness 1546) in paragraph at lines 8342--8342
[][][]$[][]$ \TU/Georgia(0)/m/n/8 Visual representations of such edge features,
 including explanation, can be found at
 []



[313]

[314]
File: ./images/2025_05_12_af19cd5e0d1b8a465ffeg-283.jpg Graphic file (type bmp)

<./images/2025_05_12_af19cd5e0d1b8a465ffeg-283.jpg>


[315]
Overfull \hbox (7.32657pt too wide) in paragraph at lines 8387--8388
\TU/Georgia(0)/m/n/10 tering, in which, for every discovered cluster, a binary 
feature determines whether
 []



[316]
File: ./images/2025_05_12_af19cd5e0d1b8a465ffeg-286.jpg Graphic file (type bmp)

<./images/2025_05_12_af19cd5e0d1b8a465ffeg-286.jpg>

Underfull \hbox (badness 10000) in paragraph at lines 8408--8408

 []



[317]
Overfull \hbox (8.34528pt too wide) in paragraph at lines 8417--8418
\TU/Georgia(0)/m/n/10 citekarpathy2015unreasonable] to generate texts, syntacti
cally correct XML code,
 []


Overfull \hbox (2.94438pt too wide) in paragraph at lines 8417--8418
\TU/Georgia(0)/m/n/10 even $[][][]$ source with mathematical notation and short
 computer programs.
 []


Overfull \hbox (54.0pt too wide) in paragraph at lines 8431--8431
[]\TU/lmtt/m/n/10 NitDjgMQsQfI 6zz1B:6xZkgp1xe.EqyD7z(C\index{Adaptive Resonanc
e Theory (ART)}[] 
 []



[318]
File: ./images/2025_05_12_af19cd5e0d1b8a465ffeg-287.jpg Graphic file (type bmp)

<./images/2025_05_12_af19cd5e0d1b8a465ffeg-287.jpg>


[319]

[320]
Overfull \hbox (0.87082pt too wide) in paragraph at lines 8470--8471
[]\TU/Georgia(0)/m/n/10 Nearest to their biological role models are the fascina
ting Hopfield networks.
 []



[321]
Overfull \hbox (5.60715pt too wide) in paragraph at lines 8491--8492
\TU/Georgia(0)/m/n/10 Exercise 9.2 Use the Hopfield network applet at [][]http:
//www.cbu.edu/[][] ~ pong/ai/
 []



[322]

[323]

[324

]
Chapter 11.
File: ./images/2025_05_12_af19cd5e0d1b8a465ffeg-293(1).jpg Graphic file (type b
mp)
<./images/2025_05_12_af19cd5e0d1b8a465ffeg-293(1).jpg>

Underfull \hbox (badness 10000) in paragraph at lines 8535--8535

 []

File: ./images/2025_05_12_af19cd5e0d1b8a465ffeg-293.jpg Graphic file (type bmp)

<./images/2025_05_12_af19cd5e0d1b8a465ffeg-293.jpg>

Underfull \hbox (badness 1038) in paragraph at lines 8540--8540
[]\TU/Georgia(0)/m/n/10 Figure 11.2: []”Maybe next time I should start turning 
a bit sooner or go
 []


Underfull \hbox (badness 10000) in paragraph at lines 8540--8540

 []


Overfull \hbox (0.47421pt too wide) in paragraph at lines 8530--8544
\TU/Georgia(0)/m/n/10 citekimura1997reinforcement]). The robot’s only possible 
actions are the move-
 []



[325]

[326]
/Users/jrathi/Projects/pdf-2-latex/files/ai/bold-italic-formatting/ai_final.tex
:8557: Misplaced \noalign.
\hline ->\noalign 
                  {\ifnum 0=`}\fi \hrule \@height \arrayrulewidth \futurelet...
l.8557 \hline
             
I expect to see \noalign only after the \cr of
an alignment. Proceed, and I'll ignore this case.

/Users/jrathi/Projects/pdf-2-latex/files/ai/bold-italic-formatting/ai_final.tex
:8557: You can't use `\hrule' here except with leaders.
\hline ->\noalign {\ifnum 0=`}\fi \hrule 
                                         \@height \arrayrulewidth \futurelet...
l.8557 \hline
             
To put a horizontal rule in an hbox or an alignment,
you should use \leaders or \hrulefill (see The TeXbook).

/Users/jrathi/Projects/pdf-2-latex/files/ai/bold-italic-formatting/ai_final.tex
:8557: Missing number, treated as zero.
<to be read again> 
                   \futurelet 
l.8557 \hline
             
A number should have been here; I inserted `0'.
(If you can't figure out why I needed to see a number,
look up `weird error' in the index to The TeXbook.)

/Users/jrathi/Projects/pdf-2-latex/files/ai/bold-italic-formatting/ai_final.tex
:8557: Illegal unit of measure (pt inserted).
<to be read again> 
                   \futurelet 
l.8557 \hline
             
Dimensions can be in units of em, ex, in, pt, pc,
cm, mm, dd, cc, bp, or sp; but yours is a new one!
I'll assume that you meant to say pt, for printer's points.
To recover gracefully from this error, it's best to
delete the erroneous units; e.g., type `2' to delete
two letters. (See Chapter 27 of The TeXbook.)

File: ./images/2025_05_12_af19cd5e0d1b8a465ffeg-294(4).jpg Graphic file (type b
mp)
<./images/2025_05_12_af19cd5e0d1b8a465ffeg-294(4).jpg>
File: ./images/2025_05_12_af19cd5e0d1b8a465ffeg-294.jpg Graphic file (type bmp)

<./images/2025_05_12_af19cd5e0d1b8a465ffeg-294.jpg>
File: ./images/2025_05_12_af19cd5e0d1b8a465ffeg-294(9).jpg Graphic file (type b
mp)
<./images/2025_05_12_af19cd5e0d1b8a465ffeg-294(9).jpg>
File: ./images/2025_05_12_af19cd5e0d1b8a465ffeg-294(3).jpg Graphic file (type b
mp)
<./images/2025_05_12_af19cd5e0d1b8a465ffeg-294(3).jpg>
File: ./images/2025_05_12_af19cd5e0d1b8a465ffeg-294(2).jpg Graphic file (type b
mp)
<./images/2025_05_12_af19cd5e0d1b8a465ffeg-294(2).jpg>
File: ./images/2025_05_12_af19cd5e0d1b8a465ffeg-294(8).jpg Graphic file (type b
mp)
<./images/2025_05_12_af19cd5e0d1b8a465ffeg-294(8).jpg>
File: ./images/2025_05_12_af19cd5e0d1b8a465ffeg-294(7).jpg Graphic file (type b
mp)
<./images/2025_05_12_af19cd5e0d1b8a465ffeg-294(7).jpg>
File: ./images/2025_05_12_af19cd5e0d1b8a465ffeg-294(1).jpg Graphic file (type b
mp)
<./images/2025_05_12_af19cd5e0d1b8a465ffeg-294(1).jpg>

Overfull \hbox (365.3693pt too wide) in paragraph at lines 8554--8577
 [] 
 []


Underfull \vbox (badness 10000) has occurred while \output is active []



[327]
File: ./images/2025_05_12_af19cd5e0d1b8a465ffeg-294(6).jpg Graphic file (type b
mp)
<./images/2025_05_12_af19cd5e0d1b8a465ffeg-294(6).jpg>

Overfull \vbox (158.31206pt too high) detected at line 8593
 []

File: ./images/2025_05_12_af19cd5e0d1b8a465ffeg-294(5).jpg Graphic file (type b
mp)
<./images/2025_05_12_af19cd5e0d1b8a465ffeg-294(5).jpg>

Overfull \vbox (179.43573pt too high) detected at line 8599
 []


Overfull \hbox (256.74597pt too wide) in paragraph at lines 8580--8608
 [] 
 []



[328]
File: ./images/2025_05_12_af19cd5e0d1b8a465ffeg-295.jpg Graphic file (type bmp)

<./images/2025_05_12_af19cd5e0d1b8a465ffeg-295.jpg>


[329]

[330]
File: ./images/2025_05_12_af19cd5e0d1b8a465ffeg-296.jpg Graphic file (type bmp)

<./images/2025_05_12_af19cd5e0d1b8a465ffeg-296.jpg>


[331]
File: ./images/2025_05_12_af19cd5e0d1b8a465ffeg-297.jpg Graphic file (type bmp)

<./images/2025_05_12_af19cd5e0d1b8a465ffeg-297.jpg>

Overfull \hbox (13.90065pt too wide) in paragraph at lines 8720--8720
[]\TU/Georgia(0)/b/n/14.4 Value Iteration and Dynamic Programming 
 []



[332]

[333]
/Users/jrathi/Projects/pdf-2-latex/files/ai/bold-italic-formatting/ai_final.tex
:8805: Misplaced \noalign.
\hline ->\noalign 
                  {\ifnum 0=`}\fi \hrule \@height \arrayrulewidth \futurelet...
l.8805 \hline
             
I expect to see \noalign only after the \cr of
an alignment. Proceed, and I'll ignore this case.

/Users/jrathi/Projects/pdf-2-latex/files/ai/bold-italic-formatting/ai_final.tex
:8805: You can't use `\hrule' here except with leaders.
\hline ->\noalign {\ifnum 0=`}\fi \hrule 
                                         \@height \arrayrulewidth \futurelet...
l.8805 \hline
             
To put a horizontal rule in an hbox or an alignment,
you should use \leaders or \hrulefill (see The TeXbook).

/Users/jrathi/Projects/pdf-2-latex/files/ai/bold-italic-formatting/ai_final.tex
:8805: Missing number, treated as zero.
<to be read again> 
                   \futurelet 
l.8805 \hline
             
A number should have been here; I inserted `0'.
(If you can't figure out why I needed to see a number,
look up `weird error' in the index to The TeXbook.)

/Users/jrathi/Projects/pdf-2-latex/files/ai/bold-italic-formatting/ai_final.tex
:8805: Illegal unit of measure (pt inserted).
<to be read again> 
                   \futurelet 
l.8805 \hline
             
Dimensions can be in units of em, ex, in, pt, pc,
cm, mm, dd, cc, bp, or sp; but yours is a new one!
I'll assume that you meant to say pt, for printer's points.
To recover gracefully from this error, it's best to
delete the erroneous units; e.g., type `2' to delete
two letters. (See Chapter 27 of The TeXbook.)

File: ./images/2025_05_12_af19cd5e0d1b8a465ffeg-300.jpg Graphic file (type bmp)

<./images/2025_05_12_af19cd5e0d1b8a465ffeg-300.jpg>
File: ./images/2025_05_12_af19cd5e0d1b8a465ffeg-300(1).jpg Graphic file (type b
mp)
<./images/2025_05_12_af19cd5e0d1b8a465ffeg-300(1).jpg>

Overfull \hbox (251.24776pt too wide) in paragraph at lines 8799--8813
 [] 
 []


Overfull \hbox (22.3664pt too wide) in paragraph at lines 8816--8825
 [] 
 []

File: ./images/2025_05_12_af19cd5e0d1b8a465ffeg-300(2).jpg Graphic file (type b
mp)
<./images/2025_05_12_af19cd5e0d1b8a465ffeg-300(2).jpg>

Underfull \hbox (badness 10000) in paragraph at lines 8831--8831

 []



[334]
File: ./images/2025_05_12_af19cd5e0d1b8a465ffeg-301.jpg Graphic file (type bmp)

<./images/2025_05_12_af19cd5e0d1b8a465ffeg-301.jpg>


[335]

[336]
File: ./images/2025_05_12_af19cd5e0d1b8a465ffeg-302.jpg Graphic file (type bmp)

<./images/2025_05_12_af19cd5e0d1b8a465ffeg-302.jpg>

Underfull \vbox (badness 10000) has occurred while \output is active []



[337]

[338]
Overfull \hbox (185.25pt too wide) in paragraph at lines 8918--8918
[]        \TU/lmtt/m/n/10 $\hat{Q}(s, a):=r(s, a)+\gamma \max _{a^{\prime}} \ha
t{Q}\left(s^{\prime}, a^{\prime}\right)$[] 
 []

File: ./images/2025_05_12_af19cd5e0d1b8a465ffeg-305(10).jpg Graphic file (type 
bmp)
<./images/2025_05_12_af19cd5e0d1b8a465ffeg-305(10).jpg>
File: ./images/2025_05_12_af19cd5e0d1b8a465ffeg-305(15).jpg Graphic file (type 
bmp)
<./images/2025_05_12_af19cd5e0d1b8a465ffeg-305(15).jpg>
File: ./images/2025_05_12_af19cd5e0d1b8a465ffeg-305(14).jpg Graphic file (type 
bmp)
<./images/2025_05_12_af19cd5e0d1b8a465ffeg-305(14).jpg>
File: ./images/2025_05_12_af19cd5e0d1b8a465ffeg-305(16).jpg Graphic file (type 
bmp)
<./images/2025_05_12_af19cd5e0d1b8a465ffeg-305(16).jpg>
File: ./images/2025_05_12_af19cd5e0d1b8a465ffeg-305(26).jpg Graphic file (type 
bmp)
<./images/2025_05_12_af19cd5e0d1b8a465ffeg-305(26).jpg>
File: ./images/2025_05_12_af19cd5e0d1b8a465ffeg-305(13).jpg Graphic file (type 
bmp)
<./images/2025_05_12_af19cd5e0d1b8a465ffeg-305(13).jpg>
File: ./images/2025_05_12_af19cd5e0d1b8a465ffeg-305(9).jpg Graphic file (type b
mp)
<./images/2025_05_12_af19cd5e0d1b8a465ffeg-305(9).jpg>
File: ./images/2025_05_12_af19cd5e0d1b8a465ffeg-305(24).jpg Graphic file (type 
bmp)
<./images/2025_05_12_af19cd5e0d1b8a465ffeg-305(24).jpg>
File: ./images/2025_05_12_af19cd5e0d1b8a465ffeg-305(5).jpg Graphic file (type b
mp)
<./images/2025_05_12_af19cd5e0d1b8a465ffeg-305(5).jpg>
File: ./images/2025_05_12_af19cd5e0d1b8a465ffeg-305(23).jpg Graphic file (type 
bmp)
<./images/2025_05_12_af19cd5e0d1b8a465ffeg-305(23).jpg>
File: ./images/2025_05_12_af19cd5e0d1b8a465ffeg-305(20).jpg Graphic file (type 
bmp)
<./images/2025_05_12_af19cd5e0d1b8a465ffeg-305(20).jpg>
File: ./images/2025_05_12_af19cd5e0d1b8a465ffeg-305(2).jpg Graphic file (type b
mp)
<./images/2025_05_12_af19cd5e0d1b8a465ffeg-305(2).jpg>
File: ./images/2025_05_12_af19cd5e0d1b8a465ffeg-305(6).jpg Graphic file (type b
mp)
<./images/2025_05_12_af19cd5e0d1b8a465ffeg-305(6).jpg>
File: ./images/2025_05_12_af19cd5e0d1b8a465ffeg-305(7).jpg Graphic file (type b
mp)
<./images/2025_05_12_af19cd5e0d1b8a465ffeg-305(7).jpg>
File: ./images/2025_05_12_af19cd5e0d1b8a465ffeg-305(11).jpg Graphic file (type 
bmp)
<./images/2025_05_12_af19cd5e0d1b8a465ffeg-305(11).jpg>
File: ./images/2025_05_12_af19cd5e0d1b8a465ffeg-305(4).jpg Graphic file (type b
mp)
<./images/2025_05_12_af19cd5e0d1b8a465ffeg-305(4).jpg>
File: ./images/2025_05_12_af19cd5e0d1b8a465ffeg-305(18).jpg Graphic file (type 
bmp)
<./images/2025_05_12_af19cd5e0d1b8a465ffeg-305(18).jpg>

Overfull \hbox (719.8111pt too wide) in paragraph at lines 8945--8982
 [] 
 []



[339]
File: ./images/2025_05_12_af19cd5e0d1b8a465ffeg-305(19).jpg Graphic file (type 
bmp)
<./images/2025_05_12_af19cd5e0d1b8a465ffeg-305(19).jpg>
File: ./images/2025_05_12_af19cd5e0d1b8a465ffeg-305(3).jpg Graphic file (type b
mp)
<./images/2025_05_12_af19cd5e0d1b8a465ffeg-305(3).jpg>
File: ./images/2025_05_12_af19cd5e0d1b8a465ffeg-305(21).jpg Graphic file (type 
bmp)
<./images/2025_05_12_af19cd5e0d1b8a465ffeg-305(21).jpg>

Overfull \vbox (68.93356pt too high) detected at line 8990
 []

File: ./images/2025_05_12_af19cd5e0d1b8a465ffeg-305(8).jpg Graphic file (type b
mp)
<./images/2025_05_12_af19cd5e0d1b8a465ffeg-305(8).jpg>
File: ./images/2025_05_12_af19cd5e0d1b8a465ffeg-305(17).jpg Graphic file (type 
bmp)
<./images/2025_05_12_af19cd5e0d1b8a465ffeg-305(17).jpg>

Overfull \vbox (67.92981pt too high) detected at line 8992
 []

File: ./images/2025_05_12_af19cd5e0d1b8a465ffeg-305(27).jpg Graphic file (type 
bmp)
<./images/2025_05_12_af19cd5e0d1b8a465ffeg-305(27).jpg>
File: ./images/2025_05_12_af19cd5e0d1b8a465ffeg-305(1).jpg Graphic file (type b
mp)
<./images/2025_05_12_af19cd5e0d1b8a465ffeg-305(1).jpg>
File: ./images/2025_05_12_af19cd5e0d1b8a465ffeg-305(12).jpg Graphic file (type 
bmp)
<./images/2025_05_12_af19cd5e0d1b8a465ffeg-305(12).jpg>
File: ./images/2025_05_12_af19cd5e0d1b8a465ffeg-305(25).jpg Graphic file (type 
bmp)
<./images/2025_05_12_af19cd5e0d1b8a465ffeg-305(25).jpg>

Overfull \hbox (659.40355pt too wide) in paragraph at lines 8985--9044
 [] 
 []

File: ./images/2025_05_12_af19cd5e0d1b8a465ffeg-305(22).jpg Graphic file (type 
bmp)
<./images/2025_05_12_af19cd5e0d1b8a465ffeg-305(22).jpg>


[340]

[341]

[342]

[343]
Overfull \hbox (0.11072pt too wide) in paragraph at lines 9135--9136
\TU/Georgia(0)/m/n/10 citesutton1998reinforcement]) many different approaches t
o a solution are sug-
 []



[344]
Overfull \hbox (2.76427pt too wide) in paragraph at lines 9155--9157
\TU/Georgia(0)/m/n/10 ment learning to improve its strategy by playing against 
itself. Roughly sketched,
 []



[345]
File: ./images/2025_05_12_af19cd5e0d1b8a465ffeg-311.jpg Graphic file (type bmp)

<./images/2025_05_12_af19cd5e0d1b8a465ffeg-311.jpg>


[346]

[347]

[348]
Overfull \hbox (2.75365pt too wide) in paragraph at lines 9220--9225
\TU/Georgia(0)/m/n/10 (d) Using arrow diagrams, give all policies without empty
 actions for three states. 
 []



[349]
File: ./images/2025_05_12_af19cd5e0d1b8a465ffeg-314.jpg Graphic file (type bmp)

<./images/2025_05_12_af19cd5e0d1b8a465ffeg-314.jpg>

Overfull \hbox (2.57135pt too wide) in paragraph at lines 9240--9251
\TU/Georgia(0)/m/n/10 (d) With the calculated result, justify that an agent whi
ch operates autonomously
 []



[350]
Chapter 12.

Overfull \hbox (2.2132pt too wide) in paragraph at lines 9267--9270
[]\TU/Georgia(0)/m/n/10 Exercise 1.6 (a) Velocity $\OML/cmm/m/it/10 v[]\OT1/cmr
/m/n/10 (\OML/cmm/m/it/10 t\OT1/cmr/m/n/10 ) = [] = [][] [] \OMS/cmsy/m/n/10 ^^
Y []\OML/cmm/m/it/10 :v[]$
 []


Overfull \hbox (50.80751pt too wide) in paragraph at lines 9267--9270
\TU/Georgia(0)/m/n/10 (b) Acceleration $\OML/cmm/m/it/10 a[]\OT1/cmr/m/n/10 (\O
ML/cmm/m/it/10 t\OT1/cmr/m/n/10 ) = [] = []\OML/cmm/m/it/10 v[]\OT1/cmr/m/n/10 
(\OML/cmm/m/it/10 t\OT1/cmr/m/n/10 ) = [][] [] = [][] []$
 []



[351

]

[352]
/Users/jrathi/Projects/pdf-2-latex/files/ai/bold-italic-formatting/ai_final.tex
:9372: Missing } inserted.
<inserted text> 
                }
l.9372 ...) \wedge \operatorname{child}(y, x, z)$}
                                                  
I've inserted something that you may have forgotten.
(See the <inserted text> above.)
With luck, this will get me unwedged. But if you
really didn't forget anything, try typing `2' now; then
my insertion and my current dilemma will both disappear.

/Users/jrathi/Projects/pdf-2-latex/files/ai/bold-italic-formatting/ai_final.tex
:9372: Too many }'s.
\qopname  ...athop {#1\kern \z@ \operator@font #3}
                                                  \csname n#2limits@\endcsname 
l.9372 ...) \wedge \operatorname{child}(y, x, z)$}
                                                  
You've closed more groups than you opened.
Such booboos are generally harmless, so keep going.

/Users/jrathi/Projects/pdf-2-latex/files/ai/bold-italic-formatting/ai_final.tex
:9373: Missing $ inserted.
<inserted text> 
                $
l.9373 E
        xercise 3.4
I've inserted a begin-math/end-math symbol since I think
you left one out. Proceed, with fingers crossed.

/Users/jrathi/Projects/pdf-2-latex/files/ai/bold-italic-formatting/ai_final.tex
:9373: Limit controls must follow a math operator.
<recently read> \nolimits 
                          
l.9373 E
        xercise 3.4
I'm ignoring this misplaced \limits or \nolimits command.

/Users/jrathi/Projects/pdf-2-latex/files/ai/bold-italic-formatting/ai_final.tex
:9381: Missing $ inserted.
<inserted text> 
                $
l.9381 
       
I've inserted a begin-math/end-math symbol since I think
you left one out. Proceed, with fingers crossed.


Overfull \hbox (121.83316pt too wide) in paragraph at lines 9372--9381
[]\TU/Georgia(0)/m/n/10 Exercise $\OT1/cmr/m/n/10 3\OML/cmm/m/it/10 :\OT1/cmr/m
/n/10 3\OMS/cmsy/m/n/10 8\OML/cmm/m/it/10 x\OMS/cmsy/m/n/10 8\OML/cmm/m/it/10 y
\OMS/cmsy/m/n/10 9\OML/cmm/m/it/10 z x \OT1/cmr/m/n/10 =$ \TU/Georgia(0)/m/n/10
 father $\OT1/cmr/m/n/10 (\OML/cmm/m/it/10 y\OT1/cmr/m/n/10 ) \OMS/cmsy/m/n/10 
, []$$\OML/cmm/m/it/10 Exercise\OT1/cmr/m/n/10 3\OML/cmm/m/it/10 :\OT1/cmr/m/n/
10 4$$[][]$$$ 
 []



[353]
Overfull \hbox (25.97853pt too wide) in paragraph at lines 9382--9388
\TU/Georgia(0)/m/n/10 (e) MGU: $\OML/cmm/m/it/10 u\OT1/cmr/m/n/10 /\OML/cmm/m/i
t/10 f\OT1/cmr/m/n/10 (\OML/cmm/m/it/10 g\OT1/cmr/m/n/10 (\OML/cmm/m/it/10 w; w
\OT1/cmr/m/n/10 )\OML/cmm/m/it/10 ; g\OT1/cmr/m/n/10 (\OML/cmm/m/it/10 g\OT1/cm
r/m/n/10 (\OML/cmm/m/it/10 w; w\OT1/cmr/m/n/10 )\OML/cmm/m/it/10 ; g\OT1/cmr/m/
n/10 (\OML/cmm/m/it/10 w; w\OT1/cmr/m/n/10 ))\OML/cmm/m/it/10 ; g\OT1/cmr/m/n/1
0 (\OML/cmm/m/it/10 g\OT1/cmr/m/n/10 (\OML/cmm/m/it/10 g\OT1/cmr/m/n/10 (\OML/c
mm/m/it/10 w; w\OT1/cmr/m/n/10 )\OML/cmm/m/it/10 ; g\OT1/cmr/m/n/10 (\OML/cmm/m
/it/10 w; w\OT1/cmr/m/n/10 ))\OML/cmm/m/it/10 ; g\OT1/cmr/m/n/10 (\OML/cmm/m/it
/10 g\OT1/cmr/m/n/10 (\OML/cmm/m/it/10 w; w\OT1/cmr/m/n/10 )\OML/cmm/m/it/10 ; 
g\OT1/cmr/m/n/10 (\OML/cmm/m/it/10 w; w\OT1/cmr/m/n/10 ))))$
 []


Overfull \hbox (11.28911pt too wide) in paragraph at lines 9382--9388
\OML/cmm/m/it/10 x\OT1/cmr/m/n/10 /\OML/cmm/m/it/10 g\OT1/cmr/m/n/10 (\OML/cmm/
m/it/10 w; w\OT1/cmr/m/n/10 )\OML/cmm/m/it/10 ; y\OT1/cmr/m/n/10 /\OML/cmm/m/it
/10 g\OT1/cmr/m/n/10 (\OML/cmm/m/it/10 g\OT1/cmr/m/n/10 (\OML/cmm/m/it/10 w; w\
OT1/cmr/m/n/10 )\OML/cmm/m/it/10 ; g\OT1/cmr/m/n/10 (\OML/cmm/m/it/10 w; w\OT1/
cmr/m/n/10 ))\OML/cmm/m/it/10 z\OT1/cmr/m/n/10 /\OML/cmm/m/it/10 g\OT1/cmr/m/n/
10 (\OML/cmm/m/it/10 g\OT1/cmr/m/n/10 (\OML/cmm/m/it/10 g\OT1/cmr/m/n/10 (\OML/
cmm/m/it/10 w; w\OT1/cmr/m/n/10 )\OML/cmm/m/it/10 ; g\OT1/cmr/m/n/10 (\OML/cmm/
m/it/10 w; w\OT1/cmr/m/n/10 ))\OML/cmm/m/it/10 ; g\OT1/cmr/m/n/10 (\OML/cmm/m/i
t/10 g\OT1/cmr/m/n/10 (\OML/cmm/m/it/10 w; w\OT1/cmr/m/n/10 )\OML/cmm/m/it/10 ;
 g\OT1/cmr/m/n/10 (\OML/cmm/m/it/10 w; w\OT1/cmr/m/n/10 )))$ \TU/Georgia(0)/m/n
/10 term:
 []


Overfull \hbox (307.04868pt too wide) in paragraph at lines 9382--9388
\OML/cmm/m/it/10 q\OT1/cmr/m/n/10 (\OML/cmm/m/it/10 f\OT1/cmr/m/n/10 (\OML/cmm/
m/it/10 g\OT1/cmr/m/n/10 (\OML/cmm/m/it/10 w; w\OT1/cmr/m/n/10 )\OML/cmm/m/it/1
0 ; g\OT1/cmr/m/n/10 (\OML/cmm/m/it/10 g\OT1/cmr/m/n/10 (\OML/cmm/m/it/10 w; w\
OT1/cmr/m/n/10 )\OML/cmm/m/it/10 ; g\OT1/cmr/m/n/10 (\OML/cmm/m/it/10 w; w\OT1/
cmr/m/n/10 ))\OML/cmm/m/it/10 ; g\OT1/cmr/m/n/10 (\OML/cmm/m/it/10 g\OT1/cmr/m/
n/10 (\OML/cmm/m/it/10 g\OT1/cmr/m/n/10 (\OML/cmm/m/it/10 w; w\OT1/cmr/m/n/10 )
\OML/cmm/m/it/10 ; g\OT1/cmr/m/n/10 (\OML/cmm/m/it/10 w; w\OT1/cmr/m/n/10 ))\OM
L/cmm/m/it/10 ; g\OT1/cmr/m/n/10 (\OML/cmm/m/it/10 g\OT1/cmr/m/n/10 (\OML/cmm/m
/it/10 w; w\OT1/cmr/m/n/10 )\OML/cmm/m/it/10 ; g\OT1/cmr/m/n/10 (\OML/cmm/m/it/
10 w; w\OT1/cmr/m/n/10 ))))$\TU/Georgia(0)/m/n/10 , $\OML/cmm/m/it/10 f\OT1/cmr
/m/n/10 (\OML/cmm/m/it/10 g\OT1/cmr/m/n/10 (\OML/cmm/m/it/10 w; w\OT1/cmr/m/n/1
0 )\OML/cmm/m/it/10 ; g\OT1/cmr/m/n/10 (\OML/cmm/m/it/10 g\OT1/cmr/m/n/10 (\OML
/cmm/m/it/10 w; w\OT1/cmr/m/n/10 )\OML/cmm/m/it/10 ; g\OT1/cmr/m/n/10 (\OML/cmm
/m/it/10 w; w\OT1/cmr/m/n/10 ))\OML/cmm/m/it/10 ; g\OT1/cmr/m/n/10 (\OML/cmm/m/
it/10 g\OT1/cmr/m/n/10 (\OML/cmm/m/it/10 g\OT1/cmr/m/n/10 (\OML/cmm/m/it/10 w; 
w\OT1/cmr/m/n/10 )\OML/cmm/m/it/10 ; g\OT1/cmr/m/n/10 (\OML/cmm/m/it/10 w; w\OT
1/cmr/m/n/10 ))\OML/cmm/m/it/10 ; g\OT1/cmr/m/n/10 (\OML/cmm/m/it/10 g\OT1/cmr/
m/n/10 (\OML/cmm/m/it/10 w; w\OT1/cmr/m/n/10 )\OML/cmm/m/it/10 ; g\OT1/cmr/m/n/
10 (\OML/cmm/m/it/10 w; w\OT1/cmr/m/n/10 )))))$ 
 []



[354]
Overfull \hbox (38.25pt too wide) in paragraph at lines 9438--9438
[]    \TU/lmtt/m/n/10 write([]Farmer and wolf from []), write(X), write([] to [
]), write(Y),nl.[] 
 []


Overfull \hbox (33.0pt too wide) in paragraph at lines 9440--9440
[]    \TU/lmtt/m/n/10 write([]Farmer and goat from []),write(X),write([] to [])
, write(Y), nl.[] 
 []


Overfull \hbox (48.75pt too wide) in paragraph at lines 9442--9442
[]    \TU/lmtt/m/n/10 write([]Farmer and cabbage from []),write(X),write([] to 
[]), write(Y), nl.[] 
 []


Underfull \hbox (badness 10000) in paragraph at lines 9445--9448

 []



[355]
Overfull \hbox (1.5pt too wide) in paragraph at lines 9491--9491
[]\TU/lmtt/m/n/10 fd_domain([Pallmall, Dunhill, Marlboro, Winfield, Rothmanns],
1,5),[] 
 []


Overfull \hbox (17.25pt too wide) in paragraph at lines 9492--9492
[]\TU/lmtt/m/n/10 fd_all_different([Pallmall, Dunhill, Marlboro, Winfield, Roth
manns]),[] 
 []


Overfull \hbox (27.75pt too wide) in paragraph at lines 9497--9497
[]\TU/lmtt/m/n/10 Green #= White - 1, % The green house is to the left of the w
hite house[] 
 []


Overfull \hbox (6.75pt too wide) in paragraph at lines 9503--9503
[]\TU/lmtt/m/n/10 dist(Marlboro,Cat)#= 1, % The Marlboro smoker lives next to t
he cat[] 
 []


Overfull \hbox (90.75pt too wide) in paragraph at lines 9504--9504
[]\TU/lmtt/m/n/10 dist(Horse,Dunhill) #= 1, % The man with the horse lives next
 to the Dunhill smoker[] 
 []


Overfull \hbox (27.75pt too wide) in paragraph at lines 9506--9506
[]\TU/lmtt/m/n/10 dist(Norwegian,Blue) #= 1, % The Norwegian lives next to the 
blue house[] 
 []


Overfull \hbox (33.0pt too wide) in paragraph at lines 9508--9508
[]\TU/lmtt/m/n/10 dist (Marlboro,Water)#=1, % The Marlboro smoker[]s neighbor d
rinks water.[] 
 []



[356]
Overfull \hbox (7.09969pt too wide) in paragraph at lines 9524--9527
\TU/Georgia(0)/m/n/10 (b) Here the calculation is not so simple because the roo
t node of the tree branches
 []


Overfull \hbox (12.0pt too wide) in paragraph at lines 9540--9540
[]\TU/lmtt/m/n/10 BreadthFirstSearch[Node_, Goal_, Depth_] := Module[{i, NewNod
es={}},[] 
 []



[357]
File: ./images/smile-a5b4365e249642a1a4b64ae1b931ae94f547669f.png Graphic file 
(type bmp)
<./images/smile-a5b4365e249642a1a4b64ae1b931ae94f547669f.png>
File: ./images/2025_05_12_af19cd5e0d1b8a465ffeg-324.jpg Graphic file (type bmp)

<./images/2025_05_12_af19cd5e0d1b8a465ffeg-324.jpg>


[358]
Overfull \hbox (8.01268pt too wide) in paragraph at lines 9591--9592
[]\TU/Georgia(0)/m/n/10 According to Definition 7.1 on page 127: $\OML/cmm/m/it
/10 A[] \OMS/cmsy/m/n/10 _ [] _ \OML/cmm/m/it/10 A[] \OT1/cmr/m/n/10 = 
$ \TU/Georgia(0)/m/n/10 and $[][] \OML/cmm/m/it/10 P [] \OT1/cmr/m/n/10 =$
 []


Overfull \hbox (0.53604pt too wide) detected at line 9609
[][]
 []



[359]
File: ./images/2025_05_12_af19cd5e0d1b8a465ffeg-325.jpg Graphic file (type bmp)

<./images/2025_05_12_af19cd5e0d1b8a465ffeg-325.jpg>

Overfull \hbox (10.02933pt too wide) in paragraph at lines 9650--9651
[]\TU/Georgia(0)/m/n/10 Exercise 7.5 The Lagrange function reads $\OML/cmm/m/it
/10 L \OT1/cmr/m/n/10 = \OMS/cmsy/m/n/10 ^^@ [][] \OML/cmm/m/it/10 p[] [] p[] \
OT1/cmr/m/n/10 + \OML/cmm/m/it/10 ^^U []$\TU/Georgia(0)/m/n/10 .
 []



[360]
Overfull \hbox (10.06122pt too wide) in paragraph at lines 9669--9671
[]\TU/Georgia(0)/m/n/10 Exercise 7.7 If: $\OML/cmm/m/it/10 p[] \OT1/cmr/m/n/10 
= \OML/cmm/m/it/10 P\OT1/cmr/m/n/10 (\OML/cmm/m/it/10 A; B\OT1/cmr/m/n/10 )\OML
/cmm/m/it/10 ; p[] \OT1/cmr/m/n/10 = \OML/cmm/m/it/10 P\OT1/cmr/m/n/10 (\OML/cm
m/m/it/10 A; \OMS/cmsy/m/n/10 :\OML/cmm/m/it/10 B\OT1/cmr/m/n/10 )\OML/cmm/m/it
/10 ; p[] \OT1/cmr/m/n/10 = \OML/cmm/m/it/10 P\OT1/cmr/m/n/10 (\OMS/cmsy/m/n/10
 :\OML/cmm/m/it/10 A; B\OT1/cmr/m/n/10 )\OML/cmm/m/it/10 ; p[] \OT1/cmr/m/n/10 
= \OML/cmm/m/it/10 P\OT1/cmr/m/n/10 (\OMS/cmsy/m/n/10 :\OML/cmm/m/it/10 A; \OMS
/cmsy/m/n/10 :\OML/cmm/m/it/10 B\OT1/cmr/m/n/10 )$ 
 []


Overfull \hbox (3.22636pt too wide) detected at line 9696
\OML/cmm/m/it/10 L \OT1/cmr/m/n/10 = \OMS/cmsy/m/n/10 ^^@ [] \OML/cmm/m/it/10 p
[] [] p[] \OT1/cmr/m/n/10 + \OML/cmm/m/it/10 ^^U[] [] \OT1/cmr/m/n/10 + \OML/cm
m/m/it/10 ^^U[] [] \OT1/cmr/m/n/10 + \OML/cmm/m/it/10 ^^U[] []
 []



[361]

[362]
Overfull \hbox (9.8864pt too wide) detected at line 9800
[][]
 []


Overfull \hbox (35.90932pt too wide) detected at line 9815
[][]
 []



[363]
File: ./images/2025_05_12_af19cd5e0d1b8a465ffeg-330.jpg Graphic file (type bmp)

<./images/2025_05_12_af19cd5e0d1b8a465ffeg-330.jpg>


[364]
File: ./images/2025_05_12_af19cd5e0d1b8a465ffeg-330(1).jpg Graphic file (type b
mp)
<./images/2025_05_12_af19cd5e0d1b8a465ffeg-330(1).jpg>

Underfull \hbox (badness 10000) in paragraph at lines 9886--9886

 []


Overfull \hbox (56.08052pt too wide) in paragraph at lines 9889--9892
\TU/Georgia(0)/m/n/10 Exercise 8.1 (a) The agent is a function $\OML/cmm/m/it/1
0 A$\TU/Georgia(0)/m/n/10 , which maps the vector $[]$
 []



[365]

[366]
File: ./images/2025_05_12_af19cd5e0d1b8a465ffeg-331.jpg Graphic file (type bmp)

<./images/2025_05_12_af19cd5e0d1b8a465ffeg-331.jpg>


[367]
Underfull \hbox (badness 10000) in paragraph at lines 9937--9940

 []

File: ./images/2025_05_12_af19cd5e0d1b8a465ffeg-332.jpg Graphic file (type bmp)

<./images/2025_05_12_af19cd5e0d1b8a465ffeg-332.jpg>
File: ./images/2025_05_12_af19cd5e0d1b8a465ffeg-332(1).jpg Graphic file (type b
mp)
<./images/2025_05_12_af19cd5e0d1b8a465ffeg-332(1).jpg>


[368]
Overfull \hbox (13.82681pt too wide) in paragraph at lines 9970--9971
[]\TU/Georgia(0)/m/n/10 Exercise $\OT1/cmr/m/n/10 8\OML/cmm/m/it/10 :\OT1/cmr/m
/n/10 10 [][] \OML/cmm/m/it/10 x [][] x \OT1/cmr/m/n/10 = [][] [] = [][] [] = [
][] [] =
 []


Underfull \vbox (badness 10000) has occurred while \output is active []



[369]
Overfull \hbox (111.35109pt too wide) in paragraph at lines 9992--10013
 [] 
 []


Overfull \hbox (43.00858pt too wide) in paragraph at lines 10026--10027
\OML/cmm/m/it/10 x[] \OMS/cmsy/m/n/10 ^^T \OT1/cmr/m/n/10 3$ \TU/Georgia(0)/m/n
/10 the classification is not unique. We calculate $ \OML/cmm/m/it/10 G [] \OT1
/cmr/m/n/10 = 0\OML/cmm/m/it/10 :\OT1/cmr/m/n/10 322\OML/cmm/m/it/10 ;  G []$\T
U/Georgia(0)/m/n/10 ,
 []


Overfull \hbox (122.25pt too wide) in paragraph at lines 10042--10042
[]\TU/lmtt/m/n/10 (a) $100 \%$ for the training data, $75 \%$ for the test data
, $90 \%$ total correctness.[] 
 []



[370]
Overfull \hbox (321.75pt too wide) in paragraph at lines 10045--10045
[]\TU/lmtt/m/n/10 ![](https://cdn.mathpix.com/cropped/2025_05_12_af19cd5e0d1b8a
465ffeg-334.jpg?height=98&width=161&top_left_y=918&top_left_x=249)[] 
 []


Overfull \hbox (143.25pt too wide) in paragraph at lines 10055--10055
[]\TU/lmtt/m/n/10 (a) Equation (8.7) on page 203 for calculating the informatio
n gain of an attribute $A$ reads[] 
 []


Overfull \hbox (185.25pt too wide) in paragraph at lines 10057--10057
[]\TU/lmtt/m/n/10 \operatorname{InfoGain}(D, A)=H(D)-\sum_{i=1}^{n} \frac{\left
|D_{i}\right|}{|D|} H\left(D_{i}\right),[] 
 []


Overfull \hbox (1592.25pt too wide) in paragraph at lines 10059--10059
[]\TU/lmtt/m/n/10 where $n$ is the number of the values of the currently observ
ed attribute. If the attribute $A$ is tested somewhere in the subtree as a succ
essor of the value $a_{j}$, then only the value $A=a_{j}$ will occur in the dat
aset $D_{j}$ and each of its subsets $D^{\prime}$. Thus $D^{\prime}=D_{j}^{\pri
me}$ and for all $k \neq j,\left|D_{k}^{\prime}\right|=0$ and we obtain[] 
 []


Overfull \hbox (1345.5pt too wide) in paragraph at lines 10061--10061
[]\TU/lmtt/m/n/10 \operatorname{InfoGain}\left(\mathrm{D}^{\prime}, \mathrm{A}\
right)=H\left(D^{\prime}\right)-\sum_{i=1}^{n} \frac{\left|D_{i}^{\prime}\right
|}{\left|D^{\prime}\right|} H\left(D_{i}^{\prime}\right)=H\left(D_{j}^{\prime}\
right)-\frac{\left|D_{j}^{\prime}\right|}{\left|D_{j}^{\prime}\right|} H\left(D
_{j}^{\prime}\right)=0 .[] 
 []


Overfull \hbox (174.75pt too wide) in paragraph at lines 10064--10064
[]\TU/lmtt/m/n/10 The repeated attribute thus has an information gain of zero, 
because of which it is no longer used.[] 
 []


Overfull \hbox (2322.0pt too wide) in paragraph at lines 10065--10065
[]\TU/lmtt/m/n/10 (b) From every continuous attribute $A$ a binary attribute $A
>\Theta_{D, A}$ is generated. If, further down in the tree, the attribute $A$ i
s discretized again with a different threshold $\Theta_{D^{\prime}, A}$, then t
he attribute $A>\Theta_{D^{\prime}, A}$ is different from $A>\Theta_{D, A}$. If
 it then has a higher information gain than all other attributes, it will be us
ed in the tree. However, this also means that for multiple occurrences of a con
tinuous attribute, the thresholds must be different.[] 
 []



[371]
Overfull \hbox (311.25pt too wide) in paragraph at lines 10093--10093
[]\TU/lmtt/m/n/10 (c) The necessary CPTs for $P(P r e c \mid S k y, B a r)$ and
 $P(B a r \mid S k y)$, as well as $P(S k y)$ are already known.[] 
 []


Overfull \hbox (22.5pt too wide) in paragraph at lines 10094--10094
[]\TU/lmtt/m/n/10 (d) $\boldsymbol{P}_{a}=(0.37,0.065,0.095,0.12,0.11,0.13,0.02
3,0.092)$[] 
 []


Overfull \hbox (106.5pt too wide) in paragraph at lines 10096--10096
[]\TU/lmtt/m/n/10 $\boldsymbol{P}=(0.4,0.07,0.08,0.1,0.09,0.11,0.03,0.12) \quad
$ (original distribution)[] 
 []


Overfull \hbox (426.75pt too wide) in paragraph at lines 10097--10097
[]\TU/lmtt/m/n/10 Quadratic distance: $d_{q}\left(\boldsymbol{P}_{a}, \boldsymb
ol{P}\right)=0.0029, \quad d_{q}\left(\boldsymbol{P}_{b}, \boldsymbol{P}\right)
=0.014$[] 
 []


Overfull \hbox (437.25pt too wide) in paragraph at lines 10098--10098
[]\TU/lmtt/m/n/10 Kullback-Leibler dist.: $d_{k}\left(\boldsymbol{P}_{a}, \bold
symbol{P}\right)=0.017, \quad d_{k}\left(\boldsymbol{P}_{b}, \boldsymbol{P}\rig
ht)=0.09$[] 
 []


Overfull \hbox (1046.25pt too wide) in paragraph at lines 10099--10099
[]\TU/lmtt/m/n/10 Both distance metrics show that the network (a) approximates 
the distribution better than network (b). This means that the assumption that P
rec and Sky are conditionally independent given Bar is less likely true than th
e assumption that Sky and Bar are independent.[] 
 []


Overfull \hbox (1067.25pt too wide) in paragraph at lines 10100--10100
[]\TU/lmtt/m/n/10 (e) $\boldsymbol{P}_{c}=(0.4,0.07,0.08,0.1,0.09,0.11,0.03,0.1
2)$. This distribution is exactly equal to the original distribution $\boldsymb
ol{P}$. This is not surprising because there are no missing edges in the networ
k. This means that no independencies were assumed.[] 
 []


Overfull \hbox (2301.0pt too wide) in paragraph at lines 10102--10102
[]\TU/lmtt/m/n/10 Exercise 8.17 We can immediately see that scores and perceptr
ons are equivalent by comparing their definitions. Now for the equivalence to n
aive Bayes: First we establish that $P\left(K \mid S_{1}, \ldots, S_{n}\right)>
1 / 2$ is equivalent to $P\left(K \mid S_{1}, \ldots, S_{n}\right)>$ $P\left(\n
eg K \mid S_{1}, \ldots, S_{n}\right)$ because $P\left(\neg K \mid S_{1}, \ldot
s, S_{n}\right)>1-P\left(K \mid S_{1}, \ldots, S_{n}\right)$. We are in fact de
aling with a binary naive Bayes classifier here.[] 
 []


Overfull \hbox (516.0pt too wide) in paragraph at lines 10106--10106
[]\TU/lmtt/m/n/10 P\left(K \mid S_{1}, \ldots, S_{n}\right)=\frac{P\left(S_{1} 
\mid K\right) \cdots \cdots P\left(S_{n} \mid K\right) \cdot P(K)}{P\left(S_{1}
, \ldots, S_{n}\right)},[] 
 []


Overfull \hbox (353.25pt too wide) in paragraph at lines 10111--10111
[]\TU/lmtt/m/n/10 \log P\left(K \mid S_{1}, \ldots, S_{n}\right)= & \log P\left
(S_{1} \mid K\right)+\cdots+\log P\left(S_{n} \mid K\right)+\log P(K) \\[] 
 []


Overfull \hbox (405.75pt too wide) in paragraph at lines 10116--10116
[]\TU/lmtt/m/n/10 To obtain a score, we must interpret the variables $S_{1}, \l
dots, S_{n}$ as numeric variables with the values 1 and 0 . We can easily see t
hat[] 
 []


Overfull \hbox (453.0pt too wide) in paragraph at lines 10118--10118
[]\TU/lmtt/m/n/10 \log P\left(S_{i} \mid K\right)=\left(\log P\left(S_{i}=1 \mi
d K\right)-\log P\left(S_{i}=0 \mid K\right)\right) S_{i}+\log P\left(S_{i}=0 \
mid K\right)[] 
 []


Overfull \hbox (458.25pt too wide) in paragraph at lines 10124--10124
[]\TU/lmtt/m/n/10 \sum_{i=1}^{n} \log P\left(S_{i} \mid K\right)= & \sum_{i=1}^
{n}\left(\log P\left(S_{i}=1 \mid K\right)-\log P\left(S_{i}=0 \mid K\right)\ri
ght) S_{i} \\[] 
 []


Overfull \hbox (516.0pt too wide) in paragraph at lines 10129--10129
[]\TU/lmtt/m/n/10 Now we define $w_{i}=\log P\left(S_{i}=1 \mid K\right)-\log P
\left(S_{i}=0 \mid K\right)$ and $c=\sum_{i=1}^{n} \log P\left(S_{i}=\right.$ $
0 \mid K$ ) and simplify[] 
 []


Overfull \hbox (59.25pt too wide) in paragraph at lines 10131--10131
[]\TU/lmtt/m/n/10 \sum_{i=1}^{n} \log P\left(S_{i} \mid K\right)=\sum_{i=1}^{n}
 w_{i} S_{i}+c .[] 
 []



[372]
Overfull \hbox (311.25pt too wide) in paragraph at lines 10136--10136
[]\TU/lmtt/m/n/10 \log P\left(K \mid S_{1}, \ldots, S_{n}\right)=\sum_{i=1}^{n}
 w_{i} S_{i}+c+\log P(K)-\log P\left(S_{1}, \ldots, S_{n}\right)[] 
 []


Overfull \hbox (699.75pt too wide) in paragraph at lines 10139--10139
[]\TU/lmtt/m/n/10 For the decision $K$ it must be the case, according to the de
finition of the Bayes classifier, that $\log P\left(K \mid S_{1}, \ldots, S_{n}
\right)>\log (1 / 2)$. Thus it must either be the case that[] 
 []


Overfull \hbox (132.75pt too wide) in paragraph at lines 10141--10141
[]\TU/lmtt/m/n/10 \sum_{i=1}^{n} w_{i} S_{i}+c+\log P(K)-\log P\left(S_{1}, \ld
ots, S_{n}\right)>\log (1 / 2)[] 
 []


Overfull \hbox (122.25pt too wide) in paragraph at lines 10145--10145
[]\TU/lmtt/m/n/10 \sum_{i=1}^{n} w_{i} S_{i}>\log 1 / 2-c-\log P(K)+\log P\left
(S_{1}, \ldots, S_{n}\right)[] 
 []


Overfull \hbox (1146.0pt too wide) in paragraph at lines 10147--10147
[]\TU/lmtt/m/n/10 with which we have defined a score with the threshold $\Theta
=\log 1 / 2-c-\log P(K)+$ $\log P\left(S_{1}, \ldots, S_{n}\right)$. Because al
l of the transformations can be reversed, we can also transform any score into 
a Bayesian classifier. With that, the equivalence has been shown.[] 
 []


Overfull \hbox (6.75pt too wide) in paragraph at lines 10149--10149
[]\TU/lmtt/m/n/10 Exercise 8.18 Taking the logarithm of (8.10) on page 222 resu
lts in[] 
 []


Overfull \hbox (264.0pt too wide) in paragraph at lines 10151--10151
[]\TU/lmtt/m/n/10 \log P\left(I \mid s_{1}, \ldots, s_{n}\right)=\log c+\log P(
I)+\sum_{i=1}^{l} n_{i} \log P\left(w_{i} \mid I\right)[] 
 []


Overfull \hbox (579.0pt too wide) in paragraph at lines 10154--10154
[]\TU/lmtt/m/n/10 Thereby very small negative numbers become moderate negative 
numbers. Since the logarithm function grows monotonically, to determine the cla
ss we maximize according to the rule[] 
 []


Overfull \hbox (279.75pt too wide) in paragraph at lines 10156--10156
[]\TU/lmtt/m/n/10 I_{\text {Naive-Bayes }}=\underset{I \in\{w, f\}}{\operatorna
me{argmax}} \log P\left(I \mid s_{1}, \ldots, s_{n}\right)[] 
 []


Overfull \hbox (1009.5pt too wide) in paragraph at lines 10159--10159
[]\TU/lmtt/m/n/10 The disadvantage of this method is the somewhat longer comput
ation time in the learning phase for large texts. During classification the tim
e does not increase, because the values $\log P\left(I \mid s_{1}, \ldots, s_{n
}\right)$ can be saved during learning.[] 
 []


Overfull \hbox (2211.75pt too wide) in paragraph at lines 10161--10161
[]\TU/lmtt/m/n/10 Exercise 8.20 Let $f$ be strictly monotonically increasing, t
hat is, $\forall x, y x<y \Rightarrow$ $f(x)<f(y)$. If now $d_{1}(s, t)<d_{1}(u
, v)$, then clearly $d_{2}(s, t)=f\left(d_{1}(s, t)\right)<f\left(d_{1}(u, v)\r
ight)=$ $d_{2}(u, v)$. Because the inverse of $f$ is also strictly monotonic, t
he reverse is true, that is, $d_{2}(s, t)<d_{2}(u, v) \Rightarrow d_{1}(s, t)<d
_{1}(u, v)$. Thus it has been shown that $d_{2}(s, t)<$ $d_{2}(u, v) \Leftright
arrow d_{1}(s, t)<d_{1}(u, v)$.[] 
 []


Overfull \hbox (206.25pt too wide) in paragraph at lines 10166--10166
[]\TU/lmtt/m/n/10 x_{1} x_{2}=4, & \text { and thus } & d_{s}\left(x_{1}, x_{2}
\right)=\frac{\sqrt{23 \cdot 26}}{4}=6.11 \\[] 
 []


Overfull \hbox (206.25pt too wide) in paragraph at lines 10167--10167
[]\TU/lmtt/m/n/10 x_{2} x_{3}=2, & \text { and thus } & d_{s}\left(x_{2}, x_{3}
\right)=\frac{\sqrt{26 \cdot 20}}{2}=11.4 \\[] 
 []


Overfull \hbox (190.5pt too wide) in paragraph at lines 10168--10168
[]\TU/lmtt/m/n/10 x_{1} x_{3}=1, & \text { and thus } & d_{s}\left(x_{1}, x_{3}
\right)=\frac{\sqrt{23 \cdot 20}}{1}=21.4[] 
 []


Overfull \hbox (22.5pt too wide) in paragraph at lines 10172--10172
[]\TU/lmtt/m/n/10 Sentences 1 and 2 are most similar w.r.t. the distance metric
 $d_{s}$.[] 
 []


Overfull \hbox (358.5pt too wide) in paragraph at lines 10180--10180
[]\TU/lmtt/m/n/10 & f(\Theta+x)=\frac{1}{1+e^{-\frac{x}{T}}}=\frac{e^{\frac{x}{
T}}}{1+e^{\frac{x}{T}}}, \quad f(\Theta-x)=\frac{1}{1+e^{\frac{x}{T}}} \\[] 
 []



[373]
Overfull \hbox (3393.0pt too wide) in paragraph at lines 10185--10185
[]\TU/lmtt/m/n/10 Exercise 9.3 Each pattern saved in the network has a size of 
$n$ bits. The network has a total of $n(n-1) / 2$ weights. If we reserve 16 bit
s per weight and define binary storage of size $16 n(n-1) / 2$ as equally large
, then this can clearly store $N=8 n(n-1) /$ $n=4(n-1)$ patterns $n$ bits in si
ze. For large $n$ we obtain $N=4 n$ as the limit. If we take the quotient $\alp
ha$ of the number of storable bits and the number of available storage cells, a
s in (9.11) on page 260, then we obtain the value 1 for the list memory and the
 value $\alpha=0.146 n^{2} /(16 n(n-1) / 2) \approx 0.018$ for the Hopfield net
work. The classical storage thus has (for 16 bits per weight), a capacity rough
ly 55 times higher.[] 
 []


Overfull \hbox (332.25pt too wide) in paragraph at lines 10205--10205
[]\TU/lmtt/m/n/10 ![](https://cdn.mathpix.com/cropped/2025_05_12_af19cd5e0d1b8a
465ffeg-338.jpg?height=401&width=1115&top_left_y=662&top_left_x=170)[] 
 []


Overfull \hbox (1298.25pt too wide) in paragraph at lines 10213--10213
[]\TU/lmtt/m/n/10 (a) A mapping $f$ is called linear if for all $x, y, k$ it is
 the case that $f(x+y)=f(x)+$ $f(y)$ and $f(k x)=k f(x)$. Now let $f$ and $g$ b
e linear mappings. Then $f(g(x+y))=$ $f(g(x)+g(y))=f(g(x))+f(g(y))$ and $f(g(k 
x))=f(k g(x))=k f(g(x))$. Thus, successive executions of linear mappings are a 
linear mapping.[] 
 []


Overfull \hbox (2778.75pt too wide) in paragraph at lines 10214--10214
[]\TU/lmtt/m/n/10 (b) We observe two arbitrary output neurons $j$ and $k$. Each
 of the two represent a class. Classification is done by forming the maximum of
 the two activations. Let $n e t_{j}=\sum_{i} w_{j i} x_{i}$ and $n e t_{k}=\su
m_{i} w_{k i} x_{i}$ be the weighted sum of values arriving at neurons $j$ and 
$k$. Furthermore, let $n e t_{j}>n e t_{k}$. Without an activation function, cl
ass $j$ is output. Now if a strictly monotonic activation function $f$ is appli
ed, nothing changes in the result because, due to the function being strictly m
onotonic, $f\left(n e t_{j}\right)>f\left(n e t_{k}\right)$.[] 
 []


Overfull \hbox (631.5pt too wide) in paragraph at lines 10216--10216
[]\TU/lmtt/m/n/10 Exercise $9.8 f_{1}\left(x_{1}, x_{2}\right)=x_{1}^{2}, \quad
 f_{2}\left(x_{1}, x_{2}\right)=x_{2}^{2}$. Then the dividing line in the trans
formed space has the equation $y_{1}+y_{2}=1$.[] 
 []


Overfull \hbox (321.75pt too wide) in paragraph at lines 10224--10224
[]\TU/lmtt/m/n/10 ![](https://cdn.mathpix.com/cropped/2025_05_12_af19cd5e0d1b8a
465ffeg-339.jpg?height=74&width=181&top_left_y=399&top_left_x=240)[] 
 []


Overfull \hbox (327.0pt too wide) in paragraph at lines 10226--10226
[]\TU/lmtt/m/n/10 ![](https://cdn.mathpix.com/cropped/2025_05_12_af19cd5e0d1b8a
465ffeg-339.jpg?height=132&width=685&top_left_y=351&top_left_x=540)[] 
 []


Overfull \hbox (652.5pt too wide) in paragraph at lines 10228--10228
[]\TU/lmtt/m/n/10 Exercise 10.2 Value iteration yields the sequence of value ta
bles below. Depending on the order of value updates, the intermediate configura
tions may differ, but not the final configuration.[] 
 []



[374]
Overfull \hbox (6.75pt too wide) in paragraph at lines 10241--10241
[]\TU/lmtt/m/n/10 \end{tabular}$\rightarrow \cdots \rightarrow$\begin{tabular}{
|l|l|}[] 
 []


Overfull \hbox (43.5pt too wide) in paragraph at lines 10252--10252
[]\TU/lmtt/m/n/10 \hline 2 & 0 $0 \quad 0$ 0 & 0 00 0 & 0 00 0 & 0 00 0 & 0 00 
0 & 0 00 0 \\[] 
 []


Overfull \hbox (43.5pt too wide) in paragraph at lines 10253--10253
[]\TU/lmtt/m/n/10 \hline 3 & 0 $0 \quad 0$ 0 & 0 00 0 & 0 00 0 & 0 00 0 & 0 00 
0 & 0 00 0 \\[] 
 []


Overfull \hbox (264.0pt too wide) in paragraph at lines 10254--10254
[]\TU/lmtt/m/n/10 \hline 4 & 0 $1 \quad-1$ & 0 $10^{-1}$ 0 & 0 $1 \quad-1$ & 0 
$10^{-1}$ & 0 $1 \quad-1$ 0 & 0 ${ }_{0}^{1} 0^{-1}$ \\[] 
 []


Overfull \hbox (248.25pt too wide) in paragraph at lines 10256--10256
[]\TU/lmtt/m/n/10 \hline 6 & $1 \quad-1$ 0 & ${ }^{1} 0^{-1}$ - & -- & 0 ${ }_{
0}^{1} 0^{-1}$ & 0 1000 & 0 ${ }_{0}^{1}{ }^{-1}$ \\[] 
 []


Overfull \hbox (327.0pt too wide) in paragraph at lines 10260--10260
[]\TU/lmtt/m/n/10 ![](https://cdn.mathpix.com/cropped/2025_05_12_af19cd5e0d1b8a
465ffeg-339.jpg?height=313&width=541&top_left_y=941&top_left_x=805)[] 
 []


Overfull \hbox (1177.5pt too wide) in paragraph at lines 10262--10262
[]\TU/lmtt/m/n/10 (d) We see that the longer a policy becomes (i.e., the more s
teps, for example, that a cycle of a cyclical strategy has), the closer the val
ue $\gamma$ must be to 1 because a higher value for $\gamma$ makes a longer mem
ory possible. However, value iteration converges that much more slowly.[] 
 []


Overfull \hbox (174.75pt too wide) in paragraph at lines 10264--10264
[]\TU/lmtt/m/n/10 Exercise 10.4 The value $V^{\star}(3,3)$ at bottom right in t
he state matrix is changed as follows:[] 
 []


Overfull \hbox (253.5pt too wide) in paragraph at lines 10267--10267
[]\TU/lmtt/m/n/10 V^{\star}(3,1)=0.9 V^{\star}(2,1)=0.9^{2} V^{\star}(2,2)=0.9^
{3} V^{\star}(2,3)=0.9^{4} V^{\star}(3,3) \tag{11.19}[] 
 []


Overfull \hbox (526.5pt too wide) in paragraph at lines 10271--10271
[]\TU/lmtt/m/n/10 This chain of equations follows from (10.6) on page 295 becau
se, for all given state transitions, the maximum immediate reward is $r(s, a)=0
$, and it is the case that[] 
 []


Overfull \hbox (358.5pt too wide) in paragraph at lines 10273--10273
[]\TU/lmtt/m/n/10 V^{\star}(s)=\max _{a}\left[r(s, a)+\gamma V^{\star}(\delta(s
, a))\right]=\gamma V^{\star}(\delta(s, a))=0.9 V^{\star}(\delta(s, a)) .[] 
 []


Overfull \hbox (1849.5pt too wide) in paragraph at lines 10276--10276
[]\TU/lmtt/m/n/10 From (10.6) on page 295 it also follows that $V^{\star}(3,2)=
1+0.9 V^{\star}(3,1)$, because $r(s, a)=1$ is maximal. Analogously it is true t
hat $V^{\star}(3,3)=1+0.9 V^{\star}(3,2)$ and the circle closes. The two last e
quations together yield $V^{\star}(3,3)=1+0.9(1+0.9$ $V^{\star}(3,1)$ ). From (
11.19) on page 337 it follows that $V^{\star}(3,1)=0.9^{4} V^{\star}(3,3)$. Sub
stituted in $V^{\star}(3,3)$, this yields[] 
 []



[375]
Overfull \hbox (489.75pt too wide) in paragraph at lines 10292--10292
[]\TU/lmtt/m/n/10 \hline & ![](https://cdn.mathpix.com/cropped/2025_05_12_af19c
d5e0d1b8a465ffeg-340.jpg?height=74\&width=85\&top_left_y=826\&top_left_x=843) &
 \begin{tabular}{l}[] 
 []


Overfull \hbox (332.25pt too wide) in paragraph at lines 10298--10298
[]\TU/lmtt/m/n/10 ![](https://cdn.mathpix.com/cropped/2025_05_12_af19cd5e0d1b8a
465ffeg-340.jpg?height=267&width=270&top_left_y=657&top_left_x=1076)[] 
 []


Overfull \hbox (432.0pt too wide) in paragraph at lines 10301--10301
[]\TU/lmtt/m/n/10 (a) Number of states $=\ell^{n}$. Number of actions per state
 $=\ell^{n}$. Number of policies $=\left(\ell^{n}\right)^{\ell^{n}}=\ell^{n \el
l^{n}}$.[] 
 []


Overfull \hbox (90.75pt too wide) in paragraph at lines 10306--10306
[]\TU/lmtt/m/n/10 \hline $n=2$ & 1 & 256 & $3.9 \times 10^{8}$ & $1.8 \times 10
^{19}$ & $10^{200}$ \\[] 
 []


Overfull \hbox (190.5pt too wide) in paragraph at lines 10307--10307
[]\TU/lmtt/m/n/10 \hline $n=3$ & 1 & $1.7 \times 10^{7}$ & $4.4 \times 10^{38}$
 & $3.9 \times 10^{115}$ & $10^{3000}$ \\[] 
 []


Overfull \hbox (206.25pt too wide) in paragraph at lines 10308--10308
[]\TU/lmtt/m/n/10 \hline $n=4$ & 1 & $1.8 \times 10^{19}$ & $3.9 \times 10^{154
}$ & $3.2 \times 10^{616}$ & $10^{40000}$ \\[] 
 []


Overfull \hbox (258.75pt too wide) in paragraph at lines 10309--10309
[]\TU/lmtt/m/n/10 \hline $n=8$ & 1 & $3.2 \times 10^{616}$ & $1.4 \times 10^{25
043}$ & $6.7 \times 10^{315652}$ & $10^{800000000}$ \\[] 
 []


Overfull \hbox (153.75pt too wide) in paragraph at lines 10312--10312
[]\TU/lmtt/m/n/10 (c) Per state there are now $2 n$ possible actions. Thus ther
e are $(2 n)^{\ell^{n}}$ policies.[] 
 []


Overfull \hbox (138.0pt too wide) in paragraph at lines 10316--10316
[]\TU/lmtt/m/n/10 \hline $n=2$ & 4 & 256 & $2.6 \times 10^{9}$ & $4.3 \times 10
^{9}$ & $1.6 \times 10^{60}$ \\[] 
 []


Overfull \hbox (237.75pt too wide) in paragraph at lines 10317--10317
[]\TU/lmtt/m/n/10 \hline $n=3$ & 6 & $1.7 \times 10^{6}$ & $1.0 \times 10^{21}$
 & $6.3 \times 10^{49}$ & $1.4 \times 10^{778}$ \\[] 
 []


Overfull \hbox (253.5pt too wide) in paragraph at lines 10318--10318
[]\TU/lmtt/m/n/10 \hline $n=4$ & 8 & $2.8 \times 10^{14}$ & $1.4 \times 10^{73}
$ & $1.6 \times 10^{231}$ & $7.9 \times 10^{9030}$ \\[] 
 []


Overfull \hbox (311.25pt too wide) in paragraph at lines 10319--10319
[]\TU/lmtt/m/n/10 \hline $n=8$ & 16 & $1.8 \times 10^{308}$ & $1.7 \times 10^{7
900}$ & $1.6 \times 10^{78913}$ & $1.8 \times 10^{120411998}$ \\[] 
 []


Overfull \hbox (999.0pt too wide) in paragraph at lines 10322--10322
[]\TU/lmtt/m/n/10 (d) $10^{120411998}$ different policies can never be explored
 combinatorially, even if all of the available computers in the world were to o
perate on them in parallel. Thus "intelligent" algorithms are necessary to find
 an optimal or nearly optimal policy.[] 
 []



[376]
Overfull \hbox (290.25pt too wide) in paragraph at lines 10325--10325
[]\TU/lmtt/m/n/10 [\\cite{rlfd2009survey}] A survey of robot learning from demo
nstration. Robotics and Autonomous Systems, 57:469-483, 2009[] 
 []


Overfull \hbox (332.25pt too wide) in paragraph at lines 10326--10326
[]\TU/lmtt/m/n/10 [\\cite{adams1975logic}] E.W. Adams. The Logic of Conditional
s, volume 86 of Synthese Library. D. Reidel Publishing Company, 1975[] 
 []


Overfull \hbox (164.25pt too wide) in paragraph at lines 10327--10327
[]\TU/lmtt/m/n/10 [\\cite{alpaydin2004introduction}] E. Alpaydin. Introduction 
to Machine Learning. MIT Press, 2004[] 
 []


Overfull \hbox (936.0pt too wide) in paragraph at lines 10328--10328
[]\TU/lmtt/m/n/10 [\\cite{andersen1989hugin}] S. K. Andersen, K. G. Olesen, F. 
V. Jensen, and F. Jensen. HUGIN - A Shell for Building Bayesian Belief Universe
s for Expert Systems. In Proc. of the 11th Intl. Joint Conf. on Artificial Inte
lligence (IJCAI-89), 1989[] 
 []


Overfull \hbox (547.5pt too wide) in paragraph at lines 10329--10329
[]\TU/lmtt/m/n/10 [\\cite{anderson1990neurocomputingv2}] J. Anderson, A. Pellio
nisz, and E. Rosenfeld. Neurocomputing (vol. 2): directions for research. MIT P
ress, Cambridge, MA, USA, 1990[] 
 []


Overfull \hbox (605.25pt too wide) in paragraph at lines 10330--10330
[]\TU/lmtt/m/n/10 [\\cite{anderson1988neurocomputing}] J. Anderson and E. Rosen
feld. Neurocomputing: Foundations of Research. MIT Press, Cambridge, MA, 1988. 
Collection of fundamental original papers[] 
 []


Overfull \hbox (332.25pt too wide) in paragraph at lines 10331--10331
[]\TU/lmtt/m/n/10 [\\cite{bartak1998online}] R. Bartak. Online guide to constra
int programming. http://kti.ms.mff.cuni.cz/bartak/ constraints, 1998[] 
 []


Overfull \hbox (369.0pt too wide) in paragraph at lines 10332--10332
[]\TU/lmtt/m/n/10 [\\cite{batzill2016optimal}] A. Batzill, Optimal route planni
ng on mobile systems (Masterarbeit, Hochschule Ravensburg-Weingarten, 2016)[] 
 []


Overfull \hbox (741.75pt too wide) in paragraph at lines 10333--10333
[]\TU/lmtt/m/n/10 [\\cite{bergstra2011hyperparameter}] J. Bergstra, R. Bardenet
, Y. Bengio, and B. Kégl. Algorithms for hyper-parameter optimization. In Advan
ces in Neural Information Processing Systems, pages 2546-2554, 2011[] 
 []


Overfull \hbox (768.0pt too wide) in paragraph at lines 10334--10334
[]\TU/lmtt/m/n/10 [\\cite{bickerman2010jazz}] Greg Bickerman, Sam Bosley, Peter
 Swire, and Robert Keller. Learning to create jazz melodies using deep belief n
ets. In First International Conference on Computational Creativity, 2010[] 
 []


Overfull \hbox (736.5pt too wide) in paragraph at lines 10335--10335
[]\TU/lmtt/m/n/10 [\\cite{billard2008rpd}] A. Billard, S. Calinon, R. Dillmann,
 and S. Schaal. Robot programming by demonstration. In B. Siciliano and O. Khat
ib, editors, Handbook of Robotics, pages 1371-1394. Springer, 2008[] 
 []


Overfull \hbox (159.0pt too wide) in paragraph at lines 10336--10336
[]\TU/lmtt/m/n/10 [\\cite{bellman1957dynamic}] R.E. Bellman. Dynamic Programmin
g. Princeton University Press, 1957[] 
 []


Overfull \hbox (573.75pt too wide) in paragraph at lines 10337--10337
[]\TU/lmtt/m/n/10 [\\cite{benenson2016class}] R. Benenson. What is the class of
 this image? http://rodrigob.github.io/are_we_ there_yet/build/classification_d
atasets_results.html, February 2016[] 
 []


Overfull \hbox (222.0pt too wide) in paragraph at lines 10338--10338
[]\TU/lmtt/m/n/10 [\\cite{berrondo1989fallgruben}] M. Berrondo. Fallgruben für 
Kopffüssler. Fischer Taschenbuch Nr. 8703, 1989[] 
 []


Overfull \hbox (358.5pt too wide) in paragraph at lines 10339--10339
[]\TU/lmtt/m/n/10 [\\cite{breiman1984cart}] L. Breiman, J. Friedman, R. A. Olsh
en, and C. J. Stone. Classification and regression trees. Wadsworth, 1984[] 
 []


Overfull \hbox (101.25pt too wide) in paragraph at lines 10340--10340
[]\TU/lmtt/m/n/10 [\\cite{bibel1982automated}] W. Bibel. Automated Theorem Prov
ing. Vieweg Verlag, 1982[] 
 []


Overfull \hbox (222.0pt too wide) in paragraph at lines 10341--10341
[]\TU/lmtt/m/n/10 [\\cite{bishop2005nnpr}] C.M. Bishop. Neural networks for pat
tern recognition. Oxford University Press, 2005[] 
 []


Overfull \hbox (206.25pt too wide) in paragraph at lines 10342--10342
[]\TU/lmtt/m/n/10 [\\cite{bishop2006prml}] C.M. Bishop, Pattern recognition and
 machine learning (Springer, New York, 2006)[] 
 []


Overfull \hbox (594.75pt too wide) in paragraph at lines 10343--10343
[]\TU/lmtt/m/n/10 [\\cite{barros2014oblique}] R.C. Barros, P.A. Jaskowiak, R. C
erri, A.C. de Carvalho, A framework for bottom-up induction of oblique decision
 trees. Neurocomputing 135, 3-12 (2014)[] 
 []


Overfull \hbox (274.5pt too wide) in paragraph at lines 10344--10344
[]\TU/lmtt/m/n/10 [\\cite{beierle2000wissensbasierter}] C. Beierle and G. Kern-
Isberner. Methoden wissensbasierter Systeme. Vieweg, 2000[] 
 []


Overfull \hbox (463.5pt too wide) in paragraph at lines 10345--10345
[]\TU/lmtt/m/n/10 [\\cite{breunig2000lof}] M. Breunig, H.P. Kriegel, R. Ng, J. 
Sander, Lof: identifying density-based local outliers. ACM sigmod record 29(2),
 93-104 (2000)[] 
 []


Overfull \hbox (642.0pt too wide) in paragraph at lines 10346--10346
[]\TU/lmtt/m/n/10 [\\cite{barto2003recent}] A.G. Barto, S. Mahadevan, Recent ad
vances in hierarchical reinforcement learning. Discrete Event Systems, Special 
issue on reinforcement learning 13, 41-77 (2003)[] 
 []


Overfull \hbox (248.25pt too wide) in paragraph at lines 10347--10347
[]\TU/lmtt/m/n/10 [\\cite{braitenberg1984vehicles}] V. Braitenberg. Vehicles - 
Experiments in Synthetic Psychology. MIT Press, 1984[] 
 []


Overfull \hbox (295.5pt too wide) in paragraph at lines 10348--10348
[]\TU/lmtt/m/n/10 [\\cite{brabec2001computergestutzte}] B. Brabec. Computergest
ützte regionale Lawinenprognose. PhD thesis, ETH Zürich, 2001[] 
 []


Overfull \hbox (279.75pt too wide) in paragraph at lines 10349--10349
[]\TU/lmtt/m/n/10 [\\cite{bratko2011prolog}] I. Bratko. PROLOG Programming for 
Artificial Intelligence. Addison-Wesley, 4th edition, 2011[] 
 []


Overfull \hbox (211.5pt too wide) in paragraph at lines 10350--10350
[]\TU/lmtt/m/n/10 [\\cite{britannica1991encyclopedia}] Encyclopedia Britannica.
 Encyclopedia Britannica Verlag, London, 1991[] 
 []


Overfull \hbox (442.5pt too wide) in paragraph at lines 10351--10351
[]\TU/lmtt/m/n/10 [\\cite{burges1998tutorial}] C.J. Burges, A tutorial on suppo
rt vector machines for pattern recognition. Data Min. Knowl. Discov. 2(2), 121-
167 (1998)[] 
 []


Overfull \hbox (153.75pt too wide) in paragraph at lines 10352--10352
[]\TU/lmtt/m/n/10 [\\cite{cadeconference}] CADE: Conference on Automated Deduct
ion. http://www.cadeconference.org[] 
 []


Overfull \hbox (941.25pt too wide) in paragraph at lines 10353--10353
[]\TU/lmtt/m/n/10 [\\cite{cubek2015critical}] R. Cubek, W. Ertel, and G. Palm. 
A critical review on the symbol grounding problem as an issue of autonomous age
nts. In Proceedings of the 38th German Conference on Artificial Intelligence (K
I), Dresden, Germany, 2015[] 
 []


Overfull \hbox (1025.25pt too wide) in paragraph at lines 10354--10354
[]\TU/lmtt/m/n/10 [\\cite{cubek2015high}] R. Cubek, W. Ertel, and G. Palm. High
-level learning from demonstration with conceptual spaces and subspace clusteri
ng. In Proceedings of the 2015 IEEE International Conference on Robotics and Au
tomation (ICRA), Seattle, Washington, 2015[] 
 []


Overfull \hbox (747.0pt too wide) in paragraph at lines 10355--10355
[]\TU/lmtt/m/n/10 [\\cite{cheeseman1983method}] P. Cheeseman. A method for comp
uting generalised bayesian probability values for expert systems. In Proc. of t
he 8th Intl. Joint Conf. on Artificial Intelligence (IJCAI-83), 1983[] 
 []


Overfull \hbox (458.25pt too wide) in paragraph at lines 10356--10356
[]\TU/lmtt/m/n/10 [\\cite{cheeseman1985defense}] P. Cheeseman. In defense of pr
obability. In Proc. of the 9th Intl. Joint Conf. on Artificial Intelligence (IJ
CAI-85), 1985[] 
 []


Overfull \hbox (369.0pt too wide) in paragraph at lines 10357--10357
[]\TU/lmtt/m/n/10 [\\cite{chang1973symbolic}] C.L. Chang, R.C. Lee, Symbolic Lo
gic and Mechanical Theorem Proving (Academic Press, Orlando, Florida, 1973)[] 
 []


Overfull \hbox (600.0pt too wide) in paragraph at lines 10358--10358
[]\TU/lmtt/m/n/10 [\\cite{cleveland1979robust}] W.S. Cleveland, Robust locally 
weighted regression and smoothing scatterplots. Journal of the American Statist
ical Association 74(368), 829-836 (1979)[] 
 []


Overfull \hbox (342.75pt too wide) in paragraph at lines 10359--10359
[]\TU/lmtt/m/n/10 [\\cite{cormen1990introduction}] T. Cormen, Ch. Leiserson, R.
 Rivest, Introduction to Algorithms (MIT Press, Cambridge, Mass, 1990)[] 
 []


Overfull \hbox (395.25pt too wide) in paragraph at lines 10360--10360
[]\TU/lmtt/m/n/10 [\\cite{clocksin1994programming}] W.F. Clocksin, C.S. Mellish
, Programming in Prolog, 4th edn. (Springer, Berlin, Heidelberg, New York, 1994
)[] 
 []


Overfull \hbox (983.25pt too wide) in paragraph at lines 10361--10361
[]\TU/lmtt/m/n/10 [\\cite{ohmann1992akuter}] C. Ohmann, M. Kraemer, S. Jaeger, 
H. Sitter, C. Pohl, B. Stadelmayer, P. Vietmeier, J. Wickers, L. Latzke, B. Koc
h, K. Thon, Akuter bauchschmerz - standardisierte befundung als diagnoseunterst
ützung. Chirurg 63, 113-123 (1992)[] 
 []


Overfull \hbox (279.75pt too wide) in paragraph at lines 10362--10362
[]\TU/lmtt/m/n/10 [\\cite{cozman1998javabayes}] F.G. Cozman. Javabayes, bayesia
n networks in java, 1998. http://www.cs.cmu.edu/ javabayes[] 
 []


Overfull \hbox (232.5pt too wide) in paragraph at lines 10363--10363
[]\TU/lmtt/m/n/10 [\\cite{dedombal1991diagnosis}] F.T. de Dombal. Diagnosis of 
Acute Abdominal Pain. Churchill Livingstone, 1991[] 
 []


Overfull \hbox (663.0pt too wide) in paragraph at lines 10364--10364
[]\TU/lmtt/m/n/10 [\\cite{dedombal1972computer}] F.T. de Dombal, D.J. Leaper, J
.R. Staniland, A.P. McCann, J.C. Horrocks, Computer aided diagnosis of acute ab
dominal pain. British Medical Journal 2, 9-13 (1972)[] 
 []


Overfull \hbox (185.25pt too wide) in paragraph at lines 10365--10365
[]\TU/lmtt/m/n/10 [\\cite{deepqa2011project}] The DeepQA Project, 2011. http://
www.research.ibm.com/deepqa/deepqa.shtml[] 
 []


Overfull \hbox (405.75pt too wide) in paragraph at lines 10366--10366
[]\TU/lmtt/m/n/10 [\\cite{duda1973pattern}] R.O. Duda and P.E. Hart. Pattern Cl
assification and Scene Analysis. Wiley, 1973. Klassiker zur Bayes-Decision-Theo
rie[] 
 []


Overfull \hbox (174.75pt too wide) in paragraph at lines 10367--10367
[]\TU/lmtt/m/n/10 [\\cite{duda2001pattern}] R.O. Duda, P.E. Hart, and D.G. Stor
k. Pattern Classification. Wiley, 2001[] 
 []


Overfull \hbox (369.0pt too wide) in paragraph at lines 10368--10368
[]\TU/lmtt/m/n/10 [\\cite{diaz2004gnu}] D. Diaz. GNU PROLOG. Universität Paris,
 2004. Aufl. 1.7, für GNU Prolog version 1.2.18, http://gnu-prolog.inria.fr[] 
 []


Overfull \hbox (558.0pt too wide) in paragraph at lines 10369--10369
[]\TU/lmtt/m/n/10 [\\cite{blake1998uci}] C.L. Blake D.J. Newman, S. Hettich and
 C.J. Merz. UCI repository of machine learning databases. http://www.ics.uci.ed
u/mlearn/MLRepository.html, 1998[] 
 []



[377]
Overfull \hbox (185.25pt too wide) in paragraph at lines 10370--10370
[]\TU/lmtt/m/n/10 [\\cite{eder1991relative}] E. Eder. Relative Complexities of 
First Order Calculi. Vieweg Verlag, 1991[] 
 []


Overfull \hbox (705.0pt too wide) in paragraph at lines 10371--10371
[]\TU/lmtt/m/n/10 [\\cite{elkan1993paradoxical}] C. Elkan. The paradoxical succ
ess of fuzzy logic. In Proceedings of the Eleventh National Conference on Artif
icial Intelligence (AAAI-93), pages 698-703. MIT Press, 1993[] 
 []


Overfull \hbox (726.0pt too wide) in paragraph at lines 10372--10372
[]\TU/lmtt/m/n/10 [\\cite{ertel1993parallele}] W. Ertel. Parallele Suche mit ra
ndomisiertem Wettbewerb in Inferenzsystemen, volume 25 of DISKI. Infix-Verlag, 
St. Augustin, 1993. Dissertation, Technische Universität München[] 
 []


Overfull \hbox (138.0pt too wide) in paragraph at lines 10373--10373
[]\TU/lmtt/m/n/10 [\\cite{ertel2007grundkurs}] W. Ertel. Grundkurs Künstliche I
ntelligenz. Vieweg-Verlag, 2007[] 
 []


Overfull \hbox (642.0pt too wide) in paragraph at lines 10374--10374
[]\TU/lmtt/m/n/10 [\\cite{ertel2011ai}] W. Ertel. Artificial Intelligence. http
://www.hs-weingarten.de/ertel/aibook, 2011. Homepage to this book with material
s, demo programs, links, literature, errata, etc[] 
 []


Overfull \hbox (736.5pt too wide) in paragraph at lines 10375--10375
[]\TU/lmtt/m/n/10 [\\cite{ertel2015advanced}] W. Ertel. Advanced mathematics fo
r engineers. Lecture notes, Hochschule Ravensburg-Weingarten: http://www.hs-wei
ngarten.de/ertel/vorlesungen/mae/ matheng-skript-1516-v2.pdf, 2015[] 
 []


Overfull \hbox (1235.25pt too wide) in paragraph at lines 10376--10376
[]\TU/lmtt/m/n/10 [\\cite{ertel1999combining}] W. Ertel and M. Schramm. Combini
ng Data and Knowledge by MaxEntOptimization of Probability Distributions. In PK
DD[]99 (3rd European Conference on Principles and Practice of Knowledge Discove
ry in Databases), volume 1704 of LNCS, pages 323-328, Prague, 1999. Springer Ve
rlag[] 
 []


Overfull \hbox (1135.5pt too wide) in paragraph at lines 10377--10377
[]\TU/lmtt/m/n/10 [\\cite{ertel2009teachingbox}] W. Ertel, M. Schneider, R. Cub
ek, and M. Tokic. The teaching-box: A universal robot learning framework. In Pr
oceedings of the 14th International Conference on Advanced Robotics (ICAR 2009)
, 2009. http://www.servicerobotik.hs-weingarten. de/teachingbox[] 
 []


Overfull \hbox (1261.5pt too wide) in paragraph at lines 10378--10378
[]\TU/lmtt/m/n/10 [\\cite{ertel1989learning}] W. Ertel, J. Schumann, and Ch. Su
ttner. Learning Heuristics for a Theorem Prover using Back Propagation. In J. R
etti and K. Leidlmair, editors, 5. Österreichische Artificial-Intelligence-Tagu
ng, pages 87-95. Informatik-Fachberichte 208, Springer-Verlag, Berlin, Heidelbe
rg, 1989[] 
 []


Overfull \hbox (117.0pt too wide) in paragraph at lines 10379--10379
[]\TU/lmtt/m/n/10 [\\cite{felber2014gemeinwohl}] C. Felber. Die Gemeinwohl-Ökon
omie. Deuticke Verlag, 2014[] 
 []


Overfull \hbox (190.5pt too wide) in paragraph at lines 10380--10380
[]\TU/lmtt/m/n/10 [\\cite{fitting1996first}] M. Fitting. First-order logic and 
automated theorem proving. Springer, 1996[] 
 []


Overfull \hbox (437.25pt too wide) in paragraph at lines 10381--10381
[]\TU/lmtt/m/n/10 [\\cite{flach2012machine}] Peter Flach. Machine Learning: The
 Art and Science of Algorithms that Make Sense of Data. Cambridge University Pr
ess, 2012[] 
 []


Overfull \hbox (1350.75pt too wide) in paragraph at lines 10382--10382
[]\TU/lmtt/m/n/10 [\\cite{ferrucci2009towards}] D. Ferrucci, E. Nyberg, J. Alla
n, K. Barker, E. Brown, J. Chu-Carroll, A. Ciccolo, P. Duboue, J. Fan, D. Gonde
k et al. Towards the open advancement of question answer systems. IBM Technical
 Report RC24789, Yorktown Heights, NY, 2009. http://www.research.ibm.com/deepqa
/question_answering.shtml[] 
 []


Overfull \hbox (227.25pt too wide) in paragraph at lines 10383--10383
[]\TU/lmtt/m/n/10 [\\cite{freedman2007statistics}] D. Freedman, R. Pisani, and 
R. Purves. Statistics. Norton, 4th edition, 2007[] 
 []


Overfull \hbox (269.25pt too wide) in paragraph at lines 10384--10384
[]\TU/lmtt/m/n/10 [\\cite{frayn2005chess}] C. Frayn. Computer chess programming
 theory. http://www.frayn.net/beowulf/ theory.html, 2005[] 
 []


Overfull \hbox (185.25pt too wide) in paragraph at lines 10385--10385
[]\TU/lmtt/m/n/10 [\\cite{freuder1997pursuit}] E. Freuder, In pursuit of the ho
ly grail. Constraints 2(1), 57-61 (1997)[] 
 []


Overfull \hbox (920.25pt too wide) in paragraph at lines 10386--10386
[]\TU/lmtt/m/n/10 [\\cite{fischer1996efficient}] V.G. Fischer and M. Schramm. E
fficient Compilation of Probabilistic Expressions for Use in MaxEnt Optimizatio
n Problems. Technical Report TUM-I9636, Institut für Informatik, Technische Uni
versität München, 1996[] 
 []


Overfull \hbox (1251.0pt too wide) in paragraph at lines 10387--10387
[]\TU/lmtt/m/n/10 [\\cite{fischer1997setheo}] B. Fischer and J. Schumann. Sethe
o goes software engineering: Application of atp to software reuse. In Conferenc
e on Automated Deduction (CADE-14), volume 1249 of LNCS, pages 65-68. Springer,
 1997. http://ase.arc.nasa.gov/people/ schumann/publications/papers/cade97-reus
e.html[] 
 []


Overfull \hbox (1035.75pt too wide) in paragraph at lines 10388--10388
[]\TU/lmtt/m/n/10 [\\cite{greiner1991numerical}] M. Greiner, Kölbl A, C. Kredle
r, and S. Wagenpfeil. Numerical Comparison of Standard SQP-Software with some S
econd Order Nonlinear Optimization Methods. Report 348, DFG-Schwerpunkt: Anwend
ungsbezogene Optimierung und Steuerung, 1991[] 
 []


Overfull \hbox (500.25pt too wide) in paragraph at lines 10389--10389
[]\TU/lmtt/m/n/10 [\\cite{goodfellow2016deep}] I. Goodfellow, Y. Bengio, and A.
 Courville. Deep learning. Buch in Vorbereitung für MIT Press, http://www.deepl
earningbook.org, 2016[] 
 []


Overfull \hbox (773.25pt too wide) in paragraph at lines 10390--10390
[]\TU/lmtt/m/n/10 [\\cite{gatys2015neural}] L. Gatys, A. Ecker, and M. Bethge. 
A neural algorithm of artistic style. arXiv preprint arXiv:1508.06576, 2015. ht
tp://www.boredpanda.com/computer-deep-learning-algorithm-painting-masters[] 
 []


Overfull \hbox (374.25pt too wide) in paragraph at lines 10391--10391
[]\TU/lmtt/m/n/10 [\\cite{gao2014roadmap}] P. Gao, R. Hensley, and A. Zielke. A
 road map to the future for the auto industry. McKinsey Quarterly, Oct, 2014[] 

 []


Overfull \hbox (1224.75pt too wide) in paragraph at lines 10392--10392
[]\TU/lmtt/m/n/10 [\\cite{goller1995learning}] C. Goller and A. Küchler. Learni
ng Task-Dependent Distributed Structure-Representations by Backpropagation Thro
ugh Structure. AR-Report AR-95-02, Institut für Informatik, Technische Universi
tät München, 1995. (a shortened version will appear in the Proc. of the ICNN-96
)[] 
 []


Overfull \hbox (731.25pt too wide) in paragraph at lines 10393--10393
[]\TU/lmtt/m/n/10 [\\cite{goller1996learning}] C. Goller and A. Küchler. Learni
ng Task-Dependent Distributed Representations by Backpropagation Through Struct
ure. In Proc. of the ICNN-96, volume 1, pages 347-352. IEEE, 1996[] 
 []


Overfull \hbox (1130.25pt too wide) in paragraph at lines 10394--10394
[]\TU/lmtt/m/n/10 [\\cite{grahl2009loch}] J. Grahl and R. Kümmel. Das Loch im F
ass - Energiesklaven, Arbeitsplätze und die Milderung des Wachstumszwangs. Wiss
enschaft und Umwelt Interdiziplinär, 13:195-212, 2009. http://www.fwu.at/assets
/userFiles/Wissenschaft_Umwelt/13_ 2009/2009_13_wachstum_5.pdf[] 
 []


Overfull \hbox (957.0pt too wide) in paragraph at lines 10395--10395
[]\TU/lmtt/m/n/10 [\\cite{goller1994setheo}] C. Goller. A Connectionist Control
 Component for the Theorem Prover SETHEO. In Proc. of the ECAI[]94 Workshop W14
: Combining Symbolic and Connectionist Processing, pages 99-93. ECAI in coopera
tion with AAAI and IJCAI, 1994[] 
 []


Overfull \hbox (741.75pt too wide) in paragraph at lines 10396--10396
[]\TU/lmtt/m/n/10 [Go197] C. Goller. A Connectionist Approach for Learning Sear
ch-Control Heuristics for Automated Deduction Systems. PhD thesis, Fakultät für
 Informatik, Technische Universität München, 1997. (In preparation)[] 
 []


Overfull \hbox (159.0pt too wide) in paragraph at lines 10397--10397
[]\TU/lmtt/m/n/10 [\\cite{gesell1958natural}] Silvio Gesell and Philip Pye. The
 natural economic order. Owen, 1958[] 
 []


Overfull \hbox (584.25pt too wide) in paragraph at lines 10398--10398
[]\TU/lmtt/m/n/10 [\\cite{gabel2006partial}] T. Gabel and M. Riedmiller. Learni
ng a partial behavior for a competitive robotic soccer agent. Künstliche Intell
igenz, 20(2), 2006. BöttcherIT Verlag[] 
 []


Overfull \hbox (437.25pt too wide) in paragraph at lines 10399--10399
[]\TU/lmtt/m/n/10 [\\cite{graves2013generating}] Alex Graves. Generating sequen
ces with recurrent neural networks. arXiv preprint http://arxiv.org/abs/1308.08
50, 2013.[] 
 []


Overfull \hbox (411.0pt too wide) in paragraph at lines 10400--10400
[]\TU/lmtt/m/n/10 [\\cite{gorz2003handbuch}] G. Görz, C.-R. Rollinger, and J. S
chneeberger, editors. Handbuch der Künstlichen Intelligenz. Oldenbourg Verlag, 
2003[] 
 []


Overfull \hbox (668.25pt too wide) in paragraph at lines 10401--10401
[]\TU/lmtt/m/n/10 [\\cite{greenblatt2015autonomous}] J.B. Greenblatt, S. Saxena
, Autonomous taxis could greatly reduce greenhouse-gas emissions of us light-du
ty vehicles. Nature Clim. Change 5(9), 860-863 (2015)[] 
 []


Overfull \hbox (873.0pt too wide) in paragraph at lines 10402--10402
[]\TU/lmtt/m/n/10 [\\cite{geisberger2008contraction}] R. Geisberger, P. Sanders
, D. Schultes, and D. Delling. Contraction hierarchies: Faster and simpler hier
archical routing in road networks. In Experimental Algorithms, pages 319-333. S
pringer, 2008[] 
 []


Overfull \hbox (411.0pt too wide) in paragraph at lines 10403--10403
[]\TU/lmtt/m/n/10 [\\cite{greiner1996stochastik}] M. Greiner, G. Tinhofer, Stoc
hastik für Studienanfänger der Informatik (Carl Hanser Verlag, München, Wien, 1
996)[] 
 []


Overfull \hbox (363.75pt too wide) in paragraph at lines 10404--10404
[]\TU/lmtt/m/n/10 [\\cite{guerrerio2002spektrum}] G. Guerrerio, Spektrum der wi
ssenschaft, spezial 1/2002: Kurt gödel (Spektrum Verlag, Heidelberg, 2002)[] 
 []


Overfull \hbox (248.25pt too wide) in paragraph at lines 10405--10405
[]\TU/lmtt/m/n/10 [\\cite{gonzalez2008digital}] R.C. González and R.E. Woods. D
igital Image Processing. Pearson/Prentice Hall, 2008[] 
 []


Overfull \hbox (468.75pt too wide) in paragraph at lines 10406--10406
[]\TU/lmtt/m/n/10 [\\cite{godel1931diskussion}] K. Gödel, Diskussion zur Grundl
egung der Mathematik, Erkenntnis 2. Monatsheft für Mathematik und Physik 32(1),
 147-148 (1931)[] 
 []


Overfull \hbox (647.25pt too wide) in paragraph at lines 10407--10407
[]\TU/lmtt/m/n/10 [\\cite{godel1931unentscheidbare}] K. Gödel, Über formal unen
tscheidbare Sätze der Principia Mathematica und verwandter Systeme I. Monatshef
t für Mathematik und Physik 38(1), 173-198 (1931)[] 
 []


Overfull \hbox (374.25pt too wide) in paragraph at lines 10408--10408
[]\TU/lmtt/m/n/10 [\\cite{hertz1991introduction}] J. Hertz, A. Krogh, and R. Pa
lmer. Introduction to the theory of neural computation. Addison Wesley, 1991[] 

 []


Overfull \hbox (1224.75pt too wide) in paragraph at lines 10409--10409
[]\TU/lmtt/m/n/10 [\\cite{hammerer2004stellenwert}] P. Hammerer and M. Lein. St
ellenwert der PSA-Bestimmung zur Früherkennung des Prostatakarzinoms. Deutsches
 Ärzteblatt, 101(26):A-1892/B-1581/C-1517, 2004. http://www.aerzteblatt.de/arch
iv/42497/Stellenwert-der-PSA-Bestimmung-zur-Frueherkennung-des-Prostatakarzinom
s[] 
 []


Overfull \hbox (957.0pt too wide) in paragraph at lines 10410--10410
[]\TU/lmtt/m/n/10 [\\cite{horrocks1972computer}] J.C. Horrocks, A.P. McCann, J.
R. Staniland, D.J. Leaper, F.T. de Dombal, Computer-aided diagnosis: Descriptio
n of an adaptable system, and operational experience with 2.034 cases. British 
Medical Journal 2, 5-9 (1972)[] 
 []


Overfull \hbox (190.5pt too wide) in paragraph at lines 10411--10411
[]\TU/lmtt/m/n/10 [\\cite{hontschik1994theorie}] B. Hontschik. Theorie und Prax
is der Appendektomie. Mabuse Verlag, 1994[] 
 []


Overfull \hbox (962.25pt too wide) in paragraph at lines 10412--10412
[]\TU/lmtt/m/n/10 [\\cite{hopfield1982neural}] J.J. Hopfield. Neural networks a
nd physical systems with emergent collective computational abilities. Proc. Nat
l. Acad. Sci. USA, 79:2554-2558, April 1982. Wiederabdruck in [\\cite{anderson1
988neurocomputing}] S. 460-464[] 
 []


Overfull \hbox (426.75pt too wide) in paragraph at lines 10413--10413
[]\TU/lmtt/m/n/10 [\\cite{hinton2006fast}] G. Hinton, S. Osindero, Y. Teh, A fa
st learning algorithm for deep belief nets. Neural computation 18(7), 1527-1554
 (2006)[] 
 []


Overfull \hbox (552.75pt too wide) in paragraph at lines 10414--10414
[]\TU/lmtt/m/n/10 [\\cite{hopfield1985neural}] J.J. Hopfield and D.W. Tank. "Ne
ural" computation of decisions in optimization problems. Biological Cybernetics
, 52(3):141-152, 1985. Springer[] 
 []


Overfull \hbox (978.0pt too wide) in paragraph at lines 10415--10415
[]\TU/lmtt/m/n/10 [\\cite{hastie2009elements}] T. Hastie, R. Tibshirani, and J.
 Friedman. The Elements of Statistical Learning: Data Mining, Inference, and Pr
ediction. Springer, Berlin, 3rd. edition, 2009. Online version: http://www-stat
.stanford.edu/tibs/ElemStatLearn/[] 
 []



[378]
Overfull \hbox (526.5pt too wide) in paragraph at lines 10416--10416
[]\TU/lmtt/m/n/10 [\\cite{huber2014monetare}] J. Huber. Monetäre Modernisierung
, Zur Zukunft der Geldordnung: Vollgeld und Monetative. Metropolis Verlag, 2014
. http://www.monetative.de[] 
 []


Overfull \hbox (358.5pt too wide) in paragraph at lines 10417--10417
[]\TU/lmtt/m/n/10 [\\cite{heckerman1995bayesian}] Daniel Heckerman, Michael P. 
Wellman, Bayesian Networks. Communications of the ACM 38(3), 27-30 (1995)[] 
 []


Overfull \hbox (38.25pt too wide) in paragraph at lines 10418--10418
[]\TU/lmtt/m/n/10 [\\cite{hubner2003stochastik}] G. Hübner. Stochastik. Vieweg 
Verlag, 2003[] 
 []


Overfull \hbox (248.25pt too wide) in paragraph at lines 10419--10419
[]\TU/lmtt/m/n/10 [\\cite{jaynes1957information}] E. T. Jaynes. Information The
ory and Statistical Mechanics. Physical Review, 1957[] 
 []


Overfull \hbox (768.0pt too wide) in paragraph at lines 10420--10420
[]\TU/lmtt/m/n/10 [\\cite{jaynes1978where}] E.T. Jaynes. Where do we stand on M
aximum Entropy? In R.D. Rosenkrantz, editor, Papers on Probability, Statistics 
and Statistical Physics, pages 210-314. Kluwer Academic Publishers, 1978[] 
 []


Overfull \hbox (778.5pt too wide) in paragraph at lines 10421--10421
[]\TU/lmtt/m/n/10 [\\cite{jaynes1982concentration}] E.T. Jaynes. Concentration 
of distributions at entropy maxima. In Rosenkrantz, editor, Papers on Probabili
ty, Statistics and statistical Physics. D. Reidel Publishing Company, 1982[] 
 []


Overfull \hbox (327.0pt too wide) in paragraph at lines 10422--10422
[]\TU/lmtt/m/n/10 [\\cite{jaynes1982rationale}] E.T. Jaynes, On the Rationale o
f Maximum Entropy Methods. Proc. of the IEEE 70 (9), 939-952 (1982)[] 
 []


Overfull \hbox (757.5pt too wide) in paragraph at lines 10423--10423
[]\TU/lmtt/m/n/10 [\\cite{jaynes1989well}] E.T. Jaynes. The Well-Posed Problem.
 In R.D. Rosenkrantz, editor, E.T. Jaynes: Papers on Probability, Statistics an
d Statistical Physics, pages 133-148. Kluwer Academic Publishers, 1989[] 
 []


Overfull \hbox (279.75pt too wide) in paragraph at lines 10424--10424
[]\TU/lmtt/m/n/10 [\\cite{jaynes2003probability}] E.T. Jaynes. Probability Theo
ry: The Logic of Science. Cambridge University Press, 2003[] 
 []


Overfull \hbox (190.5pt too wide) in paragraph at lines 10425--10425
[]\TU/lmtt/m/n/10 [\\cite{jensen2001bayesian}] F.V. Jensen. Bayesian networks a
nd decision graphs. Springer-Verlag, 2001[] 
 []


Overfull \hbox (285.0pt too wide) in paragraph at lines 10426--10426
[]\TU/lmtt/m/n/10 [\\cite{jordan1999learning}] Michael I. Jordan (ed.), Learnin
g in graphical models (MIT Press, Cambridge, MA, USA, 1999)[] 
 []


Overfull \hbox (395.25pt too wide) in paragraph at lines 10427--10427
[]\TU/lmtt/m/n/10 [\\cite{kalman2001automated}] J.A. Kalman. Automated Reasonin
g with OTTER. Rinton Press, 2001. http://wwwunix.mcs.anl.gov/AR/otter/index.htm
l[] 
 []


Overfull \hbox (537.0pt too wide) in paragraph at lines 10428--10428
[]\TU/lmtt/m/n/10 [\\cite{kane1989maximum}] Th. Kane. Maximum entropy in nilsso
n[]s probabilistic logic. In Proc. of the 11th Intl. Joint Conf. on Artificial 
Intelligence (IJCAI-89), 1989[] 
 []


Overfull \hbox (353.25pt too wide) in paragraph at lines 10429--10429
[]\TU/lmtt/m/n/10 [\\cite{kanal1993pattern}] L.N. Kanal, On Pattern, Categories
 and Alternate Realities. Pattern Recognition Letters 14, 241-255 (1993)[] 
 []


Overfull \hbox (589.5pt too wide) in paragraph at lines 10430--10430
[]\TU/lmtt/m/n/10 [\\cite{karpathy2015unreasonable}] Andrej Karpathy. The unrea
sonable effectiveness of recurrent neural networks, Mai 2015. http://karpathy.g
ithub.io/2015/05/21/rnn-effectiveness/[] 
 []


Overfull \hbox (363.75pt too wide) in paragraph at lines 10431--10431
[]\TU/lmtt/m/n/10 [\\cite{kennedy2006geld}] M. Kennedy. Geld ohne Zinsen und In
flation. Ein Tauschmittel, das jedem dient. Goldmann Verlag, München, 2006[] 
 []


Overfull \hbox (321.75pt too wide) in paragraph at lines 10432--10432
[]\TU/lmtt/m/n/10 [\\cite{kapur1992entropy}] J.N. Kapur and H.K. Kesavan. Entro
py Optimization Principles with Applications. Academic Press, 1992[] 
 []


Overfull \hbox (972.75pt too wide) in paragraph at lines 10433--10433
[]\TU/lmtt/m/n/10 [\\cite{kaelbling1996reinforcement}] L.P. Kaelbling, M.L. Lit
tman, and A.P. Moore. Reinforcement Learning: A Survey. Journal of Artificial I
ntelligence Research, 4:237-285, 1996. http://www2.cs.cmu. edu/afs/cs/project/j
air/pub/volume4/kaelbling96a.pdf[] 
 []


Overfull \hbox (1303.5pt too wide) in paragraph at lines 10434--10434
[]\TU/lmtt/m/n/10 [\\cite{kimura1997reinforcement}] H. Kimura, K. Miyazaki, and
 S. Kobayashi. Reinforcement Learning in POMDPs with Function Approximation. In
 14th International Conference on Machine Learning, pages 152-160. Morgan Kaufm
ann Publishers, 1997. http://sysplan.nams. kyushu-u.ac.jp/gen/papers/JavaDemoML
97/robodemo.html[] 
 []


Overfull \hbox (647.25pt too wide) in paragraph at lines 10435--10435
[]\TU/lmtt/m/n/10 [\\cite{kohonen1972correlation}] T. Kohonen. Correlation matr
ix memories. IEEE Transactions on Computers, C-21 (4):353-359, 1972. Reprint in
 [\\cite{anderson1988neurocomputing}] pp. 171-174[] 
 []


Overfull \hbox (468.75pt too wide) in paragraph at lines 10437--10437
[]\TU/lmtt/m/n/10 \hline [\\cite{kowalski1979algorithmic}] & R. Kowalski and A.
 Robert. Algorithmic = Logic + Control. Communications of the ACM, 22(7):424-43
6, Juli 1979 \\[] 
 []


Overfull \hbox (369.0pt too wide) in paragraph at lines 10448--10448
[]\TU/lmtt/m/n/10 \hline [\\cite{kreitz2006formale}] & Ch. Kreitz, Formale meth
oden der künstlichen intelligenz. Künstliche Intelligenz 4, 22-28 (2006) \\[] 
 []


Overfull \hbox (636.75pt too wide) in paragraph at lines 10449--10449
[]\TU/lmtt/m/n/10 \hline [\\cite{kocsis2006bandit}] & L. Kocsis and C. Szepesvá
ri. Bandit based monte-carlo planning. In European Conference on Machine Learni
ng(ECML) 2006, pages 282-293. Springer, 2006 \\[] 
 []


Overfull \hbox (510.75pt too wide) in paragraph at lines 10450--10450
[]\TU/lmtt/m/n/10 \hline [\\cite{kummel2011second}] & R. Kümmel. The second law
 of economics: Energy, entropy, and the origins of wealth. Springer Science \& 
Business Media, 2011 \\[] 
 []


Overfull \hbox (437.25pt too wide) in paragraph at lines 10451--10451
[]\TU/lmtt/m/n/10 \hline [\\cite{laramee2000chess}] & F.D. Laramée. Chess progr
amming, part 1-6. http://www.gamedev.net/reference/ programming/features/chess1
, 2000 \\[] 
 []


Overfull \hbox (243.0pt too wide) in paragraph at lines 10452--10452
[]\TU/lmtt/m/n/10 \hline [\\cite{lauritzen1996graphical}] & S.L. Lauritzen. Gra
phical Models. Oxford Science Publications, 1996 \\[] 
 []


Overfull \hbox (909.75pt too wide) in paragraph at lines 10453--10453
[]\TU/lmtt/m/n/10 \hline [\\cite{lecun1998gradient}] & Y. LeCun, L. Bottou, Y. 
Bengio, and P. Haffner. Gradient-based learning applied to document recognition
. Proceedings of the IEEE, 86(11):2278-2324, 1998. MNIST-Daten: http://yann.lec
un.com/exdb/mnist \\[] 
 []


Overfull \hbox (258.75pt too wide) in paragraph at lines 10454--10454
[]\TU/lmtt/m/n/10 \hline [\\cite{lecun2015deep}] & Y. LeCun, Y. Bengio, G. Hint
on, Deep learning. Nature 521(7553), 436-444 (2015) \\[] 
 []


Overfull \hbox (306.0pt too wide) in paragraph at lines 10455--10455
[]\TU/lmtt/m/n/10 \hline [\\cite{lexmed1999learning}] & Lexmed - a learning exp
ert system for medical diagnosis. http://www.lexmed.de, 1999 \\[] 
 []


Overfull \hbox (300.75pt too wide) in paragraph at lines 10456--10456
[]\TU/lmtt/m/n/10 \hline [\\cite{letz2003praktikum}] & R. Letz. Praktikum bewei
ser. http://www4.in.tum.de/letz/PRAKTIKUM/al-ss05.pdf, 2003 \\[] 
 []


Overfull \hbox (936.0pt too wide) in paragraph at lines 10457--10457
[]\TU/lmtt/m/n/10 \hline [\\cite{lifschitz1989benchmark}] & V. Lifschitz. Bench
mark problems for formal non-monotonic reasoning. In Reinfrank et al, editor, N
on-Monotonic Reasoning: 2nd International Workshop, volume 346 of LNAI, pages 2
02-219. Springer, 1989 \\[] 
 []


Overfull \hbox (558.0pt too wide) in paragraph at lines 10458--10458
[]\TU/lmtt/m/n/10 \hline [\\cite{lee1988pattern}] & Kai-Fu Lee, Sanjoy Mohajan,
 A Pattern Classification Approach to Evaluation Func tion Learning. Artificial
 Intelligence 36, 1-25 (1988) \\[] 
 []


Overfull \hbox (295.5pt too wide) in paragraph at lines 10459--10459
[]\TU/lmtt/m/n/10 \hline [\\cite{loveland1978automated}] & D.W. Loveland. Autom
ated Theorem Proving: a Logical Basis. North-Holland, 1978 \\[] 
 []


Overfull \hbox (1461.0pt too wide) in paragraph at lines 10460--10460
[]\TU/lmtt/m/n/10 \hline [\\cite{lauer2002generalisation}] & M. Lauer and M. Ri
edmiller. Generalisation in Reinforcement Learning and the Use of Obse rvation-
Based Learning. In Gabriella Kokai and Jens Zeidler, editors, Proceedings of th
e FGML Workshop 2002, pages 100-107, 2002. http://amy. informatik.uos.de/riedmi
ller/publications/lauer.riedml.fgml02.ps.gz \\[] 
 []


Overfull \hbox (857.25pt too wide) in paragraph at lines 10461--10461
[]\TU/lmtt/m/n/10 \hline [\\cite{letz1992setheo}] & R. Letz, J. Schumann, S. Ba
yerl, and W. Bibel. SETHEO: A High-Performance Theorem Prover. Journal of Autom
ated Reasoning, 8(2):183-212, 1992. http:// www4.informatik.tu-muenchen.de/letz
/setheo \\[] 
 []



[379]
Overfull \hbox (673.5pt too wide) in paragraph at lines 10462--10462
[]\TU/lmtt/m/n/10 \hline [\\cite{murphy1994uci}] & P.M. Murphy, D.W. Aha, UCI R
epository of Machine Learning Databases (University of California at Irvine, De
partment of Information and Computer Science, 1994) \\[] 
 []


Overfull \hbox (741.75pt too wide) in paragraph at lines 10463--10463
[]\TU/lmtt/m/n/10 \hline [\\cite{mccune_automated_deduction_systems}] & W. McCu
ne. Automated deduction systems and groups. www-unix.mcs.anl. gov/AR/others.htm
l. see also http://www-formal.stanford.edu/clt/ARS/systems. html \\[] 
 []


Overfull \hbox (395.25pt too wide) in paragraph at lines 10464--10464
[]\TU/lmtt/m/n/10 \hline [\\cite{mcdermott1982r1}] & J. McDermott, R1: A rule-b
ased configurer of computer systems. Artificial Intelligence 19, 39-88 (1982) \
\[] 
 []


Overfull \hbox (673.5pt too wide) in paragraph at lines 10465--10465
[]\TU/lmtt/m/n/10 \hline [\\cite{maclaurin2015gradient}] & D. Maclaurin, D. Duv
enaud, and R. Adams. Gradient-based hyperparameter optimization through reversi
ble learning. arXiv preprint arXiv:1502.03492, 2015 \\[] 
 []


Overfull \hbox (1114.5pt too wide) in paragraph at lines 10466--10466
[]\TU/lmtt/m/n/10 \hline [\\cite{melancon2000random}] & G. Melancon, I. Dutour,
 and G. Bousque-Melou. Random generation of dags for graph drawing. Technical R
eport INS-R0005, Dutch Research Center for Mathematical and Computer Science (C
WI), 2000. http://ftp.cwi.nl/CWIreports/INS/INSR0005.pdf \\[] 
 []


Overfull \hbox (348.0pt too wide) in paragraph at lines 10467--10467
[]\TU/lmtt/m/n/10 \hline [\\cite{mitchell1997machine}] & T. Mitchell. Machine L
earning. McGraw Hill, 1997. http://www-2.cs.cmu.edu/tom/ mlbook.html \\[] 
 []


Overfull \hbox (815.25pt too wide) in paragraph at lines 10468--10468
[]\TU/lmtt/m/n/10 \hline [\\cite{meadows1972grenzen}] & D.L. Meadows, D.H. Mead
ows, E. Zahn, and P. Milling. Die Grenzen des Wachstums. Bericht des Club of Ro
me zur Lage der Menschheit. Dt. Verl. Deutsche Verlagsanstalt, Stuttgart, 1972 
\\[] 
 []


Overfull \hbox (232.5pt too wide) in paragraph at lines 10469--10469
[]\TU/lmtt/m/n/10 \hline [\\cite{minsky1969perceptrons}] & M. Minsky, S. Papert
, Perceptrons (MIT Press, Cambridge, MA, 1969) \\[] 
 []


Overfull \hbox (432.0pt too wide) in paragraph at lines 10472--10472
[]\TU/lmtt/m/n/10 [\\cite{neapolitan1990probabilistic}] R.E. Neapolitan. Probab
ilistic Reasoning in Expert Systems. Wiley-Interscience. John Wiley \& Sons, In
c., 1990[] 
 []


Overfull \hbox (243.0pt too wide) in paragraph at lines 10473--10473
[]\TU/lmtt/m/n/10 [\\cite{newborn2000automated}] M. Newborn. Automated Theorem 
Proving: Theory and Practice. Springer Verlag, 2000[] 
 []


Overfull \hbox (248.25pt too wide) in paragraph at lines 10474--10474
[]\TU/lmtt/m/n/10 [\\cite{nilsson1986probabilistic}] N.J. Nilsson, Probabilisti
c Logic. Artificial Intelligence 28(1), 71-87 (1986)[] 
 []


Overfull \hbox (185.25pt too wide) in paragraph at lines 10475--10475
[]\TU/lmtt/m/n/10 [\\cite{nilsson1998new}] N. Nilsson. Artificial Intelligence 
- A New Synthesis. Morgan Kaufmann, 1998[] 
 []


Overfull \hbox (752.25pt too wide) in paragraph at lines 10476--10476
[]\TU/lmtt/m/n/10 [\\cite{nipkow2002isabelle}] T. Nipkow, L.C. Paulson, and M. 
Wenzel. Isabelle/HOL - A Proof Assistant for Higher-Order Logic, volume 2283 of
 LNCS. Springer, 2002. http://www.cl.cam.ac. uk/Research/HVG/Isabelle[] 
 []


Overfull \hbox (563.25pt too wide) in paragraph at lines 10477--10477
[]\TU/lmtt/m/n/10 [\\cite{newell1961gps}] A. Newell, H.A. Simon, Gps, a program
 that simulates human thought, in Lernende Automaten, ed. by H. Billing (Oldenb
ourg, München, 1961), pp. 109-124[] 
 []


Overfull \hbox (1450.5pt too wide) in paragraph at lines 10478--10478
[]\TU/lmtt/m/n/10 [\\cite{newell1983empirical}] A. Newell, J. C. Shaw, and H. A
. Simon. Empirical explorations with the logic theory machine: A case study in 
heuristics. In J. Siekmann and G. Wrightson, editors, Automation of Reasoning 1
: Classical Papers on Computational Logic 1957-1966, pages 49-73. Springer, Ber
lin, Heidelberg, 1983. Erstpublikation: 1957[] 
 []


Overfull \hbox (1251.0pt too wide) in paragraph at lines 10479--10479
[]\TU/lmtt/m/n/10 [\\cite{netzer2011reading}] Y. Netzer, T. Wang, A. Coates, A.
 Bissacco, B. Wu, and A. Ng. Reading digits in natural images with unsupervised
 feature learning. In NIPS workshop on deep learning and unsupervised feature l
earning, volume 2011, page 4, 2011. SVHN-Daten:http://ufldl.stanford.edu/housen
umbers[] 
 []


Overfull \hbox (710.25pt too wide) in paragraph at lines 10480--10480
[]\TU/lmtt/m/n/10 [\\cite{ohmann1995diagnosescore}] C. Ohmann, C. Franke, Q. Ya
ng, M. Margulies, M. Chan, van P.J. Elk, F.T. de Dombal, and H.D. Röher. Diagno
sescore für akute Appendizitis. Der Chirurg, 66:135-141, 1995[] 
 []


Overfull \hbox (799.5pt too wide) in paragraph at lines 10481--10481
[]\TU/lmtt/m/n/10 [\\cite{ohmann1996evaluation}] C. Ohmann, V. Moustakis, Q. Ya
ng, K. Lang, Evaluation of automatic knowledge acquisition techniques in the di
agnosis of acute abdominal pain. Art. Intelligence in Medicine 8, 23-36 (1996)[
] 
 []


Overfull \hbox (479.25pt too wide) in paragraph at lines 10482--10482
[]\TU/lmtt/m/n/10 [\\cite{ohmann1994computerunterstuetze}] C. Ohmann, C. Platen
, G. Belenky, Computerunterstütze Diagnose bei akuten Bauchschmerzen. Chirurg 6
3, 113-123 (1994)[] 
 []


Overfull \hbox (1329.75pt too wide) in paragraph at lines 10483--10483
[]\TU/lmtt/m/n/10 [\\cite{obst2004spark}] Oliver Obst and Markus Rollmann. SPAR
K - A Generic Simulator for Physical Multiagent Simulations. In Gabriela Lindem
ann, Jörg Denzinger, Ingo J. Timm, and Rainer Unland, editors, Multiagent Syste
m Technologies - Proceedings of the MATES 2004, volume 3187, pages 243-257. Spr
inger, September 2004[] 
 []


Overfull \hbox (374.25pt too wide) in paragraph at lines 10484--10484
[]\TU/lmtt/m/n/10 [\\cite{ohmann1995diagnostic}] C. Ohmann, Q. Yang, C. Franke,
 Diagnostic scores for Acute Appendicitis. Eur. J. Surg. 161, 273-281 (1995)[] 

 []


Overfull \hbox (621.0pt too wide) in paragraph at lines 10485--10485
[]\TU/lmtt/m/n/10 [\\cite{paech2016befreiung}] N. Paech, Befreiung vom Überflus
s - Grundlagen einer Wirtschaft ohne Wachstum, Fromm Forum, volume 20 (Erich Fr
omm Gesellschaft, Tübingen, 2016), pp. 70-76[] 
 []


Overfull \hbox (185.25pt too wide) in paragraph at lines 10486--10486
[]\TU/lmtt/m/n/10 [\\cite{palm1980associative}] G. Palm, On associative memory.
 Biological Cybernetics 36, 19-31 (1980)[] 
 []


Overfull \hbox (447.75pt too wide) in paragraph at lines 10487--10487
[]\TU/lmtt/m/n/10 [\\cite{palm1991memory}] G. Palm. Memory capacities of local 
rules for synaptic modification. Concepts in Neuroscience, 2(1):97-128, 1991. M
PI Tübingen[] 
 []


Overfull \hbox (453.0pt too wide) in paragraph at lines 10488--10488
[]\TU/lmtt/m/n/10 [\\cite{pearl1984heuristics}] J. Pearl, Heuristics (Addison-W
esley Publishing Company, Intelligent Search Strategies for Computer Problem So
lving, 1984)[] 
 []


Overfull \hbox (421.5pt too wide) in paragraph at lines 10489--10489
[]\TU/lmtt/m/n/10 [\\cite{pearl1988probabilistic}] J. Pearl, Probabilistic Reas
oning in Intelligent Systems (Morgan Kaufmann, Networks of Plausible Inference,
 1988)[] 
 []


Overfull \hbox (148.5pt too wide) in paragraph at lines 10490--10490
[]\TU/lmtt/m/n/10 [\\cite{piketty2014kapital}] T. Piketty, Das Kapital im 21 (C
H Beck Verlag, Jahrhundert, 2014)[] 
 []


Overfull \hbox (552.75pt too wide) in paragraph at lines 10491--10491
[]\TU/lmtt/m/n/10 [\\cite{panait2005cooperative}] L. Panait, S. Luke, Cooperati
ve multi-agent learning: The state of the art. Autonomous Agents and Multi-Agen
t Systems 11(3), 387-434 (2005)[] 
 []


Overfull \hbox (468.75pt too wide) in paragraph at lines 10492--10492
[]\TU/lmtt/m/n/10 [\\cite{peters2008reinforcement}] J. Peters, S. Schaal, Reinf
orcement learning of motor skills with policy gradients. Neural Networks 21(4),
 682-697 (2008)[] 
 []


Overfull \hbox (285.0pt too wide) in paragraph at lines 10493--10493
[]\TU/lmtt/m/n/10 [\\cite{polya2009how}] George Pólya and S. Sloan. How to Solv
e It: A New Aspect of Mathematical Method. Ishi Press, 2009[] 
 []


Overfull \hbox (552.75pt too wide) in paragraph at lines 10494--10494
[]\TU/lmtt/m/n/10 [\\cite{paris1990inevitability}] J.B. Paris, A. Vencovska, A 
Note on the Inevitability of Maximum Entropy. International Journal of Approxim
ate Reasoning 3, 183-223 (1990)[] 
 []


Overfull \hbox (846.75pt too wide) in paragraph at lines 10496--10496
[]\TU/lmtt/m/n/10 \hline [\\cite{peters2003reinforcement}] & J. Peters, S. Vija
yakumar, and S. Schaal. Reinforcement learning for humanoid robotics. In Humano
ids2003, Third IEEE-RAS International Conference on Humanoid Robots, Karlsruhe,
 2003 \\[] 
 []


Overfull \hbox (64.5pt too wide) in paragraph at lines 10501--10501
[]\TU/lmtt/m/n/10 \hline [\\cite{quinlan_c50}] & J.R. Quinlan. C5.0. http://www
.rulequest.com \\[] 
 []


Overfull \hbox (421.5pt too wide) in paragraph at lines 10502--10502
[]\TU/lmtt/m/n/10 \hline [\\cite{quinlan1993c45}] & Publishers, 1993. C4.5 Down
load: http://www.rulequest.com/Personal, C5.0 Bestellung: http://www.rulequest.
com \\[] 
 []


Overfull \hbox (342.75pt too wide) in paragraph at lines 10503--10503
[]\TU/lmtt/m/n/10 \hline [\\cite{randers2012_2052}] & J. Randers. 2052: A Globa
l Forecast for the Next Forty Years. Chelsea Green Publishing, 2012 \\[] 
 []


Overfull \hbox (295.5pt too wide) in paragraph at lines 10504--10504
[]\TU/lmtt/m/n/10 \hline [\\cite{rautenberg1996_einfuehrung}] & W. Rautenberg. 
Einführung in die Mathematische Logik. Vieweg Verlag, 1996 \\[] 
 []


Overfull \hbox (936.0pt too wide) in paragraph at lines 10505--10505
[]\TU/lmtt/m/n/10 \hline [\\cite{riedmiller1993rprop}] & M. Riedmiller and H. B
raun. A direct adaptive method for faster backpropagation learning: The rprop a
lgorithm. In Proceedings of the IEEE International Conference on Neural Network
s, pages 586-591, 1993 \\[] 
 []


Overfull \hbox (1114.5pt too wide) in paragraph at lines 10506--10506
[]\TU/lmtt/m/n/10 \hline [\\cite{russakovsky2015imagenet}] & O. Russakovsky, J.
 Deng, H. Su, J. Krause, S. Satheesh, S. Ma, Z. Huang, A. Karpathy, A. Khosla, 
M. Bernstein et al., Imagenet large scale visual recognition challenge. Interna
tional Journal of Computer Vision 115(3), 211-252 (2015) \\[] 
 []


Overfull \hbox (789.0pt too wide) in paragraph at lines 10507--10507
[]\TU/lmtt/m/n/10 \hline [\\cite{riedmiller2006brainstormers}] & M. Riedmiller,
 T. Gabel, R. Hafner, S. Lange, M. Lauer, Die Brainstormers: Entwurfsprinzipien
 lernfähiger autonomer Roboter. Informatik-Spektrum 29(3), 175-190 (2006) \\[] 

 []



[380]
Overfull \hbox (610.5pt too wide) in paragraph at lines 10508--10508
[]\TU/lmtt/m/n/10 \hline [\\cite{rumelhart1986learning}] & D.E. Rumelhart, G.E.
 Hinton, and Williams R.J. Learning Internal Representations by Error Propagati
on. in [\\cite{rumelhart1986pdp}], 1986 \\[] 
 []


Overfull \hbox (96.0pt too wide) in paragraph at lines 10509--10509
[]\TU/lmtt/m/n/10 \hline [\\cite{rich1983ai}] & E. Rich. Artificial Intelligenc
e. McGraw-Hill, 1983 \\[] 
 []


Overfull \hbox (437.25pt too wide) in paragraph at lines 10510--10510
[]\TU/lmtt/m/n/10 \hline [\\cite{richter_fallbasiertes}] & M. Richter. Fallbasi
ertes schließen. In Görz et al. [\\cite{gorz2003handbuch}], chapter 11, pages 4
07-430 \\[] 
 []


Overfull \hbox (332.25pt too wide) in paragraph at lines 10511--10511
[]\TU/lmtt/m/n/10 \hline [\\cite{rumelhart1986pdp}] & D. Rumelhart and J. McCle
lland. Parallel Distributed Processing, volume 1. MIT Press, 1986 \\[] 
 []


Overfull \hbox (621.0pt too wide) in paragraph at lines 10512--10512
[]\TU/lmtt/m/n/10 \hline [\\cite{rodder1996spirit}] & W. Rödder and C.-H. Meyer
. Coherent Knowledge Processing at Maximum Entropy by SPIRIT. In KI-96 (German 
national conference on AI), Dresden, 1996 \\[] 
 []


Overfull \hbox (1261.5pt too wide) in paragraph at lines 10513--10513
[]\TU/lmtt/m/n/10 \hline [\\cite{riedmiller2007drive}] & M. Riedmiller, M. Mont
emerlo, and H. Dahlkamp. Learning to drive a real car in 20 minutes. In FBIT []
07: Proceedings of the 2007 Frontiers in the Convergence of Bioscience and Info
rmation Technologies, pages 645-650, Washington, DC, USA, 2007. IEEE Computer S
ociety \\[] 
 []


Overfull \hbox (416.25pt too wide) in paragraph at lines 10514--10514
[]\TU/lmtt/m/n/10 \hline [\\cite{ritter1992neural}] & H. Ritter, T. Martinez, a
nd K. Schulten. Neural computation and self-organizing maps. Addison Wesley, 19
92 \\[] 
 []


Overfull \hbox (636.75pt too wide) in paragraph at lines 10515--10515
[]\TU/lmtt/m/n/10 \hline [\\cite{russell2010aima}] & S. Russell and P. Norvig. 
Artificial Intelligence: A Modern Approach. Prentice Hall, 3rd edition, 2010. 1
st edition 1995, http://aima.cs.berkeley.edu \\[] 
 []


Overfull \hbox (75.0pt too wide) in paragraph at lines 10516--10516
[]\TU/lmtt/m/n/10 \hline [\\cite{robocup_site}] & Robocup official site. http:/
/www.robocup.org \\[] 
 []


Overfull \hbox (180.0pt too wide) in paragraph at lines 10517--10517
[]\TU/lmtt/m/n/10 \hline [\\cite{robocup_simulator}] & The robocup soccer simul
ator. http://sserver.sourceforge.net \\[] 
 []


Overfull \hbox (484.5pt too wide) in paragraph at lines 10518--10518
[]\TU/lmtt/m/n/10 \hline [\\cite{robinson1965resolution}] & J.A. Robinson, A ma
chine-oriented logic based on the resolution principle. Journal of the ACM 12(1
), 23-41 (1965) \\[] 
 []


Overfull \hbox (642.0pt too wide) in paragraph at lines 10519--10519
[]\TU/lmtt/m/n/10 \hline [\\cite{robinson1977acyclic}] & R. W. Robinson. Counti
ng labeled acyclic digraphs. In F. Harary, editor, New Directions in the Theory
 of Graphs, pages 28-43. Academic Press, 1977 \\[] 
 []


Overfull \hbox (211.5pt too wide) in paragraph at lines 10520--10520
[]\TU/lmtt/m/n/10 \hline [\\cite{rojas1996neural}] & R. Rojas. Neural Networks:
 a Systematic Introduction. Springer, 1996 \\[] 
 []


Overfull \hbox (1025.25pt too wide) in paragraph at lines 10521--10521
[]\TU/lmtt/m/n/10 \hline [\\cite{rosenblatt1958perceptron}] & F. Rosenblatt. Th
e perceptron : a probabilistic model for information storage and organization i
n the brain. Psychological Reviews, 65:386-408, 1958. Wiederabdruck in [\\cite{
anderson1988neurocomputing}], S. 92-114 \\[] 
 []


Overfull \hbox (390.0pt too wide) in paragraph at lines 10522--10522
[]\TU/lmtt/m/n/10 \hline [\\cite{ross2009intro}] & S.M. Ross. Introduction to p
robability and statistics for engineers and scientists. Academic Press, 2009 \\
[] 
 []


Overfull \hbox (726.0pt too wide) in paragraph at lines 10523--10523
[]\TU/lmtt/m/n/10 \hline [\\cite{rousseeuw1987silhouettes}] & P.J. Rousseeuw, S
ilhouettes: a graphical aid to the interpretation and validation of cluster ana
lysis. Computational and Applied Mathematics 20, 53-65 (1987) \\[] 
 []


Overfull \hbox (678.75pt too wide) in paragraph at lines 10524--10524
[]\TU/lmtt/m/n/10 \hline [\\cite{rasmussen2006gpml}] & C.E. Rasmussen and C.K.I
. Williams. Gaussian Processes for Machine Learning. Mit Press, 2006. Online ve
rsion: http://www.gaussianprocess.org/gpml/chapters/ \\[] 
 []


Overfull \hbox (542.25pt too wide) in paragraph at lines 10530--10530
[]\TU/lmtt/m/n/10 \hline [\\cite{schaal1994robot}] & S. Schaal, C.G. Atkeson, R
obot juggling: implementation of memory-based learning. IEEE Control Systems Ma
gazine 14(1), 57-71 (1994) \\[] 
 []


Overfull \hbox (405.75pt too wide) in paragraph at lines 10531--10531
[]\TU/lmtt/m/n/10 \hline [\\cite{samuel1959some}] & A.L. Samuel, Some Studies i
n Machine Learning Using the Game of Checkers. IBM Journal 1(3), 210-229 (1959)
 \\[] 
 []


Overfull \hbox (432.0pt too wide) in paragraph at lines 10532--10532
[]\TU/lmtt/m/n/10 \hline [\\cite{samuel1967some}] & A.L. Samuel, Some Studies i
n Machine Learning Using the Game of Checkers. II. IBM Journal 11(6), 601-617 (
1967) \\[] 
 []


Overfull \hbox (510.75pt too wide) in paragraph at lines 10533--10533
[]\TU/lmtt/m/n/10 \hline [\\cite{sutton1998reinforcement}] & R. Sutton and A. B
arto. Reinforcement Learning. MIT Press, 1998. http://www.cs. ualberta.ca/sutto
n/book/the-book.html \\[] 
 []


Overfull \hbox (894.0pt too wide) in paragraph at lines 10534--10534
[]\TU/lmtt/m/n/10 \hline [\\cite{siekmann2004omega}] & J. Siekmann and Ch. Benz
müller. Omega: Computer supported mathematics. In KI 2004: Advances in Artifici
al Intelligence, LNAI 3238, pages 3-28. Springer Verlag, 2004. http://www.ags.u
ni-sb.de/omega \\[] 
 []


Overfull \hbox (972.75pt too wide) in paragraph at lines 10535--10535
[]\TU/lmtt/m/n/10 \hline [\\cite{schramm1996indifferenz}] & M. Schramm. Indiffe
renz, Unabhängigkeit und maximale Entropie: Eine wahrscheinlichkeitstheoretisch
e Semantik für Nicht-Monotones Schließen. Number 4 in Dissertationen zur Inform
atik. CS-Press, München, 1996 \\[] 
 []


Overfull \hbox (332.25pt too wide) in paragraph at lines 10536--10536
[]\TU/lmtt/m/n/10 \hline [\\cite{schumann2001automated}] & J. Schumann. Automat
ed Theorem Proving in Software Engineering. Springer Verlag, 2001 \\[] 
 []


Overfull \hbox (668.25pt too wide) in paragraph at lines 10537--10537
[]\TU/lmtt/m/n/10 \hline [\\cite{schulz2002e}] & S. Schulz. E - A Brainiac Theo
rem Prover. Journal of AI Communications, 15 (2/3):111-126, 2002. http://www4.i
nformatik.tu-muenchen.de/schulz/WORK/ eprover.html \\[] 
 []


Overfull \hbox (411.0pt too wide) in paragraph at lines 10538--10538
[]\TU/lmtt/m/n/10 \hline [\\cite{schwartz2004spamassassin}] & A. Schwartz. Spam
Assassin. O[]Reilly, 2004. Spamassassin-Homepage: http:// spamassassin.apache.o
rg \\[] 
 []


Overfull \hbox (757.5pt too wide) in paragraph at lines 10539--10539
[]\TU/lmtt/m/n/10 \hline [\\cite{suttner1990automatic}] & Ch. Suttner and W. Er
tel. Automatic Acquisition of Search Guiding Heuristics. In 10th Int. Conf. on 
Automated Deduction, pages 470-484. Springer-Verlag, LNAI 449, 1990 \\[] 
 []


Overfull \hbox (1098.75pt too wide) in paragraph at lines 10540--10540
[]\TU/lmtt/m/n/10 \hline [\\cite{schramm2000reasoning}] & M. Schramm and W. Ert
el. Reasoning with Probabilities and Maximum Entropy: The System PIT and its Ap
plication in LEXMED. In K. Inderfurth et al, editor, Operations Research Procee
edings (SOR[]99), pages 274-280. Springer Verlag, 2000 \\[] 
 []


Overfull \hbox (941.25pt too wide) in paragraph at lines 10541--10541
[]\TU/lmtt/m/n/10 \hline [\\cite{schneider2010robot}] & M. Schneider and W. Ert
el. Robot Learning by Demonstration with Local Gaussian Process Regression. In 
Proceedings of the IEEE/RSJ International Conference on Intelligent Robots and 
Systems (IROS[]10), 2010 \\[] 
 []


Overfull \hbox (699.75pt too wide) in paragraph at lines 10542--10542
[]\TU/lmtt/m/n/10 \hline [\\cite{schneider2016expected}] & M. Schneider, W. Ert
el, and G. Palm. Expected similarity estimation for large-scale batch and strea
ming anomaly detection. Machine Learning, 2016. accepted \\[] 
 []


Overfull \hbox (316.5pt too wide) in paragraph at lines 10543--10543
[]\TU/lmtt/m/n/10 \hline [\\cite{segaran2009programming}] & T. Segaran, C. Evan
s, and J. Taylor. Programming the Semantic Web. O[]Reilly, 2009 \\[] 
 []


Overfull \hbox (1067.25pt too wide) in paragraph at lines 10544--10544
[]\TU/lmtt/m/n/10 \hline [\\cite{schramm1995foundations}] & M. Schramm and M. G
reiner. Foundations: Indifference, Independence \& Maxent. In J. Skilling, edit
or, Maximum Entropy and Bayesian Methods in Science and Engeneering (Proc. of t
he MaxEnt[]94). Kluwer Academic Publishers, 1995 \\[] 
 []


Overfull \hbox (1177.5pt too wide) in paragraph at lines 10545--10545
[]\TU/lmtt/m/n/10 \hline [\\cite{silver2016mastering}] & D. Silver, A. Huang, C
.J. Maddison, A. Guez, L. Sifre, G. van den Driessche, J. Schrittwieser, I. Ant
onoglou, V. Panneershelvam, M. Lanctot et al., Mastering the game of go with de
ep neural networks and tree search. Nature 529(7587), 484-489 (2016) \\[] 
 []


Overfull \hbox (374.25pt too wide) in paragraph at lines 10546--10546
[]\TU/lmtt/m/n/10 \hline [\\cite{shortliffe1976computer}] & E.H. Shortliffe, Co
mputer-based medical consultations (MYCIN. North-Holland, New York, 1976) \\[] 

 []


Overfull \hbox (295.5pt too wide) in paragraph at lines 10547--10547
[]\TU/lmtt/m/n/10 \hline [\\cite{scientificamerican1997mysteries}] & Mysteries 
of the Mind. Speciel Issue. Scientific American Inc., 1997 \\[] 
 []


Overfull \hbox (442.5pt too wide) in paragraph at lines 10548--10548
[]\TU/lmtt/m/n/10 \hline [\\cite{scientificamerican1998exploring}] & Exploring 
Intelligence, volume 9 of Scientific American presents. Scientific American Inc
., 1998 \\[] 
 []


Overfull \hbox (1644.75pt too wide) in paragraph at lines 10549--10549
[]\TU/lmtt/m/n/10 \hline [\\cite{staehle2016marvin}] & B. Staehle, S. Pfiffner,
 B. Reiner, W. Ertel, B. Weber-Fiori, and M. Winter. Marvin, ein Assistenzrobot
er für Menschen mit körperlicher Behinderung im praktischen Einsatz. In M.A. Pf
annstiel, S. Krammer, and W. Swoboda, editors, Digitalisierung von Dienstleistu
ngen im Gesundheitswesen. Springer Verlag, 2016. http://asrobe.hsweingarten.de 
\\[] 
 []



[381]
Overfull \hbox (1303.5pt too wide) in paragraph at lines 10554--10554
[]\TU/lmtt/m/n/10 [\\cite{sejnowski1986nettalk}] T.J. Sejnowski and C.R. Rosenb
erg. NETtalk: a parallel network that learns to read aloud. Technical Report JH
U/EECS-86/01, The John Hopkins University Electrical Engineering and Computer S
cience Technical Report, 1986. Wiederabdruck in [\\cite{anderson1988neurocomput
ing}] S. 661-672[] 
 []


Overfull \hbox (510.75pt too wide) in paragraph at lines 10555--10555
[]\TU/lmtt/m/n/10 [\\cite{schoelkopf2002learning}] S. Schölkopf, A. Smola, Lear
ning with Kernels: Support Vector Machines (Optimization, and Beyond. MIT Press
, Regularization, 2002)[] 
 []


Overfull \hbox (510.75pt too wide) in paragraph at lines 10556--10556
[]\TU/lmtt/m/n/10 [\\cite{sutcliffe2006state}] G. Sutcliffe and C. Suttner. The
 State of CASC. AI Communications, 19(1):35-48, 2006. CASC-Homepage: http://www
.cs.miami.edu/tptp/CASC[] 
 []


Overfull \hbox (894.0pt too wide) in paragraph at lines 10557--10557
[]\TU/lmtt/m/n/10 [\\cite{schwab2016future}] K. Schwab and R. Samans. The futur
e of jobs - employment, skills and workforce strategy for the fourth industrial
 revolution. World Economic Forum, http://reports. weforum.org/future-of-jobs-2
016, January 2016[] 
 []


Overfull \hbox (773.25pt too wide) in paragraph at lines 10558--10558
[]\TU/lmtt/m/n/10 [\\cite{stone2005reinforcement}] P. Stone, R.S. Sutton, and G
. Kuhlmann. Reinforcement Learning for RoboCup-Soccer Keepaway. Adaptive Behavi
or, 2005. http://www.cs.utexas.edu/ pstone/Papers/bib2html-links/AB05.pdf[] 
 []


Overfull \hbox (117.0pt too wide) in paragraph at lines 10559--10559
[]\TU/lmtt/m/n/10 [\\cite{stewart2007multivariable}] J. Stewart. Multivariable 
Calculus. Brooks Cole, 2007[] 
 []


Overfull \hbox (369.0pt too wide) in paragraph at lines 10560--10560
[]\TU/lmtt/m/n/10 [\\cite{shannon1976mathematische}] C.E. Shannon and W. Weaver
. Mathematische Grundlagen der Informationstheorie. Oldenbourg Verlag, 1976[] 
 []


Overfull \hbox (421.5pt too wide) in paragraph at lines 10561--10561
[]\TU/lmtt/m/n/10 [\\cite{simonyan2015very}] K. Simonyan and A. Zisserman. Very
 deep convolutional networks for large-scale image recognition. arXiv:1409.1556
, 2015[] 
 []


Overfull \hbox (673.5pt too wide) in paragraph at lines 10562--10562
[]\TU/lmtt/m/n/10 [\\cite{szepesvari2010algorithms}] C. Szepesvari. Algorithms 
for Reinforcement Learning. Morgan \& Claypool Publishers, 2010. draft availabl
e online: http://www.ualberta.ca/szepesva/RLBook. html[] 
 []


Overfull \hbox (216.75pt too wide) in paragraph at lines 10563--10563
[]\TU/lmtt/m/n/10 [\\cite{tax2001one}] D.M.J. Tax. One-class classification. Ph
D thesis, Delft University of Technology, 2001[] 
 []


Overfull \hbox (936.0pt too wide) in paragraph at lines 10564--10564
[]\TU/lmtt/m/n/10 [\\cite{tedrake2008learning}] R. Tedrake. Learning control at
 intermediate reynolds numbers. In Workshop on: Robotics Challenges for Machine
 Learning II, International Conference on Intelligent Robots and Systems (IROS 
2008), Nice, France, 2008[] 
 []


Overfull \hbox (1161.75pt too wide) in paragraph at lines 10565--10565
[]\TU/lmtt/m/n/10 [\\cite{tokic2009crawler}] M. Tokic, W. Ertel, and J. Fessler
. The crawler, a class room demonstrator for reinforcement learning. In In Proc
eedings of the 22nd International Florida Artificial Intelligence Research Soci
ety Conference (FLAIRS 09), Menlo Park, California, 2009. AAAI Press[] 
 []


Overfull \hbox (547.5pt too wide) in paragraph at lines 10566--10566
[]\TU/lmtt/m/n/10 [\\cite{tesauro1995temporal}] G. Tesauro. Temporal difference
 learning and td-gammon. Communications of the ACM, 38(3), 1995. http://www.res
earch.ibm.com/massive/tdl.html[] 
 []


Overfull \hbox (825.75pt too wide) in paragraph at lines 10567--10567
[]\TU/lmtt/m/n/10 [\\cite{tokic2006entwicklung}] M. Tokic. Entwicklung eines Le
rnfähigen Laufroboters. Diplomarbeit Hochschule Ravensburg-Weingarten, 2006. In
klusive Simulationssoftware verfügbar auf http:// www.hs-weingarten.de/ertel/ki
buch[] 
 []


Overfull \hbox (558.0pt too wide) in paragraph at lines 10568--10568
[]\TU/lmtt/m/n/10 [\\cite{turing1937computable}] A.M. Turing. On computable num
bers, with an application to the Entscheidungsproblem. Proceedings of the Londo
n Mathemat. Society, 42(2), 1937[] 
 []


Overfull \hbox (201.0pt too wide) in paragraph at lines 10569--10569
[]\TU/lmtt/m/n/10 [\\cite{turing1950computing}] A.M. Turing, Computing Machiner
y and Intelligence. Mind 59, 433-460 (1950)[] 
 []


Overfull \hbox (463.5pt too wide) in paragraph at lines 10570--10570
[]\TU/lmtt/m/n/10 [\\cite{tian2016better}] Y. Tian and Y. Zhu. Better computer 
go player with neural network and long-term prediction. arXiv preprint arXiv:15
11.06410, 2016[] 
 []


Overfull \hbox (426.75pt too wide) in paragraph at lines 10571--10571
[]\TU/lmtt/m/n/10 [\\cite{vahn2006games}] L. v. Ahn. Games with a purpose. IEEE
 Computer Magazine, pages 96-98, Juni 2006. http://www.cs.cmu.edu/biglou/ieee-g
wap.pdf[] 
 []


Overfull \hbox (957.0pt too wide) in paragraph at lines 10572--10572
[]\TU/lmtt/m/n/10 [\\cite{vincent2010stacked}] P. Vincent, H. Larochelle, I. La
joie, Y. Bengio, P. Manzagol, Stacked denoising autoencoders: Learning useful r
epresentations in a deep network with a local denoising criterion. J. Mach. Lea
rn. Res. 11, 3371-3408 (2010)[] 
 []


Overfull \hbox (841.5pt too wide) in paragraph at lines 10573--10573
[]\TU/lmtt/m/n/10 [\\cite{vinyals2015show}] O. Vinyals, A. Toshev, S. Bengio, a
nd D. Erhan. Show and tell: A neural image caption generator. In Proceedings of
 the IEEE Conference on Computer Vision and Pattern Recognition, pages 3156-316
4, 2015[] 
 []


Overfull \hbox (636.75pt too wide) in paragraph at lines 10574--10574
[]\TU/lmtt/m/n/10 [\\cite{weizenbaum1966eliza}] J. Weizenbaum, ELIZA-A Computer
 Program For the Study of Natural Language Communication Between Man and Machin
e. Communications of the ACM 9(1), 36-45 (1966)[] 
 []


Overfull \hbox (516.0pt too wide) in paragraph at lines 10575--10575
[]\TU/lmtt/m/n/10 [\\cite{witten2001datamining}] I. Witten and E. Frank. Data M
ining. Hanser Verlag München, 2001. (DataMining Java Library WEKA: http://www.c
s.waikato.ac.nz/ml/weka)[] 
 []


Overfull \hbox (237.75pt too wide) in paragraph at lines 10576--10576
[]\TU/lmtt/m/n/10 [\\cite{whittaker1996graphical}] J. Whittaker. Graphical mode
ls in applied multivariate statistics. Wiley, 1996[] 
 []


Overfull \hbox (237.75pt too wide) in paragraph at lines 10577--10577
[]\TU/lmtt/m/n/10 [\\cite{wiedemann_phillex}] U. Wiedemann. PhilLex, Lexikon de
r Philosophie. http://www.phillex.de/paradoxa. htm[] 
 []


Overfull \hbox (253.5pt too wide) in paragraph at lines 10578--10578
[]\TU/lmtt/m/n/10 [\\cite{wielemaker2004swipl}] J. Wielemaker. SWI-Prolog 5.4. 
Universität Amsterdam, 2004. http://www.swiprolog.org[] 
 []


Overfull \hbox (111.75pt too wide) in paragraph at lines 10579--10579
[]\TU/lmtt/m/n/10 [\\cite{wikipedia2013}] Wikipedia, the free enzyclopedia. htt
p://en.wikipedia.org, 2013[] 
 []


Overfull \hbox (489.75pt too wide) in paragraph at lines 10580--10580
[]\TU/lmtt/m/n/10 [\\cite{winston_game_demo}] P. Winston. Game demonstration. h
ttp://www.ai.mit.edu/courses/6.034f/gamepair. html. Java Applet for Minimax- an
d Alpha-Beta-Search[] 
 []


Overfull \hbox (64.5pt too wide) in paragraph at lines 10581--10581
[]\TU/lmtt/m/n/10 [\\cite{zdziarski2005ending}] J. Zdziarski. Ending Spam. No S
tarch Press, 2005[] 
 []


Overfull \hbox (411.0pt too wide) in paragraph at lines 10582--10582
[]\TU/lmtt/m/n/10 [Ze194] A. Zell. Simulation Neuronaler Netze. Addison Wesley,
 1994. Description of SNNS and JNNS: http://www-ra.informatik.uni-tuebingen.de/
SNNS[] 
 []


Overfull \hbox (878.25pt too wide) in paragraph at lines 10583--10583
[]\TU/lmtt/m/n/10 [\\cite{zielke1999appendizitis}] A. Zielke, H. Sitter, T.A. R
ampp, E. Sch"afer, C. Hasse, W. Lorenz, and M. Rothmund. Überprüfung eines diag
nostischen Scoresystems (Ohmann-Score) für die akute Appendizitis. Chirurg 70, 
777-783 (1999)[] 
 []


Overfull \hbox (379.5pt too wide) in paragraph at lines 10584--10584
[]\TU/lmtt/m/n/10 [\\cite{zimmerli1994ki}] W.C. Zimmerli, S. Wolf (eds.), Künst
liche Intelligenz - Philosophische Probleme (Philipp Reclam, Stuttgart, 1994)[]
 
 []



[382]

[383]

[384]

[385]

[386]

[387]

[388]

[389]

[390]

[391]

[392]

[393]

[394] (./ai_final.bbl

[395]

[396

]

LaTeX Warning: Empty `thebibliography' environment on input line 3.

)
/Users/jrathi/Projects/pdf-2-latex/files/ai/bold-italic-formatting/ai_final.tex
:11188: Undefined control sequence.
l.11188 \1
          
The control sequence at the end of the top line
of your error message was never \def'ed. If you have
misspelled it (e.g., `\hobx'), type `I' and the correct
spelling (e.g., `I\hbox'). Otherwise just continue,
and I'll forget about whatever was undefined.



[397] (./ai_final.aux)
 ***********
LaTeX2e <2024-11-01> patch level 2
L3 programming layer <2022/08/05>
 ***********


LaTeX Font Warning: Some font shapes were not available, defaults substituted.

Package rerunfilecheck Info: File `ai_final.out' has not changed.
(rerunfilecheck)             Checksum: 5F6C58B4ECE2358D5A06AFB017CCF3DF;35956.
 ) 
Here is how much of TeX's memory you used:
 35274 strings out of 475366
 872918 string characters out of 5762340
 1167925 words of memory out of 5000000
 57690 multiletter control sequences out of 15000+600000
 571420 words of font info for 123 fonts, out of 8000000 for 9000
 319 hyphenation exceptions out of 8191
 98i,20n,105p,1572b,998s stack positions out of 10000i,1000n,20000p,200000b,200000s

Output written on ai_final.xdv (397 pages, 7643736 bytes).
