This is XeTeX, Version 3.141592653-2.6-0.999997 (TeX Live 2025) (preloaded format=xelatex 2025.9.28)  18 DEC 2025 12:48
entering extended mode
 restricted \write18 enabled.
 file:line:error style messages enabled.
 %&-line parsing enabled.
**"/Users/aliasgar/Desktop/Ali Asgar/Stony Brook/Advanced Project/local/files/c
ybersec/penultimate/cybersec_final.tex"

(/Users/aliasgar/Desktop/Ali Asgar/Stony Brook/Advanced Project/local/files/cyb
ersec/penultimate/cybersec_final.tex
LaTeX2e <2025-06-01> patch level 1
L3 programming layer <2025-09-02>
(/usr/local/texlive/2025/texmf-dist/tex/latex/base/book.cls
Document Class: book 2025/01/22 v1.4n Standard LaTeX document class
(/usr/local/texlive/2025/texmf-dist/tex/latex/base/bk10.clo
File: bk10.clo 2025/01/22 v1.4n Standard LaTeX file (size option)
)
\c@part=\count271
\c@chapter=\count272
\c@section=\count273
\c@subsection=\count274
\c@subsubsection=\count275
\c@paragraph=\count276
\c@subparagraph=\count277
\c@figure=\count278
\c@table=\count279
\abovecaptionskip=\skip49
\belowcaptionskip=\skip50
\bibindent=\dimen148
)
(/usr/local/texlive/2025/texmf-dist/tex/generic/babel/babel.sty
Package: babel 2025/08/03 v25.12 The multilingual framework for LuaLaTeX, pdfLa
TeX and XeLaTeX
\babel@savecnt=\count280
LaTeX Encoding Info:    Redeclaring text command \ij (encoding OT1) on input li
ne 2045.
LaTeX Encoding Info:    Redeclaring text command \IJ (encoding OT1) on input li
ne 2047.
LaTeX Encoding Info:    Redeclaring text command \ij (encoding T1) on input lin
e 2049.
LaTeX Encoding Info:    Redeclaring text command \IJ (encoding T1) on input lin
e 2050.
LaTeX Encoding Info:    Ignoring declaration for text command \ij (encoding ?) 
on input line 2051.
LaTeX Encoding Info:    Ignoring declaration for text command \IJ (encoding ?) 
on input line 2053.
LaTeX Encoding Info:    Ignoring declaration for text command \SS (encoding ?) 
on input line 2078.
\U@D=\dimen149
\l@unhyphenated=\language90

(/usr/local/texlive/2025/texmf-dist/tex/generic/babel/xebabel.def)
\bbl@readstream=\read2
\bbl@dirlevel=\count281

(/usr/local/texlive/2025/texmf-dist/tex/generic/babel-french/french.ldf
Language: french 2025-08-15 v4.0e French support from the babel system

(/usr/local/texlive/2025/texmf-dist/tex/generic/babel/locale/fr/babel-french.te
x
Package babel Info: Importing font and identification data for french
(babel)             from babel-fr.ini. Reported on input line 12.
) (/usr/local/texlive/2025/texmf-dist/tex/generic/babel-french/french3.ldf
Language: french 2025-08-15 v3.7e French support from the babel system
\FB@stdchar=\count282
Package french3.ldf Info: No need for active punctuation characters
(french3.ldf)             with this version of XeTeX!
(french3.ldf)             reported on input line 154.
\FB@punctthick=\XeTeXcharclass4
\FB@punctthin=\XeTeXcharclass5
\FB@punctnul=\XeTeXcharclass6
\FB@guilo=\XeTeXcharclass7
\FB@guilf=\XeTeXcharclass8
\FB@guilnul=\XeTeXcharclass9
\FBguill@level=\count283
\FBold@everypar=\toks17
\FB@Mht=\dimen150
\mc@charclass=\count284
\mc@charfam=\count285
\mc@charslot=\count286
\std@mcc=\count287
\dec@mcc=\count288
\FB@pardim=\dimen151
\listindentFB=\dimen152
\descindentFB=\dimen153
\labelindentFB=\dimen154
\labelwidthFB=\dimen155
\leftmarginFB=\dimen156
\parindentFFN=\dimen157
\FBfnindent=\dimen158
)))
(/usr/local/texlive/2025/texmf-dist/tex/latex/carlisle/scalefnt.sty)
(/usr/local/texlive/2025/texmf-dist/tex/latex/base/inputenc.sty
Package: inputenc 2024/02/08 v1.3d Input encoding file
\inpenc@prehook=\toks18
\inpenc@posthook=\toks19


Package inputenc Warning: inputenc package ignored with utf8 based engines.

) (/usr/local/texlive/2025/texmf-dist/tex/latex/base/fontenc.sty
Package: fontenc 2024/12/21 v2.1c Standard LaTeX package
LaTeX Font Info:    Trying to load font information for T1+lmr on input line 11
6.

(/usr/local/texlive/2025/texmf-dist/tex/latex/lm/t1lmr.fd
File: t1lmr.fd 2015/05/01 v1.6.1 Font defs for Latin Modern
))
(/usr/local/texlive/2025/texmf-dist/tex/latex/hyperref/hyperref.sty
Package: hyperref 2025-07-12 v7.01o Hypertext links for LaTeX

(/usr/local/texlive/2025/texmf-dist/tex/generic/iftex/iftex.sty
Package: iftex 2024/12/12 v1.0g TeX engine tests
)
(/usr/local/texlive/2025/texmf-dist/tex/latex/graphics/keyval.sty
Package: keyval 2022/05/29 v1.15 key=value parser (DPC)
\KV@toks@=\toks20
)
(/usr/local/texlive/2025/texmf-dist/tex/latex/kvsetkeys/kvsetkeys.sty
Package: kvsetkeys 2022-10-05 v1.19 Key value parser (HO)
)
(/usr/local/texlive/2025/texmf-dist/tex/generic/kvdefinekeys/kvdefinekeys.sty
Package: kvdefinekeys 2019-12-19 v1.6 Define keys (HO)
)
(/usr/local/texlive/2025/texmf-dist/tex/generic/pdfescape/pdfescape.sty
Package: pdfescape 2019/12/09 v1.15 Implements pdfTeX's escape features (HO)

(/usr/local/texlive/2025/texmf-dist/tex/generic/ltxcmds/ltxcmds.sty
Package: ltxcmds 2023-12-04 v1.26 LaTeX kernel commands for general use (HO)
)
(/usr/local/texlive/2025/texmf-dist/tex/generic/pdftexcmds/pdftexcmds.sty
Package: pdftexcmds 2020-06-27 v0.33 Utility functions of pdfTeX for LuaTeX (HO
)

(/usr/local/texlive/2025/texmf-dist/tex/generic/infwarerr/infwarerr.sty
Package: infwarerr 2019/12/03 v1.5 Providing info/warning/error messages (HO)
)
Package pdftexcmds Info: \pdf@primitive is available.
Package pdftexcmds Info: \pdf@ifprimitive is available.
Package pdftexcmds Info: \pdfdraftmode not found.
))
(/usr/local/texlive/2025/texmf-dist/tex/latex/hycolor/hycolor.sty
Package: hycolor 2020-01-27 v1.10 Color options for hyperref/bookmark (HO)
)
(/usr/local/texlive/2025/texmf-dist/tex/latex/hyperref/nameref.sty
Package: nameref 2025-06-21 v2.57 Cross-referencing by name of section

(/usr/local/texlive/2025/texmf-dist/tex/latex/refcount/refcount.sty
Package: refcount 2019/12/15 v3.6 Data extraction from label references (HO)
)
(/usr/local/texlive/2025/texmf-dist/tex/generic/gettitlestring/gettitlestring.s
ty
Package: gettitlestring 2019/12/15 v1.6 Cleanup title references (HO)
 (/usr/local/texlive/2025/texmf-dist/tex/latex/kvoptions/kvoptions.sty
Package: kvoptions 2022-06-15 v3.15 Key value format for package options (HO)
))
\c@section@level=\count289
)
(/usr/local/texlive/2025/texmf-dist/tex/latex/etoolbox/etoolbox.sty
Package: etoolbox 2025/02/11 v2.5l e-TeX tools for LaTeX (JAW)
\etb@tempcnta=\count290
)
(/usr/local/texlive/2025/texmf-dist/tex/generic/stringenc/stringenc.sty
Package: stringenc 2019/11/29 v1.12 Convert strings between diff. encodings (HO
)
)
\@linkdim=\dimen159
\Hy@linkcounter=\count291
\Hy@pagecounter=\count292

(/usr/local/texlive/2025/texmf-dist/tex/latex/hyperref/pd1enc.def
File: pd1enc.def 2025-07-12 v7.01o Hyperref: PDFDocEncoding definition (HO)
)
(/usr/local/texlive/2025/texmf-dist/tex/generic/intcalc/intcalc.sty
Package: intcalc 2019/12/15 v1.3 Expandable calculations with integers (HO)
)
\Hy@SavedSpaceFactor=\count293

(/usr/local/texlive/2025/texmf-dist/tex/latex/hyperref/puenc.def
File: puenc.def 2025-07-12 v7.01o Hyperref: PDF Unicode definition (HO)
)
Package hyperref Info: Hyper figures OFF on input line 4195.
Package hyperref Info: Link nesting OFF on input line 4200.
Package hyperref Info: Hyper index ON on input line 4203.
Package hyperref Info: Plain pages OFF on input line 4210.
Package hyperref Info: Backreferencing OFF on input line 4215.
Package hyperref Info: Implicit mode ON; LaTeX internals redefined.
Package hyperref Info: Bookmarks ON on input line 4462.
\c@Hy@tempcnt=\count294

(/usr/local/texlive/2025/texmf-dist/tex/latex/url/url.sty
\Urlmuskip=\muskip17
Package: url 2013/09/16  ver 3.4  Verb mode for urls, etc.
)
LaTeX Info: Redefining \url on input line 4801.
\XeTeXLinkMargin=\dimen160

(/usr/local/texlive/2025/texmf-dist/tex/generic/bitset/bitset.sty
Package: bitset 2019/12/09 v1.3 Handle bit-vector datatype (HO)

(/usr/local/texlive/2025/texmf-dist/tex/generic/bigintcalc/bigintcalc.sty
Package: bigintcalc 2019/12/15 v1.5 Expandable calculations on big integers (HO
)
))
\Fld@menulength=\count295
\Field@Width=\dimen161
\Fld@charsize=\dimen162
Package hyperref Info: Hyper figures OFF on input line 6078.
Package hyperref Info: Link nesting OFF on input line 6083.
Package hyperref Info: Hyper index ON on input line 6086.
Package hyperref Info: backreferencing OFF on input line 6093.
Package hyperref Info: Link coloring OFF on input line 6098.
Package hyperref Info: Link coloring with OCG OFF on input line 6103.
Package hyperref Info: PDF/A mode OFF on input line 6108.
\Hy@abspage=\count296
\c@Item=\count297
\c@Hfootnote=\count298
)
Package hyperref Info: Driver (autodetected): hxetex.

(/usr/local/texlive/2025/texmf-dist/tex/latex/hyperref/hxetex.def
File: hxetex.def 2025-07-12 v7.01o Hyperref driver for XeTeX
\pdfm@box=\box53
\c@Hy@AnnotLevel=\count299
\HyField@AnnotCount=\count300
\Fld@listcount=\count301
\c@bookmark@seq@number=\count302

(/usr/local/texlive/2025/texmf-dist/tex/latex/rerunfilecheck/rerunfilecheck.sty
Package: rerunfilecheck 2025-06-21 v1.11 Rerun checks for auxiliary files (HO)

(/usr/local/texlive/2025/texmf-dist/tex/generic/uniquecounter/uniquecounter.sty
Package: uniquecounter 2019/12/15 v1.4 Provide unlimited unique counter (HO)
)
Package uniquecounter Info: New unique counter `rerunfilecheck' on input line 2
84.
)
\Hy@SectionHShift=\skip51
)
Package hyperref Info: Option `colorlinks' set `true' on input line 6.
 (/usr/local/texlive/2025/texmf-dist/tex/latex/graphics/graphicx.sty
Package: graphicx 2024/12/31 v1.2e Enhanced LaTeX Graphics (DPC,SPQR)

(/usr/local/texlive/2025/texmf-dist/tex/latex/graphics/graphics.sty
Package: graphics 2024/08/06 v1.4g Standard LaTeX Graphics (DPC,SPQR)

(/usr/local/texlive/2025/texmf-dist/tex/latex/graphics/trig.sty
Package: trig 2023/12/02 v1.11 sin cos tan (DPC)
)
(/usr/local/texlive/2025/texmf-dist/tex/latex/graphics-cfg/graphics.cfg
File: graphics.cfg 2016/06/04 v1.11 sample graphics configuration
)
Package graphics Info: Driver file: xetex.def on input line 106.

(/usr/local/texlive/2025/texmf-dist/tex/latex/graphics-def/xetex.def
File: xetex.def 2022/09/22 v5.0n Graphics/color driver for xetex
))
\Gin@req@height=\dimen163
\Gin@req@width=\dimen164
)
(/usr/local/texlive/2025/texmf-dist/tex/latex/adjustbox/adjustbox.sty
Package: adjustbox 2025/02/26 v1.3c Adjusting TeX boxes (trim, clip, ...)

(/usr/local/texlive/2025/texmf-dist/tex/latex/xkeyval/xkeyval.sty
Package: xkeyval 2022/06/16 v2.9 package option processing (HA)

(/usr/local/texlive/2025/texmf-dist/tex/generic/xkeyval/xkeyval.tex
(/usr/local/texlive/2025/texmf-dist/tex/generic/xkeyval/xkvutils.tex
\XKV@toks=\toks21
\XKV@tempa@toks=\toks22
)
\XKV@depth=\count303
File: xkeyval.tex 2014/12/03 v2.7a key=value parser (HA)
))
(/usr/local/texlive/2025/texmf-dist/tex/latex/adjustbox/adjcalc.sty
Package: adjcalc 2012/05/16 v1.1 Provides advanced setlength with multiple back
-ends (calc, etex, pgfmath)
)
(/usr/local/texlive/2025/texmf-dist/tex/latex/adjustbox/trimclip.sty
Package: trimclip 2025/02/21 v1.2a Trim and clip general TeX material

(/usr/local/texlive/2025/texmf-dist/tex/latex/collectbox/collectbox.sty
Package: collectbox 2022/10/17 v0.4c Collect macro arguments as boxes
\collectedbox=\box54
)
\tc@llx=\dimen165
\tc@lly=\dimen166
\tc@urx=\dimen167
\tc@ury=\dimen168
Package trimclip Info: Using driver 'tc-xetex.def'.

(/usr/local/texlive/2025/texmf-dist/tex/latex/adjustbox/tc-xetex.def
File: tc-xetex.def 2019/01/04 v2.2 Clipping driver for xetex
))
\adjbox@Width=\dimen169
\adjbox@Height=\dimen170
\adjbox@Depth=\dimen171
\adjbox@Totalheight=\dimen172
\adjbox@pwidth=\dimen173
\adjbox@pheight=\dimen174
\adjbox@pdepth=\dimen175
\adjbox@ptotalheight=\dimen176

(/usr/local/texlive/2025/texmf-dist/tex/latex/ifoddpage/ifoddpage.sty
Package: ifoddpage 2022/10/18 v1.2 Conditionals for odd/even page detection
\c@checkoddpage=\count304
)
(/usr/local/texlive/2025/texmf-dist/tex/latex/varwidth/varwidth.sty
Package: varwidth 2009/03/30 ver 0.92;  Variable-width minipages
\@vwid@box=\box55
\sift@deathcycles=\count305
\@vwid@loff=\dimen177
\@vwid@roff=\dimen178
)
==> First Aid for varwidth.sty applied!
) (/usr/local/texlive/2025/texmf-dist/tex/latex/amsmath/amsmath.sty
Package: amsmath 2025/06/16 v2.17y AMS math features
\@mathmargin=\skip52

For additional information on amsmath, use the `?' option.
(/usr/local/texlive/2025/texmf-dist/tex/latex/amsmath/amstext.sty
Package: amstext 2024/11/17 v2.01 AMS text

(/usr/local/texlive/2025/texmf-dist/tex/latex/amsmath/amsgen.sty
File: amsgen.sty 1999/11/30 v2.0 generic functions
\@emptytoks=\toks23
\ex@=\dimen179
))
(/usr/local/texlive/2025/texmf-dist/tex/latex/amsmath/amsbsy.sty
Package: amsbsy 1999/11/29 v1.2d Bold Symbols
\pmbraise@=\dimen180
)
(/usr/local/texlive/2025/texmf-dist/tex/latex/amsmath/amsopn.sty
Package: amsopn 2022/04/08 v2.04 operator names
)
\inf@bad=\count306
LaTeX Info: Redefining \frac on input line 233.
\uproot@=\count307
\leftroot@=\count308
LaTeX Info: Redefining \overline on input line 398.
LaTeX Info: Redefining \colon on input line 409.
\classnum@=\count309
\DOTSCASE@=\count310
LaTeX Info: Redefining \ldots on input line 495.
LaTeX Info: Redefining \dots on input line 498.
LaTeX Info: Redefining \cdots on input line 619.
\Mathstrutbox@=\box56
\strutbox@=\box57
LaTeX Info: Redefining \big on input line 721.
LaTeX Info: Redefining \Big on input line 722.
LaTeX Info: Redefining \bigg on input line 723.
LaTeX Info: Redefining \Bigg on input line 724.
\big@size=\dimen181
LaTeX Font Info:    Redeclaring font encoding OML on input line 742.
LaTeX Font Info:    Redeclaring font encoding OMS on input line 743.
\macc@depth=\count311
LaTeX Info: Redefining \bmod on input line 904.
LaTeX Info: Redefining \pmod on input line 909.
LaTeX Info: Redefining \smash on input line 939.
LaTeX Info: Redefining \relbar on input line 969.
LaTeX Info: Redefining \Relbar on input line 970.
\c@MaxMatrixCols=\count312
\dotsspace@=\muskip18
\c@parentequation=\count313
\dspbrk@lvl=\count314
\tag@help=\toks24
\row@=\count315
\column@=\count316
\maxfields@=\count317
\andhelp@=\toks25
\eqnshift@=\dimen182
\alignsep@=\dimen183
\tagshift@=\dimen184
\tagwidth@=\dimen185
\totwidth@=\dimen186
\lineht@=\dimen187
\@envbody=\toks26
\multlinegap=\skip53
\multlinetaggap=\skip54
\mathdisplay@stack=\toks27
LaTeX Info: Redefining \[ on input line 2949.
LaTeX Info: Redefining \] on input line 2950.
)
(/usr/local/texlive/2025/texmf-dist/tex/latex/amsfonts/amsfonts.sty
Package: amsfonts 2013/01/14 v3.01 Basic AMSFonts support
\symAMSa=\mathgroup4
\symAMSb=\mathgroup5
LaTeX Font Info:    Redeclaring math symbol \hbar on input line 98.
LaTeX Font Info:    Overwriting math alphabet `\mathfrak' in version `bold'
(Font)                  U/euf/m/n --> U/euf/b/n on input line 106.
)
(/usr/local/texlive/2025/texmf-dist/tex/latex/amsfonts/amssymb.sty
Package: amssymb 2013/01/14 v3.01 AMS font symbols
)
(/usr/local/texlive/2025/texmf-dist/tex/latex/mhchem/mhchem.sty
Package: mhchem 2024/01/29 v4.10 for typesetting chemical formulae

(/usr/local/texlive/2025/texmf-dist/tex/latex/l3kernel/expl3.sty
Package: expl3 2025-09-02 L3 programming layer (loader) 

(/usr/local/texlive/2025/texmf-dist/tex/latex/l3backend/l3backend-xetex.def
File: l3backend-xetex.def 2025-06-09 L3 backend support: XeTeX
\g__graphics_track_int=\count318
\g__pdfannot_backend_int=\count319
\g__pdfannot_backend_link_int=\count320
))
(/usr/local/texlive/2025/texmf-dist/tex/latex/l3packages/l3keys2e/l3keys2e.sty
Package: l3keys2e 2024-08-16 LaTeX2e option processing using LaTeX3 keys
) (/usr/local/texlive/2025/texmf-dist/tex/latex/tools/calc.sty
Package: calc 2025/03/01 v4.3b Infix arithmetic (KKT,FJ)
\calc@Acount=\count321
\calc@Bcount=\count322
\calc@Adimen=\dimen188
\calc@Bdimen=\dimen189
\calc@Askip=\skip55
\calc@Bskip=\skip56
LaTeX Info: Redefining \setlength on input line 86.
LaTeX Info: Redefining \addtolength on input line 87.
\calc@Ccount=\count323
\calc@Cskip=\skip57
)
(/usr/local/texlive/2025/texmf-dist/tex/latex/chemgreek/chemgreek.sty
(/usr/local/texlive/2025/texmf-dist/tex/latex/l3packages/xparse/xparse.sty
Package: xparse 2024-08-16 L3 Experimental document command parser
)
Package: chemgreek 2020/01/16 v1.1a interface for upright Greek letters for use
 in chemistry (CN)
\l__chemgreek_tmpa_int=\count324
\g__chemgreek_tmpa_int=\count325
)
\l__mhchem_ce_distanceFromLastComma_int=\count326
\__mhchem_arrow_extPgfLength_skip=\skip58
\mhchem@minispace@tmp=\skip59
\mhchem@minibackspace@tmp=\skip60
\mhchem@bondwidth=\skip61
\mhchem@bondheight=\skip62
\mhchem@smallbondwidth@tmpA=\skip63
\mhchem@smallbondwidth@tmpB=\skip64
\mhchem@smallbondwidth=\skip65
\mhchem@bondtmp@minussidebearingleft=\skip66
\mhchem@bondtmp@minussidebearingright=\skip67
\l__mhchem_option_version_int=\count327
\mhchem@option@minusmathsidebearingleft=\dimen190
\mhchem@option@minusmathsidebearingright=\dimen191
\mhchem@option@minustextsidebearingleft=\dimen192
\mhchem@option@minustextsidebearingright=\dimen193
)
(/usr/local/texlive/2025/texmf-dist/tex/latex/stmaryrd/stmaryrd.sty
Package: stmaryrd 1994/03/03 St Mary's Road symbol package
\symstmry=\mathgroup6
LaTeX Font Info:    Overwriting symbol font `stmry' in version `bold'
(Font)                  U/stmry/m/n --> U/stmry/b/n on input line 89.
)
(/usr/local/texlive/2025/texmf-dist/tex/latex/caption/caption.sty
Package: caption 2023/08/05 v3.6o Customizing captions (AR)

(/usr/local/texlive/2025/texmf-dist/tex/latex/caption/caption3.sty
Package: caption3 2023/07/31 v2.4d caption3 kernel (AR)
\caption@tempdima=\dimen194
\captionmargin=\dimen195
\caption@leftmargin=\dimen196
\caption@rightmargin=\dimen197
\caption@width=\dimen198
\caption@indent=\dimen199
\caption@parindent=\dimen256
\caption@hangindent=\dimen257
Package caption Info: Standard document class detected.
Package caption Info: french babel package is loaded.
)
\c@caption@flags=\count328
\c@continuedfloat=\count329
Package caption Info: hyperref package is loaded.
)
(/usr/local/texlive/2025/texmf-dist/tex/latex/fvextra/fvextra.sty
Package: fvextra 2025/05/29 v1.13.2 fvextra - extensions and patches for fancyv
rb

(/usr/local/texlive/2025/texmf-dist/tex/latex/fancyvrb/fancyvrb.sty
Package: fancyvrb 2025/07/28 4.6 verbatim text (tvz,hv)
\FV@CodeLineNo=\count330
\FV@InFile=\read3
\FV@TabBox=\box58
\c@FancyVerbLine=\count331
\FV@StepNumber=\count332
\FV@OutFile=\write3
)
(/usr/local/texlive/2025/texmf-dist/tex/latex/upquote/upquote.sty
Package: upquote 2012/04/19 v1.3 upright-quote and grave-accent glyphs in verba
tim

(/usr/local/texlive/2025/texmf-dist/tex/latex/base/textcomp.sty
Package: textcomp 2024/04/24 v2.1b Standard LaTeX package
))
(/usr/local/texlive/2025/texmf-dist/tex/latex/lineno/lineno.sty
Package: lineno 2025/05/13 line numbers on paragraphs v5.5
\linenopenalty=\count333
\output=\toks28
\linenoprevgraf=\count334
\linenumbersep=\dimen258
\linenumberwidth=\dimen259
\c@linenumber=\count335
\c@pagewiselinenumber=\count336
\c@LN@truepage=\count337
\c@internallinenumber=\count338
\c@internallinenumbers=\count339
\quotelinenumbersep=\dimen260
\bframerule=\dimen261
\bframesep=\dimen262
\bframebox=\box59
\@LN@amsmath@ams@eqpen=\count340
)
\c@FancyVerbWriteLine=\count341
\c@FancyVerbBufferLine=\count342
\c@FV@TrueTabGroupLevel=\count343
\c@FV@TrueTabCounter=\count344
\FV@TabBox@Group=\box60
\FV@bgcolorstructbox=\box61
\FV@TmpLength=\skip68
\c@FV@HighlightLinesStart=\count345
\c@FV@HighlightLinesStop=\count346
\FV@LoopCount=\count347
\FV@NCharsBox=\box62
\FV@BreakIndent=\dimen263
\FV@BreakIndentNChars=\count348
\FV@BreakSymbolSepLeft=\dimen264
\FV@BreakSymbolSepLeftNChars=\count349
\FV@BreakSymbolSepRight=\dimen265
\FV@BreakSymbolSepRightNChars=\count350
\FV@BreakSymbolIndentLeft=\dimen266
\FV@BreakSymbolIndentLeftNChars=\count351
\FV@BreakSymbolIndentRight=\dimen267
\FV@BreakSymbolIndentRightNChars=\count352
\c@FancyVerbLineBreakLast=\count353
\FV@LineBox=\box63
\FV@LineIndentBox=\box64
\c@FV@BreakBufferDepth=\count354
\FV@LineWidth=\dimen268
)
(/usr/local/texlive/2025/texmf-dist/tex/latex/csquotes/csquotes.sty
Package: csquotes 2024-04-04 v5.2o context-sensitive quotations (JAW)
\csq@reset=\count355
\csq@gtype=\count356
\csq@glevel=\count357
\csq@qlevel=\count358
\csq@maxlvl=\count359
\csq@tshold=\count360
\csq@ltx@everypar=\toks29

(/usr/local/texlive/2025/texmf-dist/tex/latex/csquotes/csquotes.def
File: csquotes.def 2024-04-04 v5.2o csquotes generic definitions (JAW)
)
Package csquotes Info: Trying to load configuration file 'csquotes.cfg'...
Package csquotes Info: ... configuration file loaded successfully.

(/usr/local/texlive/2025/texmf-dist/tex/latex/csquotes/csquotes.cfg
File: csquotes.cfg 
))
(/usr/local/texlive/2025/texmf-dist/tex/latex/multirow/multirow.sty
Package: multirow 2024/11/12 v2.9 Span multiple rows of a table
\multirow@colwidth=\skip69
\multirow@cntb=\count361
\multirow@dima=\skip70
\bigstrutjot=\dimen269
)
(/usr/local/texlive/2025/texmf-dist/tex/latex/eurosym/eurosym.sty
Package: eurosym 1998/08/06 v1.1 European currency symbol ``Euro''
\@eurobox=\box65
)
/Users/aliasgar/Desktop/Ali Asgar/Stony Brook/Advanced Project/local/files/cybe
rsec/penultimate/cybersec_final.tex:47: Undefined control sequence.
l.47 \DeclareUnicodeCharacter
                             {20AC}{\ifmmode\text{\euro}\else\euro\fi}
The control sequence at the end of the top line
of your error message was never \def'ed. If you have
misspelled it (e.g., `\hobx'), type `I' and the correct
spelling (e.g., `I\hbox'). Otherwise just continue,
and I'll forget about whatever was undefined.


/Users/aliasgar/Desktop/Ali Asgar/Stony Brook/Advanced Project/local/files/cybe
rsec/penultimate/cybersec_final.tex:47: LaTeX Error: Missing \begin{document}.

See the LaTeX manual or LaTeX Companion for explanation.
Type  H <return>  for immediate help.
 ...                                              
                                                  
l.47 \DeclareUnicodeCharacter{2
                               0AC}{\ifmmode\text{\euro}\else\euro\fi}
You're in trouble here.  Try typing  <return>  to proceed.
If that doesn't work, type  X <return>  to quit.

/Users/aliasgar/Desktop/Ali Asgar/Stony Brook/Advanced Project/local/files/cybe
rsec/penultimate/cybersec_final.tex:48: Undefined control sequence.
l.48 \DeclareUnicodeCharacter
                             {00D7}{\ifmmode\times\else{$\times$}\fi}
The control sequence at the end of the top line
of your error message was never \def'ed. If you have
misspelled it (e.g., `\hobx'), type `I' and the correct
spelling (e.g., `I\hbox'). Otherwise just continue,
and I'll forget about whatever was undefined.

LaTeX Font Info:    Trying to load font information for U+msa on input line 48.

(/usr/local/texlive/2025/texmf-dist/tex/latex/amsfonts/umsa.fd
File: umsa.fd 2013/01/14 v3.01 AMS symbols A
)
LaTeX Font Info:    Trying to load font information for U+msb on input line 48.


(/usr/local/texlive/2025/texmf-dist/tex/latex/amsfonts/umsb.fd
File: umsb.fd 2013/01/14 v3.01 AMS symbols B
)
LaTeX Font Info:    Trying to load font information for U+stmry on input line 4
8.

(/usr/local/texlive/2025/texmf-dist/tex/latex/stmaryrd/Ustmry.fd)
/Users/aliasgar/Desktop/Ali Asgar/Stony Brook/Advanced Project/local/files/cybe
rsec/penultimate/cybersec_final.tex:49: Undefined control sequence.
l.49 \DeclareUnicodeCharacter
                             {2192}{\ifmmode\rightarrow\else{$\rightarrow$}\fi}
The control sequence at the end of the top line
of your error message was never \def'ed. If you have
misspelled it (e.g., `\hobx'), type `I' and the correct
spelling (e.g., `I\hbox'). Otherwise just continue,
and I'll forget about whatever was undefined.

/Users/aliasgar/Desktop/Ali Asgar/Stony Brook/Advanced Project/local/files/cybe
rsec/penultimate/cybersec_final.tex:50: Undefined control sequence.
l.50 \DeclareUnicodeCharacter
                             {2295}{\ifmmode\oplus\else{$\oplus$}\fi}
The control sequence at the end of the top line
of your error message was never \def'ed. If you have
misspelled it (e.g., `\hobx'), type `I' and the correct
spelling (e.g., `I\hbox'). Otherwise just continue,
and I'll forget about whatever was undefined.

/Users/aliasgar/Desktop/Ali Asgar/Stony Brook/Advanced Project/local/files/cybe
rsec/penultimate/cybersec_final.tex:51: Undefined control sequence.
l.51 \DeclareUnicodeCharacter
                             {21D2}{\ifmmode\Rightarrow\else{$\Rightarrow$}\fi}
The control sequence at the end of the top line
of your error message was never \def'ed. If you have
misspelled it (e.g., `\hobx'), type `I' and the correct
spelling (e.g., `I\hbox'). Otherwise just continue,
and I'll forget about whatever was undefined.

/Users/aliasgar/Desktop/Ali Asgar/Stony Brook/Advanced Project/local/files/cybe
rsec/penultimate/cybersec_final.tex:52: Undefined control sequence.
l.52 \DeclareUnicodeCharacter
                             {21D4}{\ifmmode\Leftrightarrow\else{$\Leftright...
The control sequence at the end of the top line
of your error message was never \def'ed. If you have
misspelled it (e.g., `\hobx'), type `I' and the correct
spelling (e.g., `I\hbox'). Otherwise just continue,
and I'll forget about whatever was undefined.

(/usr/local/texlive/2025/texmf-dist/tex/latex/base/makeidx.sty
Package: makeidx 2021/10/04 v1.0m Standard LaTeX package
)
\@indexfile=\write4
\openout4 = `cybersec_final.idx'.


Writing index file cybersec_final.idx
(/usr/local/texlive/2025/texmf-dist/tex/latex/tcolorbox/tcolorbox.sty
Package: tcolorbox 2025/09/09 version 6.8.0 text color boxes

(/usr/local/texlive/2025/texmf-dist/tex/latex/pgf/frontendlayer/tikz.sty
(/usr/local/texlive/2025/texmf-dist/tex/latex/pgf/basiclayer/pgf.sty
(/usr/local/texlive/2025/texmf-dist/tex/latex/pgf/utilities/pgfrcs.sty
(/usr/local/texlive/2025/texmf-dist/tex/generic/pgf/utilities/pgfutil-common.te
x
\pgfutil@everybye=\toks30
\pgfutil@tempdima=\dimen270
\pgfutil@tempdimb=\dimen271
)
(/usr/local/texlive/2025/texmf-dist/tex/generic/pgf/utilities/pgfutil-latex.def
\pgfutil@abb=\box66
) (/usr/local/texlive/2025/texmf-dist/tex/generic/pgf/utilities/pgfrcs.code.tex
(/usr/local/texlive/2025/texmf-dist/tex/generic/pgf/pgf.revision.tex)
Package: pgfrcs 2025-08-29 v3.1.11a (3.1.11a)
))
Package: pgf 2025-08-29 v3.1.11a (3.1.11a)

(/usr/local/texlive/2025/texmf-dist/tex/latex/pgf/basiclayer/pgfcore.sty
(/usr/local/texlive/2025/texmf-dist/tex/latex/pgf/systemlayer/pgfsys.sty
(/usr/local/texlive/2025/texmf-dist/tex/generic/pgf/systemlayer/pgfsys.code.tex
Package: pgfsys 2025-08-29 v3.1.11a (3.1.11a)
(/usr/local/texlive/2025/texmf-dist/tex/generic/pgf/utilities/pgfkeys.code.tex
\pgfkeys@pathtoks=\toks31
\pgfkeys@temptoks=\toks32

(/usr/local/texlive/2025/texmf-dist/tex/generic/pgf/utilities/pgfkeyslibraryfil
tered.code.tex
\pgfkeys@tmptoks=\toks33
))
\pgf@x=\dimen272
\pgf@y=\dimen273
\pgf@xa=\dimen274
\pgf@ya=\dimen275
\pgf@xb=\dimen276
\pgf@yb=\dimen277
\pgf@xc=\dimen278
\pgf@yc=\dimen279
\pgf@xd=\dimen280
\pgf@yd=\dimen281
\w@pgf@writea=\write5
\r@pgf@reada=\read4
\c@pgf@counta=\count362
\c@pgf@countb=\count363
\c@pgf@countc=\count364
\c@pgf@countd=\count365
\t@pgf@toka=\toks34
\t@pgf@tokb=\toks35
\t@pgf@tokc=\toks36
\pgf@sys@id@count=\count366

(/usr/local/texlive/2025/texmf-dist/tex/generic/pgf/systemlayer/pgf.cfg
File: pgf.cfg 2025-08-29 v3.1.11a (3.1.11a)
)
Driver file for pgf: pgfsys-xetex.def

(/usr/local/texlive/2025/texmf-dist/tex/generic/pgf/systemlayer/pgfsys-xetex.de
f
File: pgfsys-xetex.def 2025-08-29 v3.1.11a (3.1.11a)

(/usr/local/texlive/2025/texmf-dist/tex/generic/pgf/systemlayer/pgfsys-dvipdfmx
.def
File: pgfsys-dvipdfmx.def 2025-08-29 v3.1.11a (3.1.11a)

(/usr/local/texlive/2025/texmf-dist/tex/generic/pgf/systemlayer/pgfsys-common-p
df.def
File: pgfsys-common-pdf.def 2025-08-29 v3.1.11a (3.1.11a)
)
\pgfsys@objnum=\count367
)))
(/usr/local/texlive/2025/texmf-dist/tex/generic/pgf/systemlayer/pgfsyssoftpath.
code.tex
File: pgfsyssoftpath.code.tex 2025-08-29 v3.1.11a (3.1.11a)
\pgfsyssoftpath@smallbuffer@items=\count368
\pgfsyssoftpath@bigbuffer@items=\count369
)
(/usr/local/texlive/2025/texmf-dist/tex/generic/pgf/systemlayer/pgfsysprotocol.
code.tex
File: pgfsysprotocol.code.tex 2025-08-29 v3.1.11a (3.1.11a)
)) (/usr/local/texlive/2025/texmf-dist/tex/latex/xcolor/xcolor.sty
Package: xcolor 2024/09/29 v3.02 LaTeX color extensions (UK)

(/usr/local/texlive/2025/texmf-dist/tex/latex/graphics-cfg/color.cfg
File: color.cfg 2016/01/02 v1.6 sample color configuration
)
Package xcolor Info: Driver file: xetex.def on input line 274.

(/usr/local/texlive/2025/texmf-dist/tex/latex/graphics/mathcolor.ltx)
Package xcolor Info: Model `cmy' substituted by `cmy0' on input line 1349.
Package xcolor Info: Model `RGB' extended on input line 1365.
Package xcolor Info: Model `HTML' substituted by `rgb' on input line 1367.
Package xcolor Info: Model `Hsb' substituted by `hsb' on input line 1368.
Package xcolor Info: Model `tHsb' substituted by `hsb' on input line 1369.
Package xcolor Info: Model `HSB' substituted by `hsb' on input line 1370.
Package xcolor Info: Model `Gray' substituted by `gray' on input line 1371.
Package xcolor Info: Model `wave' substituted by `hsb' on input line 1372.
)
(/usr/local/texlive/2025/texmf-dist/tex/generic/pgf/basiclayer/pgfcore.code.tex
Package: pgfcore 2025-08-29 v3.1.11a (3.1.11a)
(/usr/local/texlive/2025/texmf-dist/tex/generic/pgf/math/pgfmath.code.tex
(/usr/local/texlive/2025/texmf-dist/tex/generic/pgf/math/pgfmathutil.code.tex)
(/usr/local/texlive/2025/texmf-dist/tex/generic/pgf/math/pgfmathparser.code.tex
\pgfmath@dimen=\dimen282
\pgfmath@count=\count370
\pgfmath@box=\box67
\pgfmath@toks=\toks37
\pgfmath@stack@operand=\toks38
\pgfmath@stack@operation=\toks39
)
(/usr/local/texlive/2025/texmf-dist/tex/generic/pgf/math/pgfmathfunctions.code.
tex)
(/usr/local/texlive/2025/texmf-dist/tex/generic/pgf/math/pgfmathfunctions.basic
.code.tex)
(/usr/local/texlive/2025/texmf-dist/tex/generic/pgf/math/pgfmathfunctions.trigo
nometric.code.tex)
(/usr/local/texlive/2025/texmf-dist/tex/generic/pgf/math/pgfmathfunctions.rando
m.code.tex)
(/usr/local/texlive/2025/texmf-dist/tex/generic/pgf/math/pgfmathfunctions.compa
rison.code.tex)
(/usr/local/texlive/2025/texmf-dist/tex/generic/pgf/math/pgfmathfunctions.base.
code.tex)
(/usr/local/texlive/2025/texmf-dist/tex/generic/pgf/math/pgfmathfunctions.round
.code.tex)
(/usr/local/texlive/2025/texmf-dist/tex/generic/pgf/math/pgfmathfunctions.misc.
code.tex)
(/usr/local/texlive/2025/texmf-dist/tex/generic/pgf/math/pgfmathfunctions.integ
erarithmetics.code.tex)
(/usr/local/texlive/2025/texmf-dist/tex/generic/pgf/math/pgfmathcalc.code.tex)
(/usr/local/texlive/2025/texmf-dist/tex/generic/pgf/math/pgfmathfloat.code.tex
\c@pgfmathroundto@lastzeros=\count371
)) (/usr/local/texlive/2025/texmf-dist/tex/generic/pgf/math/pgfint.code.tex)
(/usr/local/texlive/2025/texmf-dist/tex/generic/pgf/basiclayer/pgfcorepoints.co
de.tex
File: pgfcorepoints.code.tex 2025-08-29 v3.1.11a (3.1.11a)
\pgf@picminx=\dimen283
\pgf@picmaxx=\dimen284
\pgf@picminy=\dimen285
\pgf@picmaxy=\dimen286
\pgf@pathminx=\dimen287
\pgf@pathmaxx=\dimen288
\pgf@pathminy=\dimen289
\pgf@pathmaxy=\dimen290
\pgf@xx=\dimen291
\pgf@xy=\dimen292
\pgf@yx=\dimen293
\pgf@yy=\dimen294
\pgf@zx=\dimen295
\pgf@zy=\dimen296
)
(/usr/local/texlive/2025/texmf-dist/tex/generic/pgf/basiclayer/pgfcorepathconst
ruct.code.tex
File: pgfcorepathconstruct.code.tex 2025-08-29 v3.1.11a (3.1.11a)
\pgf@path@lastx=\dimen297
\pgf@path@lasty=\dimen298
)
(/usr/local/texlive/2025/texmf-dist/tex/generic/pgf/basiclayer/pgfcorepathusage
.code.tex
File: pgfcorepathusage.code.tex 2025-08-29 v3.1.11a (3.1.11a)
\pgf@shorten@end@additional=\dimen299
\pgf@shorten@start@additional=\dimen300
)
(/usr/local/texlive/2025/texmf-dist/tex/generic/pgf/basiclayer/pgfcorescopes.co
de.tex
File: pgfcorescopes.code.tex 2025-08-29 v3.1.11a (3.1.11a)
\pgfpic=\box68
\pgf@hbox=\box69
\pgf@layerbox@main=\box70
\pgf@picture@serial@count=\count372
)
(/usr/local/texlive/2025/texmf-dist/tex/generic/pgf/basiclayer/pgfcoregraphicst
ate.code.tex
File: pgfcoregraphicstate.code.tex 2025-08-29 v3.1.11a (3.1.11a)
\pgflinewidth=\dimen301
)
(/usr/local/texlive/2025/texmf-dist/tex/generic/pgf/basiclayer/pgfcoretransform
ations.code.tex
File: pgfcoretransformations.code.tex 2025-08-29 v3.1.11a (3.1.11a)
\pgf@pt@x=\dimen302
\pgf@pt@y=\dimen303
\pgf@pt@temp=\dimen304
)
(/usr/local/texlive/2025/texmf-dist/tex/generic/pgf/basiclayer/pgfcorequick.cod
e.tex
File: pgfcorequick.code.tex 2025-08-29 v3.1.11a (3.1.11a)
)
(/usr/local/texlive/2025/texmf-dist/tex/generic/pgf/basiclayer/pgfcoreobjects.c
ode.tex
File: pgfcoreobjects.code.tex 2025-08-29 v3.1.11a (3.1.11a)
)
(/usr/local/texlive/2025/texmf-dist/tex/generic/pgf/basiclayer/pgfcorepathproce
ssing.code.tex
File: pgfcorepathprocessing.code.tex 2025-08-29 v3.1.11a (3.1.11a)
)
(/usr/local/texlive/2025/texmf-dist/tex/generic/pgf/basiclayer/pgfcorearrows.co
de.tex
File: pgfcorearrows.code.tex 2025-08-29 v3.1.11a (3.1.11a)
\pgfarrowsep=\dimen305
)
(/usr/local/texlive/2025/texmf-dist/tex/generic/pgf/basiclayer/pgfcoreshade.cod
e.tex
File: pgfcoreshade.code.tex 2025-08-29 v3.1.11a (3.1.11a)
\pgf@max=\dimen306
\pgf@sys@shading@range@num=\count373
\pgf@shadingcount=\count374
)
(/usr/local/texlive/2025/texmf-dist/tex/generic/pgf/basiclayer/pgfcoreimage.cod
e.tex
File: pgfcoreimage.code.tex 2025-08-29 v3.1.11a (3.1.11a)
)
(/usr/local/texlive/2025/texmf-dist/tex/generic/pgf/basiclayer/pgfcoreexternal.
code.tex
File: pgfcoreexternal.code.tex 2025-08-29 v3.1.11a (3.1.11a)
\pgfexternal@startupbox=\box71
)
(/usr/local/texlive/2025/texmf-dist/tex/generic/pgf/basiclayer/pgfcorelayers.co
de.tex
File: pgfcorelayers.code.tex 2025-08-29 v3.1.11a (3.1.11a)
)
(/usr/local/texlive/2025/texmf-dist/tex/generic/pgf/basiclayer/pgfcoretranspare
ncy.code.tex
File: pgfcoretransparency.code.tex 2025-08-29 v3.1.11a (3.1.11a)
)
(/usr/local/texlive/2025/texmf-dist/tex/generic/pgf/basiclayer/pgfcorepatterns.
code.tex
File: pgfcorepatterns.code.tex 2025-08-29 v3.1.11a (3.1.11a)
)
(/usr/local/texlive/2025/texmf-dist/tex/generic/pgf/basiclayer/pgfcorerdf.code.
tex
File: pgfcorerdf.code.tex 2025-08-29 v3.1.11a (3.1.11a)
)))
(/usr/local/texlive/2025/texmf-dist/tex/generic/pgf/modules/pgfmoduleshapes.cod
e.tex
File: pgfmoduleshapes.code.tex 2025-08-29 v3.1.11a (3.1.11a)
\pgfnodeparttextbox=\box72
)
(/usr/local/texlive/2025/texmf-dist/tex/generic/pgf/modules/pgfmoduleplot.code.
tex
File: pgfmoduleplot.code.tex 2025-08-29 v3.1.11a (3.1.11a)
)
(/usr/local/texlive/2025/texmf-dist/tex/latex/pgf/compatibility/pgfcomp-version
-0-65.sty
Package: pgfcomp-version-0-65 2025-08-29 v3.1.11a (3.1.11a)
\pgf@nodesepstart=\dimen307
\pgf@nodesepend=\dimen308
)
(/usr/local/texlive/2025/texmf-dist/tex/latex/pgf/compatibility/pgfcomp-version
-1-18.sty
Package: pgfcomp-version-1-18 2025-08-29 v3.1.11a (3.1.11a)
))
(/usr/local/texlive/2025/texmf-dist/tex/latex/pgf/utilities/pgffor.sty
(/usr/local/texlive/2025/texmf-dist/tex/latex/pgf/utilities/pgfkeys.sty
(/usr/local/texlive/2025/texmf-dist/tex/generic/pgf/utilities/pgfkeys.code.tex)
) (/usr/local/texlive/2025/texmf-dist/tex/latex/pgf/math/pgfmath.sty
(/usr/local/texlive/2025/texmf-dist/tex/generic/pgf/math/pgfmath.code.tex))
(/usr/local/texlive/2025/texmf-dist/tex/generic/pgf/utilities/pgffor.code.tex
Package: pgffor 2025-08-29 v3.1.11a (3.1.11a)
\pgffor@iter=\dimen309
\pgffor@skip=\dimen310
\pgffor@stack=\toks40
\pgffor@toks=\toks41
))
(/usr/local/texlive/2025/texmf-dist/tex/generic/pgf/frontendlayer/tikz/tikz.cod
e.tex
Package: tikz 2025-08-29 v3.1.11a (3.1.11a)

(/usr/local/texlive/2025/texmf-dist/tex/generic/pgf/libraries/pgflibraryplothan
dlers.code.tex
File: pgflibraryplothandlers.code.tex 2025-08-29 v3.1.11a (3.1.11a)
\pgf@plot@mark@count=\count375
\pgfplotmarksize=\dimen311
)
\tikz@lastx=\dimen312
\tikz@lasty=\dimen313
\tikz@lastxsaved=\dimen314
\tikz@lastysaved=\dimen315
\tikz@lastmovetox=\dimen316
\tikz@lastmovetoy=\dimen317
\tikzleveldistance=\dimen318
\tikzsiblingdistance=\dimen319
\tikz@figbox=\box73
\tikz@figbox@bg=\box74
\tikz@tempbox=\box75
\tikz@tempbox@bg=\box76
\tikztreelevel=\count376
\tikznumberofchildren=\count377
\tikznumberofcurrentchild=\count378
\tikz@fig@count=\count379

(/usr/local/texlive/2025/texmf-dist/tex/generic/pgf/modules/pgfmodulematrix.cod
e.tex
File: pgfmodulematrix.code.tex 2025-08-29 v3.1.11a (3.1.11a)
\pgfmatrixcurrentrow=\count380
\pgfmatrixcurrentcolumn=\count381
\pgf@matrix@numberofcolumns=\count382
)
\tikz@expandcount=\count383

(/usr/local/texlive/2025/texmf-dist/tex/generic/pgf/frontendlayer/tikz/librarie
s/tikzlibrarytopaths.code.tex
File: tikzlibrarytopaths.code.tex 2025-08-29 v3.1.11a (3.1.11a)
)))
(/usr/local/texlive/2025/texmf-dist/tex/latex/tools/verbatim.sty
Package: verbatim 2024-01-22 v1.5x LaTeX2e package for verbatim enhancements
\every@verbatim=\toks42
\verbatim@line=\toks43
\verbatim@in@stream=\read5
)
(/usr/local/texlive/2025/texmf-dist/tex/latex/environ/environ.sty
Package: environ 2014/05/04 v0.3 A new way to define environments

(/usr/local/texlive/2025/texmf-dist/tex/latex/trimspaces/trimspaces.sty
Package: trimspaces 2009/09/17 v1.1 Trim spaces around a token list
))
\tcb@titlebox=\box77
\tcb@upperbox=\box78
\tcb@lowerbox=\box79
\tcb@phantombox=\box80
\c@tcbbreakpart=\count384
\c@tcblayer=\count385
\c@tcolorbox@number=\count386
\l__tcobox_tmpa_box=\box81
\l__tcobox_tmpa_dim=\dimen320
\tcb@temp=\box82
\tcb@temp=\box83
\tcb@temp=\box84
\tcb@temp=\box85
)
Package csquotes Info: Checking for multilingual support...
Package csquotes Info: ... found 'babel' package.
Package csquotes Info: Adjusting default style.
Package csquotes Info: Redefining alias 'default' -> 'french'.

(./cybersec_final.aux)
\openout1 = `cybersec_final.aux'.

LaTeX Font Info:    Checking defaults for OML/cmm/m/it on input line 65.
LaTeX Font Info:    ... okay on input line 65.
LaTeX Font Info:    Checking defaults for OMS/cmsy/m/n on input line 65.
LaTeX Font Info:    ... okay on input line 65.
LaTeX Font Info:    Checking defaults for OT1/cmr/m/n on input line 65.
LaTeX Font Info:    ... okay on input line 65.
LaTeX Font Info:    Checking defaults for T1/cmr/m/n on input line 65.
LaTeX Font Info:    ... okay on input line 65.
LaTeX Font Info:    Checking defaults for TS1/cmr/m/n on input line 65.
LaTeX Font Info:    ... okay on input line 65.
LaTeX Font Info:    Checking defaults for TU/lmr/m/n on input line 65.
LaTeX Font Info:    ... okay on input line 65.
LaTeX Font Info:    Checking defaults for OMX/cmex/m/n on input line 65.
LaTeX Font Info:    ... okay on input line 65.
LaTeX Font Info:    Checking defaults for U/cmr/m/n on input line 65.
LaTeX Font Info:    ... okay on input line 65.
LaTeX Font Info:    Checking defaults for PD1/pdf/m/n on input line 65.
LaTeX Font Info:    ... okay on input line 65.
LaTeX Font Info:    Checking defaults for PU/pdf/m/n on input line 65.
LaTeX Font Info:    ... okay on input line 65.
LaTeX Info: Redefining \degres on input line 65.
Package hyperref Info: Link coloring ON on input line 65.
 (./cybersec_final.out) (./cybersec_final.out)
\@outlinefile=\write6
\openout6 = `cybersec_final.out'.


Package chemgreek Info: Activating mapping `default' on line 65.

Package caption Info: Begin \AtBeginDocument code.
Package caption Info: End \AtBeginDocument code.


[1

]

[2

] (./cybersec_final.toc

[3]

[4]

[5]

[6]

[7])
\tf@toc=\write7
\openout7 = `cybersec_final.toc'.



[8]

[1

]
Overfull \hbox (1.168pt too wide) in paragraph at lines 84--88
[]\T1/lmr/bx/n/10 Advisory Edi-tors \T1/lmr/m/n/10 Sam-son Abram-sky (D, De-par
t-ment of Com-pu-ter Science,
 []


Underfull \hbox (badness 10000) in paragraph at lines 95--98

 []



[2]

[3]

[4

]
Chapitre 1.
File: ./images/3230466e-7c61-46c7-acf5-69c5c4a9bc64-006.jpg Graphic file (type 
bmp)
<./images/3230466e-7c61-46c7-acf5-69c5c4a9bc64-006.jpg>


[5]
Underfull \hbox (badness 10000) in paragraph at lines 137--139

 []



[6]

[7]

[8

]
Chapitre 2.

Overfull \hbox (6.148pt too wide) in paragraph at lines 157--159
\T1/lmr/m/n/10 NI-SHED ON AN "AS-IS" BA-SIS. CAR-NE-GIE MEL-LON UNI-VER-SITY MA
KES
 []



[9]

[10]
Chapitre 3.

Underfull \hbox (badness 10000) in paragraph at lines 168--170

 []


Underfull \hbox (badness 10000) in paragraph at lines 171--200

 []


Underfull \hbox (badness 10000) in paragraph at lines 201--245

 []



[11

]
Underfull \hbox (badness 10000) in paragraph at lines 246--289

 []



[12]
Underfull \hbox (badness 10000) in paragraph at lines 290--336

 []



[13]
Underfull \hbox (badness 10000) in paragraph at lines 337--382

 []



[14]
Underfull \hbox (badness 10000) in paragraph at lines 383--427

 []



[15]

[16]

Package hyperref Warning: Token not allowed in a PDF string (Unicode):
(hyperref)                removing `\\' on input line 466.



[17]

[18]
File: ./images/cybersec_page_0019_0.png Graphic file (type bmp)
<./images/cybersec_page_0019_0.png>


[19]
File: ./images/3230466e-7c61-46c7-acf5-69c5c4a9bc64-018.jpg Graphic file (type 
bmp)
<./images/3230466e-7c61-46c7-acf5-69c5c4a9bc64-018.jpg>


[20]
File: ./images/3230466e-7c61-46c7-acf5-69c5c4a9bc64-019.jpg Graphic file (type 
bmp)
<./images/3230466e-7c61-46c7-acf5-69c5c4a9bc64-019.jpg>


[21]
Overfull \hbox (6.2819pt too wide) in paragraph at lines 551--553
\T1/lmr/m/n/10 citemandiant2013apt1. APT is an acro-nym for \T1/lmr/m/it/10 Ad-
van-ced Per-sistent Threat\T1/lmr/m/n/10 ,
 []


Underfull \hbox (badness 10000) in paragraph at lines 551--553

 []



[22]
Overfull \hbox (4.42516pt too wide) in paragraph at lines 555--556
\T1/lmr/m/n/10 citefalliere2011stuxnet. There are many in-di-ca-tions that the 
at-tacks, which
 []


Underfull \hbox (badness 10000) in paragraph at lines 558--561

 []



[23]
File: ./images/cybersec_page_0023_0.png Graphic file (type bmp)
<./images/cybersec_page_0023_0.png>

Missing character: There is no € ("20AC) in font cmr10!


[24]
File: ./images/3230466e-7c61-46c7-acf5-69c5c4a9bc64-023.jpg Graphic file (type 
bmp)
<./images/3230466e-7c61-46c7-acf5-69c5c4a9bc64-023.jpg>


[25]
Underfull \hbox (badness 10000) in paragraph at lines 594--596

 []



[26]

[27]

[28]

[29]

[30]

[31]
Overfull \hbox (0.27812pt too wide) in paragraph at lines 759--760
[]\T1/lmr/m/n/10 You should check that you un-ders-tand their de-fi-ni-tions an
d can give examples
 []



[32]
Runaway argument?
{Chapter 2 \\ 
/Users/aliasgar/Desktop/Ali Asgar/Stony Brook/Advanced Project/local/files/cybe
rsec/penultimate/cybersec_final.tex:792: Paragraph ended before \@sect was comp
lete.
<to be read again> 
                   \par 
l.792  Technique and Human Beings}
                                  
I suspect you've forgotten a `}', causing me to apply this
control sequence to too much text. How can we recover?
My plan is to forget the whole thing and hope for the best.

File: ./images/cybersec_page_0033_0.png Graphic file (type bmp)
<./images/cybersec_page_0033_0.png>
/Users/aliasgar/Desktop/Ali Asgar/Stony Brook/Advanced Project/local/files/cybe
rsec/penultimate/cybersec_final.tex:792: Too many }'s.
\@xdblarg #1#2->#1[{#2}
                       ]{#2}
l.792  Technique and Human Beings}
                                  
You've closed more groups than you opened.
Such booboos are generally harmless, so keep going.


Underfull \hbox (badness 10000) in paragraph at lines 792--792

 []

File: ./images/cybersec_page_0033_0.png Graphic file (type bmp)
<./images/cybersec_page_0033_0.png>


[33]

[34]
File: ./images/3230466e-7c61-46c7-acf5-69c5c4a9bc64-033.jpg Graphic file (type 
bmp)
<./images/3230466e-7c61-46c7-acf5-69c5c4a9bc64-033.jpg>


[35]
Underfull \hbox (badness 10000) in paragraph at lines 833--835

 []



[36]
Underfull \hbox (badness 10000) in paragraph at lines 857--860

 []

File: ./images/cybersec_page_0036_0.png Graphic file (type bmp)
<./images/cybersec_page_0036_0.png>


[37]

[38]
File: ./images/cybersec_page_0037_0.png Graphic file (type bmp)
<./images/cybersec_page_0037_0.png>


[39]
Missing character: There is no — ("2014) in font ec-lmr10!


[40]
Missing character: There is no € ("20AC) in font cmr10!
Missing character: There is no € ("20AC) in font cmr10!
Missing character: There is no € ("20AC) in font cmr10!
Missing character: There is no € ("20AC) in font cmr10!
Missing character: There is no € ("20AC) in font ec-lmr10!
Missing character: There is no € ("20AC) in font cmr10!


[41]
Missing character: There is no — ("2014) in font ec-lmr10!


[42]
LaTeX Font Info:    Trying to load font information for T1+lmtt on input line 9
80.
 (/usr/local/texlive/2025/texmf-dist/tex/latex/lm/t1lmtt.fd
File: t1lmtt.fd 2015/05/01 v1.6.1 Font defs for Latin Modern
)
Overfull \hbox (27.74892pt too wide) in paragraph at lines 982--982
[]\T1/lmtt/m/n/10 Program B1: There is a probability of 1/3 that 600 lives will
 be saved,[] 
 []


Overfull \hbox (17.24895pt too wide) in paragraph at lines 991--991
[]\T1/lmtt/m/n/10 Program B2: There is a probability of 1/3 that nobody dies, a
nd a 2/3[] 
 []



[43]
File: ./images/cybersec_page_0042_0.png Graphic file (type bmp)
<./images/cybersec_page_0042_0.png>


[44]
Underfull \hbox (badness 10000) in paragraph at lines 1049--1051

 []

File: ./images/cybersec_page_0043_0.png Graphic file (type bmp)
<./images/cybersec_page_0043_0.png>


[45]
File: ./images/3230466e-7c61-46c7-acf5-69c5c4a9bc64-042.jpg Graphic file (type 
bmp)
<./images/3230466e-7c61-46c7-acf5-69c5c4a9bc64-042.jpg>
File: ./images/3230466e-7c61-46c7-acf5-69c5c4a9bc64-042(1).jpg Graphic file (ty
pe bmp)
<./images/3230466e-7c61-46c7-acf5-69c5c4a9bc64-042(1).jpg>


[46]
File: ./images/3230466e-7c61-46c7-acf5-69c5c4a9bc64-043.jpg Graphic file (type 
bmp)
<./images/3230466e-7c61-46c7-acf5-69c5c4a9bc64-043.jpg>


[47]

[48]

[49]
File: ./images/cybersec_page_0047_0.png Graphic file (type bmp)
<./images/cybersec_page_0047_0.png>


[50]
File: ./images/cybersec_page_0048_0.png Graphic file (type bmp)
<./images/cybersec_page_0048_0.png>


[51]
LaTeX Font Info:    Trying to load font information for TS1+lmtt on input line 
1196.
 (/usr/local/texlive/2025/texmf-dist/tex/latex/lm/ts1lmtt.fd
File: ts1lmtt.fd 2015/05/01 v1.6.1 Font defs for Latin Modern
)
File: ./images/3230466e-7c61-46c7-acf5-69c5c4a9bc64-047.jpg Graphic file (type 
bmp)
<./images/3230466e-7c61-46c7-acf5-69c5c4a9bc64-047.jpg>


[52]
File: ./images/3230466e-7c61-46c7-acf5-69c5c4a9bc64-048.jpg Graphic file (type 
bmp)
<./images/3230466e-7c61-46c7-acf5-69c5c4a9bc64-048.jpg>


[53]
Overfull \hbox (0.27812pt too wide) in paragraph at lines 1248--1249
[]\T1/lmr/m/n/10 You should check that you un-ders-tand their de-fi-ni-tions an
d can give examples
 []


Overfull \hbox (0.31227pt too wide) in paragraph at lines 1250--1252
\T1/lmr/m/n/10 citemitnick2003art. Mit-nick be-came famous-or maybe no-to-rious
 is a bet-ter word-
 []



[54]
Underfull \hbox (badness 10000) in paragraph at lines 1267--1270

 []

File: ./images/cybersec_page_0051_0.png Graphic file (type bmp)
<./images/cybersec_page_0051_0.png>


[55]

[56]
File: ./images/cybersec_page_0053_1.png Graphic file (type bmp)
<./images/cybersec_page_0053_1.png>
File: ./images/cybersec_page_0053_0.png Graphic file (type bmp)
<./images/cybersec_page_0053_0.png>


[57]
Overfull \hbox (9.14317pt too wide) in paragraph at lines 1356--1357
\T1/lmr/m/n/10 areas-investment, mo-ney-len-ding, me-di-cine, trans-port, tech-
ni-cal de-ve-lop-ment [][]etc.in[][]
 []



[58]
File: ./images/3230466e-7c61-46c7-acf5-69c5c4a9bc64-053(1).jpg Graphic file (ty
pe bmp)
<./images/3230466e-7c61-46c7-acf5-69c5c4a9bc64-053(1).jpg>


[59]
File: ./images/3230466e-7c61-46c7-acf5-69c5c4a9bc64-053.jpg Graphic file (type 
bmp)
<./images/3230466e-7c61-46c7-acf5-69c5c4a9bc64-053.jpg>
File: ./images/cybersec_page_0055_0.png Graphic file (type bmp)
<./images/cybersec_page_0055_0.png>


[60]
File: ./images/3230466e-7c61-46c7-acf5-69c5c4a9bc64-054.jpg Graphic file (type 
bmp)
<./images/3230466e-7c61-46c7-acf5-69c5c4a9bc64-054.jpg>

Underfull \hbox (badness 10000) in paragraph at lines 1419--1423

 []



[61]

[62]
File: ./images/3230466e-7c61-46c7-acf5-69c5c4a9bc64-055.jpg Graphic file (type 
bmp)
<./images/3230466e-7c61-46c7-acf5-69c5c4a9bc64-055.jpg>


[63]

[64]

[65]
/Users/aliasgar/Desktop/Ali Asgar/Stony Brook/Advanced Project/local/files/cybe
rsec/penultimate/cybersec_final.tex:1589: Misplaced \noalign.
\hline ->\noalign 
                  {\ifnum 0=`}\fi \hrule \@height \arrayrulewidth \futurelet...
l.1589 \hline
             
I expect to see \noalign only after the \cr of
an alignment. Proceed, and I'll ignore this case.

/Users/aliasgar/Desktop/Ali Asgar/Stony Brook/Advanced Project/local/files/cybe
rsec/penultimate/cybersec_final.tex:1589: You can't use `\hrule' here except wi
th leaders.
\hline ->\noalign {\ifnum 0=`}\fi \hrule 
                                         \@height \arrayrulewidth \futurelet...
l.1589 \hline
             
To put a horizontal rule in an hbox or an alignment,
you should use \leaders or \hrulefill (see The TeXbook).

/Users/aliasgar/Desktop/Ali Asgar/Stony Brook/Advanced Project/local/files/cybe
rsec/penultimate/cybersec_final.tex:1589: Missing number, treated as zero.
<to be read again> 
                   \futurelet 
l.1589 \hline
             
A number should have been here; I inserted `0'.
(If you can't figure out why I needed to see a number,
look up `weird error' in the index to The TeXbook.)

/Users/aliasgar/Desktop/Ali Asgar/Stony Brook/Advanced Project/local/files/cybe
rsec/penultimate/cybersec_final.tex:1589: Illegal unit of measure (pt inserted)
.
<to be read again> 
                   \futurelet 
l.1589 \hline
             
Dimensions can be in units of em, ex, in, pt, pc,
cm, mm, dd, cc, bp, or sp; but yours is a new one!
I'll assume that you meant to say pt, for printer's points.
To recover gracefully from this error, it's best to
delete the erroneous units; e.g., type `2' to delete
two letters. (See Chapter 27 of The TeXbook.)


/Users/aliasgar/Desktop/Ali Asgar/Stony Brook/Advanced Project/local/files/cybe
rsec/penultimate/cybersec_final.tex:1627: LaTeX Error: Not in outer par mode.

See the LaTeX manual or LaTeX Companion for explanation.
Type  H <return>  for immediate help.
 ...                                              
                                                  
l.1627 \begin{figure}[htbp]
                           
You've lost some text.  Try typing  <return>  to proceed.
If that doesn't work, type  X <return>  to quit.

File: ./images/cybersec_page_0061_0.png Graphic file (type bmp)
<./images/cybersec_page_0061_0.png>
/Users/aliasgar/Desktop/Ali Asgar/Stony Brook/Advanced Project/local/files/cybe
rsec/penultimate/cybersec_final.tex:1632: Misplaced \noalign.
\hline ->\noalign 
                  {\ifnum 0=`}\fi \hrule \@height \arrayrulewidth \futurelet...
l.1632 \hline
             
I expect to see \noalign only after the \cr of
an alignment. Proceed, and I'll ignore this case.

/Users/aliasgar/Desktop/Ali Asgar/Stony Brook/Advanced Project/local/files/cybe
rsec/penultimate/cybersec_final.tex:1632: You can't use `\hrule' here except wi
th leaders.
\hline ->\noalign {\ifnum 0=`}\fi \hrule 
                                         \@height \arrayrulewidth \futurelet...
l.1632 \hline
             
To put a horizontal rule in an hbox or an alignment,
you should use \leaders or \hrulefill (see The TeXbook).

/Users/aliasgar/Desktop/Ali Asgar/Stony Brook/Advanced Project/local/files/cybe
rsec/penultimate/cybersec_final.tex:1632: Missing number, treated as zero.
<to be read again> 
                   \futurelet 
l.1632 \hline
             
A number should have been here; I inserted `0'.
(If you can't figure out why I needed to see a number,
look up `weird error' in the index to The TeXbook.)

/Users/aliasgar/Desktop/Ali Asgar/Stony Brook/Advanced Project/local/files/cybe
rsec/penultimate/cybersec_final.tex:1632: Illegal unit of measure (pt inserted)
.
<to be read again> 
                   \futurelet 
l.1632 \hline
             
Dimensions can be in units of em, ex, in, pt, pc,
cm, mm, dd, cc, bp, or sp; but yours is a new one!
I'll assume that you meant to say pt, for printer's points.
To recover gracefully from this error, it's best to
delete the erroneous units; e.g., type `2' to delete
two letters. (See Chapter 27 of The TeXbook.)


Overfull \hbox (282.1657pt too wide) in paragraph at lines 1556--1634
 [] 
 []



[66]
File: ./images/3230466e-7c61-46c7-acf5-69c5c4a9bc64-061.jpg Graphic file (type 
bmp)
<./images/3230466e-7c61-46c7-acf5-69c5c4a9bc64-061.jpg>


[67]

[68]

[69]

[70]
File: ./images/cybersec_page_0064_0.png Graphic file (type bmp)
<./images/cybersec_page_0064_0.png>


[71]

[72]
File: ./images/cybersec_page_0065_0.png Graphic file (type bmp)
<./images/cybersec_page_0065_0.png>


[73]
File: ./images/3230466e-7c61-46c7-acf5-69c5c4a9bc64-064.jpg Graphic file (type 
bmp)
<./images/3230466e-7c61-46c7-acf5-69c5c4a9bc64-064.jpg>
File: ./images/3230466e-7c61-46c7-acf5-69c5c4a9bc64-065.jpg Graphic file (type 
bmp)
<./images/3230466e-7c61-46c7-acf5-69c5c4a9bc64-065.jpg>
File: ./images/cybersec_page_0067_0.png Graphic file (type bmp)
<./images/cybersec_page_0067_0.png>
File: ./images/3230466e-7c61-46c7-acf5-69c5c4a9bc64-066.jpg Graphic file (type 
bmp)
<./images/3230466e-7c61-46c7-acf5-69c5c4a9bc64-066.jpg>


[74]

[75]

[76]

[77]

[78]
File: ./images/cybersec_page_0068_0.png Graphic file (type bmp)
<./images/cybersec_page_0068_0.png>


[79]
File: ./images/3230466e-7c61-46c7-acf5-69c5c4a9bc64-067.jpg Graphic file (type 
bmp)
<./images/3230466e-7c61-46c7-acf5-69c5c4a9bc64-067.jpg>


[80]
File: ./images/cybersec_page_0069_0.png Graphic file (type bmp)
<./images/cybersec_page_0069_0.png>
File: ./images/3230466e-7c61-46c7-acf5-69c5c4a9bc64-068.jpg Graphic file (type 
bmp)
<./images/3230466e-7c61-46c7-acf5-69c5c4a9bc64-068.jpg>


[81]

[82]
File: ./images/3230466e-7c61-46c7-acf5-69c5c4a9bc64-069.jpg Graphic file (type 
bmp)
<./images/3230466e-7c61-46c7-acf5-69c5c4a9bc64-069.jpg>


[83]
Overfull \hbox (0.27812pt too wide) in paragraph at lines 1960--1961
[]\T1/lmr/m/n/10 You should check that you un-ders-tand their de-fi-ni-tions an
d can give examples
 []



[84]
Underfull \hbox (badness 10000) in paragraph at lines 1981--1984

 []



[85]
File: ./images/cybersec_page_0073_0.png Graphic file (type bmp)
<./images/cybersec_page_0073_0.png>


Package hyperref Warning: Token not allowed in a PDF string (Unicode):
(hyperref)                removing `\\' on input line 2015.

Missing character: There is no → ("2192) in font ec-lmr10!
Missing character: There is no → ("2192) in font ec-lmr10!


[86]
File: ./images/3230466e-7c61-46c7-acf5-69c5c4a9bc64-073.jpg Graphic file (type 
bmp)
<./images/3230466e-7c61-46c7-acf5-69c5c4a9bc64-073.jpg>


[87]
Underfull \hbox (badness 10000) in paragraph at lines 2061--2063

 []


Underfull \hbox (badness 10000) in paragraph at lines 2087--2089

 []



[88]
File: ./images/cybersec_page_0076_0.png Graphic file (type bmp)
<./images/cybersec_page_0076_0.png>


[89]
File: ./images/cybersec_page_0077_1.png Graphic file (type bmp)
<./images/cybersec_page_0077_1.png>
File: ./images/cybersec_page_0077_0.png Graphic file (type bmp)
<./images/cybersec_page_0077_0.png>
File: ./images/3230466e-7c61-46c7-acf5-69c5c4a9bc64-076.jpg Graphic file (type 
bmp)
<./images/3230466e-7c61-46c7-acf5-69c5c4a9bc64-076.jpg>


[90]

[91]

[92]
Underfull \hbox (badness 10000) in paragraph at lines 2154--2156

 []

File: ./images/cybersec_page_0078_0.png Graphic file (type bmp)
<./images/cybersec_page_0078_0.png>
File: ./images/3230466e-7c61-46c7-acf5-69c5c4a9bc64-077.jpg Graphic file (type 
bmp)
<./images/3230466e-7c61-46c7-acf5-69c5c4a9bc64-077.jpg>
File: ./images/3230466e-7c61-46c7-acf5-69c5c4a9bc64-077(1).jpg Graphic file (ty
pe bmp)
<./images/3230466e-7c61-46c7-acf5-69c5c4a9bc64-077(1).jpg>
File: ./images/3230466e-7c61-46c7-acf5-69c5c4a9bc64-078.jpg Graphic file (type 
bmp)
<./images/3230466e-7c61-46c7-acf5-69c5c4a9bc64-078.jpg>


[93]

[94]

[95]

/Users/aliasgar/Desktop/Ali Asgar/Stony Brook/Advanced Project/local/files/cybe
rsec/penultimate/cybersec_final.tex:2227: LaTeX Error: Not in outer par mode.

See the LaTeX manual or LaTeX Companion for explanation.
Type  H <return>  for immediate help.
 ...                                              
                                                  
l.2227 \begin{figure}[htbp]
                           
You've lost some text.  Try typing  <return>  to proceed.
If that doesn't work, type  X <return>  to quit.

File: ./images/cybersec_page_0080_0.png Graphic file (type bmp)
<./images/cybersec_page_0080_0.png>
/Users/aliasgar/Desktop/Ali Asgar/Stony Brook/Advanced Project/local/files/cybe
rsec/penultimate/cybersec_final.tex:2232: Misplaced \noalign.
\hline ->\noalign 
                  {\ifnum 0=`}\fi \hrule \@height \arrayrulewidth \futurelet...
l.2232 \hline
             
I expect to see \noalign only after the \cr of
an alignment. Proceed, and I'll ignore this case.

/Users/aliasgar/Desktop/Ali Asgar/Stony Brook/Advanced Project/local/files/cybe
rsec/penultimate/cybersec_final.tex:2232: You can't use `\hrule' here except wi
th leaders.
\hline ->\noalign {\ifnum 0=`}\fi \hrule 
                                         \@height \arrayrulewidth \futurelet...
l.2232 \hline
             
To put a horizontal rule in an hbox or an alignment,
you should use \leaders or \hrulefill (see The TeXbook).

/Users/aliasgar/Desktop/Ali Asgar/Stony Brook/Advanced Project/local/files/cybe
rsec/penultimate/cybersec_final.tex:2232: Missing number, treated as zero.
<to be read again> 
                   \futurelet 
l.2232 \hline
             
A number should have been here; I inserted `0'.
(If you can't figure out why I needed to see a number,
look up `weird error' in the index to The TeXbook.)

/Users/aliasgar/Desktop/Ali Asgar/Stony Brook/Advanced Project/local/files/cybe
rsec/penultimate/cybersec_final.tex:2232: Illegal unit of measure (pt inserted)
.
<to be read again> 
                   \futurelet 
l.2232 \hline
             
Dimensions can be in units of em, ex, in, pt, pc,
cm, mm, dd, cc, bp, or sp; but yours is a new one!
I'll assume that you meant to say pt, for printer's points.
To recover gracefully from this error, it's best to
delete the erroneous units; e.g., type `2' to delete
two letters. (See Chapter 27 of The TeXbook.)


Overfull \hbox (84.66623pt too wide) in paragraph at lines 2202--2234
 [] 
 []


Overfull \hbox (95.76517pt too wide) in paragraph at lines 2243--2251
 [] 
 []


Overfull \hbox (6.70807pt too wide) in paragraph at lines 2259--2278
 [] 
 []



[96]
/Users/aliasgar/Desktop/Ali Asgar/Stony Brook/Advanced Project/local/files/cybe
rsec/penultimate/cybersec_final.tex:2340: Misplaced \noalign.
\hline ->\noalign 
                  {\ifnum 0=`}\fi \hrule \@height \arrayrulewidth \futurelet...
l.2340 \hline
             
I expect to see \noalign only after the \cr of
an alignment. Proceed, and I'll ignore this case.

/Users/aliasgar/Desktop/Ali Asgar/Stony Brook/Advanced Project/local/files/cybe
rsec/penultimate/cybersec_final.tex:2340: You can't use `\hrule' here except wi
th leaders.
\hline ->\noalign {\ifnum 0=`}\fi \hrule 
                                         \@height \arrayrulewidth \futurelet...
l.2340 \hline
             
To put a horizontal rule in an hbox or an alignment,
you should use \leaders or \hrulefill (see The TeXbook).

/Users/aliasgar/Desktop/Ali Asgar/Stony Brook/Advanced Project/local/files/cybe
rsec/penultimate/cybersec_final.tex:2340: Missing number, treated as zero.
<to be read again> 
                   \futurelet 
l.2340 \hline
             
A number should have been here; I inserted `0'.
(If you can't figure out why I needed to see a number,
look up `weird error' in the index to The TeXbook.)

/Users/aliasgar/Desktop/Ali Asgar/Stony Brook/Advanced Project/local/files/cybe
rsec/penultimate/cybersec_final.tex:2340: Illegal unit of measure (pt inserted)
.
<to be read again> 
                   \futurelet 
l.2340 \hline
             
Dimensions can be in units of em, ex, in, pt, pc,
cm, mm, dd, cc, bp, or sp; but yours is a new one!
I'll assume that you meant to say pt, for printer's points.
To recover gracefully from this error, it's best to
delete the erroneous units; e.g., type `2' to delete
two letters. (See Chapter 27 of The TeXbook.)


Overfull \hbox (41.95934pt too wide) in paragraph at lines 2295--2354
 [] 
 []



[97]

[98]
Overfull \hbox (6.6392pt too wide) in paragraph at lines 2402--2408
 [] 
 []



[99]
Missing character: There is no ⊕ ("2295) in font ec-lmr10!

/Users/aliasgar/Desktop/Ali Asgar/Stony Brook/Advanced Project/local/files/cybe
rsec/penultimate/cybersec_final.tex:2449: LaTeX Error: Not in outer par mode.

See the LaTeX manual or LaTeX Companion for explanation.
Type  H <return>  for immediate help.
 ...                                              
                                                  
l.2449 \begin{figure}[htbp]
                           
You've lost some text.  Try typing  <return>  to proceed.
If that doesn't work, type  X <return>  to quit.

File: ./images/cybersec_page_0084_0.png Graphic file (type bmp)
<./images/cybersec_page_0084_0.png>
/Users/aliasgar/Desktop/Ali Asgar/Stony Brook/Advanced Project/local/files/cybe
rsec/penultimate/cybersec_final.tex:2454: Misplaced \noalign.
\hline ->\noalign 
                  {\ifnum 0=`}\fi \hrule \@height \arrayrulewidth \futurelet...
l.2454 \hline
             
I expect to see \noalign only after the \cr of
an alignment. Proceed, and I'll ignore this case.

/Users/aliasgar/Desktop/Ali Asgar/Stony Brook/Advanced Project/local/files/cybe
rsec/penultimate/cybersec_final.tex:2454: You can't use `\hrule' here except wi
th leaders.
\hline ->\noalign {\ifnum 0=`}\fi \hrule 
                                         \@height \arrayrulewidth \futurelet...
l.2454 \hline
             
To put a horizontal rule in an hbox or an alignment,
you should use \leaders or \hrulefill (see The TeXbook).

/Users/aliasgar/Desktop/Ali Asgar/Stony Brook/Advanced Project/local/files/cybe
rsec/penultimate/cybersec_final.tex:2454: Missing number, treated as zero.
<to be read again> 
                   \futurelet 
l.2454 \hline
             
A number should have been here; I inserted `0'.
(If you can't figure out why I needed to see a number,
look up `weird error' in the index to The TeXbook.)

/Users/aliasgar/Desktop/Ali Asgar/Stony Brook/Advanced Project/local/files/cybe
rsec/penultimate/cybersec_final.tex:2454: Illegal unit of measure (pt inserted)
.
<to be read again> 
                   \futurelet 
l.2454 \hline
             
Dimensions can be in units of em, ex, in, pt, pc,
cm, mm, dd, cc, bp, or sp; but yours is a new one!
I'll assume that you meant to say pt, for printer's points.
To recover gracefully from this error, it's best to
delete the erroneous units; e.g., type `2' to delete
two letters. (See Chapter 27 of The TeXbook.)

Missing character: There is no ⊕ ("2295) in font ec-lmr10!
Missing character: There is no ⊕ ("2295) in font ec-lmr10!

Overfull \hbox (42.80594pt too wide) in paragraph at lines 2444--2469
 [] 
 []

Missing character: There is no ⊕ ("2295) in font ec-lmr10!


[100]
Missing character: There is no ⊕ ("2295) in font ec-lmr10!
File: ./images/cybersec_page_0085_0.png Graphic file (type bmp)
<./images/cybersec_page_0085_0.png>
File: ./images/3230466e-7c61-46c7-acf5-69c5c4a9bc64-084.jpg Graphic file (type 
bmp)
<./images/3230466e-7c61-46c7-acf5-69c5c4a9bc64-084.jpg>


[101]

[102]
File: ./images/cybersec_page_0086_1.png Graphic file (type bmp)
<./images/cybersec_page_0086_1.png>
File: ./images/cybersec_page_0086_0.png Graphic file (type bmp)
<./images/cybersec_page_0086_0.png>
File: ./images/3230466e-7c61-46c7-acf5-69c5c4a9bc64-085.jpg Graphic file (type 
bmp)
<./images/3230466e-7c61-46c7-acf5-69c5c4a9bc64-085.jpg>


[103]
File: ./images/3230466e-7c61-46c7-acf5-69c5c4a9bc64-086(1).jpg Graphic file (ty
pe bmp)
<./images/3230466e-7c61-46c7-acf5-69c5c4a9bc64-086(1).jpg>
File: ./images/cybersec_page_0087_0.png Graphic file (type bmp)
<./images/cybersec_page_0087_0.png>
File: ./images/3230466e-7c61-46c7-acf5-69c5c4a9bc64-086.jpg Graphic file (type 
bmp)
<./images/3230466e-7c61-46c7-acf5-69c5c4a9bc64-086.jpg>

Missing character: There is no ⊕ ("2295) in font ec-lmr10!


[104]

[105]
File: ./images/cybersec_page_0088_0.png Graphic file (type bmp)
<./images/cybersec_page_0088_0.png>
File: ./images/3230466e-7c61-46c7-acf5-69c5c4a9bc64-087.jpg Graphic file (type 
bmp)
<./images/3230466e-7c61-46c7-acf5-69c5c4a9bc64-087.jpg>


[106]

[107]
File: ./images/3230466e-7c61-46c7-acf5-69c5c4a9bc64-088.jpg Graphic file (type 
bmp)
<./images/3230466e-7c61-46c7-acf5-69c5c4a9bc64-088.jpg>


[108]
File: ./images/3230466e-7c61-46c7-acf5-69c5c4a9bc64-089.jpg Graphic file (type 
bmp)
<./images/3230466e-7c61-46c7-acf5-69c5c4a9bc64-089.jpg>


[109]
File: ./images/cybersec_page_0091_0.png Graphic file (type bmp)
<./images/cybersec_page_0091_0.png>


[110]
File: ./images/3230466e-7c61-46c7-acf5-69c5c4a9bc64-091.jpg Graphic file (type 
bmp)
<./images/3230466e-7c61-46c7-acf5-69c5c4a9bc64-091.jpg>


[111]

[112]
Underfull \hbox (badness 10000) in paragraph at lines 2770--2773

 []

File: ./images/cybersec_page_0094_0.png Graphic file (type bmp)
<./images/cybersec_page_0094_0.png>


[113]

[114]
File: ./images/3230466e-7c61-46c7-acf5-69c5c4a9bc64-094.jpg Graphic file (type 
bmp)
<./images/3230466e-7c61-46c7-acf5-69c5c4a9bc64-094.jpg>
File: ./images/cybersec_page_0096_0.png Graphic file (type bmp)
<./images/cybersec_page_0096_0.png>


[115]

[116]

[117]
/Users/aliasgar/Desktop/Ali Asgar/Stony Brook/Advanced Project/local/files/cybe
rsec/penultimate/cybersec_final.tex:2983: Extra alignment tab has been changed 
to \cr.
<template> \endtemplate 
                        
l.2983 $\times$ & \multicolumn{8}{|c|}{0}
                                          & 1 & 2 & 3 & 4 & 5 & 6 \\
You have given more \span or & marks than there were
in the preamble to the \halign or \valign now in progress.
So I'll assume that you meant to type \cr instead.

/Users/aliasgar/Desktop/Ali Asgar/Stony Brook/Advanced Project/local/files/cybe
rsec/penultimate/cybersec_final.tex:2985: Extra alignment tab has been changed 
to \cr.
<recently read> \endtemplate 
                             
l.2985 0 & 0 & 0 & 0 & 0 & 0 & 0 & 0 &
                                        &  &  &  &  &  &  \\
You have given more \span or & marks than there were
in the preamble to the \halign or \valign now in progress.
So I'll assume that you meant to type \cr instead.

/Users/aliasgar/Desktop/Ali Asgar/Stony Brook/Advanced Project/local/files/cybe
rsec/penultimate/cybersec_final.tex:2987: Extra alignment tab has been changed 
to \cr.
<recently read> \endtemplate 
                             
l.2987 1 & 0 & 1 & 2 & 3 & 4 & 5 & 6 &
                                        &  &  &  &  &  &  \\
You have given more \span or & marks than there were
in the preamble to the \halign or \valign now in progress.
So I'll assume that you meant to type \cr instead.

/Users/aliasgar/Desktop/Ali Asgar/Stony Brook/Advanced Project/local/files/cybe
rsec/penultimate/cybersec_final.tex:2989: Extra alignment tab has been changed 
to \cr.
<recently read> \endtemplate 
                             
l.2989 2 & 0 & 2 & 4 & 6 & 1 & 3 & 5 &
                                        &  &  &  &  &  &  \\
You have given more \span or & marks than there were
in the preamble to the \halign or \valign now in progress.
So I'll assume that you meant to type \cr instead.

/Users/aliasgar/Desktop/Ali Asgar/Stony Brook/Advanced Project/local/files/cybe
rsec/penultimate/cybersec_final.tex:2991: Extra alignment tab has been changed 
to \cr.
<recently read> \endtemplate 
                             
l.2991 3 & 0 & 3 & 6 & 2 & 5 & 1 & 4 &
                                        &  &  &  &  &  &  \\
You have given more \span or & marks than there were
in the preamble to the \halign or \valign now in progress.
So I'll assume that you meant to type \cr instead.

/Users/aliasgar/Desktop/Ali Asgar/Stony Brook/Advanced Project/local/files/cybe
rsec/penultimate/cybersec_final.tex:2993: Extra alignment tab has been changed 
to \cr.
<recently read> \endtemplate 
                             
l.2993 4 & 0 & 4 & 1 & 5 & 2 & 6 & 3 &
                                        &  &  &  &  &  &  \\
You have given more \span or & marks than there were
in the preamble to the \halign or \valign now in progress.
So I'll assume that you meant to type \cr instead.

/Users/aliasgar/Desktop/Ali Asgar/Stony Brook/Advanced Project/local/files/cybe
rsec/penultimate/cybersec_final.tex:2995: Extra alignment tab has been changed 
to \cr.
<recently read> \endtemplate 
                             
l.2995 5 & 0 & 5 & 3 & 1 & 6 & 4 & 2 &
                                        &  &  &  &  &  &  \\
You have given more \span or & marks than there were
in the preamble to the \halign or \valign now in progress.
So I'll assume that you meant to type \cr instead.

/Users/aliasgar/Desktop/Ali Asgar/Stony Brook/Advanced Project/local/files/cybe
rsec/penultimate/cybersec_final.tex:2997: Extra alignment tab has been changed 
to \cr.
<recently read> \endtemplate 
                             
l.2997 6 & 0 & 6 & 5 & 4 & 3 & 2 & 1 &
                                        &  &  &  &  &  &  \\
You have given more \span or & marks than there were
in the preamble to the \halign or \valign now in progress.
So I'll assume that you meant to type \cr instead.

/Users/aliasgar/Desktop/Ali Asgar/Stony Brook/Advanced Project/local/files/cybe
rsec/penultimate/cybersec_final.tex:2999: Extra alignment tab has been changed 
to \cr.
<recently read> \endtemplate 
                             
l.2999  &  &  &  &  &  &  &  &
                                &  &  &  &  &  &  \\
You have given more \span or & marks than there were
in the preamble to the \halign or \valign now in progress.
So I'll assume that you meant to type \cr instead.



[118]
Underfull \hbox (badness 10000) in paragraph at lines 3013--3015

 []

Missing character: There is no — ("2014) in font ec-lmr10!


[119]

[120]
File: ./images/cybersec_page_0100_0.png Graphic file (type bmp)
<./images/cybersec_page_0100_0.png>


[121]

[122]
File: ./images/3230466e-7c61-46c7-acf5-69c5c4a9bc64-101.jpg Graphic file (type 
bmp)
<./images/3230466e-7c61-46c7-acf5-69c5c4a9bc64-101.jpg>

Overfull \hbox (133.60979pt too wide) in paragraph at lines 3185--3215
 [] 
 []



[123]

[124]
Underfull \hbox (badness 10000) in paragraph at lines 3271--3273

 []



[125]
/Users/aliasgar/Desktop/Ali Asgar/Stony Brook/Advanced Project/local/files/cybe
rsec/penultimate/cybersec_final.tex:3297: Misplaced \noalign.
\hline ->\noalign 
                  {\ifnum 0=`}\fi \hrule \@height \arrayrulewidth \futurelet...
l.3297 \hline
             
I expect to see \noalign only after the \cr of
an alignment. Proceed, and I'll ignore this case.

/Users/aliasgar/Desktop/Ali Asgar/Stony Brook/Advanced Project/local/files/cybe
rsec/penultimate/cybersec_final.tex:3297: You can't use `\hrule' here except wi
th leaders.
\hline ->\noalign {\ifnum 0=`}\fi \hrule 
                                         \@height \arrayrulewidth \futurelet...
l.3297 \hline
             
To put a horizontal rule in an hbox or an alignment,
you should use \leaders or \hrulefill (see The TeXbook).

/Users/aliasgar/Desktop/Ali Asgar/Stony Brook/Advanced Project/local/files/cybe
rsec/penultimate/cybersec_final.tex:3297: Missing number, treated as zero.
<to be read again> 
                   \futurelet 
l.3297 \hline
             
A number should have been here; I inserted `0'.
(If you can't figure out why I needed to see a number,
look up `weird error' in the index to The TeXbook.)

/Users/aliasgar/Desktop/Ali Asgar/Stony Brook/Advanced Project/local/files/cybe
rsec/penultimate/cybersec_final.tex:3297: Illegal unit of measure (pt inserted)
.
<to be read again> 
                   \futurelet 
l.3297 \hline
             
Dimensions can be in units of em, ex, in, pt, pc,
cm, mm, dd, cc, bp, or sp; but yours is a new one!
I'll assume that you meant to say pt, for printer's points.
To recover gracefully from this error, it's best to
delete the erroneous units; e.g., type `2' to delete
two letters. (See Chapter 27 of The TeXbook.)


Overfull \hbox (29.4574pt too wide) in paragraph at lines 3290--3311
 [] 
 []



[126]
Overfull \hbox (0.27812pt too wide) in paragraph at lines 3360--3361
[]\T1/lmr/m/n/10 You should check that you un-ders-tand their de-fi-ni-tions an
d can give examples
 []



[127]
Overfull \hbox (489.74757pt too wide) in paragraph at lines 3392--3392
[]\T1/lmtt/m/n/10 tclhe ar ys fide pon i qbztyi?\index{hash function!SHA-2}\ind
ex{hash function!SHA-3}\index{message key}\index{modular exponentiation}\index{
SHA-2}\index{SHA-3}[] 
 []


Overfull \hbox (536.99744pt too wide) in paragraph at lines 3393--3393
[]\T1/lmtt/m/n/10 qhl akm cyi wnmv mye rwigm, eah qhlr cikf fvr xgh nets\index{
A5/1}\index{A5/2}\index{A5/3}\index{man-in-the-middle!related key}\index{GEA/3}
\index{KASUMI}\index{MISTY1}[] 
 []



[128]
Overfull \hbox (37.0214pt too wide) in paragraph at lines 3415--3416
[]\T1/lmr/m/n/10 RTR. BAYNCCXSH.HTANWTNS, NWN.N.TR.N,NWAHGBDDNCNAQB.
 []


Overfull \hbox (132.91995pt too wide) in paragraph at lines 3415--3416
\T1/lmr/m/n/10 QBWHU, RGANWTR.N,NWN LCNKNW.XUB.GNÅW,[][]RCN.AUN.SX[][],KCNWOHWN
WCNKYØ
 []


Overfull \hbox (11.05183pt too wide) in paragraph at lines 3415--3416
\T1/lmr/m/n/10 WCBK-QEWNQR,KHWRN.AOEWUB.GDNUUNWCN. TNS, NWN.,
 []


Overfull \hbox (18.63312pt too wide) in paragraph at lines 3415--3416
\T1/lmr/m/n/10 , DH-KYBWCNKV WØG-KRG, KN-RYNWCN. AGB . , TNHGBDCNDN
 []


Overfull \hbox (5.29353pt too wide) in paragraph at lines 3415--3416
\T1/lmr/m/n/10 ÅYB . , TN-DRGKBK-WEW-NYN-CAB-KUB . UÅKKNHWCN .KDRG
 []


Overfull \hbox (23.54889pt too wide) in paragraph at lines 3415--3416
\T1/lmr/m/n/10 KNFDHU, KN-WAH-GYNCC NBDDNWVWØG-KRG, KNYBWCNWFX.
 []


Overfull \hbox (56.81726pt too wide) in paragraph at lines 3415--3416
\T1/lmr/m/n/10 CNK, EDYTDHTTN-WACNWTDB. GAOHWBKU B.RTTN, TXDDNGÅOHW-
 []



[129]
Overfull \hbox (41.86096pt too wide) in paragraph at lines 3451--3455
 [] 
 []


Underfull \hbox (badness 10000) in paragraph at lines 3462--3474

 []



[130]

Package hyperref Warning: Token not allowed in a PDF string (Unicode):
(hyperref)                removing `\\' on input line 3495.



[131]

[132]
File: ./images/cybersec_page_0112_0.png Graphic file (type bmp)
<./images/cybersec_page_0112_0.png>
File: ./images/3230466e-7c61-46c7-acf5-69c5c4a9bc64-111.jpg Graphic file (type 
bmp)
<./images/3230466e-7c61-46c7-acf5-69c5c4a9bc64-111.jpg>

Underfull \hbox (badness 10000) in paragraph at lines 3564--3566

 []



[133]

[134]
File: ./images/cybersec_page_0113_0.png Graphic file (type bmp)
<./images/cybersec_page_0113_0.png>
File: ./images/3230466e-7c61-46c7-acf5-69c5c4a9bc64-112.jpg Graphic file (type 
bmp)
<./images/3230466e-7c61-46c7-acf5-69c5c4a9bc64-112.jpg>


[135]
Overfull \hbox (18.9193pt too wide) detected at line 3593
[][]
 []



[136]
File: ./images/3230466e-7c61-46c7-acf5-69c5c4a9bc64-113.jpg Graphic file (type 
bmp)
<./images/3230466e-7c61-46c7-acf5-69c5c4a9bc64-113.jpg>


[137]

LaTeX Font Warning: Font shape `U/stmry/b/n' undefined
(Font)              using `U/stmry/m/n' instead on input line 3630.


/Users/aliasgar/Desktop/Ali Asgar/Stony Brook/Advanced Project/local/files/cybe
rsec/penultimate/cybersec_final.tex:3639: LaTeX Error: Not in outer par mode.

See the LaTeX manual or LaTeX Companion for explanation.
Type  H <return>  for immediate help.
 ...                                              
                                                  
l.3639 \begin{figure}[htbp]
                           
You've lost some text.  Try typing  <return>  to proceed.
If that doesn't work, type  X <return>  to quit.

File: ./images/cybersec_page_0115_0.png Graphic file (type bmp)
<./images/cybersec_page_0115_0.png>
/Users/aliasgar/Desktop/Ali Asgar/Stony Brook/Advanced Project/local/files/cybe
rsec/penultimate/cybersec_final.tex:3644: Misplaced \noalign.
\hline ->\noalign 
                  {\ifnum 0=`}\fi \hrule \@height \arrayrulewidth \futurelet...
l.3644 \hline
             
I expect to see \noalign only after the \cr of
an alignment. Proceed, and I'll ignore this case.

/Users/aliasgar/Desktop/Ali Asgar/Stony Brook/Advanced Project/local/files/cybe
rsec/penultimate/cybersec_final.tex:3644: You can't use `\hrule' here except wi
th leaders.
\hline ->\noalign {\ifnum 0=`}\fi \hrule 
                                         \@height \arrayrulewidth \futurelet...
l.3644 \hline
             
To put a horizontal rule in an hbox or an alignment,
you should use \leaders or \hrulefill (see The TeXbook).

/Users/aliasgar/Desktop/Ali Asgar/Stony Brook/Advanced Project/local/files/cybe
rsec/penultimate/cybersec_final.tex:3644: Missing number, treated as zero.
<to be read again> 
                   \futurelet 
l.3644 \hline
             
A number should have been here; I inserted `0'.
(If you can't figure out why I needed to see a number,
look up `weird error' in the index to The TeXbook.)

/Users/aliasgar/Desktop/Ali Asgar/Stony Brook/Advanced Project/local/files/cybe
rsec/penultimate/cybersec_final.tex:3644: Illegal unit of measure (pt inserted)
.
<to be read again> 
                   \futurelet 
l.3644 \hline
             
Dimensions can be in units of em, ex, in, pt, pc,
cm, mm, dd, cc, bp, or sp; but yours is a new one!
I'll assume that you meant to say pt, for printer's points.
To recover gracefully from this error, it's best to
delete the erroneous units; e.g., type `2' to delete
two letters. (See Chapter 27 of The TeXbook.)


Overfull \hbox (107.88931pt too wide) in paragraph at lines 3622--3646
 [] 
 []



[138]
Missing character: There is no ⊕ ("2295) in font ec-lmr10!
Missing character: There is no ↶ ("21B6) in font ec-lmr10!
File: ./images/3230466e-7c61-46c7-acf5-69c5c4a9bc64-115.jpg Graphic file (type 
bmp)
<./images/3230466e-7c61-46c7-acf5-69c5c4a9bc64-115.jpg>


[139]

[140]
Underfull \hbox (badness 10000) in paragraph at lines 3725--3727

 []



[141]
Underfull \hbox (badness 10000) in paragraph at lines 3762--3764

 []

File: ./images/3230466e-7c61-46c7-acf5-69c5c4a9bc64-118.jpg Graphic file (type 
bmp)
<./images/3230466e-7c61-46c7-acf5-69c5c4a9bc64-118.jpg>


[142]
Missing character: There is no — ("2014) in font ec-lmr10!


[143]

[144]
File: ./images/cybersec_page_0122_0.png Graphic file (type bmp)
<./images/cybersec_page_0122_0.png>


[145]

[146]
Overfull \hbox (0.11737pt too wide) in paragraph at lines 3894--3895
[]\T1/lmr/m/n/10 Fig. 5.9 Simple challenge-response pro-to-cols for au-then-ti-
ca-tion with an SKCS 
 []



[147]
File: ./images/3230466e-7c61-46c7-acf5-69c5c4a9bc64-122.jpg Graphic file (type 
bmp)
<./images/3230466e-7c61-46c7-acf5-69c5c4a9bc64-122.jpg>

Overfull \hbox (185.24846pt too wide) in paragraph at lines 3923--3923
[]\T1/lmtt/m/n/10 Message $2 B \rightarrow A: \mathcal{E}\left(\left(A, N_{B}\r
ight), S K_{B S}\right)$ "authenticator"[] 
 []


Overfull \hbox (263.99823pt too wide) in paragraph at lines 3924--3924
[]\T1/lmtt/m/n/10 Message $3 \quad A \rightarrow S:\left(A, B, N_{A}, \mathcal{
E}\left(\left(A, N_{B}\right), S K_{B S}\right)\right)$[] 
 []


Overfull \hbox (468.74763pt too wide) in paragraph at lines 3925--3925
[]\T1/lmtt/m/n/10 Message $4 S \rightarrow A: E\left(\left(B, N_{A}, S K_{A B},
 \mathcal{E}\left(\left(A, N_{B}, S K_{A B}\right), S K_{B S}\right)\right), S 
K_{A S}\right)$[] 
 []


Overfull \hbox (106.49869pt too wide) in paragraph at lines 3926--3926
[]\T1/lmtt/m/n/10 Message $5 A \rightarrow B: E\left(\left(A, N_{B}, S K_{A B}\
right), S K_{B S}\right)$[] 
 []


Overfull \hbox (95.99872pt too wide) in paragraph at lines 3927--3927
[]\T1/lmtt/m/n/10 Message $6 \quad B \rightarrow A: \mathcal{E}\left(N_{B}^{\pr
ime}, S K_{A B}\right)$[] 
 []



[148]
Overfull \hbox (53.99884pt too wide) in paragraph at lines 3928--3928
[]\T1/lmtt/m/n/10 Message $7 \quad A \rightarrow B: E\left(N_{B}^{\prime}-1, S 
K_{A B}\right)$[] 
 []


Overfull \hbox (7.39154pt too wide) in paragraph at lines 3934--3935
[]\T1/lmr/m/n/10 Sam, who knows all the se-cret keys, now reads the au-then-ti-
ca-tor and constructs
 []


Overfull \hbox (584.2473pt too wide) in paragraph at lines 3952--3952
[]\T1/lmtt/m/n/10 Message $2 B \rightarrow A:\left(\mathcal{E}\left(\left(B, P 
K_{B}\right), S K_{S}\right), N_{B}, N_{A}, A, \mathcal{E}\left(\left(N_{B}, N_
{A}, A\right), S K_{B}\right)\right)$[] 
 []


Overfull \hbox (615.74721pt too wide) in paragraph at lines 3959--3959
[]\T1/lmtt/m/n/10 Message $2 \quad B \rightarrow A:\left(\mathcal{E}\left(\left
(B, P K_{B}\right), S K_{S}\right), N_{B}, N_{A}, A, \mathcal{E}\left(\left(N_{
B}, N_{A}, A\right), S K_{B}\right)\right)$[] 
 []


Overfull \hbox (542.24742pt too wide) in paragraph at lines 3960--3960
[]\T1/lmtt/m/n/10 Message $3 \quad A \rightarrow B:\left(\mathcal{E}\left(\left
(A, P K_{A}\right), S K_{S}\right), B, \mathcal{E}\left(\left(N_{A}, N_{B}, B\r
ight), S K_{A}\right)\right)$[] 
 []


Overfull \hbox (0.81187pt too wide) in paragraph at lines 3963--3964
[]\T1/lmr/m/n/10 Fig. 5.12 Simple challenge-response pro-to-cols for au-then-ti
-ca-tion with a PKCS 
 []



[149]
Overfull \hbox (206.2484pt too wide) in paragraph at lines 3976--3976
[]\T1/lmtt/m/n/10 Message $2 \quad S \rightarrow A: E\left(\left(B, P K_{B}\rig
ht), S K_{S}\right) \quad$ Bob\TS1/lmtt/m/n/10 '\T1/lmtt/m/n/10 s certificate[]
 
 []


Overfull \hbox (122.24864pt too wide) in paragraph at lines 3977--3977
[]\T1/lmtt/m/n/10 Message $3 \quad A \rightarrow B: \mathcal{E}\left(\left(A, N
_{A}\right), P K_{B}\right)$[] 
 []


Overfull \hbox (269.24821pt too wide) in paragraph at lines 3979--3979
[]\T1/lmtt/m/n/10 Message $5 \quad S \rightarrow B: \mathcal{E}\left(\left(A, P
 K_{A}\right), S K_{S}\right) \quad$ Alice\TS1/lmtt/m/n/10 '\T1/lmtt/m/n/10 s c
ertificate[] 
 []


Overfull \hbox (106.49869pt too wide) in paragraph at lines 3980--3980
[]\T1/lmtt/m/n/10 Message $6 \quad B \rightarrow A: E\left(\left(N_{A}, N_{B}, 
B\right), P K_{A}\right)$[] 
 []


Overfull \hbox (38.24889pt too wide) in paragraph at lines 3981--3981
[]\T1/lmtt/m/n/10 Message $7 \quad A \rightarrow B: \mathcal{E}\left(N_{B}, P K
_{B}\right)$[] 
 []


Underfull \hbox (badness 10000) in paragraph at lines 3984--3986

 []

File: ./images/cybersec_page_0126_0.png Graphic file (type bmp)
<./images/cybersec_page_0126_0.png>


[150]
File: ./images/3230466e-7c61-46c7-acf5-69c5c4a9bc64-126.jpg Graphic file (type 
bmp)
<./images/3230466e-7c61-46c7-acf5-69c5c4a9bc64-126.jpg>


[151]

[152]
Overfull \hbox (442.49771pt too wide) in paragraph at lines 4045--4045
[]\T1/lmtt/m/n/10 Message $2 B \rightarrow A:\left(\alpha^{x_{B}} \bmod q, \mat
hcal{E}\left(\mathcal{S}_{B}\left(\alpha^{x_{B}}, \alpha^{x_{A}}\right), K\righ
t)\right)$[] 
 []


Overfull \hbox (179.99847pt too wide) in paragraph at lines 4046--4046
[]\T1/lmtt/m/n/10 Message $3 \quad A \rightarrow B: E\left(S_{A}\left(\alpha^{x
_{B}}, \alpha^{x_{A}}\right), K\right)$[] 
 []



[153]

[154]

[155]
File: ./images/cybersec_page_0131_0.png Graphic file (type bmp)
<./images/cybersec_page_0131_0.png>


[156]
File: ./images/cybersec_page_0132_0.png Graphic file (type bmp)
<./images/cybersec_page_0132_0.png>


[157]
File: ./images/3230466e-7c61-46c7-acf5-69c5c4a9bc64-131.jpg Graphic file (type 
bmp)
<./images/3230466e-7c61-46c7-acf5-69c5c4a9bc64-131.jpg>


[158]
File: ./images/3230466e-7c61-46c7-acf5-69c5c4a9bc64-132.jpg Graphic file (type 
bmp)
<./images/3230466e-7c61-46c7-acf5-69c5c4a9bc64-132.jpg>

Overfull \hbox (0.335pt too wide) in paragraph at lines 4204--4205
[]\T1/lmr/m/n/10 In the fi-gure, ar-rows again in-di-cate the di-rec-tion of tr
ust, sho-wing for example
 []



[159]
/Users/aliasgar/Desktop/Ali Asgar/Stony Brook/Advanced Project/local/files/cybe
rsec/penultimate/cybersec_final.tex:4211: Extra }, or forgotten $.
<recently read> \egroup 
                        
l.4211 ... a "\textit{trust value" for subject $Y}
                                                  $ by combining an evaluati...
I've deleted a group-closing symbol because it seems to be
spurious, as in `$x}$'. But perhaps the } is legitimate and
you forgot something else, as in `\hbox{$x}'. In such cases
the way to recover is to insert both the forgotten and the
deleted material, e.g., by typing `I$}'.



[160]

[161]
Underfull \hbox (badness 10000) in paragraph at lines 4246--4248

 []



[162]

[163]
Overfull \hbox (515.9975pt too wide) in paragraph at lines 4331--4331
[]\T1/lmtt/m/n/10 Message $2 \quad S \rightarrow A: \mathcal{E}\left(\left(B, N
_{A}, S K_{A B}, \mathcal{E}\left(\left(A, S K_{A B}\right), S K_{B S}\right)\r
ight), S K_{A S}\right)$[] 
 []

Missing character: There is no ﬂ ("FB02) in font ec-lmtt10!

Overfull \hbox (767.99677pt too wide) in paragraph at lines 4332--4332
[]\T1/lmtt/m/n/10 Message $3 \quad A \rightarrow B: \mathcal{E}\left(\left(A, S
 K_{A B}\right), S K_{B S}\right)$\index{connection oriented}\index{connectionl
ess}\index{seq}\index{Take Ownership!ag}\index{Take Ownership!operation}[] 
 []


Overfull \hbox (11.99896pt too wide) in paragraph at lines 4333--4333
[]\T1/lmtt/m/n/10 Message $4 B \rightarrow A: E\left(N_{B}^{\prime}, S K_{A B}\
right)$[] 
 []


Overfull \hbox (22.49893pt too wide) in paragraph at lines 4334--4334
[]\T1/lmtt/m/n/10 Message $5 A \rightarrow B: E\left(N_{B}^{\prime}-1, S K_{A B
}\right)$[] 
 []



[164]
Overfull \hbox (71.22862pt too wide) in paragraph at lines 4359--4361
\T1/lmr/m/it/10 web-based ser-vice, which is ava-lable at URI [][]https ://www.
securedsigning.com/products/signature-
 []

File: ./images/cybersec_page_0140_0.png Graphic file (type bmp)
<./images/cybersec_page_0140_0.png>


[165]

[166]
Chapitre 4.


[167

]
File: ./images/3230466e-7c61-46c7-acf5-69c5c4a9bc64-140.jpg Graphic file (type 
bmp)
<./images/3230466e-7c61-46c7-acf5-69c5c4a9bc64-140.jpg>

Missing character: There is no € ("20AC) in font cmr10!
Missing character: There is no € ("20AC) in font cmr10!


[168]
File: ./images/3230466e-7c61-46c7-acf5-69c5c4a9bc64-141.jpg Graphic file (type 
bmp)
<./images/3230466e-7c61-46c7-acf5-69c5c4a9bc64-141.jpg>

Underfull \vbox (badness 6575) has occurred while \output is active []



[169]

[170]
File: ./images/cybersec_page_0144_1.png Graphic file (type bmp)
<./images/cybersec_page_0144_1.png>
File: ./images/cybersec_page_0144_0.png Graphic file (type bmp)
<./images/cybersec_page_0144_0.png>


[171]

[172]
File: ./images/cybersec_page_0145_0.png Graphic file (type bmp)
<./images/cybersec_page_0145_0.png>
File: ./images/3230466e-7c61-46c7-acf5-69c5c4a9bc64-144.jpg Graphic file (type 
bmp)
<./images/3230466e-7c61-46c7-acf5-69c5c4a9bc64-144.jpg>
File: ./images/3230466e-7c61-46c7-acf5-69c5c4a9bc64-144(1).jpg Graphic file (ty
pe bmp)
<./images/3230466e-7c61-46c7-acf5-69c5c4a9bc64-144(1).jpg>
File: ./images/3230466e-7c61-46c7-acf5-69c5c4a9bc64-145.jpg Graphic file (type 
bmp)
<./images/3230466e-7c61-46c7-acf5-69c5c4a9bc64-145.jpg>


[173]

[174]
File: ./images/cybersec_page_0147_0.png Graphic file (type bmp)
<./images/cybersec_page_0147_0.png>
File: ./images/3230466e-7c61-46c7-acf5-69c5c4a9bc64-146.jpg Graphic file (type 
bmp)
<./images/3230466e-7c61-46c7-acf5-69c5c4a9bc64-146.jpg>


[175]

[176]

[177]
File: ./images/3230466e-7c61-46c7-acf5-69c5c4a9bc64-147.jpg Graphic file (type 
bmp)
<./images/3230466e-7c61-46c7-acf5-69c5c4a9bc64-147.jpg>


LaTeX Warning: Float too large for page by 14.81204pt on input line 4620.


Underfull \hbox (badness 10000) in paragraph at lines 4624--4626

 []



[178]

[179]
File: ./images/3230466e-7c61-46c7-acf5-69c5c4a9bc64-148.jpg Graphic file (type 
bmp)
<./images/3230466e-7c61-46c7-acf5-69c5c4a9bc64-148.jpg>

Underfull \hbox (badness 10000) in paragraph at lines 4649--4652

 []

File: ./images/cybersec_page_0150_0.png Graphic file (type bmp)
<./images/cybersec_page_0150_0.png>


[180]
File: ./images/cybersec_page_0151_0.png Graphic file (type bmp)
<./images/cybersec_page_0151_0.png>
File: ./images/3230466e-7c61-46c7-acf5-69c5c4a9bc64-150.jpg Graphic file (type 
bmp)
<./images/3230466e-7c61-46c7-acf5-69c5c4a9bc64-150.jpg>


[181]

[182]
File: ./images/cybersec_page_0152_0.png Graphic file (type bmp)
<./images/cybersec_page_0152_0.png>
File: ./images/3230466e-7c61-46c7-acf5-69c5c4a9bc64-151.jpg Graphic file (type 
bmp)
<./images/3230466e-7c61-46c7-acf5-69c5c4a9bc64-151.jpg>

Overfull \hbox (0.22609pt too wide) in paragraph at lines 4731--4732
\T1/lmr/m/it/10 connec-tion, it re-serves re-sources for sto-ring in-for-ma-tio
n about the connec-
 []


Overfull \hbox (43.49887pt too wide) in paragraph at lines 4738--4738
[]\T1/lmtt/m/n/10 ACK The PDU contains an acknowledgment for received data in i
ts ack field.[] 
 []


Overfull \hbox (43.49887pt too wide) in paragraph at lines 4739--4739
[]\T1/lmtt/m/n/10 FIN The sender has no more data to send and wants to break th
e connection.[] 
 []


Overfull \hbox (85.49875pt too wide) in paragraph at lines 4740--4740
[]\T1/lmtt/m/n/10 RST The sender has detected an error in the operation of the 
protocol (for example[] 
 []


Overfull \hbox (85.49875pt too wide) in paragraph at lines 4741--4741
[]    \T1/lmtt/m/n/10 an invalid response to a PDU which the sender has transmi
tted), and breaks the[] 
 []



[183]

[184]
File: ./images/3230466e-7c61-46c7-acf5-69c5c4a9bc64-152.jpg Graphic file (type 
bmp)
<./images/3230466e-7c61-46c7-acf5-69c5c4a9bc64-152.jpg>


LaTeX Warning: Float too large for page by 0.38333pt on input line 4753.



[185]

[186]

/Users/aliasgar/Desktop/Ali Asgar/Stony Brook/Advanced Project/local/files/cybe
rsec/penultimate/cybersec_final.tex:4806: LaTeX Error: Not in outer par mode.

See the LaTeX manual or LaTeX Companion for explanation.
Type  H <return>  for immediate help.
 ...                                              
                                                  
l.4806 \begin{figure}[htbp]
                           
You've lost some text.  Try typing  <return>  to proceed.
If that doesn't work, type  X <return>  to quit.

File: ./images/cybersec_page_0155_0.png Graphic file (type bmp)
<./images/cybersec_page_0155_0.png>
/Users/aliasgar/Desktop/Ali Asgar/Stony Brook/Advanced Project/local/files/cybe
rsec/penultimate/cybersec_final.tex:4811: Misplaced \noalign.
\hline ->\noalign 
                  {\ifnum 0=`}\fi \hrule \@height \arrayrulewidth \futurelet...
l.4811 \hline
             
I expect to see \noalign only after the \cr of
an alignment. Proceed, and I'll ignore this case.

/Users/aliasgar/Desktop/Ali Asgar/Stony Brook/Advanced Project/local/files/cybe
rsec/penultimate/cybersec_final.tex:4811: You can't use `\hrule' here except wi
th leaders.
\hline ->\noalign {\ifnum 0=`}\fi \hrule 
                                         \@height \arrayrulewidth \futurelet...
l.4811 \hline
             
To put a horizontal rule in an hbox or an alignment,
you should use \leaders or \hrulefill (see The TeXbook).

/Users/aliasgar/Desktop/Ali Asgar/Stony Brook/Advanced Project/local/files/cybe
rsec/penultimate/cybersec_final.tex:4811: Missing number, treated as zero.
<to be read again> 
                   \futurelet 
l.4811 \hline
             
A number should have been here; I inserted `0'.
(If you can't figure out why I needed to see a number,
look up `weird error' in the index to The TeXbook.)

/Users/aliasgar/Desktop/Ali Asgar/Stony Brook/Advanced Project/local/files/cybe
rsec/penultimate/cybersec_final.tex:4811: Illegal unit of measure (pt inserted)
.
<to be read again> 
                   \futurelet 
l.4811 \hline
             
Dimensions can be in units of em, ex, in, pt, pc,
cm, mm, dd, cc, bp, or sp; but yours is a new one!
I'll assume that you meant to say pt, for printer's points.
To recover gracefully from this error, it's best to
delete the erroneous units; e.g., type `2' to delete
two letters. (See Chapter 27 of The TeXbook.)


Overfull \hbox (454.83209pt too wide) in paragraph at lines 4801--4831
 [] 
 []



[187]

[188]
File: ./images/cybersec_page_0156_0.png Graphic file (type bmp)
<./images/cybersec_page_0156_0.png>
File: ./images/3230466e-7c61-46c7-acf5-69c5c4a9bc64-155.jpg Graphic file (type 
bmp)
<./images/3230466e-7c61-46c7-acf5-69c5c4a9bc64-155.jpg>


[189]

[190]
File: ./images/3230466e-7c61-46c7-acf5-69c5c4a9bc64-156.jpg Graphic file (type 
bmp)
<./images/3230466e-7c61-46c7-acf5-69c5c4a9bc64-156.jpg>
File: ./images/3230466e-7c61-46c7-acf5-69c5c4a9bc64-157.jpg Graphic file (type 
bmp)
<./images/3230466e-7c61-46c7-acf5-69c5c4a9bc64-157.jpg>


[191]
File: ./images/3230466e-7c61-46c7-acf5-69c5c4a9bc64-157(1).jpg Graphic file (ty
pe bmp)
<./images/3230466e-7c61-46c7-acf5-69c5c4a9bc64-157(1).jpg>

/Users/aliasgar/Desktop/Ali Asgar/Stony Brook/Advanced Project/local/files/cybe
rsec/penultimate/cybersec_final.tex:4936: Misplaced alignment tab character &.
<argument> ...cf5-69c5c4a9bc64-157.jpg?height=256&
                                                  width=801&top_left_y=1774&...
l.4936 ...idth=801&top_left_y=1774&top_left_x=365}
                                                  
I can't figure out why you would want to use a tab mark
here. If you just want an ampersand, the remedy is
simple: Just type `I\&' now. But if some right brace
up above has ended a previous alignment prematurely,
you're probably due for more error messages, and you
might try typing `S' now just to see what is salvageable.

/Users/aliasgar/Desktop/Ali Asgar/Stony Brook/Advanced Project/local/files/cybe
rsec/penultimate/cybersec_final.tex:4936: Misplaced alignment tab character &.
<argument> ...a9bc64-157.jpg?height=256&width=801&
                                                  top_left_y=1774&top_left_x...
l.4936 ...idth=801&top_left_y=1774&top_left_x=365}
                                                  
I can't figure out why you would want to use a tab mark
here. If you just want an ampersand, the remedy is
simple: Just type `I\&' now. But if some right brace
up above has ended a previous alignment prematurely,
you're probably due for more error messages, and you
might try typing `S' now just to see what is salvageable.

/Users/aliasgar/Desktop/Ali Asgar/Stony Brook/Advanced Project/local/files/cybe
rsec/penultimate/cybersec_final.tex:4936: Missing $ inserted.
<inserted text> 
                $
l.4936 ...idth=801&top_left_y=1774&top_left_x=365}
                                                  
I've inserted a begin-math/end-math symbol since I think
you left one out. Proceed, with fingers crossed.

/Users/aliasgar/Desktop/Ali Asgar/Stony Brook/Advanced Project/local/files/cybe
rsec/penultimate/cybersec_final.tex:4936: Misplaced alignment tab character &.
<argument> ...eight=256&width=801&top_left_y=1774&
                                                  top_left_x=365
l.4936 ...idth=801&top_left_y=1774&top_left_x=365}
                                                  
I can't figure out why you would want to use a tab mark
here. If you just want an ampersand, the remedy is
simple: Just type `I\&' now. But if some right brace
up above has ended a previous alignment prematurely,
you're probably due for more error messages, and you
might try typing `S' now just to see what is salvageable.

/Users/aliasgar/Desktop/Ali Asgar/Stony Brook/Advanced Project/local/files/cybe
rsec/penultimate/cybersec_final.tex:4936: Extra }, or forgotten $.
<recently read> \egroup 
                        
l.4936 ...idth=801&top_left_y=1774&top_left_x=365}
                                                  
I've deleted a group-closing symbol because it seems to be
spurious, as in `$x}$'. But perhaps the } is legitimate and
you forgot something else, as in `\hbox{$x}'. In such cases
the way to recover is to insert both the forgotten and the
deleted material, e.g., by typing `I$}'.

/Users/aliasgar/Desktop/Ali Asgar/Stony Brook/Advanced Project/local/files/cybe
rsec/penultimate/cybersec_final.tex:4938: Missing $ inserted.
<inserted text> 
                $
l.4938 ...cation through a shared \textit{switch}}
                                                  
I've inserted a begin-math/end-math symbol since I think
you left one out. Proceed, with fingers crossed.

/Users/aliasgar/Desktop/Ali Asgar/Stony Brook/Advanced Project/local/files/cybe
rsec/penultimate/cybersec_final.tex:4938: Missing } inserted.
<inserted text> 
                }
l.4938 ...cation through a shared \textit{switch}}
                                                  
I've inserted something that you may have forgotten.
(See the <inserted text> above.)
With luck, this will get me unwedged. But if you
really didn't forget anything, try typing `2' now; then
my insertion and my current dilemma will both disappear.


Overfull \hbox (207.41985pt too wide) in paragraph at lines 4936--4938
 \T1/lmtt/m/n/10 https://cdn.mathpix.com/cropped/3230466e-7c61-46c7-acf5-69c5c4
a9bc64-157.jpg?height=256width=801top$[]\OML/cmm/m/it/10 eft[] \OT1/cmr/m/n/10 
= 
 []



[192]
Overfull \hbox (10.95906pt too wide) in paragraph at lines 4961--4962
[]\T1/lmr/m/it/10 Among the tech-no-lo-gies which co-ver re-la-ti-vely small ar
eas (WPAN and WLAN),
 []

File: ./images/cybersec_page_0160_1.png Graphic file (type bmp)
<./images/cybersec_page_0160_1.png>
File: ./images/cybersec_page_0160_0.png Graphic file (type bmp)
<./images/cybersec_page_0160_0.png>

Overfull \hbox (177.5696pt too wide) in paragraph at lines 4979--5000
 [] 
 []



[193]

[194]
File: ./images/cybersec_page_0161_0.png Graphic file (type bmp)
<./images/cybersec_page_0161_0.png>
File: ./images/3230466e-7c61-46c7-acf5-69c5c4a9bc64-160(1).jpg Graphic file (ty
pe bmp)
<./images/3230466e-7c61-46c7-acf5-69c5c4a9bc64-160(1).jpg>
File: ./images/3230466e-7c61-46c7-acf5-69c5c4a9bc64-160.jpg Graphic file (type 
bmp)
<./images/3230466e-7c61-46c7-acf5-69c5c4a9bc64-160.jpg>


[195]

[196]
File: ./images/cybersec_page_0162_0.png Graphic file (type bmp)
<./images/cybersec_page_0162_0.png>


[197]
File: ./images/3230466e-7c61-46c7-acf5-69c5c4a9bc64-161.jpg Graphic file (type 
bmp)
<./images/3230466e-7c61-46c7-acf5-69c5c4a9bc64-161.jpg>


[198]
File: ./images/3230466e-7c61-46c7-acf5-69c5c4a9bc64-162.jpg Graphic file (type 
bmp)
<./images/3230466e-7c61-46c7-acf5-69c5c4a9bc64-162.jpg>


[199]
Overfull \hbox (2.65602pt too wide) in paragraph at lines 5136--5138
\T1/lmr/m/it/10 citecomer2014computernetworks, and Ku-rose and Ross's "Com-pu-t
er Networking-
 []



[200]
Underfull \hbox (badness 10000) in paragraph at lines 5141--5148

 []



[201]
File: ./images/cybersec_page_0168_1.png Graphic file (type bmp)
<./images/cybersec_page_0168_1.png>
File: ./images/cybersec_page_0168_0.png Graphic file (type bmp)
<./images/cybersec_page_0168_0.png>


[202]

[203]

[204

]
Chapitre 5.
File: ./images/3230466e-7c61-46c7-acf5-69c5c4a9bc64-168.jpg Graphic file (type 
bmp)
<./images/3230466e-7c61-46c7-acf5-69c5c4a9bc64-168.jpg>


[205]
Overfull \hbox (279.74818pt too wide) in paragraph at lines 5234--5234
[]\T1/lmtt/m/n/10 To: Bent Fuppesen <fuppesen@design.fake.com>\index{HTTP!autho
risation}\index{HTTP!character set}\index{HTTP!media type}[] 
 []


Overfull \hbox (23.61053pt too wide) in paragraph at lines 5251--5252
\T1/lmr/m/it/10 that the com-mand is ac-cep-ted, and sup-plies the ser-ver's na
me ([][]de-sign.fake.com[][])
 []



[206]
File: ./images/cybersec_page_0170_0.png Graphic file (type bmp)
<./images/cybersec_page_0170_0.png>


[207]
File: ./images/3230466e-7c61-46c7-acf5-69c5c4a9bc64-170.jpg Graphic file (type 
bmp)
<./images/3230466e-7c61-46c7-acf5-69c5c4a9bc64-170.jpg>


[208]
File: ./images/cybersec_page_0172_0.png Graphic file (type bmp)
<./images/cybersec_page_0172_0.png>

Underfull \vbox (badness 2073) has occurred while \output is active []



[209]
File: ./images/cybersec_page_0173_0.png Graphic file (type bmp)
<./images/cybersec_page_0173_0.png>


[210]
Underfull \hbox (badness 10000) in paragraph at lines 5337--5340

 []



[211]
Overfull \hbox (1193.24553pt too wide) in paragraph at lines 5354--5354
[]\T1/lmtt/m/n/10 Content-type: text/plain; charset=ISO-8859-1\index{man-in-the
-middle!redirection}\index{encryption!in Internet layer}\index{encryption!in Tr
ansport layer}\index{half open session}\index{Internet layer!encryption}\index{
redirection attack}\index{session theft}\index{Transport layer!encryption} 
 []

File: ./images/cybersec_page_0175_0.png Graphic file (type bmp)
<./images/cybersec_page_0175_0.png>

Overfull \hbox (210.08453pt too wide) in paragraph at lines 5396--5417
 [] 
 []



[212]

[213]
Overfull \hbox (10.3072pt too wide) in paragraph at lines 5422--5423
[]\T1/lmr/m/it/10 The en-co-ding quoted-printable is sui-ted to en-co-ding or-d
i-nary text which contains
 []

Missing character: There is no … ("2026) in font ec-lmri10!


[214]
File: ./images/cybersec_page_0176_0.png Graphic file (type bmp)
<./images/cybersec_page_0176_0.png>
File: ./images/cybersec_page_0177_0.png Graphic file (type bmp)
<./images/cybersec_page_0177_0.png>


[215]

[216]
File: ./images/3230466e-7c61-46c7-acf5-69c5c4a9bc64-176.jpg Graphic file (type 
bmp)
<./images/3230466e-7c61-46c7-acf5-69c5c4a9bc64-176.jpg>
File: ./images/cybersec_page_0178_0.png Graphic file (type bmp)
<./images/cybersec_page_0178_0.png>

Overfull \hbox (85.49875pt too wide) in paragraph at lines 5521--5521
[]\T1/lmtt/m/n/10 <!DOCTYPE HTML PUBLIC "-//W3C//DTD HTML 4.01//EN"\index{MIME!
type}\index{PGP!type}[] 
 []



[217]
Overfull \hbox (43.49887pt too wide) in paragraph at lines 5533--5533
[]        \T1/lmtt/m/n/10 <A href="https://danopskrifter.dk/frikadeller.html">R
ecipe</A></P>[] 
 []


Overfull \hbox (27.74892pt too wide) in paragraph at lines 5535--5535
[]        \T1/lmtt/m/n/10 <A href="https://moneygrab.eu/takeitandrun.html">Reci
pe</A></P>[] 
 []


Overfull \hbox (53.99884pt too wide) in paragraph at lines 5536--5536
[]    \T1/lmtt/m/n/10 <LI><P> Fl&aelig;skesteg med sv&aelig;r (eng: Roast pork 
with crackling)[] 
 []


Overfull \hbox (48.74886pt too wide) in paragraph at lines 5537--5537
[]        \T1/lmtt/m/n/10 <A href="https://danopskrifter.dk/flaeskesteg.html">R
ecipe</A> </P>[] 
 []


Overfull \hbox (1.499pt too wide) in paragraph at lines 5538--5538
[]    \T1/lmtt/m/n/10 <LI><P> Sm&oslash;rrebr&oslash;d (eng: Danish open sandwi
ches)[] 
 []


Overfull \hbox (48.74886pt too wide) in paragraph at lines 5539--5539
[]        \T1/lmtt/m/n/10 <A href="https://danopskrifter.dk/smoerbroed.html">Re
cipes</A> </P>[] 
 []



[218]
File: ./images/3230466e-7c61-46c7-acf5-69c5c4a9bc64-178.jpg Graphic file (type 
bmp)
<./images/3230466e-7c61-46c7-acf5-69c5c4a9bc64-178.jpg>
File: ./images/cybersec_page_0179_0.png Graphic file (type bmp)
<./images/cybersec_page_0179_0.png>

Overfull \hbox (1452.91702pt too wide) in paragraph at lines 5575--5582
 [] 
 []



[219]
Missing character: There is no Đ ("110) in font ec-lmri10!
Missing character: There is no ⇒ ("21D2) in font ec-lmr10!


[220]

[221]
/Users/aliasgar/Desktop/Ali Asgar/Stony Brook/Advanced Project/local/files/cybe
rsec/penultimate/cybersec_final.tex:5682: Misplaced \noalign.
\hline ->\noalign 
                  {\ifnum 0=`}\fi \hrule \@height \arrayrulewidth \futurelet...
l.5682 \hline
             
I expect to see \noalign only after the \cr of
an alignment. Proceed, and I'll ignore this case.

/Users/aliasgar/Desktop/Ali Asgar/Stony Brook/Advanced Project/local/files/cybe
rsec/penultimate/cybersec_final.tex:5682: You can't use `\hrule' here except wi
th leaders.
\hline ->\noalign {\ifnum 0=`}\fi \hrule 
                                         \@height \arrayrulewidth \futurelet...
l.5682 \hline
             
To put a horizontal rule in an hbox or an alignment,
you should use \leaders or \hrulefill (see The TeXbook).

/Users/aliasgar/Desktop/Ali Asgar/Stony Brook/Advanced Project/local/files/cybe
rsec/penultimate/cybersec_final.tex:5682: Missing number, treated as zero.
<to be read again> 
                   \futurelet 
l.5682 \hline
             
A number should have been here; I inserted `0'.
(If you can't figure out why I needed to see a number,
look up `weird error' in the index to The TeXbook.)

/Users/aliasgar/Desktop/Ali Asgar/Stony Brook/Advanced Project/local/files/cybe
rsec/penultimate/cybersec_final.tex:5682: Illegal unit of measure (pt inserted)
.
<to be read again> 
                   \futurelet 
l.5682 \hline
             
Dimensions can be in units of em, ex, in, pt, pc,
cm, mm, dd, cc, bp, or sp; but yours is a new one!
I'll assume that you meant to say pt, for printer's points.
To recover gracefully from this error, it's best to
delete the erroneous units; e.g., type `2' to delete
two letters. (See Chapter 27 of The TeXbook.)


/Users/aliasgar/Desktop/Ali Asgar/Stony Brook/Advanced Project/local/files/cybe
rsec/penultimate/cybersec_final.tex:5694: LaTeX Error: Not in outer par mode.

See the LaTeX manual or LaTeX Companion for explanation.
Type  H <return>  for immediate help.
 ...                                              
                                                  
l.5694 \begin{figure}[htbp]
                           
You've lost some text.  Try typing  <return>  to proceed.
If that doesn't work, type  X <return>  to quit.

File: ./images/cybersec_page_0182_0.png Graphic file (type bmp)
<./images/cybersec_page_0182_0.png>
/Users/aliasgar/Desktop/Ali Asgar/Stony Brook/Advanced Project/local/files/cybe
rsec/penultimate/cybersec_final.tex:5699: Misplaced \noalign.
\hline ->\noalign 
                  {\ifnum 0=`}\fi \hrule \@height \arrayrulewidth \futurelet...
l.5699 \hline
             
I expect to see \noalign only after the \cr of
an alignment. Proceed, and I'll ignore this case.

/Users/aliasgar/Desktop/Ali Asgar/Stony Brook/Advanced Project/local/files/cybe
rsec/penultimate/cybersec_final.tex:5699: You can't use `\hrule' here except wi
th leaders.
\hline ->\noalign {\ifnum 0=`}\fi \hrule 
                                         \@height \arrayrulewidth \futurelet...
l.5699 \hline
             
To put a horizontal rule in an hbox or an alignment,
you should use \leaders or \hrulefill (see The TeXbook).

/Users/aliasgar/Desktop/Ali Asgar/Stony Brook/Advanced Project/local/files/cybe
rsec/penultimate/cybersec_final.tex:5699: Missing number, treated as zero.
<to be read again> 
                   \futurelet 
l.5699 \hline
             
A number should have been here; I inserted `0'.
(If you can't figure out why I needed to see a number,
look up `weird error' in the index to The TeXbook.)

/Users/aliasgar/Desktop/Ali Asgar/Stony Brook/Advanced Project/local/files/cybe
rsec/penultimate/cybersec_final.tex:5699: Illegal unit of measure (pt inserted)
.
<to be read again> 
                   \futurelet 
l.5699 \hline
             
Dimensions can be in units of em, ex, in, pt, pc,
cm, mm, dd, cc, bp, or sp; but yours is a new one!
I'll assume that you meant to say pt, for printer's points.
To recover gracefully from this error, it's best to
delete the erroneous units; e.g., type `2' to delete
two letters. (See Chapter 27 of The TeXbook.)


Overfull \hbox (240.7473pt too wide) in paragraph at lines 5675--5701
 [] 
 []


Overfull \hbox (33.57199pt too wide) in paragraph at lines 5714--5715
\T1/lmr/m/it/10 spe-ci-fies that the content of the re-source with URI [][]http
 ://www.w3.org/pub/www/xy.html[][]
 []



[222]

[223]

[224]
Overfull \hbox (45.76683pt too wide) in paragraph at lines 5824--5825
\T1/lmr/m/it/10 The user ma-nual can be found on Wi-re-shark's home page [][]ht
tps ://www.wireshark.org/docs/[][]
 []


Overfull \hbox (10.90695pt too wide) in paragraph at lines 5824--5825
\T1/lmr/m/it/10 wsug_html_chunked/ and there is a very use-ful wiki at [][]http
s ://wiki.wireshark.org/[][]
 []



[225]
File: ./images/cybersec_page_0186_1.png Graphic file (type bmp)
<./images/cybersec_page_0186_1.png>
File: ./images/cybersec_page_0186_0.png Graphic file (type bmp)
<./images/cybersec_page_0186_0.png>


[226]

[227]

[228]
Chapitre 6.

Overfull \hbox (4.7059pt too wide) in paragraph at lines 5855--5855
[]\T1/lmr/bx/n/14.4 Protection Ba-sed on Cryp-to-gra-phic Me-thods 
 []

File: ./images/3230466e-7c61-46c7-acf5-69c5c4a9bc64-186.jpg Graphic file (type 
bmp)
<./images/3230466e-7c61-46c7-acf5-69c5c4a9bc64-186.jpg>


[229

]

[230]
File: ./images/3230466e-7c61-46c7-acf5-69c5c4a9bc64-186(1).jpg Graphic file (ty
pe bmp)
<./images/3230466e-7c61-46c7-acf5-69c5c4a9bc64-186(1).jpg>
File: ./images/cybersec_page_0188_1.png Graphic file (type bmp)
<./images/cybersec_page_0188_1.png>
File: ./images/cybersec_page_0188_0.png Graphic file (type bmp)
<./images/cybersec_page_0188_0.png>
File: ./images/3230466e-7c61-46c7-acf5-69c5c4a9bc64-187.jpg Graphic file (type 
bmp)
<./images/3230466e-7c61-46c7-acf5-69c5c4a9bc64-187.jpg>
File: ./images/cybersec_page_0189_0.png Graphic file (type bmp)
<./images/cybersec_page_0189_0.png>
File: ./images/3230466e-7c61-46c7-acf5-69c5c4a9bc64-188(1).jpg Graphic file (ty
pe bmp)
<./images/3230466e-7c61-46c7-acf5-69c5c4a9bc64-188(1).jpg>


[231]

[232]

[233]

[234]

[235]

[236]

[237]
File: ./images/3230466e-7c61-46c7-acf5-69c5c4a9bc64-188.jpg Graphic file (type 
bmp)
<./images/3230466e-7c61-46c7-acf5-69c5c4a9bc64-188.jpg>
File: ./images/cybersec_page_0190_0.png Graphic file (type bmp)
<./images/cybersec_page_0190_0.png>
File: ./images/3230466e-7c61-46c7-acf5-69c5c4a9bc64-189.jpg Graphic file (type 
bmp)
<./images/3230466e-7c61-46c7-acf5-69c5c4a9bc64-189.jpg>


[238]

[239]

[240]

[241]
File: ./images/cybersec_page_0191_1.png Graphic file (type bmp)
<./images/cybersec_page_0191_1.png>
File: ./images/cybersec_page_0191_0.png Graphic file (type bmp)
<./images/cybersec_page_0191_0.png>
File: ./images/3230466e-7c61-46c7-acf5-69c5c4a9bc64-190.jpg Graphic file (type 
bmp)
<./images/3230466e-7c61-46c7-acf5-69c5c4a9bc64-190.jpg>

Overfull \hbox (221.13882pt too wide) in paragraph at lines 6027--6040
 [] 
 []



[242]

[243]

[244]
File: ./images/cybersec_page_0193_0.png Graphic file (type bmp)
<./images/cybersec_page_0193_0.png>

Overfull \hbox (206.63951pt too wide) in paragraph at lines 6113--6130
 [] 
 []



[245]

[246]
File: ./images/cybersec_page_0194_1.png Graphic file (type bmp)
<./images/cybersec_page_0194_1.png>
File: ./images/cybersec_page_0194_0.png Graphic file (type bmp)
<./images/cybersec_page_0194_0.png>
File: ./images/3230466e-7c61-46c7-acf5-69c5c4a9bc64-193.jpg Graphic file (type 
bmp)
<./images/3230466e-7c61-46c7-acf5-69c5c4a9bc64-193.jpg>


[247]
File: ./images/cybersec_page_0195_0.png Graphic file (type bmp)
<./images/cybersec_page_0195_0.png>
File: ./images/3230466e-7c61-46c7-acf5-69c5c4a9bc64-194.jpg Graphic file (type 
bmp)
<./images/3230466e-7c61-46c7-acf5-69c5c4a9bc64-194.jpg>
File: ./images/3230466e-7c61-46c7-acf5-69c5c4a9bc64-194(1).jpg Graphic file (ty
pe bmp)
<./images/3230466e-7c61-46c7-acf5-69c5c4a9bc64-194(1).jpg>


[248]

[249]
Underfull \hbox (badness 10000) in paragraph at lines 6221--6223

 []

File: ./images/3230466e-7c61-46c7-acf5-69c5c4a9bc64-195.jpg Graphic file (type 
bmp)
<./images/3230466e-7c61-46c7-acf5-69c5c4a9bc64-195.jpg>

Underfull \hbox (badness 10000) in paragraph at lines 6239--6241

 []

File: ./images/cybersec_page_0197_0.png Graphic file (type bmp)
<./images/cybersec_page_0197_0.png>


[250]

[251]

[252]
File: ./images/3230466e-7c61-46c7-acf5-69c5c4a9bc64-197.jpg Graphic file (type 
bmp)
<./images/3230466e-7c61-46c7-acf5-69c5c4a9bc64-197.jpg>


[253]
Overfull \hbox (80.97665pt too wide) in paragraph at lines 6342--6343
\T1/lmr/m/it/10 must im-ple-ment in TLS v1.2 is des-cri-bed by the string : TLS
_RSA_WITH_AES_128_CBC_SHA
 []



[254]
File: ./images/cybersec_page_0200_0.png Graphic file (type bmp)
<./images/cybersec_page_0200_0.png>


[255]

[256]
Overfull \hbox (416.24779pt too wide) in paragraph at lines 6426--6426
[]    \T1/lmtt/m/n/10 Client and server negotiate a TLS session.\index{Change P
ermissions!CRC}\index{nonce}\index{SSID}\index{WEP}\index{WiFi!SSID}\index{WiFi
!WEP}[] 
 []

Missing character: There is no ⋯ ("22EF) in font ec-lmtt10!


[257]

[258]
Missing character: There is no — ("2014) in font ec-lmri10!
Missing character: There is no — ("2014) in font ec-lmri10!
File: ./images/cybersec_page_0204_0.png Graphic file (type bmp)
<./images/cybersec_page_0204_0.png>


[259]
File: ./images/cybersec_page_0205_1.png Graphic file (type bmp)
<./images/cybersec_page_0205_1.png>
File: ./images/cybersec_page_0205_0.png Graphic file (type bmp)
<./images/cybersec_page_0205_0.png>
File: ./images/3230466e-7c61-46c7-acf5-69c5c4a9bc64-204.jpg Graphic file (type 
bmp)
<./images/3230466e-7c61-46c7-acf5-69c5c4a9bc64-204.jpg>


[260]

[261]
File: ./images/cybersec_page_0206_0.png Graphic file (type bmp)
<./images/cybersec_page_0206_0.png>
File: ./images/3230466e-7c61-46c7-acf5-69c5c4a9bc64-205(1).jpg Graphic file (ty
pe bmp)
<./images/3230466e-7c61-46c7-acf5-69c5c4a9bc64-205(1).jpg>
File: ./images/3230466e-7c61-46c7-acf5-69c5c4a9bc64-205.jpg Graphic file (type 
bmp)
<./images/3230466e-7c61-46c7-acf5-69c5c4a9bc64-205.jpg>

Underfull \vbox (badness 10000) has occurred while \output is active []



[262]

[263]
File: ./images/3230466e-7c61-46c7-acf5-69c5c4a9bc64-206.jpg Graphic file (type 
bmp)
<./images/3230466e-7c61-46c7-acf5-69c5c4a9bc64-206.jpg>
File: ./images/cybersec_page_0208_0.png Graphic file (type bmp)
<./images/cybersec_page_0208_0.png>
File: ./images/3230466e-7c61-46c7-acf5-69c5c4a9bc64-207.jpg Graphic file (type 
bmp)
<./images/3230466e-7c61-46c7-acf5-69c5c4a9bc64-207.jpg>


[264]

[265]
File: ./images/3230466e-7c61-46c7-acf5-69c5c4a9bc64-207(1).jpg Graphic file (ty
pe bmp)
<./images/3230466e-7c61-46c7-acf5-69c5c4a9bc64-207(1).jpg>


[266]
File: ./images/3230466e-7c61-46c7-acf5-69c5c4a9bc64-208.jpg Graphic file (type 
bmp)
<./images/3230466e-7c61-46c7-acf5-69c5c4a9bc64-208.jpg>


[267]
Underfull \vbox (badness 1642) has occurred while \output is active []



[268]
File: ./images/cybersec_page_0211_0.png Graphic file (type bmp)
<./images/cybersec_page_0211_0.png>


[269]
File: ./images/3230466e-7c61-46c7-acf5-69c5c4a9bc64-211.jpg Graphic file (type 
bmp)
<./images/3230466e-7c61-46c7-acf5-69c5c4a9bc64-211.jpg>


[270]

[271]
Overfull \hbox (1.71065pt too wide) in paragraph at lines 6704--6705
[]\T1/lmr/m/it/10 Superfluous alarms are known as false po-si-tives, while mis-
sing ge-nuine alarms
 []


Underfull \hbox (badness 10000) in paragraph at lines 6706--6708

 []



[272]
Underfull \hbox (badness 10000) in paragraph at lines 6721--6723

 []

Missing character: There is no — ("2014) in font ec-lmri10!


[273]

[274]
File: ./images/cybersec_page_0216_0.png Graphic file (type bmp)
<./images/cybersec_page_0216_0.png>


[275]
File: ./images/3230466e-7c61-46c7-acf5-69c5c4a9bc64-216.jpg Graphic file (type 
bmp)
<./images/3230466e-7c61-46c7-acf5-69c5c4a9bc64-216.jpg>

Underfull \vbox (badness 7397) has occurred while \output is active []



[276]
Underfull \hbox (badness 10000) in paragraph at lines 6822--6825

 []



[277]
Underfull \hbox (badness 10000) in paragraph at lines 6834--6838

 []

File: ./images/cybersec_page_0219_0.png Graphic file (type bmp)
<./images/cybersec_page_0219_0.png>


[278]

[279]
File: ./images/3230466e-7c61-46c7-acf5-69c5c4a9bc64-219.jpg Graphic file (type 
bmp)
<./images/3230466e-7c61-46c7-acf5-69c5c4a9bc64-219.jpg>


[280]

[281]
File: ./images/cybersec_page_0221_0.png Graphic file (type bmp)
<./images/cybersec_page_0221_0.png>


[282]

[283]
File: ./images/3230466e-7c61-46c7-acf5-69c5c4a9bc64-221.jpg Graphic file (type 
bmp)
<./images/3230466e-7c61-46c7-acf5-69c5c4a9bc64-221.jpg>
File: ./images/cybersec_page_0223_0.png Graphic file (type bmp)
<./images/cybersec_page_0223_0.png>


[284]

[285]
File: ./images/3230466e-7c61-46c7-acf5-69c5c4a9bc64-223.jpg Graphic file (type 
bmp)
<./images/3230466e-7c61-46c7-acf5-69c5c4a9bc64-223.jpg>


[286]
Underfull \hbox (badness 10000) in paragraph at lines 6968--6970

 []


Overfull \hbox (1.03311pt too wide) in paragraph at lines 6979--6981
[]\T1/lmr/bx/it/10 Unstructured Sup-ple-men-tary Ser-vice Data (USSD) codes : \
T1/lmr/m/it/10 These
 []



[287]
File: ./images/cybersec_page_0226_0.png Graphic file (type bmp)
<./images/cybersec_page_0226_0.png>


[288]

[289]
Overfull \hbox (1.499pt too wide) in paragraph at lines 7038--7038
[]\T1/lmtt/m/n/10 quis. Phasellus luctus pellentesque enim, non dictum nisl ult
rices[] 
 []


Overfull \hbox (1.499pt too wide) in paragraph at lines 7040--7040
[]\T1/lmtt/m/n/10 massa. Vestibulum ex dolor, lobortis eu finibus nec, lobortis
 quis[] 
 []


Underfull \hbox (badness 10000) in paragraph at lines 7047--7049

 []

File: ./images/cybersec_page_0228_0.png Graphic file (type bmp)
<./images/cybersec_page_0228_0.png>


[290]

[291]
File: ./images/cybersec_page_0229_0.png Graphic file (type bmp)
<./images/cybersec_page_0229_0.png>
File: ./images/3230466e-7c61-46c7-acf5-69c5c4a9bc64-228.jpg Graphic file (type 
bmp)
<./images/3230466e-7c61-46c7-acf5-69c5c4a9bc64-228.jpg>


[292]

[293]
Underfull \hbox (badness 10000) in paragraph at lines 7094--7096

 []

File: ./images/cybersec_page_0230_0.png Graphic file (type bmp)
<./images/cybersec_page_0230_0.png>


[294]
File: ./images/3230466e-7c61-46c7-acf5-69c5c4a9bc64-229.jpg Graphic file (type 
bmp)
<./images/3230466e-7c61-46c7-acf5-69c5c4a9bc64-229.jpg>

Underfull \hbox (badness 10000) in paragraph at lines 7122--7124

 []



[295]
File: ./images/3230466e-7c61-46c7-acf5-69c5c4a9bc64-230.jpg Graphic file (type 
bmp)
<./images/3230466e-7c61-46c7-acf5-69c5c4a9bc64-230.jpg>


[296]

[297]
Underfull \vbox (badness 10000) has occurred while \output is active []



[298]
Underfull \vbox (badness 2435) has occurred while \output is active []



[299]
Underfull \hbox (badness 10000) in paragraph at lines 7187--7189

 []



[300]
Overfull \hbox (594.99878pt too wide) in paragraph at lines 7221--7238
 [] 
 []



[301]

[302]
Overfull \hbox (439.05495pt too wide) in paragraph at lines 7299--7322
 [] 
 []



[303]
Overfull \hbox (1.499pt too wide) in paragraph at lines 7332--7332
[]\T1/lmtt/m/n/10 Received-SPF: pass (design.fake.com: domain of bonesen@molest
er.dk[] 
 []


Overfull \hbox (38.24889pt too wide) in paragraph at lines 7337--7337
[]    \T1/lmtt/m/n/10 $\mathrm{q}=\mathrm{dns} / \mathrm{txt}$; t=1629937862; x
=1629941462;[] 
 []


Underfull \hbox (badness 10000) in paragraph at lines 7346--7348

 []


Overfull \hbox (4.44234pt too wide) in paragraph at lines 7357--7358
[]\T1/lmr/m/it/10 (Note that _do-main-key is an obli-ga-tory com-ponent of the 
name.) The contents
 []



[304]
Overfull \hbox (2.33287pt too wide) in paragraph at lines 7371--7372
[]\T1/lmr/m/it/10 Simple Net-work Ma-na-ge-ment Pro-to-col (SNMP) is a simple, 
light-weight client-
 []



[305]
File: ./images/cybersec_page_0241_0.png Graphic file (type bmp)
<./images/cybersec_page_0241_0.png>


[306]
Underfull \hbox (badness 10000) in paragraph at lines 7428--7430

 []

File: ./images/cybersec_page_0242_0.png Graphic file (type bmp)
<./images/cybersec_page_0242_0.png>


[307]
File: ./images/3230466e-7c61-46c7-acf5-69c5c4a9bc64-241.jpg Graphic file (type 
bmp)
<./images/3230466e-7c61-46c7-acf5-69c5c4a9bc64-241.jpg>
File: ./images/cybersec_page_0243_0.png Graphic file (type bmp)
<./images/cybersec_page_0243_0.png>


[308]

[309]
File: ./images/3230466e-7c61-46c7-acf5-69c5c4a9bc64-242.jpg Graphic file (type 
bmp)
<./images/3230466e-7c61-46c7-acf5-69c5c4a9bc64-242.jpg>


[310]
File: ./images/3230466e-7c61-46c7-acf5-69c5c4a9bc64-243.jpg Graphic file (type 
bmp)
<./images/3230466e-7c61-46c7-acf5-69c5c4a9bc64-243.jpg>


[311]
Underfull \hbox (badness 10000) in paragraph at lines 7550--7553

 []



[312]
Underfull \hbox (badness 10000) in paragraph at lines 7574--7577

 []



[313]
File: ./images/cybersec_page_0248_0.png Graphic file (type bmp)
<./images/cybersec_page_0248_0.png>


[314]

[315]

[316]
Chapitre 7.
File: ./images/3230466e-7c61-46c7-acf5-69c5c4a9bc64-248.jpg Graphic file (type 
bmp)
<./images/3230466e-7c61-46c7-acf5-69c5c4a9bc64-248.jpg>


[317

]

[318]
File: ./images/cybersec_page_0251_1.png Graphic file (type bmp)
<./images/cybersec_page_0251_1.png>
File: ./images/cybersec_page_0251_0.png Graphic file (type bmp)
<./images/cybersec_page_0251_0.png>


[319]

[320]
File: ./images/cybersec_page_0252_1.png Graphic file (type bmp)
<./images/cybersec_page_0252_1.png>
File: ./images/cybersec_page_0252_0.png Graphic file (type bmp)
<./images/cybersec_page_0252_0.png>
File: ./images/3230466e-7c61-46c7-acf5-69c5c4a9bc64-251.jpg Graphic file (type 
bmp)
<./images/3230466e-7c61-46c7-acf5-69c5c4a9bc64-251.jpg>
File: ./images/3230466e-7c61-46c7-acf5-69c5c4a9bc64-251(1).jpg Graphic file (ty
pe bmp)
<./images/3230466e-7c61-46c7-acf5-69c5c4a9bc64-251(1).jpg>

Underfull \hbox (badness 10000) in paragraph at lines 7729--7731

 []

File: ./images/cybersec_page_0253_0.png Graphic file (type bmp)
<./images/cybersec_page_0253_0.png>

Overfull \hbox (2.22603pt too wide) in paragraph at lines 7737--7738
[]\T1/lmr/m/it/10 being the user in per-son. Sys-tems which use in-for-ma-tion 
from a 3-dimensional
 []



[321]

[322]

[323]

[324]
File: ./images/3230466e-7c61-46c7-acf5-69c5c4a9bc64-252.jpg Graphic file (type 
bmp)
<./images/3230466e-7c61-46c7-acf5-69c5c4a9bc64-252.jpg>
File: ./images/3230466e-7c61-46c7-acf5-69c5c4a9bc64-252(1).jpg Graphic file (ty
pe bmp)
<./images/3230466e-7c61-46c7-acf5-69c5c4a9bc64-252(1).jpg>


[325]

[326]

[327]
File: ./images/3230466e-7c61-46c7-acf5-69c5c4a9bc64-253.jpg Graphic file (type 
bmp)
<./images/3230466e-7c61-46c7-acf5-69c5c4a9bc64-253.jpg>
File: ./images/cybersec_page_0255_0.png Graphic file (type bmp)
<./images/cybersec_page_0255_0.png>


[328]
Overfull \hbox (25.56943pt too wide) in paragraph at lines 7808--7839
 [] 
 []



[329]
File: ./images/3230466e-7c61-46c7-acf5-69c5c4a9bc64-255.jpg Graphic file (type 
bmp)
<./images/3230466e-7c61-46c7-acf5-69c5c4a9bc64-255.jpg>


[330]

[331]
File: ./images/cybersec_page_0258_0.png Graphic file (type bmp)
<./images/cybersec_page_0258_0.png>

Underfull \hbox (badness 10000) in paragraph at lines 7915--7917

 []



[332]
File: ./images/cybersec_page_0259_0.png Graphic file (type bmp)
<./images/cybersec_page_0259_0.png>
File: ./images/3230466e-7c61-46c7-acf5-69c5c4a9bc64-258.jpg Graphic file (type 
bmp)
<./images/3230466e-7c61-46c7-acf5-69c5c4a9bc64-258.jpg>


[333]

[334]
Missing character: There is no — ("2014) in font ec-lmri10!
Missing character: There is no — ("2014) in font ec-lmri10!
File: ./images/3230466e-7c61-46c7-acf5-69c5c4a9bc64-259.jpg Graphic file (type 
bmp)
<./images/3230466e-7c61-46c7-acf5-69c5c4a9bc64-259.jpg>


[335]
Underfull \hbox (badness 10000) in paragraph at lines 7969--7971

 []



[336]
File: ./images/cybersec_page_0261_0.png Graphic file (type bmp)
<./images/cybersec_page_0261_0.png>


[337]
File: ./images/3230466e-7c61-46c7-acf5-69c5c4a9bc64-261.jpg Graphic file (type 
bmp)
<./images/3230466e-7c61-46c7-acf5-69c5c4a9bc64-261.jpg>


[338]

[339]

[340]

[341]
Overfull \hbox (2.11401pt too wide) in paragraph at lines 8103--8104
[]\T1/lmr/bx/it/10 Discretionary Ac-cess Control \T1/lmr/m/it/10 (com-monly ab-
bre-via-ted to $\OML/cmm/m/it/10 DAC$ \T1/lmr/m/it/10 ) where
 []



[342]
File: ./images/cybersec_page_0266_1.png Graphic file (type bmp)
<./images/cybersec_page_0266_1.png>
File: ./images/cybersec_page_0266_0.png Graphic file (type bmp)
<./images/cybersec_page_0266_0.png>

Overfull \hbox (75.25151pt too wide) in paragraph at lines 8132--8150
 [] 
 []



[343]

[344]
File: ./images/cybersec_page_0267_0.png Graphic file (type bmp)
<./images/cybersec_page_0267_0.png>
File: ./images/3230466e-7c61-46c7-acf5-69c5c4a9bc64-266.jpg Graphic file (type 
bmp)
<./images/3230466e-7c61-46c7-acf5-69c5c4a9bc64-266.jpg>
File: ./images/3230466e-7c61-46c7-acf5-69c5c4a9bc64-266(1).jpg Graphic file (ty
pe bmp)
<./images/3230466e-7c61-46c7-acf5-69c5c4a9bc64-266(1).jpg>


[345]

[346]
File: ./images/3230466e-7c61-46c7-acf5-69c5c4a9bc64-267.jpg Graphic file (type 
bmp)
<./images/3230466e-7c61-46c7-acf5-69c5c4a9bc64-267.jpg>


[347]
File: ./images/cybersec_page_0269_1.png Graphic file (type bmp)
<./images/cybersec_page_0269_1.png>
File: ./images/cybersec_page_0269_0.png Graphic file (type bmp)
<./images/cybersec_page_0269_0.png>


[348]
File: ./images/3230466e-7c61-46c7-acf5-69c5c4a9bc64-269(1).jpg Graphic file (ty
pe bmp)
<./images/3230466e-7c61-46c7-acf5-69c5c4a9bc64-269(1).jpg>


[349]

[350]
File: ./images/3230466e-7c61-46c7-acf5-69c5c4a9bc64-269.jpg Graphic file (type 
bmp)
<./images/3230466e-7c61-46c7-acf5-69c5c4a9bc64-269.jpg>

Overfull \hbox (2.55864pt too wide) in paragraph at lines 8299--8301
[][][][][][][][][][][][] [] 
 []



[351]
File: ./images/cybersec_page_0272_0.png Graphic file (type bmp)
<./images/cybersec_page_0272_0.png>


[352]
File: ./images/cybersec_page_0273_0.png Graphic file (type bmp)
<./images/cybersec_page_0273_0.png>
File: ./images/3230466e-7c61-46c7-acf5-69c5c4a9bc64-272.jpg Graphic file (type 
bmp)
<./images/3230466e-7c61-46c7-acf5-69c5c4a9bc64-272.jpg>


[353]

[354]
File: ./images/cybersec_page_0274_0.png Graphic file (type bmp)
<./images/cybersec_page_0274_0.png>
File: ./images/3230466e-7c61-46c7-acf5-69c5c4a9bc64-273.jpg Graphic file (type 
bmp)
<./images/3230466e-7c61-46c7-acf5-69c5c4a9bc64-273.jpg>


[355]
File: ./images/cybersec_page_0275_0.png Graphic file (type bmp)
<./images/cybersec_page_0275_0.png>

Underfull \vbox (badness 2717) has occurred while \output is active []



[356]

[357]
File: ./images/3230466e-7c61-46c7-acf5-69c5c4a9bc64-274.jpg Graphic file (type 
bmp)
<./images/3230466e-7c61-46c7-acf5-69c5c4a9bc64-274.jpg>
File: ./images/3230466e-7c61-46c7-acf5-69c5c4a9bc64-275.jpg Graphic file (type 
bmp)
<./images/3230466e-7c61-46c7-acf5-69c5c4a9bc64-275.jpg>


[358]

[359]
Underfull \hbox (badness 10000) in paragraph at lines 8541--8543

 []

File: ./images/cybersec_page_0277_0.png Graphic file (type bmp)
<./images/cybersec_page_0277_0.png>


[360]
File: ./images/3230466e-7c61-46c7-acf5-69c5c4a9bc64-277.jpg Graphic file (type 
bmp)
<./images/3230466e-7c61-46c7-acf5-69c5c4a9bc64-277.jpg>


[361]
Missing character: There is no ⇔ ("21D4) in font ec-lmri10!
File: ./images/cybersec_page_0279_0.png Graphic file (type bmp)
<./images/cybersec_page_0279_0.png>

Underfull \vbox (badness 10000) has occurred while \output is active []



[362]
File: ./images/3230466e-7c61-46c7-acf5-69c5c4a9bc64-279.jpg Graphic file (type 
bmp)
<./images/3230466e-7c61-46c7-acf5-69c5c4a9bc64-279.jpg>


[363]
Underfull \hbox (badness 10000) in paragraph at lines 8629--8631

 []



[364]
Underfull \hbox (badness 10000) in paragraph at lines 8642--8644

 []



[365]

[366]

[367]
File: ./images/cybersec_page_0284_0.png Graphic file (type bmp)
<./images/cybersec_page_0284_0.png>


[368]
File: ./images/3230466e-7c61-46c7-acf5-69c5c4a9bc64-284.jpg Graphic file (type 
bmp)
<./images/3230466e-7c61-46c7-acf5-69c5c4a9bc64-284.jpg>

Underfull \vbox (badness 10000) has occurred while \output is active []



[369]
File: ./images/cybersec_page_0286_0.png Graphic file (type bmp)
<./images/cybersec_page_0286_0.png>


[370]
Underfull \hbox (badness 10000) in paragraph at lines 8759--8761

 []



[371]
File: ./images/3230466e-7c61-46c7-acf5-69c5c4a9bc64-286.jpg Graphic file (type 
bmp)
<./images/3230466e-7c61-46c7-acf5-69c5c4a9bc64-286.jpg>

Underfull \hbox (badness 10000) in paragraph at lines 8779--8781

 []



[372]

[373]
Underfull \hbox (badness 10000) in paragraph at lines 8838--8840

 []



[374]
Underfull \hbox (badness 10000) in paragraph at lines 8861--8864

 []



[375]
Underfull \hbox (badness 10000) in paragraph at lines 8883--8886

 []



[376]
Underfull \hbox (badness 10000) in paragraph at lines 8904--8907

 []

File: ./images/cybersec_page_0294_1.png Graphic file (type bmp)
<./images/cybersec_page_0294_1.png>
File: ./images/cybersec_page_0294_0.png Graphic file (type bmp)
<./images/cybersec_page_0294_0.png>

Package hyperref Warning: Token not allowed in a PDF string (Unicode):
(hyperref)                removing `\\' on input line 8933.


Underfull \vbox (badness 1087) has occurred while \output is active []



[377]

[378]
File: ./images/3230466e-7c61-46c7-acf5-69c5c4a9bc64-294.jpg Graphic file (type 
bmp)
<./images/3230466e-7c61-46c7-acf5-69c5c4a9bc64-294.jpg>
File: ./images/3230466e-7c61-46c7-acf5-69c5c4a9bc64-294(1).jpg Graphic file (ty
pe bmp)
<./images/3230466e-7c61-46c7-acf5-69c5c4a9bc64-294(1).jpg>
File: ./images/cybersec_page_0296_0.png Graphic file (type bmp)
<./images/cybersec_page_0296_0.png>


[379]

[380]

[381]

LaTeX Warning: Characters dropped after `\end{verbatim}' on input line 9026.



[382]
Underfull \hbox (badness 10000) in paragraph at lines 9069--9071

 []

Missing character: There is no € ("20AC) in font cmr10!
Missing character: There is no € ("20AC) in font cmr10!
Missing character: There is no € ("20AC) in font cmr10!
Missing character: There is no € ("20AC) in font ec-lmri10!


[383]
Underfull \hbox (badness 10000) in paragraph at lines 9112--9114

 []



[384]

[385]
Overfull \hbox (34.2724pt too wide) in paragraph at lines 9144--9145
\T1/lmr/m/it/10 citewheeler2001flawfinder, avai-lable at URI [][]http ://www.dw
heeler.com/flawfinder[][] 
 []



[386]
File: ./images/cybersec_page_0302_0.png Graphic file (type bmp)
<./images/cybersec_page_0302_0.png>

Missing character: There is no — ("2014) in font ec-lmri10!
Missing character: There is no — ("2014) in font ec-lmri10!


[387]
File: ./images/cybersec_page_0303_0.png Graphic file (type bmp)
<./images/cybersec_page_0303_0.png>
File: ./images/3230466e-7c61-46c7-acf5-69c5c4a9bc64-302.jpg Graphic file (type 
bmp)
<./images/3230466e-7c61-46c7-acf5-69c5c4a9bc64-302.jpg>

Underfull \vbox (badness 1205) has occurred while \output is active []



[388]

[389]
File: ./images/3230466e-7c61-46c7-acf5-69c5c4a9bc64-303.jpg Graphic file (type 
bmp)
<./images/3230466e-7c61-46c7-acf5-69c5c4a9bc64-303.jpg>


[390]
File: ./images/cybersec_page_0305_1.png Graphic file (type bmp)
<./images/cybersec_page_0305_1.png>
File: ./images/cybersec_page_0305_0.png Graphic file (type bmp)
<./images/cybersec_page_0305_0.png>


[391]
File: ./images/cybersec_page_0306_0.png Graphic file (type bmp)
<./images/cybersec_page_0306_0.png>
File: ./images/3230466e-7c61-46c7-acf5-69c5c4a9bc64-305.jpg Graphic file (type 
bmp)
<./images/3230466e-7c61-46c7-acf5-69c5c4a9bc64-305.jpg>


[392]
Overfull \hbox (39.4682pt too wide) in paragraph at lines 9289--9290
[]\T1/lmr/m/it/10 GET /de-fault.ida ?NNNNNNNNNNNNNNNNNNNNNNNNNNNNNNNNNN
 []


Overfull \hbox (91.54132pt too wide) in paragraph at lines 9289--9290
\T1/lmr/m/it/10 NNNNNNNNNNNNNNNNNNNNNNNNNNNNNNNNNNNNNNNNNNNNNNNNNNNN
 []


Overfull \hbox (91.54132pt too wide) in paragraph at lines 9289--9290
\T1/lmr/m/it/10 NNNNNNNNNNNNNNNNNNNNNNNNNNNNNNNNNNNNNNNNNNNNNNNNNNNN
 []


Overfull \hbox (98.97481pt too wide) in paragraph at lines 9289--9290
\T1/lmr/m/it/10 NNNNNNNNNNNNNNNNNNNNNNNNNNNNNNNNNNNNNNNNNNNNNNNNNNNNN
 []


Overfull \hbox (246.26254pt too wide) in paragraph at lines 9289--9290
\T1/lmr/m/it/10 %u9090%u6858%ucbd3%u7801%u9090%u6858%ucbd3%u7801 %u9090%u6858%u
cbd3%u7801%u9090%u9090%u8190%u00c3
 []



[393]
File: ./images/3230466e-7c61-46c7-acf5-69c5c4a9bc64-306.jpg Graphic file (type 
bmp)
<./images/3230466e-7c61-46c7-acf5-69c5c4a9bc64-306.jpg>


[394]

[395]

[396]

[397]
Underfull \hbox (badness 10000) in paragraph at lines 9445--9451

 []

File: ./images/cybersec_page_0312_0.png Graphic file (type bmp)
<./images/cybersec_page_0312_0.png>


[398]
File: ./images/3230466e-7c61-46c7-acf5-69c5c4a9bc64-312.jpg Graphic file (type 
bmp)
<./images/3230466e-7c61-46c7-acf5-69c5c4a9bc64-312.jpg>


[399]

/Users/aliasgar/Desktop/Ali Asgar/Stony Brook/Advanced Project/local/files/cybe
rsec/penultimate/cybersec_final.tex:9527: LaTeX Error: Not in outer par mode.

See the LaTeX manual or LaTeX Companion for explanation.
Type  H <return>  for immediate help.
 ...                                              
                                                  
l.9527 \end{tabular}}
                      \\
You've lost some text.  Try typing  <return>  to proceed.
If that doesn't work, type  X <return>  to quit.

File: ./images/cybersec_page_0314_0.png Graphic file (type bmp)
<./images/cybersec_page_0314_0.png>

Overfull \hbox (29.83388pt too wide) in paragraph at lines 9491--9530
 [] 
 []


Overfull \hbox (634.83047pt too wide) in paragraph at lines 9537--9595
 [] 
 []

File: ./images/3230466e-7c61-46c7-acf5-69c5c4a9bc64-314.jpg Graphic file (type 
bmp)
<./images/3230466e-7c61-46c7-acf5-69c5c4a9bc64-314.jpg>


[400]

[401]

[402]
/Users/aliasgar/Desktop/Ali Asgar/Stony Brook/Advanced Project/local/files/cybe
rsec/penultimate/cybersec_final.tex:9623: Misplaced \noalign.
\hline ->\noalign 
                  {\ifnum 0=`}\fi \hrule \@height \arrayrulewidth \futurelet...
l.9623 \hline
             
I expect to see \noalign only after the \cr of
an alignment. Proceed, and I'll ignore this case.

/Users/aliasgar/Desktop/Ali Asgar/Stony Brook/Advanced Project/local/files/cybe
rsec/penultimate/cybersec_final.tex:9623: You can't use `\hrule' here except wi
th leaders.
\hline ->\noalign {\ifnum 0=`}\fi \hrule 
                                         \@height \arrayrulewidth \futurelet...
l.9623 \hline
             
To put a horizontal rule in an hbox or an alignment,
you should use \leaders or \hrulefill (see The TeXbook).

/Users/aliasgar/Desktop/Ali Asgar/Stony Brook/Advanced Project/local/files/cybe
rsec/penultimate/cybersec_final.tex:9623: Missing number, treated as zero.
<to be read again> 
                   \futurelet 
l.9623 \hline
             
A number should have been here; I inserted `0'.
(If you can't figure out why I needed to see a number,
look up `weird error' in the index to The TeXbook.)

/Users/aliasgar/Desktop/Ali Asgar/Stony Brook/Advanced Project/local/files/cybe
rsec/penultimate/cybersec_final.tex:9623: Illegal unit of measure (pt inserted)
.
<to be read again> 
                   \futurelet 
l.9623 \hline
             
Dimensions can be in units of em, ex, in, pt, pc,
cm, mm, dd, cc, bp, or sp; but yours is a new one!
I'll assume that you meant to say pt, for printer's points.
To recover gracefully from this error, it's best to
delete the erroneous units; e.g., type `2' to delete
two letters. (See Chapter 27 of The TeXbook.)


Overfull \hbox (171.73524pt too wide) in paragraph at lines 9618--9639
 [] 
 []


Underfull \hbox (badness 10000) in paragraph at lines 9641--9643

 []



[403]

[404]

[405]
File: ./images/cybersec_page_0319_0.png Graphic file (type bmp)
<./images/cybersec_page_0319_0.png>

Overfull \hbox (10.25002pt too wide) in paragraph at lines 9780--9810
 [] 
 []



[406]
/Users/aliasgar/Desktop/Ali Asgar/Stony Brook/Advanced Project/local/files/cybe
rsec/penultimate/cybersec_final.tex:9869: Misplaced \noalign.
\hline ->\noalign 
                  {\ifnum 0=`}\fi \hrule \@height \arrayrulewidth \futurelet...
l.9869 \hline
             
I expect to see \noalign only after the \cr of
an alignment. Proceed, and I'll ignore this case.

/Users/aliasgar/Desktop/Ali Asgar/Stony Brook/Advanced Project/local/files/cybe
rsec/penultimate/cybersec_final.tex:9869: You can't use `\hrule' here except wi
th leaders.
\hline ->\noalign {\ifnum 0=`}\fi \hrule 
                                         \@height \arrayrulewidth \futurelet...
l.9869 \hline
             
To put a horizontal rule in an hbox or an alignment,
you should use \leaders or \hrulefill (see The TeXbook).

/Users/aliasgar/Desktop/Ali Asgar/Stony Brook/Advanced Project/local/files/cybe
rsec/penultimate/cybersec_final.tex:9869: Missing number, treated as zero.
<to be read again> 
                   \futurelet 
l.9869 \hline
             
A number should have been here; I inserted `0'.
(If you can't figure out why I needed to see a number,
look up `weird error' in the index to The TeXbook.)

/Users/aliasgar/Desktop/Ali Asgar/Stony Brook/Advanced Project/local/files/cybe
rsec/penultimate/cybersec_final.tex:9869: Illegal unit of measure (pt inserted)
.
<to be read again> 
                   \futurelet 
l.9869 \hline
             
Dimensions can be in units of em, ex, in, pt, pc,
cm, mm, dd, cc, bp, or sp; but yours is a new one!
I'll assume that you meant to say pt, for printer's points.
To recover gracefully from this error, it's best to
delete the erroneous units; e.g., type `2' to delete
two letters. (See Chapter 27 of The TeXbook.)


Overfull \hbox (199.97246pt too wide) in paragraph at lines 9840--9877
 [] 
 []

File: ./images/3230466e-7c61-46c7-acf5-69c5c4a9bc64-319.jpg Graphic file (type 
bmp)
<./images/3230466e-7c61-46c7-acf5-69c5c4a9bc64-319.jpg>

Underfull \hbox (badness 10000) in paragraph at lines 9888--9891

 []



[407]

[408]
File: ./images/cybersec_page_0322_0.png Graphic file (type bmp)
<./images/cybersec_page_0322_0.png>


[409]
File: ./images/3230466e-7c61-46c7-acf5-69c5c4a9bc64-322.jpg Graphic file (type 
bmp)
<./images/3230466e-7c61-46c7-acf5-69c5c4a9bc64-322.jpg>


[410]
Overfull \hbox (1070.09712pt too wide) in paragraph at lines 9998--10011
 [] 
 []

File: ./images/cybersec_page_0324_0.png Graphic file (type bmp)
<./images/cybersec_page_0324_0.png>

Overfull \hbox (177.40645pt too wide) in paragraph at lines 10028--10079
 [] 
 []



[411]

[412]
File: ./images/cybersec_page_0325_0.png Graphic file (type bmp)
<./images/cybersec_page_0325_0.png>


[413]
Underfull \hbox (badness 10000) in paragraph at lines 10129--10131

 []

File: ./images/cybersec_page_0326_0.png Graphic file (type bmp)
<./images/cybersec_page_0326_0.png>


[414]

[415]
File: ./images/cybersec_page_0327_0.png Graphic file (type bmp)
<./images/cybersec_page_0327_0.png>
File: ./images/3230466e-7c61-46c7-acf5-69c5c4a9bc64-326.jpg Graphic file (type 
bmp)
<./images/3230466e-7c61-46c7-acf5-69c5c4a9bc64-326.jpg>

Overfull \hbox (153.74855pt too wide) in paragraph at lines 10199--10199
[]\T1/lmtt/m/n/10 <INPUT type="checkbox" name="colour" value="White">White<BR>\
index{ISO-latin-1 printable!27001} 
 []



[416]

[417]

[418]
Overfull \hbox (0.8387pt too wide) in paragraph at lines 10215--10216
[]\T1/lmr/m/it/10 When the user clicks on the sub-mit but-ton in the web-form, 
the form's contents
 []

File: ./images/3230466e-7c61-46c7-acf5-69c5c4a9bc64-327.jpg Graphic file (type 
bmp)
<./images/3230466e-7c61-46c7-acf5-69c5c4a9bc64-327.jpg>


[419]

[420]
Overfull \hbox (10.81262pt too wide) in paragraph at lines 10271--10272
[]\T1/lmr/bx/it/10 Class Loa-ders \T1/lmr/m/it/10 : fetch class files and check
 that they are mu-tually consistent
 []



[421]

[422]

[423]
Overfull \hbox (5.1998pt too wide) in paragraph at lines 10377--10378
[]\T1/lmr/m/it/10 There are a num-ber of tech-no-lo-gies used for this pur-pose
 ; well-known examples
 []


Underfull \vbox (badness 10000) has occurred while \output is active []



[424]
Underfull \hbox (badness 10000) in paragraph at lines 10394--10396

 []



[425]

[426]

[427]

[428]

Package hyperref Warning: Token not allowed in a PDF string (Unicode):
(hyperref)                removing `\\' on input line 10503.




Overfull \hbox (10.34583pt too wide) has occurred while \output is active
\T1/lmr/m/sl/10 7.16.  CHAPTER 11 INCIDENT HANDLING AND SYSTEM AVAILABILITY \T1
/lmr/m/n/10 429
 []

[429]

[430]

[431]
Underfull \hbox (badness 10000) in paragraph at lines 10595--10597

 []



[432]

[433]
Missing character: There is no ™ ("2122) in font ec-lmri10!
Missing character: There is no ™ ("2122) in font ec-lmri10!
Missing character: There is no ™ ("2122) in font ec-lmri7!
Missing character: There is no ™ ("2122) in font ec-lmri7!


[434]
File: ./images/cybersec_page_0344_0.png Graphic file (type bmp)
<./images/cybersec_page_0344_0.png>


[435]
File: ./images/cybersec_page_0345_0.png Graphic file (type bmp)
<./images/cybersec_page_0345_0.png>


[436]
File: ./images/3230466e-7c61-46c7-acf5-69c5c4a9bc64-344.jpg Graphic file (type 
bmp)
<./images/3230466e-7c61-46c7-acf5-69c5c4a9bc64-344.jpg>

Underfull \hbox (badness 10000) in paragraph at lines 10682--10684

 []



[437]
File: ./images/3230466e-7c61-46c7-acf5-69c5c4a9bc64-345.jpg Graphic file (type 
bmp)
<./images/3230466e-7c61-46c7-acf5-69c5c4a9bc64-345.jpg>

Underfull \vbox (badness 2334) has occurred while \output is active []



[438]
File: ./images/cybersec_page_0348_0.png Graphic file (type bmp)
<./images/cybersec_page_0348_0.png>


[439]

[440]
File: ./images/3230466e-7c61-46c7-acf5-69c5c4a9bc64-348.jpg Graphic file (type 
bmp)
<./images/3230466e-7c61-46c7-acf5-69c5c4a9bc64-348.jpg>
File: ./images/cybersec_page_0350_0.png Graphic file (type bmp)
<./images/cybersec_page_0350_0.png>


[441]

[442]
File: ./images/cybersec_page_0351_0.png Graphic file (type bmp)
<./images/cybersec_page_0351_0.png>


[443]
File: ./images/3230466e-7c61-46c7-acf5-69c5c4a9bc64-350.jpg Graphic file (type 
bmp)
<./images/3230466e-7c61-46c7-acf5-69c5c4a9bc64-350.jpg>


[444]
Underfull \hbox (badness 10000) in paragraph at lines 10853--10855

 []



[445]
File: ./images/3230466e-7c61-46c7-acf5-69c5c4a9bc64-351.jpg Graphic file (type 
bmp)
<./images/3230466e-7c61-46c7-acf5-69c5c4a9bc64-351.jpg>


[446]
Underfull \hbox (badness 10000) in paragraph at lines 10910--10912

 []



[447]
Overfull \hbox (1.58891pt too wide) in paragraph at lines 10936--10937
[]\T1/lmr/m/it/10 Can you achieve the BCP's tar-get for the maxi-mum de-gree of
 loss (RPO) ? 
 []

File: ./images/cybersec_page_0355_0.png Graphic file (type bmp)
<./images/cybersec_page_0355_0.png>


[448]
File: ./images/3230466e-7c61-46c7-acf5-69c5c4a9bc64-355.jpg Graphic file (type 
bmp)
<./images/3230466e-7c61-46c7-acf5-69c5c4a9bc64-355.jpg>


[449]
Underfull \vbox (badness 3417) has occurred while \output is active []



[450]
Overfull \hbox (23.88177pt too wide) in paragraph at lines 11017--11019
\T1/lmr/m/it/10 (DRJ) in col-la-bo-ra-tion. It can be found at URI [][]https :/
/www.thebci.org/resource/bci---
 []


Underfull \hbox (badness 10000) in paragraph at lines 11024--11029

 []



[451]
Underfull \hbox (badness 10000) in paragraph at lines 11058--11061

 []

File: ./images/cybersec_page_0360_0.png Graphic file (type bmp)
<./images/cybersec_page_0360_0.png>


[452]

[453]
File: ./images/3230466e-7c61-46c7-acf5-69c5c4a9bc64-360.jpg Graphic file (type 
bmp)
<./images/3230466e-7c61-46c7-acf5-69c5c4a9bc64-360.jpg>

Underfull \hbox (badness 10000) in paragraph at lines 11106--11108

 []



[454]

[455]
Underfull \hbox (badness 10000) in paragraph at lines 11132--11134

 []



[456]
Underfull \hbox (badness 10000) in paragraph at lines 11148--11153

 []



[457]

[458]
Underfull \hbox (badness 10000) in paragraph at lines 11186--11188

 []



[459]

[460]

[461]

[462]

[463]

[464]
File: ./images/cybersec_page_0372_0.png Graphic file (type bmp)
<./images/cybersec_page_0372_0.png>


[465]
File: ./images/3230466e-7c61-46c7-acf5-69c5c4a9bc64-372.jpg Graphic file (type 
bmp)
<./images/3230466e-7c61-46c7-acf5-69c5c4a9bc64-372.jpg>


[466]

[467]
Underfull \hbox (badness 10000) in paragraph at lines 11395--11397

 []

Missing character: There is no € ("20AC) in font cmr10!


[468]
Missing character: There is no € ("20AC) in font cmr10!


[469]
File: ./images/cybersec_page_0377_0.png Graphic file (type bmp)
<./images/cybersec_page_0377_0.png>


[470]

[471]
Underfull \hbox (badness 10000) in paragraph at lines 11485--11487

 []



[472]

[473]
Overfull \hbox (0.89145pt too wide) in paragraph at lines 11511--11512
\T1/lmr/m/it/10 citekosinski2013private, ba-sed on in-for-ma-tion from 58000 vo
-lun-tary re-spon-dents,
 []


Underfull \hbox (badness 10000) in paragraph at lines 11513--11515

 []



[474]
/Users/aliasgar/Desktop/Ali Asgar/Stony Brook/Advanced Project/local/files/cybe
rsec/penultimate/cybersec_final.tex:11526: Missing $ inserted.
<inserted text> 
                $
l.11526 ...vices such as Tor \\cite{thetorproject_
                                                  overview_undated} are exam...
I've inserted a begin-math/end-math symbol since I think
you left one out. Proceed, with fingers crossed.

/Users/aliasgar/Desktop/Ali Asgar/Stony Brook/Advanced Project/local/files/cybe
rsec/penultimate/cybersec_final.tex:11526: Extra }, or forgotten $.
l.11526 ... \\cite{thetorproject_overview_undated}
                                                   are examples of this type...
I've deleted a group-closing symbol because it seems to be
spurious, as in `$x}$'. But perhaps the } is legitimate and
you forgot something else, as in `\hbox{$x}'. In such cases
the way to recover is to insert both the forgotten and the
deleted material, e.g., by typing `I$}'.


/Users/aliasgar/Desktop/Ali Asgar/Stony Brook/Advanced Project/local/files/cybe
rsec/penultimate/cybersec_final.tex:11527: LaTeX Error: Command \item invalid i
n math mode.

See the LaTeX manual or LaTeX Companion for explanation.
Type  H <return>  for immediate help.
 ...                                              
                                                  
l.11527   \item
                \textbf{Sharing of spoofed online accounts}, where for examp...

Try typing  <return>  to proceed.
If that doesn't work, type  X <return>  to quit.

/Users/aliasgar/Desktop/Ali Asgar/Stony Brook/Advanced Project/local/files/cybe
rsec/penultimate/cybersec_final.tex:11527: Missing $ inserted.
<inserted text> 
                $
l.11527   \item \textbf
                       {Sharing of spoofed online accounts}, where for examp...
I've inserted a begin-math/end-math symbol since I think
you left one out. Proceed, with fingers crossed.


Overfull \hbox (40.26872pt too wide) in paragraph at lines 11526--11527
\T1/lmr/m/it/10 citethetorproject$[]\OML/cmm/m/it/10 verview[]ndatedareexamples
ofthistypeofapproachtothematter:
 []


Underfull \hbox (badness 10000) in paragraph at lines 11526--11527

 []

/Users/aliasgar/Desktop/Ali Asgar/Stony Brook/Advanced Project/local/files/cybe
rsec/penultimate/cybersec_final.tex:11530: Missing } inserted.
<inserted text> 
                }
l.11530 \end{itemize}
                     
I've inserted something that you may have forgotten.
(See the <inserted text> above.)
With luck, this will get me unwedged. But if you
really didn't forget anything, try typing `2' now; then
my insertion and my current dilemma will both disappear.



[475]

[476]
Underfull \hbox (badness 10000) in paragraph at lines 11597--11600

 []



[477]

[478]

[479]
File: ./images/3230466e-7c61-46c7-acf5-69c5c4a9bc64-387.jpg Graphic file (type 
bmp)
<./images/3230466e-7c61-46c7-acf5-69c5c4a9bc64-387.jpg>


[480]
File: ./images/3230466e-7c61-46c7-acf5-69c5c4a9bc64-387(1).jpg Graphic file (ty
pe bmp)
<./images/3230466e-7c61-46c7-acf5-69c5c4a9bc64-387(1).jpg>


[481]

[482]

[483]
Underfull \hbox (badness 10000) in paragraph at lines 11737--11739

 []



[484]
File: ./images/cybersec_page_0392_0.png Graphic file (type bmp)
<./images/cybersec_page_0392_0.png>


[485]

[486]
File: ./images/3230466e-7c61-46c7-acf5-69c5c4a9bc64-392.jpg Graphic file (type 
bmp)
<./images/3230466e-7c61-46c7-acf5-69c5c4a9bc64-392.jpg>
File: ./images/cybersec_page_0394_1.png Graphic file (type bmp)
<./images/cybersec_page_0394_1.png>
File: ./images/cybersec_page_0394_0.png Graphic file (type bmp)
<./images/cybersec_page_0394_0.png>


[487]

[488]

[489]
File: ./images/3230466e-7c61-46c7-acf5-69c5c4a9bc64-394(1).jpg Graphic file (ty
pe bmp)
<./images/3230466e-7c61-46c7-acf5-69c5c4a9bc64-394(1).jpg>

Overfull \hbox (0.2536pt too wide) in paragraph at lines 11806--11807
\T1/lmr/m/it/10 forms (if nee-ded) some cal-cu-la-tion with these data with the
 help of the arithmetic-
 []



[490]
File: ./images/3230466e-7c61-46c7-acf5-69c5c4a9bc64-394.jpg Graphic file (type 
bmp)
<./images/3230466e-7c61-46c7-acf5-69c5c4a9bc64-394.jpg>

/Users/aliasgar/Desktop/Ali Asgar/Stony Brook/Advanced Project/local/files/cybe
rsec/penultimate/cybersec_final.tex:11827: Misplaced \noalign.
\hline ->\noalign 
                  {\ifnum 0=`}\fi \hrule \@height \arrayrulewidth \futurelet...
l.11827 \hline
              
I expect to see \noalign only after the \cr of
an alignment. Proceed, and I'll ignore this case.

/Users/aliasgar/Desktop/Ali Asgar/Stony Brook/Advanced Project/local/files/cybe
rsec/penultimate/cybersec_final.tex:11827: You can't use `\hrule' here except w
ith leaders.
\hline ->\noalign {\ifnum 0=`}\fi \hrule 
                                         \@height \arrayrulewidth \futurelet...
l.11827 \hline
              
To put a horizontal rule in an hbox or an alignment,
you should use \leaders or \hrulefill (see The TeXbook).

/Users/aliasgar/Desktop/Ali Asgar/Stony Brook/Advanced Project/local/files/cybe
rsec/penultimate/cybersec_final.tex:11827: Missing number, treated as zero.
<to be read again> 
                   \futurelet 
l.11827 \hline
              
A number should have been here; I inserted `0'.
(If you can't figure out why I needed to see a number,
look up `weird error' in the index to The TeXbook.)

/Users/aliasgar/Desktop/Ali Asgar/Stony Brook/Advanced Project/local/files/cybe
rsec/penultimate/cybersec_final.tex:11827: Illegal unit of measure (pt inserted
).
<to be read again> 
                   \futurelet 
l.11827 \hline
              
Dimensions can be in units of em, ex, in, pt, pc,
cm, mm, dd, cc, bp, or sp; but yours is a new one!
I'll assume that you meant to say pt, for printer's points.
To recover gracefully from this error, it's best to
delete the erroneous units; e.g., type `2' to delete
two letters. (See Chapter 27 of The TeXbook.)


Overfull \hbox (160.70848pt too wide) in paragraph at lines 11822--11851
 [] 
 []



[491]
Overfull \hbox (13.33313pt too wide) in paragraph at lines 11875--11880
 [] 
 []



[492]
File: ./images/3230466e-7c61-46c7-acf5-69c5c4a9bc64-396(1).jpg Graphic file (ty
pe bmp)
<./images/3230466e-7c61-46c7-acf5-69c5c4a9bc64-396(1).jpg>
File: ./images/3230466e-7c61-46c7-acf5-69c5c4a9bc64-396.jpg Graphic file (type 
bmp)
<./images/3230466e-7c61-46c7-acf5-69c5c4a9bc64-396.jpg>
File: ./images/cybersec_page_0398_1.png Graphic file (type bmp)
<./images/cybersec_page_0398_1.png>
File: ./images/cybersec_page_0398_0.png Graphic file (type bmp)
<./images/cybersec_page_0398_0.png>


[493]

[494]

[495]
File: ./images/3230466e-7c61-46c7-acf5-69c5c4a9bc64-398(1).jpg Graphic file (ty
pe bmp)
<./images/3230466e-7c61-46c7-acf5-69c5c4a9bc64-398(1).jpg>


[496]
File: ./images/3230466e-7c61-46c7-acf5-69c5c4a9bc64-398.jpg Graphic file (type 
bmp)
<./images/3230466e-7c61-46c7-acf5-69c5c4a9bc64-398.jpg>


[497]
Underfull \hbox (badness 10000) in paragraph at lines 11970--11972

 []

File: ./images/cybersec_page_0401_0.png Graphic file (type bmp)
<./images/cybersec_page_0401_0.png>


[498]

[499]
File: ./images/3230466e-7c61-46c7-acf5-69c5c4a9bc64-401.jpg Graphic file (type 
bmp)
<./images/3230466e-7c61-46c7-acf5-69c5c4a9bc64-401.jpg>


[500]

[501]
File: ./images/3230466e-7c61-46c7-acf5-69c5c4a9bc64-403.jpg Graphic file (type 
bmp)
<./images/3230466e-7c61-46c7-acf5-69c5c4a9bc64-403.jpg>


[502]

[503]

[504]
File: ./images/cybersec_page_0406_0.png Graphic file (type bmp)
<./images/cybersec_page_0406_0.png>


[505]

[506]

[507]

[508]
Overfull \hbox (3.11977pt too wide) in paragraph at lines 12210--12211
[]\T1/lmr/bx/it/10 Software : \T1/lmr/m/it/10 Ope-ra-ting sys-tem, soft-ware fo
r text pro-ces-sing, dra-wing, image
 []



[509]

[510

]
Chapitre 8.

Underfull \hbox (badness 1062) in paragraph at lines 12235--12235
\T1/lmr/m/n/8 R. Sharp, \T1/lmr/m/it/8 In-tro-duc-tion to Cy-ber-se-cu-rity\T1/
lmr/m/n/8 , Un-der-gra-duate To-pics in Com-pu-ter Science,
 []

File: ./images/cybersec_page_0410_0.png Graphic file (type bmp)
<./images/cybersec_page_0410_0.png>


[511]

[512]
/Users/aliasgar/Desktop/Ali Asgar/Stony Brook/Advanced Project/local/files/cybe
rsec/penultimate/cybersec_final.tex:12267: Illegal unit of measure (pt inserted
).
<to be read again> 
                   c
l.12267 ...cludegraphics}[max width=\textwidth, ce
                                                  nter]{3230466e-7c61-46c7-a...
Dimensions can be in units of em, ex, in, pt, pc,
cm, mm, dd, cc, bp, or sp; but yours is a new one!
I'll assume that you meant to say pt, for printer's points.
To recover gracefully from this error, it's best to
delete the erroneous units; e.g., type `2' to delete
two letters. (See Chapter 27 of The TeXbook.)


Underfull \hbox (badness 10000) in paragraph at lines 12266--12268

 []


Overfull \hbox (1.86285pt too wide) in paragraph at lines 12266--12268
\T1/lmr/m/it/10 textitincludegraphics[max width=center]3230466e-7c61-46c7-acf5-
69c5c4a9bc64-
 []


Overfull \hbox (38.24889pt too wide) in paragraph at lines 12270--12270
[]\T1/lmtt/m/n/10 \{ 1 , 2 , 3 , 5 \} \subset \{ 1 , 2 , 3 , 4 , 6 \} ~ i s ~ f
 a l s e ~ = 
 []


Overfull \hbox (11.99896pt too wide) in paragraph at lines 12271--12271
[]    \T1/lmtt/m/n/10 \{ 1 , 2 , 3 \} \subseteq \{ 1 , 2 , 3 \} \quad \text { i
s true}[] 
 []

File: ./images/3230466e-7c61-46c7-acf5-69c5c4a9bc64-409.jpg Graphic file (type 
bmp)
<./images/3230466e-7c61-46c7-acf5-69c5c4a9bc64-409.jpg>
File: ./images/3230466e-7c61-46c7-acf5-69c5c4a9bc64-410.jpg Graphic file (type 
bmp)
<./images/3230466e-7c61-46c7-acf5-69c5c4a9bc64-410.jpg>



Overfull \hbox (15.0pt too wide) has occurred while \output is active
 \T1/lmr/m/n/10 513
 []

[513]


Overfull \hbox (225.975pt too wide) has occurred while \output is active
\T1/lmr/m/n/10 514 \T1/lmr/m/sl/10 CHAPITRE 8.  APPENDIX B MATHEMATICS
 []

[514]
Underfull \hbox (badness 10000) in paragraph at lines 12354--12356

 []




Overfull \hbox (15.0pt too wide) has occurred while \output is active
 \T1/lmr/m/n/10 515
 []

[515]


Overfull \hbox (225.975pt too wide) has occurred while \output is active
\T1/lmr/m/n/10 516 \T1/lmr/m/sl/10 CHAPITRE 8.  APPENDIX B MATHEMATICS
 []

[516]


Overfull \hbox (15.0pt too wide) has occurred while \output is active
 \T1/lmr/m/n/10 517
 []

[517]


Overfull \hbox (225.975pt too wide) has occurred while \output is active
\T1/lmr/m/n/10 518 \T1/lmr/m/sl/10 CHAPITRE 8.  APPENDIX B MATHEMATICS
 []

[518]
Underfull \hbox (badness 10000) in paragraph at lines 12517--12520

 []




Overfull \hbox (15.0pt too wide) has occurred while \output is active
 \T1/lmr/m/n/10 519
 []

[519]
Overfull \hbox (8.6255pt too wide) in paragraph at lines 12621--12622
[]\T1/lmr/m/it/10 then we can rea-son as fol-lows : All num-bers which are cong
ruent to $\OML/cmm/m/it/10 a[] []$
 []




Overfull \hbox (225.975pt too wide) has occurred while \output is active
\T1/lmr/m/n/10 520 \T1/lmr/m/sl/10 CHAPITRE 8.  APPENDIX B MATHEMATICS
 []

[520]


Overfull \hbox (15.0pt too wide) has occurred while \output is active
 \T1/lmr/m/n/10 521
 []

[521]


Overfull \hbox (225.975pt too wide) has occurred while \output is active
\T1/lmr/m/n/10 522 \T1/lmr/m/sl/10 CHAPITRE 8.  APPENDIX B MATHEMATICS
 []

[522]
Overfull \hbox (11.91725pt too wide) in paragraph at lines 12764--12765
[]\T1/lmr/m/it/10 The first condi-tion is that $\OML/cmm/m/it/10 p[]$ \T1/lmr/m
/it/10 and $\OML/cmm/m/it/10 p[]$ \T1/lmr/m/it/10 have no com-mon fac-tors, so 
$[] [] \OT1/cmr/m/n/10 =
 []




Overfull \hbox (15.0pt too wide) has occurred while \output is active
 \T1/lmr/m/n/10 523
 []

[523]


Overfull \hbox (225.975pt too wide) has occurred while \output is active
\T1/lmr/m/n/10 524 \T1/lmr/m/sl/10 CHAPITRE 8.  APPENDIX B MATHEMATICS
 []

[524]
Chapitre 9.

Overfull \hbox (1174.1741pt too wide) in paragraph at lines 12830--12857
 [] 
 []


Overfull \hbox (1225.02371pt too wide) in paragraph at lines 12860--12901
 [] 
 []


Underfull \vbox (badness 10000) has occurred while \output is active []




Overfull \hbox (15.0pt too wide) has occurred while \output is active
 \T1/lmr/m/n/10 525 
 []

[525

]
Overfull \hbox (1376.9877pt too wide) in paragraph at lines 12904--12943
 [] 
 []


Overfull \hbox (993.47311pt too wide) in paragraph at lines 12946--12989
 [] 
 []


Underfull \vbox (badness 10000) has occurred while \output is active []




Overfull \hbox (208.33662pt too wide) has occurred while \output is active
\T1/lmr/m/n/10 526 \T1/lmr/m/sl/10 CHAPITRE 9.  APPENDIX C ACRONYMS
 []

[526]
Overfull \hbox (1140.75887pt too wide) in paragraph at lines 12992--13035
 [] 
 []


Overfull \hbox (1057.43736pt too wide) in paragraph at lines 13038--13081
 [] 
 []


Underfull \vbox (badness 10000) has occurred while \output is active []




Overfull \hbox (15.0pt too wide) has occurred while \output is active
 \T1/lmr/m/n/10 527
 []

[527]
Overfull \hbox (1415.4733pt too wide) in paragraph at lines 13084--13130
 [] 
 []


Overfull \hbox (1107.32475pt too wide) in paragraph at lines 13133--13174
 [] 
 []


Underfull \vbox (badness 10000) has occurred while \output is active []




Overfull \hbox (208.33662pt too wide) has occurred while \output is active
\T1/lmr/m/n/10 528 \T1/lmr/m/sl/10 CHAPITRE 9.  APPENDIX C ACRONYMS
 []

[528]
Overfull \hbox (1342.24117pt too wide) in paragraph at lines 13177--13220
 [] 
 []




Overfull \hbox (15.0pt too wide) has occurred while \output is active
 \T1/lmr/m/n/10 529
 []

[529]


Overfull \hbox (208.33662pt too wide) has occurred while \output is active
\T1/lmr/m/n/10 530 \T1/lmr/m/sl/10 CHAPITRE 9.  APPENDIX C ACRONYMS
 []

[530]
Chapitre 10.

Overfull \hbox (189.47112pt too wide) in paragraph at lines 13247--13248
\T1/lmr/m/it/10 Mel-lon Uni-ver-sity (2003). Web pu-bli-ca-tion : [][]https ://
re-sources.sei.cmu.edu/asset_files/UsersGuide/2003_012_001_[][]
 []


Overfull \hbox (36.9347pt too wide) in paragraph at lines 13252--13253
\T1/lmr/m/it/10 pu-bli-ca-tion : [][]https ://ec.europa.eu/newsroom/just/docume
nt[][]. cfm ?doc_id=47711
 []




Overfull \hbox (15.0pt too wide) has occurred while \output is active
 \T1/lmr/m/n/10 531 
 []

[531

]
Overfull \hbox (53.8965pt too wide) in paragraph at lines 13256--13257
\T1/lmr/m/it/10 rep., US NAV-SEA (2009). Web pu-bli-ca-tion : [][]https ://sama
te.nist.gov/docs/NAVSEA-
 []


Overfull \hbox (12.94008pt too wide) in paragraph at lines 13257--13259
\T1/lmr/m/it/10 lication : [][]https ://re-sources.sei.cmu.edu/asset_files/Tech
nicalReport/2007_[][]
 []


Overfull \hbox (112.48369pt too wide) in paragraph at lines 13262--13263
\T1/lmr/m/it/10 CCMB-2012-09-001 (2012). Web pu-bli-ca-tion : [][]https ://www.
commoncriteriaportal.org/files/ccfiles/[][]
 []




Overfull \hbox (157.22746pt too wide) has occurred while \output is active
\T1/lmr/m/n/10 532 \T1/lmr/m/sl/10 CHAPITRE 10.  REFERENCES
 []

[532]
Overfull \hbox (46.51819pt too wide) in paragraph at lines 13273--13274
\T1/lmr/m/it/10 third coun-tries. Web pu-bli-ca-tion : [][]https ://commission.
europa.eu/system/files/2021-
 []


Overfull \hbox (150.56282pt too wide) in paragraph at lines 13274--13275
\T1/lmr/m/it/10 Com-mis-sion, Brus-sels (2020). Web pu-bli-ca-tion : [][]https 
://edpb.europa.eu/sites/default/files/files/file1/edpb_[][]
 []


Overfull \hbox (70.41846pt too wide) in paragraph at lines 13279--13280
\T1/lmr/m/it/10 Cor-po-ra-tion, 1.4 edn. (2011). Web pu-bli-ca-tion : [][]https
 ://docs.broadcom.com/doc/security-
 []




Overfull \hbox (15.0pt too wide) has occurred while \output is active
 \T1/lmr/m/n/10 533
 []

[533]
Overfull \hbox (5.64746pt too wide) in paragraph at lines 13289--13290
\T1/lmr/m/it/10 tion : https ://www. [][]iana.org/assignments/uri-schemes/uri-s
chemes.xhtml[][]
 []


Overfull \hbox (1.57298pt too wide) in paragraph at lines 13290--13291
[]\T1/lmr/m/it/10 International Stan-dards Or-ga-ni-sa-tion : In-ter-na-tio-nal
 Stan-dard ISO11172-
 []


Overfull \hbox (1.57298pt too wide) in paragraph at lines 13291--13292
[]\T1/lmr/m/it/10 International Stan-dards Or-ga-ni-sa-tion : In-ter-na-tio-nal
 Stan-dard ISO10918-
 []


Overfull \hbox (5.63002pt too wide) in paragraph at lines 13291--13292
\T1/lmr/m/it/10 1 : In-for-ma-tion Tech-no-logy - Di-gi-tal com-pres-sion and c
o-ding of continuous-
 []


Overfull \hbox (122.19482pt too wide) in paragraph at lines 13297--13298
\T1/lmr/m/it/10 World Te-le-com-mu-ni-ca-tion Day 1999 (1999). Web pu-bli-ca-ti
on : [][]https ://www.itu.int/newsarchive/wtd/[][]
 []


Overfull \hbox (26.77379pt too wide) in paragraph at lines 13298--13299
[][]\T1/lmr/m/it/10 https ://www.riskmanagementinsight[][]. com/media/docs/FAIR
_introduction.pdf
 []




Overfull \hbox (157.22746pt too wide) has occurred while \output is active
\T1/lmr/m/n/10 534 \T1/lmr/m/sl/10 CHAPITRE 10.  REFERENCES
 []

[534]
Overfull \hbox (1.08386pt too wide) in paragraph at lines 13300--13301
[]\T1/lmr/m/it/10 Kahneman, D. : Thin-king, Fast and Slow. Pen-guin Books, Lon-
don (2012).
 []


Overfull \hbox (0.11621pt too wide) in paragraph at lines 13305--13306
\T1/lmr/m/it/10 proach Fea-tu-ring the In-ter-net, se-venth edn. Addison-Wesley
 (2016). ISBN
 []


Overfull \hbox (67.19116pt too wide) in paragraph at lines 13308--13309
\T1/lmr/m/it/10 ar-chive at : [][]https ://web.archive.org/web/20211008023335/h
ttps ://www.mandiant.com/[][]
 []


Overfull \hbox (2.30675pt too wide) in paragraph at lines 13313--13314
\T1/lmr/m/it/10 (2018). Web pu-bli-ca-tion : [][]https ://csrc.nist.gov/publica
tions/detail/white-
 []


Overfull \hbox (2.68532pt too wide) in paragraph at lines 13313--13314
\T1/lmr/m/it/10 paper/2018/04/16/[][] cybersecurity-framework-v11/final [Ac-ces
-sed 22-June-
 []




Overfull \hbox (15.0pt too wide) has occurred while \output is active
 \T1/lmr/m/n/10 535
 []

[535]
Overfull \hbox (22.3784pt too wide) in paragraph at lines 13315--13316
\T1/lmr/m/it/10 pli-ca-tion Se-cu-rity Pro-ject (2021). Web pu-bli-ca-tion : []
[]https ://owasp.org/Top10/[][]
 []


Overfull \hbox (5.50587pt too wide) in paragraph at lines 13324--13325
[]\T1/lmr/m/it/10 Sciberras, A. : RFC 4519 : Light-weight Di-rec-tory Ac-cess P
ro-to-col (LDAP) :
 []




Overfull \hbox (157.22746pt too wide) has occurred while \output is active
\T1/lmr/m/n/10 536 \T1/lmr/m/sl/10 CHAPITRE 10.  REFERENCES
 []

[536]
Overfull \hbox (58.42548pt too wide) in paragraph at lines 13333--13334
[]\T1/lmr/m/it/10 The Tor Pro-ject : Tor : Over-view. Web pu-bli-ca-tion : [][]
https ://www.torproject.org/about/[][]
 []


Overfull \hbox (2.45715pt too wide) in paragraph at lines 13336--13337
[]\T1/lmr/m/it/10 US Na-tio-nal Se-cu-rity Agency : NSA ANT ca-ta-log. Web pu-b
li-ca-tion (2013).
 []


Overfull \hbox (0.1516pt too wide) in paragraph at lines 13336--13337
\T1/lmr/m/it/10 Ori-gi-nal pu-bli-ca-tion date unk-nown. Avai-lable from Wi-ki-
me-dia Com-mons :
 []


Overfull \hbox (90.4515pt too wide) in paragraph at lines 13337--13338
\T1/lmr/m/it/10 Web pu-bli-ca-tion : [][]https ://www.verizon.com/business/reso
urces/reports/DBIR_2016_Report[][].
 []


Overfull \hbox (30.15593pt too wide) in paragraph at lines 13338--13339
\T1/lmr/m/it/10 Web pu-bli-ca-tion : [][]https ://enterprise.verizon.com/resour
ces/reports/2021/2021-
 []


Overfull \hbox (44.7013pt too wide) in paragraph at lines 13340--13341
[]\T1/lmr/m/it/10 WHATWG : HTML - Li-ving Stan-dard. Web pu-bli-ca-tion : [][]h
ttps ://html.spec.whatwg[][].
 []


Overfull \hbox (36.37035pt too wide) in paragraph at lines 13341--13342
[]\T1/lmr/m/it/10 Wheeler, D.A. : Flaw-fin-der (2001). Web pu-bli-ca-tion : [][
]https ://www.dwheeler.com/[][]
 []


Overfull \hbox (12.6408pt too wide) in paragraph at lines 13342--13343
\T1/lmr/m/it/10 pu-bli-ca-tion : [][]https ://www.dwheeler.com/secure-programs/
Secure-Programs-
 []


Overfull \hbox (78.20734pt too wide) in paragraph at lines 13343--13344
\T1/lmr/m/it/10 tion, ori-gi-nally is-sued 2014. Web pu-bli-ca-tion : [][]https
 ://dw-hee-ler.com/essays/heartbleed.html[][]
 []


Overfull \hbox (27.18355pt too wide) in paragraph at lines 13344--13345
\T1/lmr/m/it/10 en-cy-clo-pe-dia. [][]https ://en.wikipedia.org/w/index.php ?ti
tle=List_of_operating_[][]
 []


Overfull \hbox (120.1526pt too wide) in paragraph at lines 13345--13346
\T1/lmr/m/it/10 rep., As-so-cia-tion of Chief Po-lice Of-fi-cers (2012). Web pu
-bli-ca-tion : [][]https ://athenaforensics.co.uk/wp-
 []


Overfull \hbox (34.74338pt too wide) in paragraph at lines 13345--13346
\T1/lmr/m/it/10 content/uploads/2019/01/National-Police-Chiefs-Council-ACPO-Goo
d-Practice-
 []




Overfull \hbox (15.0pt too wide) has occurred while \output is active
 \T1/lmr/m/n/10 537
 []

[537]


Overfull \hbox (157.22746pt too wide) has occurred while \output is active
\T1/lmr/m/n/10 538 \T1/lmr/m/sl/10 CHAPITRE 10.  REFERENCES
 []

[538]
Chapitre 11.



Overfull \hbox (15.0pt too wide) has occurred while \output is active
 \T1/lmr/m/n/10 539 
 []

[539

]
Underfull \hbox (badness 1062) in paragraph at lines 13434--13434
\T1/lmr/m/n/8 R. Sharp, \T1/lmr/m/it/8 In-tro-duc-tion to Cy-ber-se-cu-rity\T1/
lmr/m/n/8 , Un-der-gra-duate To-pics in Com-pu-ter Science,
 []


Underfull \hbox (badness 10000) in paragraph at lines 13434--13437

 []




Overfull \hbox (121.53351pt too wide) has occurred while \output is active
\T1/lmr/m/n/10 540 \T1/lmr/m/sl/10 CHAPITRE 11.  INDEX
 []

[540]


Overfull \hbox (15.0pt too wide) has occurred while \output is active
 \T1/lmr/m/n/10 541
 []

[541]
Underfull \hbox (badness 10000) in paragraph at lines 13509--13544

 []




Overfull \hbox (121.53351pt too wide) has occurred while \output is active
\T1/lmr/m/n/10 542 \T1/lmr/m/sl/10 CHAPITRE 11.  INDEX
 []

[542]
Underfull \hbox (badness 10000) in paragraph at lines 13572--13653

 []




Overfull \hbox (15.0pt too wide) has occurred while \output is active
 \T1/lmr/m/n/10 543
 []

[543]


Overfull \hbox (121.53351pt too wide) has occurred while \output is active
\T1/lmr/m/n/10 544 \T1/lmr/m/sl/10 CHAPITRE 11.  INDEX
 []

[544]


Overfull \hbox (15.0pt too wide) has occurred while \output is active
 \T1/lmr/m/n/10 545
 []

[545]


Overfull \hbox (121.53351pt too wide) has occurred while \output is active
\T1/lmr/m/n/10 546 \T1/lmr/m/sl/10 CHAPITRE 11.  INDEX
 []

[546]


Overfull \hbox (15.0pt too wide) has occurred while \output is active
 \T1/lmr/m/n/10 547
 []

[547]
Underfull \hbox (badness 10000) in paragraph at lines 13797--13867

 []




Overfull \hbox (121.53351pt too wide) has occurred while \output is active
\T1/lmr/m/n/10 548 \T1/lmr/m/sl/10 CHAPITRE 11.  INDEX
 []

[548]


Overfull \hbox (15.0pt too wide) has occurred while \output is active
 \T1/lmr/m/n/10 549
 []

[549]


Overfull \hbox (121.53351pt too wide) has occurred while \output is active
\T1/lmr/m/n/10 550 \T1/lmr/m/sl/10 CHAPITRE 11.  INDEX
 []

[550]
Underfull \hbox (badness 10000) in paragraph at lines 13951--13974

 []




Overfull \hbox (15.0pt too wide) has occurred while \output is active
 \T1/lmr/m/n/10 551
 []

[551]


Overfull \hbox (121.53351pt too wide) has occurred while \output is active
\T1/lmr/m/n/10 552 \T1/lmr/m/sl/10 CHAPITRE 11.  INDEX
 []

[552]


Overfull \hbox (15.0pt too wide) has occurred while \output is active
 \T1/lmr/m/n/10 553
 []

[553]
Underfull \hbox (badness 10000) in paragraph at lines 14077--14081

 []




Overfull \hbox (121.53351pt too wide) has occurred while \output is active
\T1/lmr/m/n/10 554 \T1/lmr/m/sl/10 CHAPITRE 11.  INDEX
 []

[554]


Overfull \hbox (15.0pt too wide) has occurred while \output is active
 \T1/lmr/m/n/10 555
 []

[555]
Underfull \hbox (badness 10000) in paragraph at lines 14183--14190

 []




Overfull \hbox (121.53351pt too wide) has occurred while \output is active
\T1/lmr/m/n/10 556 \T1/lmr/m/sl/10 CHAPITRE 11.  INDEX
 []

[556]
Underfull \hbox (badness 10000) in paragraph at lines 14230--14298

 []




Overfull \hbox (15.0pt too wide) has occurred while \output is active
 \T1/lmr/m/n/10 557
 []

[557]
Missing character: There is no — ("2014) in font ec-lmri10!



Overfull \hbox (121.53351pt too wide) has occurred while \output is active
\T1/lmr/m/n/10 558 \T1/lmr/m/sl/10 CHAPITRE 11.  INDEX
 []

[558]


Overfull \hbox (15.0pt too wide) has occurred while \output is active
 \T1/lmr/m/n/10 559
 []

[559]
Underfull \hbox (badness 10000) in paragraph at lines 14365--14398

 []




Overfull \hbox (121.53351pt too wide) has occurred while \output is active
\T1/lmr/m/n/10 560 \T1/lmr/m/sl/10 CHAPITRE 11.  INDEX
 []

[560]


Overfull \hbox (15.0pt too wide) has occurred while \output is active
 \T1/lmr/m/n/10 561
 []

[561]


Overfull \hbox (121.53351pt too wide) has occurred while \output is active
\T1/lmr/m/n/10 562 \T1/lmr/m/sl/10 CHAPITRE 11.  INDEX
 []

[562]
Underfull \hbox (badness 10000) in paragraph at lines 14503--14506

 []




Overfull \hbox (15.0pt too wide) has occurred while \output is active
 \T1/lmr/m/n/10 563
 []

[563]


Overfull \hbox (121.53351pt too wide) has occurred while \output is active
\T1/lmr/m/n/10 564 \T1/lmr/m/sl/10 CHAPITRE 11.  INDEX
 []

[564]
Underfull \hbox (badness 10000) in paragraph at lines 14603--14614

 []


Underfull \hbox (badness 10000) in paragraph at lines 14615--14723

 []




Overfull \hbox (15.0pt too wide) has occurred while \output is active
 \T1/lmr/m/n/10 565
 []

[565]


Overfull \hbox (121.53351pt too wide) has occurred while \output is active
\T1/lmr/m/n/10 566 \T1/lmr/m/sl/10 CHAPITRE 11.  INDEX
 []

[566]


Overfull \hbox (15.0pt too wide) has occurred while \output is active
 \T1/lmr/m/n/10 567
 []

[567]


Overfull \hbox (121.53351pt too wide) has occurred while \output is active
\T1/lmr/m/n/10 568 \T1/lmr/m/sl/10 CHAPITRE 11.  INDEX
 []

[568]
Underfull \hbox (badness 10000) in paragraph at lines 14804--14830

 []




Overfull \hbox (15.0pt too wide) has occurred while \output is active
 \T1/lmr/m/n/10 569
 []

[569]


Overfull \hbox (121.53351pt too wide) has occurred while \output is active
\T1/lmr/m/n/10 570 \T1/lmr/m/sl/10 CHAPITRE 11.  INDEX
 []

[570]


Overfull \hbox (15.0pt too wide) has occurred while \output is active
 \T1/lmr/m/n/10 571
 []

[571]


Overfull \hbox (121.53351pt too wide) has occurred while \output is active
\T1/lmr/m/n/10 572 \T1/lmr/m/sl/10 CHAPITRE 11.  INDEX
 []

[572] (./cybersec_final.bbl


Overfull \hbox (15.0pt too wide) has occurred while \output is active
 \T1/lmr/m/n/10 573
 []

[573]


Overfull \hbox (121.53351pt too wide) has occurred while \output is active
\T1/lmr/m/n/10 574 \T1/lmr/m/sl/10 CHAPITRE 11.  INDEX
 []

[574

]

LaTeX Warning: Empty `thebibliography' environment on input line 3.

)
/Users/aliasgar/Desktop/Ali Asgar/Stony Brook/Advanced Project/local/files/cybe
rsec/penultimate/cybersec_final.tex:15019: Undefined control sequence.
l.15019 \1
          
The control sequence at the end of the top line
of your error message was never \def'ed. If you have
misspelled it (e.g., `\hobx'), type `I' and the correct
spelling (e.g., `I\hbox'). Otherwise just continue,
and I'll forget about whatever was undefined.

(./cybersec_final.ind


Overfull \hbox (15.0pt too wide) has occurred while \output is active
 \T1/lmr/m/n/10 575 
 []

[575]
Overfull \hbox (69.06894pt too wide) in paragraph at lines 1--1
[]\T1/lmr/bx/n/24.88 Index  
 []


Overfull \hbox (13.68872pt too wide) in paragraph at lines 3--4
[]\T1/lmr/m/it/10 0-
 []


Overfull \hbox (60.07745pt too wide) in paragraph at lines 3--4
\T1/lmr/m/it/10 day
 []


Overfull \hbox (57.01096pt too wide) in paragraph at lines 3--4
\T1/lmr/m/it/10 at-
 []


Overfull \hbox (65.69987pt too wide) in paragraph at lines 3--4
\T1/lmr/m/it/10 tack,
 []


Overfull \hbox (63.39958pt too wide) in paragraph at lines 3--4
[][]\T1/lmr/m/it/10 380[][],
 []


Overfull \hbox (60.33293pt too wide) in paragraph at lines 3--4
[][]\T1/lmr/m/it/10 412[][] 
 []


Overfull \hbox (13.68872pt too wide) in paragraph at lines 4--5
[]\T1/lmr/m/it/10 3-
 []


Overfull \hbox (61.61096pt too wide) in paragraph at lines 4--5
\T1/lmr/m/it/10 way
 []


Overfull \hbox (69.53267pt too wide) in paragraph at lines 4--5
\T1/lmr/m/it/10 hand-
 []


Overfull \hbox (71.5776pt too wide) in paragraph at lines 4--5
\T1/lmr/m/it/10 shake,
 []


Overfull \hbox (60.33293pt too wide) in paragraph at lines 4--5
[][]\T1/lmr/m/it/10 165[][] 
 []


Overfull \hbox (33.1331pt too wide) in paragraph at lines 5--6
[]\T1/lmr/m/it/10 3DES,
 []


Overfull \hbox (58.2886pt too wide) in paragraph at lines 5--6
[][]\T1/lmr/m/it/10 83[][],
 []


Overfull \hbox (60.33293pt too wide) in paragraph at lines 5--6
[][]\T1/lmr/m/it/10 351[][] 
 []


Overfull \hbox (30.83307pt too wide) in paragraph at lines 9--10
[]\T1/lmr/m/it/10 A5/1,
 []


Overfull \hbox (55.22195pt too wide) in paragraph at lines 9--10
[][]\T1/lmr/m/it/10 90[][] 
 []


Overfull \hbox (34.13338pt too wide) in paragraph at lines 10--11
[]\T1/lmr/m/it/10 access,
 []


Overfull \hbox (55.22195pt too wide) in paragraph at lines 10--11
[][]\T1/lmr/m/it/10 54[][] 
 []


Overfull \hbox (37.39429pt too wide) in paragraph at lines 11--12
[]| \T1/lmr/m/it/10 for
 []


Overfull \hbox (69.43913pt too wide) in paragraph at lines 11--12
\T1/lmr/m/it/10 CPU,
 []


Overfull \hbox (60.33293pt too wide) in paragraph at lines 11--12
[][]\T1/lmr/m/it/10 342[][] 
 []


Overfull \hbox (37.39429pt too wide) in paragraph at lines 12--13
[]| \T1/lmr/m/it/10 for
 []


Overfull \hbox (67.61621pt too wide) in paragraph at lines 12--13
\T1/lmr/m/it/10 hard-
 []


Overfull \hbox (65.061pt too wide) in paragraph at lines 12--13
\T1/lmr/m/it/10 ware
 []


Overfull \hbox (69.53319pt too wide) in paragraph at lines 12--13
\T1/lmr/m/it/10 units,
 []


Overfull \hbox (60.33293pt too wide) in paragraph at lines 12--13
[][]\T1/lmr/m/it/10 341[][] 
 []


Overfull \hbox (47.61621pt too wide) in paragraph at lines 13--14
[]| \T1/lmr/m/it/10 hard-
 []


Overfull \hbox (65.061pt too wide) in paragraph at lines 13--14
\T1/lmr/m/it/10 ware
 []


Overfull \hbox (57.7776pt too wide) in paragraph at lines 13--14
\T1/lmr/m/it/10 ba-
 []


Overfull \hbox (61.3555pt too wide) in paragraph at lines 13--14
\T1/lmr/m/it/10 sed,
 []


Overfull \hbox (60.33293pt too wide) in paragraph at lines 13--14
[][]\T1/lmr/m/it/10 338[][] 
 []


Overfull \hbox (33.68864pt too wide) in paragraph at lines 14--15
[]| \T1/lmr/m/it/10 in
 []


Overfull \hbox (61.1221pt too wide) in paragraph at lines 14--15
\T1/lmr/m/it/10 An-
 []


Overfull \hbox (70.17177pt too wide) in paragraph at lines 14--15
\T1/lmr/m/it/10 droid,
 []


Overfull \hbox (60.33293pt too wide) in paragraph at lines 14--15
[][]\T1/lmr/m/it/10 345[][] 
 []


Overfull \hbox (33.68864pt too wide) in paragraph at lines 15--16
[]| \T1/lmr/m/it/10 in
 []


Overfull \hbox (61.35574pt too wide) in paragraph at lines 15--16
\T1/lmr/m/it/10 me-
 []


Overfull \hbox (70.42778pt too wide) in paragraph at lines 15--16
\T1/lmr/m/it/10 mory,
 []


Overfull \hbox (60.33293pt too wide) in paragraph at lines 15--16
[][]\T1/lmr/m/it/10 338[][] 
 []



Missing character: There is no ﬁ ("FB01) in font ec-lmri10!

Overfull \hbox (33.68864pt too wide) in paragraph at lines 16--17
[]| \T1/lmr/m/it/10 in
 []


Overfull \hbox (52.15549pt too wide) in paragraph at lines 16--17
\T1/lmr/m/it/10 le
 []


Overfull \hbox (61.61122pt too wide) in paragraph at lines 16--17
\T1/lmr/m/it/10 sys-
 []


Overfull \hbox (64.16689pt too wide) in paragraph at lines 16--17
\T1/lmr/m/it/10 tem,
 []


Overfull \hbox (60.33293pt too wide) in paragraph at lines 16--17
[][]\T1/lmr/m/it/10 329[][] 
 []


Overfull \hbox (31.06673pt too wide) in paragraph at lines 17--18
[]\T1/lmr/m/it/10 access
 []


Overfull \hbox (74.51608pt too wide) in paragraph at lines 17--18
\T1/lmr/m/it/10 control
 []


Overfull \hbox (61.86671pt too wide) in paragraph at lines 17--18
\T1/lmr/m/it/10 ma-
 []


Overfull \hbox (60.24454pt too wide) in paragraph at lines 17--18
\T1/lmr/m/it/10 trix
 []


Overfull \hbox (79.28949pt too wide) in paragraph at lines 17--18
\T1/lmr/m/it/10 (ACM),
 []


Overfull \hbox (60.33293pt too wide) in paragraph at lines 17--18
[][]\T1/lmr/m/it/10 326[][] 
 []


Overfull \hbox (67.35477pt too wide) in paragraph at lines 18--19
[]\T1/lmr/m/it/10 accountability,
 []


Overfull \hbox (60.33293pt too wide) in paragraph at lines 18--19
[][]\T1/lmr/m/it/10 449[][] 
 []


Overfull \hbox (22.37764pt too wide) in paragraph at lines 19--20
[]\T1/lmr/m/it/10 ack,
 []


Overfull \hbox (60.33293pt too wide) in paragraph at lines 19--20
[][]\T1/lmr/m/it/10 165[][] 
 []


Overfull \hbox (28.4165pt too wide) in paragraph at lines 20--21
[]\T1/lmr/m/it/10 ACL,
 []


Overfull \hbox (63.39958pt too wide) in paragraph at lines 20--21
[][]\T1/lmr/m/it/10 331[][],
 []


Overfull \hbox (60.33293pt too wide) in paragraph at lines 20--21
[][]\T1/lmr/m/it/10 332[][] 
 []


Overfull \hbox (45.9556pt too wide) in paragraph at lines 21--22
[]| \T1/lmr/m/it/10 com-
 []


Overfull \hbox (66.08325pt too wide) in paragraph at lines 21--22
\T1/lmr/m/it/10 pres-
 []


Overfull \hbox (61.3555pt too wide) in paragraph at lines 21--22
\T1/lmr/m/it/10 sed,
 []


Overfull \hbox (60.33293pt too wide) in paragraph at lines 21--22
[][]\T1/lmr/m/it/10 330[][] 
 []


Overfull \hbox (47.93271pt too wide) in paragraph at lines 22--23
[]\T1/lmr/m/it/10 activation
 []


Overfull \hbox (66.46637pt too wide) in paragraph at lines 22--23
\T1/lmr/m/it/10 code,
 []


Overfull \hbox (55.22195pt too wide) in paragraph at lines 22--23
[][]\T1/lmr/m/it/10 67[][] 
 []


Overfull \hbox (30.29988pt too wide) in paragraph at lines 23--24
[]\T1/lmr/m/it/10 active
 []


Overfull \hbox (57.01096pt too wide) in paragraph at lines 23--24
\T1/lmr/m/it/10 at-
 []


Overfull \hbox (57.01096pt too wide) in paragraph at lines 23--24
\T1/lmr/m/it/10 ta-
 []


Overfull \hbox (66.08333pt too wide) in paragraph at lines 23--24
\T1/lmr/m/it/10 cker,
 []


Overfull \hbox (60.33293pt too wide) in paragraph at lines 23--24
[][]\T1/lmr/m/it/10 136[][] 
 []


Overfull \hbox (30.29988pt too wide) in paragraph at lines 24--25
[]\T1/lmr/m/it/10 active
 []


Overfull \hbox (61.4834pt too wide) in paragraph at lines 24--25
\T1/lmr/m/it/10 ser-
 []


Overfull \hbox (58.41667pt too wide) in paragraph at lines 24--25
\T1/lmr/m/it/10 ver
 []


Overfull \hbox (66.9775pt too wide) in paragraph at lines 24--25
\T1/lmr/m/it/10 page,
 []


Overfull \hbox (60.33293pt too wide) in paragraph at lines 24--25
[][]\T1/lmr/m/it/10 202[][] 
 []




Overfull \hbox (15.0pt too wide) has occurred while \output is active
 \T1/lmr/m/n/10 576 
 []

[576

]
Overfull \hbox (42.6114pt too wide) in paragraph at lines 25--26
[]\T1/lmr/m/it/10 ActiveX,
 []


Overfull \hbox (60.33293pt too wide) in paragraph at lines 25--26
[][]\T1/lmr/m/it/10 404[][] 
 []


Overfull \hbox (37.26674pt too wide) in paragraph at lines 26--27
[]| \T1/lmr/m/it/10 se-
 []


Overfull \hbox (58.54442pt too wide) in paragraph at lines 26--27
\T1/lmr/m/it/10 cu-
 []


Overfull \hbox (63.5277pt too wide) in paragraph at lines 26--27
\T1/lmr/m/it/10 rity,
 []


Overfull \hbox (60.33293pt too wide) in paragraph at lines 26--27
[][]\T1/lmr/m/it/10 405[][] 
 []


Overfull \hbox (30.4275pt too wide) in paragraph at lines 27--28
[]\T1/lmr/m/it/10 actor,
 []


Overfull \hbox (55.22195pt too wide) in paragraph at lines 27--28
[][]\T1/lmr/m/it/10 54[][] 
 []


Overfull \hbox (44.22739pt too wide) in paragraph at lines 28--29
[]\T1/lmr/m/it/10 actuator,
 []


Overfull \hbox (50.11098pt too wide) in paragraph at lines 28--29
[][]\T1/lmr/m/it/10 3[][] 
 []


Overfull \hbox (17.03334pt too wide) in paragraph at lines 29--30
[]\T1/lmr/m/it/10 Ad
 []


Overfull \hbox (59.31084pt too wide) in paragraph at lines 29--30
\T1/lmr/m/it/10 hoc
 []


Overfull \hbox (71.34448pt too wide) in paragraph at lines 29--30
\T1/lmr/m/it/10 Mode,
 []


Overfull \hbox (55.22195pt too wide) in paragraph at lines 29--30
[][]\T1/lmr/m/it/10 96[][] 
 []


Overfull \hbox (30.08913pt too wide) in paragraph at lines 30--31
[]\T1/lmr/m/it/10 ADB,
 []


Overfull \hbox (60.33293pt too wide) in paragraph at lines 30--31
[][]\T1/lmr/m/it/10 424[][] 
 []


Overfull \hbox (39.8831pt too wide) in paragraph at lines 31--32
[]\T1/lmr/m/it/10 address,
 []


Overfull \hbox (60.33293pt too wide) in paragraph at lines 31--32
[][]\T1/lmr/m/it/10 159[][] 
 []


Overfull \hbox (67.0995pt too wide) in paragraph at lines 32--33
[]\T1/lmr/m/it/10 administrator,
 []


Overfull \hbox (60.33293pt too wide) in paragraph at lines 32--33
[][]\T1/lmr/m/it/10 321[][] 
 []


Overfull \hbox (40.97203pt too wide) in paragraph at lines 33--34
[]| \T1/lmr/m/it/10 pri-
 []


Overfull \hbox (56.2444pt too wide) in paragraph at lines 33--34
\T1/lmr/m/it/10 vi-
 []


Overfull \hbox (68.00002pt too wide) in paragraph at lines 33--34
\T1/lmr/m/it/10 leges,
 []


Overfull \hbox (60.33293pt too wide) in paragraph at lines 33--34
[][]\T1/lmr/m/it/10 330[][] 
 []


Overfull \hbox (27.90562pt too wide) in paragraph at lines 34--35
[]\T1/lmr/m/it/10 AES,
 []


Overfull \hbox (58.2886pt too wide) in paragraph at lines 34--35
[][]\T1/lmr/m/it/10 87[][],
 []


Overfull \hbox (60.33293pt too wide) in paragraph at lines 34--35
[][]\T1/lmr/m/it/10 351[][] 
 []


Overfull \hbox (30.62262pt too wide) in paragraph at lines 35--36
[]\T1/lmr/m/it/10 AKA,
 []


Overfull \hbox (60.33293pt too wide) in paragraph at lines 35--36
[][]\T1/lmr/m/it/10 129[][] 
 []

Missing character: There is no ﬁ ("FB01) in font ec-lmri10!

Overfull \hbox (58.41045pt too wide) in paragraph at lines 36--37
[]\T1/lmr/m/it/10 amplication,
 []


Overfull \hbox (60.33293pt too wide) in paragraph at lines 36--37
[][]\T1/lmr/m/it/10 275[][] 
 []

Missing character: There is no ﬁ ("FB01) in font ec-lmri10!

Overfull \hbox (40.9054pt too wide) in paragraph at lines 37--38
[]\T1/lmr/m/it/10 amplier,
 []


Overfull \hbox (63.39958pt too wide) in paragraph at lines 37--38
[][]\T1/lmr/m/it/10 275[][],
 []


Overfull \hbox (60.33293pt too wide) in paragraph at lines 37--38
[][]\T1/lmr/m/it/10 278[][] 
 []


Overfull \hbox (39.49956pt too wide) in paragraph at lines 38--39
[]\T1/lmr/m/it/10 analysis
 []


Overfull \hbox (71.96082pt too wide) in paragraph at lines 38--39
\T1/lmr/m/it/10 group,
 []


Overfull \hbox (55.22195pt too wide) in paragraph at lines 38--39
[][]\T1/lmr/m/it/10 53[][] 
 []


Overfull \hbox (42.71613pt too wide) in paragraph at lines 39--40
[]\T1/lmr/m/it/10 Android,
 []


Overfull \hbox (60.33293pt too wide) in paragraph at lines 39--40
[][]\T1/lmr/m/it/10 345[][] 
 []


Overfull \hbox (39.64948pt too wide) in paragraph at lines 40--41
[]\T1/lmr/m/it/10 Android
 []


Overfull \hbox (60.72774pt too wide) in paragraph at lines 40--41
\T1/lmr/m/it/10 De-
 []


Overfull \hbox (59.56668pt too wide) in paragraph at lines 40--41
\T1/lmr/m/it/10 bug
 []


Overfull \hbox (76.69995pt too wide) in paragraph at lines 40--41
\T1/lmr/m/it/10 Bridge,
 []


Overfull \hbox (60.33293pt too wide) in paragraph at lines 40--41
[][]\T1/lmr/m/it/10 424[][] 
 []


Overfull \hbox (41.5439pt too wide) in paragraph at lines 41--42
[]\T1/lmr/m/it/10 anomaly
 []


Overfull \hbox (58.28873pt too wide) in paragraph at lines 41--42
\T1/lmr/m/it/10 de-
 []


Overfull \hbox (60.58887pt too wide) in paragraph at lines 41--42
\T1/lmr/m/it/10 tec-
 []


Overfull \hbox (65.1885pt too wide) in paragraph at lines 41--42
\T1/lmr/m/it/10 tion,
 []


Overfull \hbox (63.39958pt too wide) in paragraph at lines 41--42
[][]\T1/lmr/m/it/10 181[][],
 []


Overfull \hbox (60.33293pt too wide) in paragraph at lines 41--42
[][]\T1/lmr/m/it/10 252[][] 
 []




Overfull \hbox (27.02248pt too wide) in paragraph at lines 42--43
[]\T1/lmr/m/it/10 ANT
 []


Overfull \hbox (57.7776pt too wide) in paragraph at lines 42--43
\T1/lmr/m/it/10 ca-
 []


Overfull \hbox (57.01096pt too wide) in paragraph at lines 42--43
\T1/lmr/m/it/10 ta-
 []


Overfull \hbox (59.82199pt too wide) in paragraph at lines 42--43
\T1/lmr/m/it/10 log,
 []


Overfull \hbox (60.33293pt too wide) in paragraph at lines 42--43
[][]\T1/lmr/m/it/10 294[][] 
 []


Overfull \hbox (25.6996pt too wide) in paragraph at lines 43--44
[]\T1/lmr/m/it/10 anti-
 []


Overfull \hbox (70.17207pt too wide) in paragraph at lines 43--44
\T1/lmr/m/it/10 terror
 []


Overfull \hbox (66.46658pt too wide) in paragraph at lines 43--44
\T1/lmr/m/it/10 laws,
 []


Overfull \hbox (60.33293pt too wide) in paragraph at lines 43--44
[][]\T1/lmr/m/it/10 222[][] 
 []


Overfull \hbox (26.13911pt too wide) in paragraph at lines 44--45
[]\T1/lmr/m/it/10 API,
 []


Overfull \hbox (63.39958pt too wide) in paragraph at lines 44--45
[][]\T1/lmr/m/it/10 348[][],
 []


Overfull \hbox (60.33293pt too wide) in paragraph at lines 44--45
[][]\T1/lmr/m/it/10 485[][] 
 []


Overfull \hbox (25.33873pt too wide) in paragraph at lines 45--46
[]\T1/lmr/m/it/10 App,
 []


Overfull \hbox (60.33293pt too wide) in paragraph at lines 45--46
[][]\T1/lmr/m/it/10 485[][] 
 []


Overfull \hbox (33.8773pt too wide) in paragraph at lines 46--47
[]\T1/lmr/m/it/10 applet,
 []


Overfull \hbox (63.39958pt too wide) in paragraph at lines 46--47
[][]\T1/lmr/m/it/10 202[][],
 []


Overfull \hbox (60.33293pt too wide) in paragraph at lines 46--47
[][]\T1/lmr/m/it/10 404[][] 
 []


Overfull \hbox (38.79974pt too wide) in paragraph at lines 47--48
[]| \T1/lmr/m/it/10 en-
 []


Overfull \hbox (67.36089pt too wide) in paragraph at lines 47--48
\T1/lmr/m/it/10 cryp-
 []


Overfull \hbox (65.1885pt too wide) in paragraph at lines 47--48
\T1/lmr/m/it/10 tion,
 []


Overfull \hbox (63.39958pt too wide) in paragraph at lines 47--48
[][]\T1/lmr/m/it/10 211[][],
 []


Overfull \hbox (60.33293pt too wide) in paragraph at lines 47--48
[][]\T1/lmr/m/it/10 215[][] 
 []


Overfull \hbox (48.51068pt too wide) in paragraph at lines 48--49
[]| \T1/lmr/m/it/10 sand-
 []


Overfull \hbox (61.9055pt too wide) in paragraph at lines 48--49
\T1/lmr/m/it/10 box,
 []


Overfull \hbox (60.33293pt too wide) in paragraph at lines 48--49
[][]\T1/lmr/m/it/10 404[][] 
 []


Overfull \hbox (37.26674pt too wide) in paragraph at lines 49--50
[]| \T1/lmr/m/it/10 se-
 []


Overfull \hbox (58.54442pt too wide) in paragraph at lines 49--50
\T1/lmr/m/it/10 cu-
 []


Overfull \hbox (63.5277pt too wide) in paragraph at lines 49--50
\T1/lmr/m/it/10 rity,
 []


Overfull \hbox (60.33293pt too wide) in paragraph at lines 49--50
[][]\T1/lmr/m/it/10 404[][] 
 []


Overfull \hbox (52.27678pt too wide) in paragraph at lines 50--51
[]\T1/lmr/m/it/10 application
 []


Overfull \hbox (62.50523pt too wide) in paragraph at lines 50--51
\T1/lmr/m/it/10 pro-
 []


Overfull \hbox (69.66116pt too wide) in paragraph at lines 50--51
\T1/lmr/m/it/10 gram,
 []


Overfull \hbox (63.39958pt too wide) in paragraph at lines 50--51
[][]\T1/lmr/m/it/10 487[][],
 []


Overfull \hbox (60.33293pt too wide) in paragraph at lines 50--51
[][]\T1/lmr/m/it/10 492[][] 
 []


Overfull \hbox (29.43913pt too wide) in paragraph at lines 51--52
[]\T1/lmr/m/it/10 APT,
 []


Overfull \hbox (53.17763pt too wide) in paragraph at lines 51--52
[][]\T1/lmr/m/it/10 3[][],
 []


Overfull \hbox (60.33293pt too wide) in paragraph at lines 51--52
[][]\T1/lmr/m/it/10 423[][] 
 []


Overfull \hbox (49.84956pt too wide) in paragraph at lines 52--53
[]\T1/lmr/m/it/10 arbitrator,
 []


Overfull \hbox (60.33293pt too wide) in paragraph at lines 52--53
[][]\T1/lmr/m/it/10 125[][] 
 []


Overfull \hbox (52.34412pt too wide) in paragraph at lines 53--54
[]| \T1/lmr/m/it/10 client-
 []


Overfull \hbox (74.38898pt too wide) in paragraph at lines 53--54
\T1/lmr/m/it/10 server,
 []


Overfull \hbox (53.17763pt too wide) in paragraph at lines 53--54
[][]\T1/lmr/m/it/10 2[][],
 []


Overfull \hbox (60.33293pt too wide) in paragraph at lines 53--54
[][]\T1/lmr/m/it/10 187[][] 
 []




Overfull \hbox (97.84593pt too wide) has occurred while \output is active
\T1/lmr/m/sl/10 BIBLIOGRAPHIE \T1/lmr/m/n/10 577
 []

[577]
Overfull \hbox (46.74461pt too wide) in paragraph at lines 54--55
[]| \T1/lmr/m/it/10 P2P,
 []


Overfull \hbox (50.11098pt too wide) in paragraph at lines 54--55
[][]\T1/lmr/m/it/10 2[][] 
 []


Overfull \hbox (29.57811pt too wide) in paragraph at lines 55--56
[]\T1/lmr/m/it/10 ARP,
 []


Overfull \hbox (60.33293pt too wide) in paragraph at lines 55--56
[][]\T1/lmr/m/it/10 169[][] 
 []


Overfull \hbox (26.51146pt too wide) in paragraph at lines 56--57
[]\T1/lmr/m/it/10 ARP
 []


Overfull \hbox (71.5775pt too wide) in paragraph at lines 56--57
\T1/lmr/m/it/10 cache,
 []


Overfull \hbox (60.33293pt too wide) in paragraph at lines 56--57
[][]\T1/lmr/m/it/10 169[][] 
 []


Overfull \hbox (32.92195pt too wide) in paragraph at lines 57--58
[]\T1/lmr/m/it/10 ASCII
 []


Overfull \hbox (63.3997pt too wide) in paragraph at lines 57--58
\T1/lmr/m/it/10 cha-
 []


Overfull \hbox (61.99426pt too wide) in paragraph at lines 57--58
\T1/lmr/m/it/10 rac-
 []


Overfull \hbox (57.1389pt too wide) in paragraph at lines 57--58
\T1/lmr/m/it/10 ter
 []


Overfull \hbox (60.07788pt too wide) in paragraph at lines 57--58
\T1/lmr/m/it/10 set,
 []


Overfull \hbox (60.33293pt too wide) in paragraph at lines 57--58
[][]\T1/lmr/m/it/10 104[][] 
 []


Overfull \hbox (52.34476pt too wide) in paragraph at lines 58--59
[]\T1/lmr/m/it/10 ASP.NET,
 []


Overfull \hbox (60.33293pt too wide) in paragraph at lines 58--59
[][]\T1/lmr/m/it/10 409[][] 
 []


Overfull \hbox (29.27785pt too wide) in paragraph at lines 59--60
[]\T1/lmr/m/it/10 asset,
 []


Overfull \hbox (58.2886pt too wide) in paragraph at lines 59--60
[][]\T1/lmr/m/it/10 10[][],
 []


Overfull \hbox (55.22195pt too wide) in paragraph at lines 59--60
[][]\T1/lmr/m/it/10 54[][] 
 []


Overfull \hbox (46.72182pt too wide) in paragraph at lines 60--61
[]| \T1/lmr/m/it/10 data,
 []


Overfull \hbox (55.22195pt too wide) in paragraph at lines 60--61
[][]\T1/lmr/m/it/10 11[][] 
 []


Overfull \hbox (50.81093pt too wide) in paragraph at lines 61--62
[]| \T1/lmr/m/it/10 equip-
 []


Overfull \hbox (69.78888pt too wide) in paragraph at lines 61--62
\T1/lmr/m/it/10 ment,
 []


Overfull \hbox (55.22195pt too wide) in paragraph at lines 61--62
[][]\T1/lmr/m/it/10 11[][] 
 []


Overfull \hbox (44.1666pt too wide) in paragraph at lines 62--63
[]| \T1/lmr/m/it/10 soft-
 []


Overfull \hbox (68.12766pt too wide) in paragraph at lines 62--63
\T1/lmr/m/it/10 ware,
 []


Overfull \hbox (50.11098pt too wide) in paragraph at lines 62--63
[][]\T1/lmr/m/it/10 9[][] 
 []


Overfull \hbox (34.13309pt too wide) in paragraph at lines 63--64
[]\T1/lmr/m/it/10 attack,
 []


Overfull \hbox (58.2886pt too wide) in paragraph at lines 63--64
[][]\T1/lmr/m/it/10 43[][],
 []


Overfull \hbox (58.2886pt too wide) in paragraph at lines 63--64
[][]\T1/lmr/m/it/10 68[][],
 []


Overfull \hbox (60.33293pt too wide) in paragraph at lines 63--64
[][]\T1/lmr/m/it/10 270[][] 
 []


Overfull \hbox (33.68872pt too wide) in paragraph at lines 64--65
[]| \T1/lmr/m/it/10 0-
 []


Overfull \hbox (63.1441pt too wide) in paragraph at lines 64--65
\T1/lmr/m/it/10 day,
 []


Overfull \hbox (63.39958pt too wide) in paragraph at lines 64--65
[][]\T1/lmr/m/it/10 380[][],
 []


Overfull \hbox (60.33293pt too wide) in paragraph at lines 64--65
[][]\T1/lmr/m/it/10 412[][] 
 []


Overfull \hbox (49.02165pt too wide) in paragraph at lines 65--66
[]| \T1/lmr/m/it/10 adap-
 []


Overfull \hbox (60.5889pt too wide) in paragraph at lines 65--66
\T1/lmr/m/it/10 tive
 []


Overfull \hbox (63.3997pt too wide) in paragraph at lines 65--66
\T1/lmr/m/it/10 cho-
 []


Overfull \hbox (59.31099pt too wide) in paragraph at lines 65--66
\T1/lmr/m/it/10 sen
 []


Overfull \hbox (70.04382pt too wide) in paragraph at lines 65--66
\T1/lmr/m/it/10 plain-
 []


Overfull \hbox (63.95012pt too wide) in paragraph at lines 65--66
\T1/lmr/m/it/10 text,
 []


Overfull \hbox (55.22195pt too wide) in paragraph at lines 65--66
[][]\T1/lmr/m/it/10 68[][] 
 []


Overfull \hbox (50.68332pt too wide) in paragraph at lines 66--68
[]| \T1/lmr/m/it/10 brute-
 []


Overfull \hbox (68.6387pt too wide) in paragraph at lines 66--68
\T1/lmr/m/it/10 force,
 []


Overfull \hbox (58.2886pt too wide) in paragraph at lines 66--68
[][]\T1/lmr/m/it/10 68[][],
 []


Overfull \hbox (63.39958pt too wide) in paragraph at lines 66--68
[][]\T1/lmr/m/it/10 124[][],
 []


Overfull \hbox (63.39958pt too wide) in paragraph at lines 66--68
[][]\T1/lmr/m/it/10 260[][],
 []


Overfull \hbox (60.33293pt too wide) in paragraph at lines 66--68
[][]\T1/lmr/m/it/10 308[][] 
 []




Overfull \hbox (43.3997pt too wide) in paragraph at lines 68--69
[]| \T1/lmr/m/it/10 cho-
 []


Overfull \hbox (59.31099pt too wide) in paragraph at lines 68--69
\T1/lmr/m/it/10 sen
 []


Overfull \hbox (70.04382pt too wide) in paragraph at lines 68--69
\T1/lmr/m/it/10 plain-
 []


Overfull \hbox (63.95012pt too wide) in paragraph at lines 68--69
\T1/lmr/m/it/10 text,
 []


Overfull \hbox (58.2886pt too wide) in paragraph at lines 68--69
[][]\T1/lmr/m/it/10 68[][],
 []


Overfull \hbox (60.33293pt too wide) in paragraph at lines 68--69
[][]\T1/lmr/m/it/10 107[][] 
 []


Overfull \hbox (36.2444pt too wide) in paragraph at lines 69--70
[]| \T1/lmr/m/it/10 ci-
 []


Overfull \hbox (67.61636pt too wide) in paragraph at lines 69--70
\T1/lmr/m/it/10 pher-
 []


Overfull \hbox (60.88347pt too wide) in paragraph at lines 69--70
\T1/lmr/m/it/10 text
 []


Overfull \hbox (71.06609pt too wide) in paragraph at lines 69--70
\T1/lmr/m/it/10 alone,
 []


Overfull \hbox (55.22195pt too wide) in paragraph at lines 69--70
[][]\T1/lmr/m/it/10 68[][] 
 []


Overfull \hbox (41.86632pt too wide) in paragraph at lines 70--71
[]| \T1/lmr/m/it/10 cold
 []


Overfull \hbox (65.1886pt too wide) in paragraph at lines 70--71
\T1/lmr/m/it/10 boot,
 []


Overfull \hbox (60.33293pt too wide) in paragraph at lines 70--71
[][]\T1/lmr/m/it/10 351[][] 
 []


Overfull \hbox (48.76672pt too wide) in paragraph at lines 71--72
[]| \T1/lmr/m/it/10 costs,
 []


Overfull \hbox (55.22195pt too wide) in paragraph at lines 71--72
[][]\T1/lmr/m/it/10 11[][] 
 []


Overfull \hbox (41.35538pt too wide) in paragraph at lines 72--73
[]| \T1/lmr/m/it/10 dic-
 []


Overfull \hbox (60.0776pt too wide) in paragraph at lines 72--73
\T1/lmr/m/it/10 tio-
 []


Overfull \hbox (67.87178pt too wide) in paragraph at lines 72--73
\T1/lmr/m/it/10 nary,
 []


Overfull \hbox (63.39958pt too wide) in paragraph at lines 72--73
[][]\T1/lmr/m/it/10 308[][],
 []


Overfull \hbox (60.33293pt too wide) in paragraph at lines 72--73
[][]\T1/lmr/m/it/10 311[][] 
 []


Overfull \hbox (46.34961pt too wide) in paragraph at lines 73--74
[]| \T1/lmr/m/it/10 DoS,
 []


Overfull \hbox (63.39958pt too wide) in paragraph at lines 73--74
[][]\T1/lmr/m/it/10 256[][],
 []


Overfull \hbox (60.33293pt too wide) in paragraph at lines 73--74
[][]\T1/lmr/m/it/10 272[][] 
 []


Overfull \hbox (52.59946pt too wide) in paragraph at lines 74--75
[]| \T1/lmr/m/it/10 known
 []


Overfull \hbox (69.14975pt too wide) in paragraph at lines 74--75
\T1/lmr/m/it/10 clear-
 []


Overfull \hbox (63.95012pt too wide) in paragraph at lines 74--75
\T1/lmr/m/it/10 text,
 []


Overfull \hbox (60.33293pt too wide) in paragraph at lines 74--75
[][]\T1/lmr/m/it/10 395[][] 
 []


Overfull \hbox (52.59946pt too wide) in paragraph at lines 75--76
[]| \T1/lmr/m/it/10 known
 []


Overfull \hbox (70.04382pt too wide) in paragraph at lines 75--76
\T1/lmr/m/it/10 plain-
 []


Overfull \hbox (63.95012pt too wide) in paragraph at lines 75--76
\T1/lmr/m/it/10 text,
 []


Overfull \hbox (58.2886pt too wide) in paragraph at lines 75--76
[][]\T1/lmr/m/it/10 68[][],
 []


Overfull \hbox (55.22195pt too wide) in paragraph at lines 75--76
[][]\T1/lmr/m/it/10 74[][] 
 []


Overfull \hbox (50.8107pt too wide) in paragraph at lines 76--77
[]| \T1/lmr/m/it/10 length
 []


Overfull \hbox (57.81674pt too wide) in paragraph at lines 76--77
\T1/lmr/m/it/10 ex-
 []


Overfull \hbox (62.12198pt too wide) in paragraph at lines 76--77
\T1/lmr/m/it/10 ten-
 []


Overfull \hbox (65.95526pt too wide) in paragraph at lines 76--77
\T1/lmr/m/it/10 sion,
 []


Overfull \hbox (60.33293pt too wide) in paragraph at lines 76--77
[][]\T1/lmr/m/it/10 121[][] 
 []


Overfull \hbox (44.99432pt too wide) in paragraph at lines 77--78
[]\T1/lmr/m/it/10 attribute,
 []


Overfull \hbox (60.33293pt too wide) in paragraph at lines 77--78
[][]\T1/lmr/m/it/10 385[][] 
 []


Overfull \hbox (51.12729pt too wide) in paragraph at lines 78--79
[]\T1/lmr/m/it/10 attribution
 []


Overfull \hbox (57.39441pt too wide) in paragraph at lines 78--79
\T1/lmr/m/it/10 er-
 []


Overfull \hbox (61.09982pt too wide) in paragraph at lines 78--79
\T1/lmr/m/it/10 ror,
 []


Overfull \hbox (62.63306pt too wide) in paragraph at lines 78--79
\T1/lmr/m/it/10 fun-
 []


Overfull \hbox (58.7997pt too wide) in paragraph at lines 78--79
\T1/lmr/m/it/10 da-
 []


Overfull \hbox (66.97774pt too wide) in paragraph at lines 78--79
\T1/lmr/m/it/10 men-
 []


Overfull \hbox (59.05534pt too wide) in paragraph at lines 78--79
\T1/lmr/m/it/10 tal,
 []


Overfull \hbox (55.22195pt too wide) in paragraph at lines 78--79
[][]\T1/lmr/m/it/10 27[][] 
 []




Overfull \hbox (97.84593pt too wide) has occurred while \output is active
\T1/lmr/m/n/10 578 \T1/lmr/m/sl/10 BIBLIOGRAPHIE
 []

[578]
Overfull \hbox (27.51118pt too wide) in paragraph at lines 79--80
[]\T1/lmr/m/it/10 AuC,
 []


Overfull \hbox (63.39958pt too wide) in paragraph at lines 79--80
[][]\T1/lmr/m/it/10 181[][],
 []


Overfull \hbox (63.39958pt too wide) in paragraph at lines 79--80
[][]\T1/lmr/m/it/10 262[][],
 []


Overfull \hbox (60.33293pt too wide) in paragraph at lines 79--80
[][]\T1/lmr/m/it/10 266[][] 
 []


Overfull \hbox (69.91011pt too wide) in paragraph at lines 80--81
[]\T1/lmr/m/it/10 authentication,
 []


Overfull \hbox (63.39958pt too wide) in paragraph at lines 80--81
[][]\T1/lmr/m/it/10 130[][],
 []


Overfull \hbox (60.33293pt too wide) in paragraph at lines 80--81
[][]\T1/lmr/m/it/10 153[][] 
 []


Overfull \hbox (41.35538pt too wide) in paragraph at lines 81--82
[]| \T1/lmr/m/it/10 bio-
 []


Overfull \hbox (61.35574pt too wide) in paragraph at lines 81--82
\T1/lmr/m/it/10 me-
 []


Overfull \hbox (63.2722pt too wide) in paragraph at lines 81--82
\T1/lmr/m/it/10 tric,
 []


Overfull \hbox (60.33293pt too wide) in paragraph at lines 81--82
[][]\T1/lmr/m/it/10 304[][] 
 []


Overfull \hbox (40.8444pt too wide) in paragraph at lines 82--83
[]| \T1/lmr/m/it/10 evi-
 []


Overfull \hbox (72.08852pt too wide) in paragraph at lines 82--83
\T1/lmr/m/it/10 dence,
 []


Overfull \hbox (60.33293pt too wide) in paragraph at lines 82--83
[][]\T1/lmr/m/it/10 130[][] 
 []


Overfull \hbox (41.99442pt too wide) in paragraph at lines 83--84
[]| \T1/lmr/m/it/10 ker-
 []


Overfull \hbox (57.26663pt too wide) in paragraph at lines 83--84
\T1/lmr/m/it/10 be-
 []


Overfull \hbox (60.97215pt too wide) in paragraph at lines 83--84
\T1/lmr/m/it/10 ros,
 []


Overfull \hbox (60.33293pt too wide) in paragraph at lines 83--84
[][]\T1/lmr/m/it/10 317[][] 
 []


Overfull \hbox (51.06677pt too wide) in paragraph at lines 84--85
[]| \T1/lmr/m/it/10 multi-
 []


Overfull \hbox (73.49416pt too wide) in paragraph at lines 84--85
\T1/lmr/m/it/10 factor,
 []


Overfull \hbox (60.33293pt too wide) in paragraph at lines 84--85
[][]\T1/lmr/m/it/10 316[][] 
 []


Overfull \hbox (43.91072pt too wide) in paragraph at lines 85--86
[]| \T1/lmr/m/it/10 one-
 []


Overfull \hbox (64.16689pt too wide) in paragraph at lines 85--86
\T1/lmr/m/it/10 time
 []


Overfull \hbox (66.46655pt too wide) in paragraph at lines 85--86
\T1/lmr/m/it/10 pass-
 []


Overfull \hbox (68.63863pt too wide) in paragraph at lines 85--86
\T1/lmr/m/it/10 word,
 []


Overfull \hbox (60.33293pt too wide) in paragraph at lines 85--86
[][]\T1/lmr/m/it/10 313[][] 
 []


Overfull \hbox (46.46655pt too wide) in paragraph at lines 86--87
[]| \T1/lmr/m/it/10 pass-
 []


Overfull \hbox (68.63863pt too wide) in paragraph at lines 86--87
\T1/lmr/m/it/10 word,
 []


Overfull \hbox (60.33293pt too wide) in paragraph at lines 86--87
[][]\T1/lmr/m/it/10 308[][] 
 []


Overfull \hbox (41.61081pt too wide) in paragraph at lines 87--88
[]| \T1/lmr/m/it/10 pat-
 []


Overfull \hbox (62.7609pt too wide) in paragraph at lines 87--88
\T1/lmr/m/it/10 tern
 []


Overfull \hbox (64.422pt too wide) in paragraph at lines 87--88
\T1/lmr/m/it/10 lock,
 []


Overfull \hbox (60.33293pt too wide) in paragraph at lines 87--88
[][]\T1/lmr/m/it/10 314[][] 
 []


Overfull \hbox (41.99426pt too wide) in paragraph at lines 88--89
[]| \T1/lmr/m/it/10 pre-
 []


Overfull \hbox (65.1886pt too wide) in paragraph at lines 88--89
\T1/lmr/m/it/10 boot,
 []


Overfull \hbox (60.33293pt too wide) in paragraph at lines 88--89
[][]\T1/lmr/m/it/10 351[][] 
 []


Overfull \hbox (42.50523pt too wide) in paragraph at lines 89--90
[]| \T1/lmr/m/it/10 pro-
 []


Overfull \hbox (57.01096pt too wide) in paragraph at lines 89--90
\T1/lmr/m/it/10 to-
 []


Overfull \hbox (59.82199pt too wide) in paragraph at lines 89--90
\T1/lmr/m/it/10 col,
 []


Overfull \hbox (60.33293pt too wide) in paragraph at lines 89--90
[][]\T1/lmr/m/it/10 130[][] 
 []


Overfull \hbox (41.4834pt too wide) in paragraph at lines 90--92
[]| \T1/lmr/m/it/10 ser-
 []


Overfull \hbox (61.48332pt too wide) in paragraph at lines 90--92
\T1/lmr/m/it/10 ver,
 []


Overfull \hbox (58.2886pt too wide) in paragraph at lines 90--92
[][]\T1/lmr/m/it/10 66[][],
 []


Overfull \hbox (63.39958pt too wide) in paragraph at lines 90--92
[][]\T1/lmr/m/it/10 131[][],
 []


Overfull \hbox (63.39958pt too wide) in paragraph at lines 90--92
[][]\T1/lmr/m/it/10 256[][],
 []


Overfull \hbox (60.33293pt too wide) in paragraph at lines 90--92
[][]\T1/lmr/m/it/10 314[][] 
 []




Overfull \hbox (54.51639pt too wide) in paragraph at lines 92--93
[]| \T1/lmr/m/it/10 strong,
 []


Overfull \hbox (63.39958pt too wide) in paragraph at lines 92--93
[][]\T1/lmr/m/it/10 130[][],
 []


Overfull \hbox (60.33293pt too wide) in paragraph at lines 92--93
[][]\T1/lmr/m/it/10 133[][] 
 []


Overfull \hbox (57.32738pt too wide) in paragraph at lines 93--94
[]| \T1/lmr/m/it/10 through
 []


Overfull \hbox (58.03322pt too wide) in paragraph at lines 93--94
\T1/lmr/m/it/10 the
 []


Overfull \hbox (61.61089pt too wide) in paragraph at lines 93--94
\T1/lmr/m/it/10 net,
 []


Overfull \hbox (60.33293pt too wide) in paragraph at lines 93--94
[][]\T1/lmr/m/it/10 316[][] 
 []


Overfull \hbox (54.51639pt too wide) in paragraph at lines 94--95
[]| \T1/lmr/m/it/10 trends,
 []


Overfull \hbox (60.33293pt too wide) in paragraph at lines 94--95
[][]\T1/lmr/m/it/10 316[][] 
 []


Overfull \hbox (48.511pt too wide) in paragraph at lines 95--96
[]| \T1/lmr/m/it/10 weak,
 []


Overfull \hbox (60.33293pt too wide) in paragraph at lines 95--96
[][]\T1/lmr/m/it/10 130[][] 
 []


Overfull \hbox (43.14435pt too wide) in paragraph at lines 96--97
[]| \T1/lmr/m/it/10 with
 []


Overfull \hbox (74.80551pt too wide) in paragraph at lines 96--97
\T1/lmr/m/it/10 PKCS,
 []


Overfull \hbox (55.22195pt too wide) in paragraph at lines 96--97
[][]\T1/lmr/m/it/10 66[][] 
 []


Overfull \hbox (43.14435pt too wide) in paragraph at lines 97--98
[]| \T1/lmr/m/it/10 with
 []


Overfull \hbox (73.64401pt too wide) in paragraph at lines 97--98
\T1/lmr/m/it/10 SKCS,
 []


Overfull \hbox (60.33293pt too wide) in paragraph at lines 97--98
[][]\T1/lmr/m/it/10 131[][] 
 []


Overfull \hbox (46.08325pt too wide) in paragraph at lines 98--99
[]| \T1/lmr/m/it/10 zero-
 []


Overfull \hbox (91.51057pt too wide) in paragraph at lines 98--99
\T1/lmr/m/it/10 knowledge,
 []


Overfull \hbox (60.33293pt too wide) in paragraph at lines 98--99
[][]\T1/lmr/m/it/10 131[][] 
 []


Overfull \hbox (66.84346pt too wide) in paragraph at lines 99--100
[]\T1/lmr/m/it/10 authentication
 []


Overfull \hbox (66.46637pt too wide) in paragraph at lines 99--100
\T1/lmr/m/it/10 code,
 []


Overfull \hbox (60.33293pt too wide) in paragraph at lines 99--100
[][]\T1/lmr/m/it/10 313[][] 
 []


Overfull \hbox (65.43813pt too wide) in paragraph at lines 100--101
[]\T1/lmr/m/it/10 authenticator,
 []


Overfull \hbox (63.39958pt too wide) in paragraph at lines 100--101
[][]\T1/lmr/m/it/10 131[][],
 []


Overfull \hbox (60.33293pt too wide) in paragraph at lines 100--101
[][]\T1/lmr/m/it/10 152[][] 
 []


Overfull \hbox (63.7995pt too wide) in paragraph at lines 101--102
[]\T1/lmr/m/it/10 Authenticode,
 []


Overfull \hbox (60.33293pt too wide) in paragraph at lines 101--102
[][]\T1/lmr/m/it/10 405[][] 
 []


Overfull \hbox (65.69362pt too wide) in paragraph at lines 102--103
[]\T1/lmr/m/it/10 authorisation,
 []


Overfull \hbox (60.33293pt too wide) in paragraph at lines 102--103
[][]\T1/lmr/m/it/10 321[][] 
 []


Overfull \hbox (60.32726pt too wide) in paragraph at lines 103--104
[]\T1/lmr/m/it/10 authoritative
 []


Overfull \hbox (69.18321pt too wide) in paragraph at lines 103--104
\T1/lmr/m/it/10 DNS-
 []


Overfull \hbox (74.38898pt too wide) in paragraph at lines 103--104
\T1/lmr/m/it/10 server,
 []


Overfull \hbox (60.33293pt too wide) in paragraph at lines 103--104
[][]\T1/lmr/m/it/10 280[][] 
 []


Overfull \hbox (18.84476pt too wide) in paragraph at lines 104--105
[]\T1/lmr/m/it/10 AV
 []


Overfull \hbox (61.61122pt too wide) in paragraph at lines 104--105
\T1/lmr/m/it/10 sys-
 []


Overfull \hbox (64.16689pt too wide) in paragraph at lines 104--105
\T1/lmr/m/it/10 tem,
 []


Overfull \hbox (60.33293pt too wide) in paragraph at lines 104--105
[][]\T1/lmr/m/it/10 379[][] 
 []


Overfull \hbox (44.42169pt too wide) in paragraph at lines 105--106
[]| \T1/lmr/m/it/10 ano-
 []


Overfull \hbox (65.69995pt too wide) in paragraph at lines 105--106
\T1/lmr/m/it/10 maly
 []


Overfull \hbox (58.28873pt too wide) in paragraph at lines 105--106
\T1/lmr/m/it/10 de-
 []


Overfull \hbox (60.58887pt too wide) in paragraph at lines 105--106
\T1/lmr/m/it/10 tec-
 []


Overfull \hbox (65.1885pt too wide) in paragraph at lines 105--106
\T1/lmr/m/it/10 tion,
 []


Overfull \hbox (60.33293pt too wide) in paragraph at lines 105--106
[][]\T1/lmr/m/it/10 181[][] 
 []




Overfull \hbox (97.84593pt too wide) has occurred while \output is active
\T1/lmr/m/sl/10 BIBLIOGRAPHIE \T1/lmr/m/n/10 579
 []

[579]
Overfull \hbox (37.26663pt too wide) in paragraph at lines 106--107
[]| \T1/lmr/m/it/10 be-
 []


Overfull \hbox (58.7997pt too wide) in paragraph at lines 106--107
\T1/lmr/m/it/10 ha-
 []


Overfull \hbox (67.36096pt too wide) in paragraph at lines 106--107
\T1/lmr/m/it/10 viour
 []


Overfull \hbox (57.7776pt too wide) in paragraph at lines 106--107
\T1/lmr/m/it/10 ba-
 []


Overfull \hbox (61.3555pt too wide) in paragraph at lines 106--107
\T1/lmr/m/it/10 sed,
 []


Overfull \hbox (63.39958pt too wide) in paragraph at lines 106--107
[][]\T1/lmr/m/it/10 181[][],
 []


Overfull \hbox (60.33293pt too wide) in paragraph at lines 106--107
[][]\T1/lmr/m/it/10 379[][] 
 []


Overfull \hbox (33.68864pt too wide) in paragraph at lines 107--108
[]| \T1/lmr/m/it/10 in
 []


Overfull \hbox (56.49998pt too wide) in paragraph at lines 107--108
\T1/lmr/m/it/10 te-
 []


Overfull \hbox (55.73323pt too wide) in paragraph at lines 107--108
\T1/lmr/m/it/10 le-
 []


Overfull \hbox (73.62158pt too wide) in paragraph at lines 107--108
\T1/lmr/m/it/10 phone,
 []


Overfull \hbox (60.33293pt too wide) in paragraph at lines 107--108
[][]\T1/lmr/m/it/10 380[][] 
 []


Overfull \hbox (39.82239pt too wide) in paragraph at lines 108--109
[]| \T1/lmr/m/it/10 mi-
 []


Overfull \hbox (63.14465pt too wide) in paragraph at lines 108--109
\T1/lmr/m/it/10 suse
 []


Overfull \hbox (58.28873pt too wide) in paragraph at lines 108--109
\T1/lmr/m/it/10 de-
 []


Overfull \hbox (60.58887pt too wide) in paragraph at lines 108--109
\T1/lmr/m/it/10 tec-
 []


Overfull \hbox (65.1885pt too wide) in paragraph at lines 108--109
\T1/lmr/m/it/10 tion,
 []


Overfull \hbox (60.33293pt too wide) in paragraph at lines 108--109
[][]\T1/lmr/m/it/10 181[][] 
 []


Overfull \hbox (35.73338pt too wide) in paragraph at lines 109--110
[]| \T1/lmr/m/it/10 si-
 []


Overfull \hbox (63.91072pt too wide) in paragraph at lines 109--110
\T1/lmr/m/it/10 gna-
 []


Overfull \hbox (61.99445pt too wide) in paragraph at lines 109--110
\T1/lmr/m/it/10 ture
 []


Overfull \hbox (57.7776pt too wide) in paragraph at lines 109--110
\T1/lmr/m/it/10 ba-
 []


Overfull \hbox (61.3555pt too wide) in paragraph at lines 109--110
\T1/lmr/m/it/10 sed,
 []


Overfull \hbox (60.33293pt too wide) in paragraph at lines 109--110
[][]\T1/lmr/m/it/10 379[][] 
 []


Overfull \hbox (55.08824pt too wide) in paragraph at lines 110--112
[]\T1/lmr/m/it/10 availability,
 []


Overfull \hbox (58.2886pt too wide) in paragraph at lines 110--112
[][]\T1/lmr/m/it/10 12[][],
 []


Overfull \hbox (58.2886pt too wide) in paragraph at lines 110--112
[][]\T1/lmr/m/it/10 14[][],
 []


Overfull \hbox (63.39958pt too wide) in paragraph at lines 110--112
[][]\T1/lmr/m/it/10 210[][],
 []


Overfull \hbox (60.33293pt too wide) in paragraph at lines 110--112
[][]\T1/lmr/m/it/10 272[][] 
 []

Missing character: There is no ﬀ ("FB00) in font ec-lmri10!

Overfull \hbox (47.4214pt too wide) in paragraph at lines 112--113
[]\T1/lmr/m/it/10 avalanche
 []


Overfull \hbox (64.67778pt too wide) in paragraph at lines 112--113
\T1/lmr/m/it/10 eect,
 []


Overfull \hbox (60.33293pt too wide) in paragraph at lines 112--113
[][]\T1/lmr/m/it/10 121[][] 
 []


Overfull \hbox (48.57196pt too wide) in paragraph at lines 113--114
[]\T1/lmr/m/it/10 awareness
 []


Overfull \hbox (65.9556pt too wide) in paragraph at lines 113--114
\T1/lmr/m/it/10 cam-
 []


Overfull \hbox (71.06613pt too wide) in paragraph at lines 113--114
\T1/lmr/m/it/10 paign,
 []


Overfull \hbox (63.39958pt too wide) in paragraph at lines 113--114
[][]\T1/lmr/m/it/10 434[][],
 []


Overfull \hbox (60.33293pt too wide) in paragraph at lines 113--114
[][]\T1/lmr/m/it/10 435[][] 
 []


Overfull \hbox (45.50499pt too wide) in paragraph at lines 117--118
[]\T1/lmr/m/it/10 backdoor,
 []


Overfull \hbox (58.2886pt too wide) in paragraph at lines 117--118
[][]\T1/lmr/m/it/10 21[][],
 []


Overfull \hbox (63.39958pt too wide) in paragraph at lines 117--118
[][]\T1/lmr/m/it/10 375[][],
 []


Overfull \hbox (60.33293pt too wide) in paragraph at lines 117--118
[][]\T1/lmr/m/it/10 469[][] 
 []


Overfull \hbox (36.94417pt too wide) in paragraph at lines 118--119
[]\T1/lmr/m/it/10 backup,
 []


Overfull \hbox (60.33293pt too wide) in paragraph at lines 118--119
[][]\T1/lmr/m/it/10 429[][] 
 []




Overfull \hbox (25.9555pt too wide) in paragraph at lines 119--120
[]\T1/lmr/m/it/10 base,
 []


Overfull \hbox (60.33293pt too wide) in paragraph at lines 119--120
[][]\T1/lmr/m/it/10 502[][] 
 []


Overfull \hbox (33.11081pt too wide) in paragraph at lines 120--121
[]\T1/lmr/m/it/10 base64
 []


Overfull \hbox (58.79974pt too wide) in paragraph at lines 120--121
\T1/lmr/m/it/10 en-
 []


Overfull \hbox (57.7776pt too wide) in paragraph at lines 120--121
\T1/lmr/m/it/10 co-
 []


Overfull \hbox (66.46628pt too wide) in paragraph at lines 120--121
\T1/lmr/m/it/10 ding,
 []


Overfull \hbox (63.39958pt too wide) in paragraph at lines 120--121
[][]\T1/lmr/m/it/10 197[][],
 []


Overfull \hbox (60.33293pt too wide) in paragraph at lines 120--121
[][]\T1/lmr/m/it/10 394[][] 
 []


Overfull \hbox (38.73299pt too wide) in paragraph at lines 121--122
[]\T1/lmr/m/it/10 baseline
 []


Overfull \hbox (57.7776pt too wide) in paragraph at lines 121--122
\T1/lmr/m/it/10 ba-
 []


Overfull \hbox (58.28885pt too wide) in paragraph at lines 121--122
\T1/lmr/m/it/10 sed
 []


Overfull \hbox (64.42169pt too wide) in paragraph at lines 121--122
\T1/lmr/m/it/10 ana-
 []


Overfull \hbox (55.98872pt too wide) in paragraph at lines 121--122
\T1/lmr/m/it/10 ly-
 []


Overfull \hbox (59.31128pt too wide) in paragraph at lines 121--122
\T1/lmr/m/it/10 sis,
 []


Overfull \hbox (60.33293pt too wide) in paragraph at lines 121--122
[][]\T1/lmr/m/it/10 253[][] 
 []


Overfull \hbox (25.9555pt too wide) in paragraph at lines 122--123
[]\T1/lmr/m/it/10 basic
 []


Overfull \hbox (59.05539pt too wide) in paragraph at lines 122--123
\T1/lmr/m/it/10 au-
 []


Overfull \hbox (67.23296pt too wide) in paragraph at lines 122--123
\T1/lmr/m/it/10 then-
 []


Overfull \hbox (54.96663pt too wide) in paragraph at lines 122--123
\T1/lmr/m/it/10 ti-
 []


Overfull \hbox (57.7776pt too wide) in paragraph at lines 122--123
\T1/lmr/m/it/10 ca-
 []


Overfull \hbox (65.1885pt too wide) in paragraph at lines 122--123
\T1/lmr/m/it/10 tion,
 []


Overfull \hbox (60.33293pt too wide) in paragraph at lines 122--123
[][]\T1/lmr/m/it/10 393[][] 
 []


Overfull \hbox (35.4107pt too wide) in paragraph at lines 123--124
[]\T1/lmr/m/it/10 bastion
 []


Overfull \hbox (65.69983pt too wide) in paragraph at lines 123--124
\T1/lmr/m/it/10 host,
 []


Overfull \hbox (63.39958pt too wide) in paragraph at lines 123--124
[][]\T1/lmr/m/it/10 245[][],
 []


Overfull \hbox (63.39958pt too wide) in paragraph at lines 123--124
[][]\T1/lmr/m/it/10 248[][],
 []


Overfull \hbox (60.33293pt too wide) in paragraph at lines 123--124
[][]\T1/lmr/m/it/10 250[][] 
 []


Overfull \hbox (29.04465pt too wide) in paragraph at lines 124--125
[]\T1/lmr/m/it/10 BCP,
 []


Overfull \hbox (60.33293pt too wide) in paragraph at lines 124--125
[][]\T1/lmr/m/it/10 425[][] 
 []


Overfull \hbox (36.88329pt too wide) in paragraph at lines 125--126
[]| \T1/lmr/m/it/10 re-
 []


Overfull \hbox (71.96106pt too wide) in paragraph at lines 125--126
\T1/lmr/m/it/10 source
 []


Overfull \hbox (56.88329pt too wide) in paragraph at lines 125--126
\T1/lmr/m/it/10 re-
 []


Overfull \hbox (61.61107pt too wide) in paragraph at lines 125--126
\T1/lmr/m/it/10 qui-
 []


Overfull \hbox (56.88329pt too wide) in paragraph at lines 125--126
\T1/lmr/m/it/10 re-
 []


Overfull \hbox (73.87787pt too wide) in paragraph at lines 125--126
\T1/lmr/m/it/10 ments,
 []


Overfull \hbox (60.33293pt too wide) in paragraph at lines 125--126
[][]\T1/lmr/m/it/10 427[][] 
 []


Overfull \hbox (19.70566pt too wide) in paragraph at lines 126--127
[]\T1/lmr/m/it/10 Big
 []


Overfull \hbox (64.43326pt too wide) in paragraph at lines 126--127
\T1/lmr/m/it/10 Bro-
 []


Overfull \hbox (62.24988pt too wide) in paragraph at lines 126--127
\T1/lmr/m/it/10 ther
 []


Overfull \hbox (57.77771pt too wide) in paragraph at lines 126--127
\T1/lmr/m/it/10 so-
 []


Overfull \hbox (68.51105pt too wide) in paragraph at lines 126--127
\T1/lmr/m/it/10 ciety,
 []


Overfull \hbox (60.33293pt too wide) in paragraph at lines 126--127
[][]\T1/lmr/m/it/10 447[][] 
 []


Overfull \hbox (37.32782pt too wide) in paragraph at lines 127--128
[]\T1/lmr/m/it/10 bigram,
 []


Overfull \hbox (55.22195pt too wide) in paragraph at lines 127--128
[][]\T1/lmr/m/it/10 71[][] 
 []


Overfull \hbox (32.47179pt too wide) in paragraph at lines 128--129
[]\T1/lmr/m/it/10 binary
 []


Overfull \hbox (66.72182pt too wide) in paragraph at lines 128--129
\T1/lmr/m/it/10 data,
 []


Overfull \hbox (55.22195pt too wide) in paragraph at lines 128--129
[][]\T1/lmr/m/it/10 74[][] 
 []




Overfull \hbox (97.84593pt too wide) has occurred while \output is active
\T1/lmr/m/n/10 580 \T1/lmr/m/sl/10 BIBLIOGRAPHIE
 []

[580]
Overfull \hbox (32.47179pt too wide) in paragraph at lines 129--130
[]\T1/lmr/m/it/10 binary
 []


Overfull \hbox (56.75537pt too wide) in paragraph at lines 129--130
\T1/lmr/m/it/10 di-
 []


Overfull \hbox (59.05554pt too wide) in paragraph at lines 129--130
\T1/lmr/m/it/10 git,
 []


Overfull \hbox (60.33293pt too wide) in paragraph at lines 129--130
[][]\T1/lmr/m/it/10 500[][] 
 []


Overfull \hbox (45.76118pt too wide) in paragraph at lines 130--131
[]\T1/lmr/m/it/10 biometric
 []


Overfull \hbox (59.05539pt too wide) in paragraph at lines 130--131
\T1/lmr/m/it/10 au-
 []


Overfull \hbox (67.23296pt too wide) in paragraph at lines 130--131
\T1/lmr/m/it/10 then-
 []


Overfull \hbox (54.96663pt too wide) in paragraph at lines 130--131
\T1/lmr/m/it/10 ti-
 []


Overfull \hbox (57.7776pt too wide) in paragraph at lines 130--131
\T1/lmr/m/it/10 ca-
 []


Overfull \hbox (65.1885pt too wide) in paragraph at lines 130--131
\T1/lmr/m/it/10 tion,
 []


Overfull \hbox (60.33293pt too wide) in paragraph at lines 130--131
[][]\T1/lmr/m/it/10 304[][] 
 []


Overfull \hbox (45.76118pt too wide) in paragraph at lines 131--132
[]\T1/lmr/m/it/10 biometric
 []


Overfull \hbox (58.28857pt too wide) in paragraph at lines 131--132
\T1/lmr/m/it/10 pa-
 []


Overfull \hbox (57.39426pt too wide) in paragraph at lines 131--132
\T1/lmr/m/it/10 ra-
 []


Overfull \hbox (61.35574pt too wide) in paragraph at lines 131--132
\T1/lmr/m/it/10 me-
 []


Overfull \hbox (60.20555pt too wide) in paragraph at lines 131--132
\T1/lmr/m/it/10 ter,
 []


Overfull \hbox (60.33293pt too wide) in paragraph at lines 131--132
[][]\T1/lmr/m/it/10 304[][] 
 []


Overfull \hbox (45.76118pt too wide) in paragraph at lines 132--133
[]\T1/lmr/m/it/10 biometric
 []


Overfull \hbox (62.50523pt too wide) in paragraph at lines 132--133
\T1/lmr/m/it/10 pro-
 []


Overfull \hbox (69.6609pt too wide) in paragraph at lines 132--133
\T1/lmr/m/it/10 perty,
 []


Overfull \hbox (60.33293pt too wide) in paragraph at lines 132--133
[][]\T1/lmr/m/it/10 483[][] 
 []


Overfull \hbox (32.25014pt too wide) in paragraph at lines 133--134
[]\T1/lmr/m/it/10 BIOS,
 []


Overfull \hbox (63.39958pt too wide) in paragraph at lines 133--134
[][]\T1/lmr/m/it/10 348[][],
 []


Overfull \hbox (63.39958pt too wide) in paragraph at lines 133--134
[][]\T1/lmr/m/it/10 356[][],
 []


Overfull \hbox (60.33293pt too wide) in paragraph at lines 133--134
[][]\T1/lmr/m/it/10 488[][] 
 []


Overfull \hbox (40.39398pt too wide) in paragraph at lines 134--135
[]\T1/lmr/m/it/10 birthday
 []


Overfull \hbox (58.28857pt too wide) in paragraph at lines 134--135
\T1/lmr/m/it/10 pa-
 []


Overfull \hbox (57.39426pt too wide) in paragraph at lines 134--135
\T1/lmr/m/it/10 ra-
 []


Overfull \hbox (62.9276pt too wide) in paragraph at lines 134--135
\T1/lmr/m/it/10 dox,
 []


Overfull \hbox (63.39958pt too wide) in paragraph at lines 134--135
[][]\T1/lmr/m/it/10 120[][],
 []


Overfull \hbox (60.33293pt too wide) in paragraph at lines 134--135
[][]\T1/lmr/m/it/10 514[][] 
 []


Overfull \hbox (41.99426pt too wide) in paragraph at lines 135--136
[]| \T1/lmr/m/it/10 per-
 []


Overfull \hbox (60.84413pt too wide) in paragraph at lines 135--136
\T1/lmr/m/it/10 iod,
 []


Overfull \hbox (55.22195pt too wide) in paragraph at lines 135--136
[][]\T1/lmr/m/it/10 88[][] 
 []


Overfull \hbox (57.96634pt too wide) in paragraph at lines 136--137
[]| \T1/lmr/m/it/10 pseudo-
 []


Overfull \hbox (80.9051pt too wide) in paragraph at lines 136--137
\T1/lmr/m/it/10 random,
 []


Overfull \hbox (55.22195pt too wide) in paragraph at lines 136--137
[][]\T1/lmr/m/it/10 42[][] 
 []


Overfull \hbox (43.01625pt too wide) in paragraph at lines 137--138
[]| \T1/lmr/m/it/10 ran-
 []


Overfull \hbox (66.4666pt too wide) in paragraph at lines 137--138
\T1/lmr/m/it/10 dom,
 []


Overfull \hbox (55.22195pt too wide) in paragraph at lines 137--138
[][]\T1/lmr/m/it/10 42[][] 
 []


Overfull \hbox (43.6555pt too wide) in paragraph at lines 138--139
[]| \T1/lmr/m/it/10 shift
 []


Overfull \hbox (56.88329pt too wide) in paragraph at lines 138--139
\T1/lmr/m/it/10 re-
 []


Overfull \hbox (60.33339pt too wide) in paragraph at lines 138--139
\T1/lmr/m/it/10 gis-
 []


Overfull \hbox (57.1389pt too wide) in paragraph at lines 138--139
\T1/lmr/m/it/10 ter
 []


Overfull \hbox (57.7776pt too wide) in paragraph at lines 138--139
\T1/lmr/m/it/10 ba-
 []


Overfull \hbox (61.3555pt too wide) in paragraph at lines 138--139
\T1/lmr/m/it/10 sed,
 []


Overfull \hbox (55.22195pt too wide) in paragraph at lines 138--139
[][]\T1/lmr/m/it/10 88[][] 
 []




Overfull \hbox (49.87193pt too wide) in paragraph at lines 139--140
[]\T1/lmr/m/it/10 BitLocker,
 []


Overfull \hbox (60.33293pt too wide) in paragraph at lines 139--140
[][]\T1/lmr/m/it/10 349[][] 
 []


Overfull \hbox (31.4611pt too wide) in paragraph at lines 140--141
[]\T1/lmr/m/it/10 Blaise
 []


Overfull \hbox (54.71098pt too wide) in paragraph at lines 140--141
\T1/lmr/m/it/10 de
 []


Overfull \hbox (58.69452pt too wide) in paragraph at lines 140--141
\T1/lmr/m/it/10 Vi-
 []


Overfull \hbox (57.77776pt too wide) in paragraph at lines 140--141
\T1/lmr/m/it/10 ge-
 []


Overfull \hbox (66.5942pt too wide) in paragraph at lines 140--141
\T1/lmr/m/it/10 nère,
 []


Overfull \hbox (55.22195pt too wide) in paragraph at lines 140--141
[][]\T1/lmr/m/it/10 74[][] 
 []


Overfull \hbox (25.95535pt too wide) in paragraph at lines 141--142
[]\T1/lmr/m/it/10 block
 []


Overfull \hbox (56.2444pt too wide) in paragraph at lines 141--142
\T1/lmr/m/it/10 ci-
 []


Overfull \hbox (67.10527pt too wide) in paragraph at lines 141--142
\T1/lmr/m/it/10 pher,
 []


Overfull \hbox (60.33293pt too wide) in paragraph at lines 141--142
[][]\T1/lmr/m/it/10 124[][] 
 []


Overfull \hbox (50.55548pt too wide) in paragraph at lines 142--144
[]| \T1/lmr/m/it/10 mode,
 []


Overfull \hbox (58.2886pt too wide) in paragraph at lines 142--144
[][]\T1/lmr/m/it/10 84[][],
 []


Overfull \hbox (58.2886pt too wide) in paragraph at lines 142--144
[][]\T1/lmr/m/it/10 86[][],
 []


Overfull \hbox (63.39958pt too wide) in paragraph at lines 142--144
[][]\T1/lmr/m/it/10 124[][],
 []


Overfull \hbox (63.39958pt too wide) in paragraph at lines 142--144
[][]\T1/lmr/m/it/10 225[][],
 []


Overfull \hbox (60.33293pt too wide) in paragraph at lines 142--144
[][]\T1/lmr/m/it/10 317[][] 
 []


Overfull \hbox (60.08315pt too wide) in paragraph at lines 144--145
[]\T1/lmr/m/it/10 Bluebugging,
 []


Overfull \hbox (60.33293pt too wide) in paragraph at lines 144--145
[][]\T1/lmr/m/it/10 262[][] 
 []


Overfull \hbox (58.2941pt too wide) in paragraph at lines 145--146
[]\T1/lmr/m/it/10 Bluejacking,
 []


Overfull \hbox (60.33293pt too wide) in paragraph at lines 145--146
[][]\T1/lmr/m/it/10 262[][] 
 []

Missing character: There is no ﬁ ("FB01) in font ec-lmri10!

Overfull \hbox (56.88843pt too wide) in paragraph at lines 146--147
[]\T1/lmr/m/it/10 Bluesnarng,
 []


Overfull \hbox (60.33293pt too wide) in paragraph at lines 146--147
[][]\T1/lmr/m/it/10 262[][] 
 []


Overfull \hbox (39.05539pt too wide) in paragraph at lines 147--148
[]| \T1/lmr/m/it/10 au-
 []


Overfull \hbox (67.23296pt too wide) in paragraph at lines 147--148
\T1/lmr/m/it/10 then-
 []


Overfull \hbox (54.96663pt too wide) in paragraph at lines 147--148
\T1/lmr/m/it/10 ti-
 []


Overfull \hbox (57.7776pt too wide) in paragraph at lines 147--148
\T1/lmr/m/it/10 ca-
 []


Overfull \hbox (65.1885pt too wide) in paragraph at lines 147--148
\T1/lmr/m/it/10 tion,
 []


Overfull \hbox (60.33293pt too wide) in paragraph at lines 147--148
[][]\T1/lmr/m/it/10 260[][] 
 []


Overfull \hbox (38.79974pt too wide) in paragraph at lines 148--149
[]| \T1/lmr/m/it/10 en-
 []


Overfull \hbox (67.36089pt too wide) in paragraph at lines 148--149
\T1/lmr/m/it/10 cryp-
 []


Overfull \hbox (62.12186pt too wide) in paragraph at lines 148--149
\T1/lmr/m/it/10 tion
 []


Overfull \hbox (62.12216pt too wide) in paragraph at lines 148--149
\T1/lmr/m/it/10 key,
 []


Overfull \hbox (60.33293pt too wide) in paragraph at lines 148--149
[][]\T1/lmr/m/it/10 258[][] 
 []


Overfull \hbox (40.84413pt too wide) in paragraph at lines 149--150
[]| \T1/lmr/m/it/10 link
 []


Overfull \hbox (62.12216pt too wide) in paragraph at lines 149--150
\T1/lmr/m/it/10 key,
 []


Overfull \hbox (60.33293pt too wide) in paragraph at lines 149--150
[][]\T1/lmr/m/it/10 259[][] 
 []


Overfull \hbox (41.35522pt too wide) in paragraph at lines 150--151
[]| \T1/lmr/m/it/10 pai-
 []


Overfull \hbox (65.57196pt too wide) in paragraph at lines 150--151
\T1/lmr/m/it/10 ring,
 []


Overfull \hbox (60.33293pt too wide) in paragraph at lines 150--151
[][]\T1/lmr/m/it/10 259[][] 
 []


Overfull \hbox (37.26674pt too wide) in paragraph at lines 151--152
[]| \T1/lmr/m/it/10 se-
 []


Overfull \hbox (58.54442pt too wide) in paragraph at lines 151--152
\T1/lmr/m/it/10 cu-
 []


Overfull \hbox (63.5277pt too wide) in paragraph at lines 151--152
\T1/lmr/m/it/10 rity,
 []


Overfull \hbox (60.33293pt too wide) in paragraph at lines 151--152
[][]\T1/lmr/m/it/10 257[][] 
 []




Overfull \hbox (97.84593pt too wide) has occurred while \output is active
\T1/lmr/m/sl/10 BIBLIOGRAPHIE \T1/lmr/m/n/10 581
 []

[581]
Overfull \hbox (46.09413pt too wide) in paragraph at lines 152--153
[]| \T1/lmr/m/it/10 SSP,
 []


Overfull \hbox (60.33293pt too wide) in paragraph at lines 152--153
[][]\T1/lmr/m/it/10 260[][] 
 []


Overfull \hbox (36.71098pt too wide) in paragraph at lines 153--154
[]\T1/lmr/m/it/10 BluRay
 []


Overfull \hbox (64.93327pt too wide) in paragraph at lines 153--154
\T1/lmr/m/it/10 disk,
 []


Overfull \hbox (60.33293pt too wide) in paragraph at lines 153--154
[][]\T1/lmr/m/it/10 481[][] 
 []


Overfull \hbox (25.1886pt too wide) in paragraph at lines 154--155
[]\T1/lmr/m/it/10 boot,
 []


Overfull \hbox (60.33293pt too wide) in paragraph at lines 154--155
[][]\T1/lmr/m/it/10 488[][] 
 []


Overfull \hbox (22.12195pt too wide) in paragraph at lines 155--156
[]\T1/lmr/m/it/10 boot
 []


Overfull \hbox (60.84406pt too wide) in paragraph at lines 155--156
\T1/lmr/m/it/10 loa-
 []


Overfull \hbox (61.9943pt too wide) in paragraph at lines 155--156
\T1/lmr/m/it/10 der,
 []


Overfull \hbox (60.33293pt too wide) in paragraph at lines 155--156
[][]\T1/lmr/m/it/10 356[][] 
 []


Overfull \hbox (22.12195pt too wide) in paragraph at lines 156--157
[]\T1/lmr/m/it/10 boot
 []


Overfull \hbox (61.86671pt too wide) in paragraph at lines 156--157
\T1/lmr/m/it/10 ma-
 []


Overfull \hbox (59.31071pt too wide) in paragraph at lines 156--157
\T1/lmr/m/it/10 na-
 []


Overfull \hbox (61.48332pt too wide) in paragraph at lines 156--157
\T1/lmr/m/it/10 ger,
 []


Overfull \hbox (60.33293pt too wide) in paragraph at lines 156--157
[][]\T1/lmr/m/it/10 356[][] 
 []


Overfull \hbox (22.12195pt too wide) in paragraph at lines 157--158
[]\T1/lmr/m/it/10 boot
 []


Overfull \hbox (61.35562pt too wide) in paragraph at lines 157--158
\T1/lmr/m/it/10 sec-
 []


Overfull \hbox (60.71652pt too wide) in paragraph at lines 157--158
\T1/lmr/m/it/10 tor,
 []


Overfull \hbox (60.33293pt too wide) in paragraph at lines 157--158
[][]\T1/lmr/m/it/10 356[][] 
 []


Overfull \hbox (36.17749pt too wide) in paragraph at lines 158--159
[]\T1/lmr/m/it/10 bootkit,
 []


Overfull \hbox (63.39958pt too wide) in paragraph at lines 158--159
[][]\T1/lmr/m/it/10 348[][],
 []


Overfull \hbox (60.33293pt too wide) in paragraph at lines 158--159
[][]\T1/lmr/m/it/10 356[][] 
 []


Overfull \hbox (34.13298pt too wide) in paragraph at lines 159--160
[]\T1/lmr/m/it/10 botnet,
 []


Overfull \hbox (53.17763pt too wide) in paragraph at lines 159--160
[][]\T1/lmr/m/it/10 6[][],
 []


Overfull \hbox (53.17763pt too wide) in paragraph at lines 159--160
[][]\T1/lmr/m/it/10 9[][],
 []


Overfull \hbox (60.33293pt too wide) in paragraph at lines 159--160
[][]\T1/lmr/m/it/10 277[][] 
 []


Overfull \hbox (27.10516pt too wide) in paragraph at lines 160--161
[]\T1/lmr/m/it/10 brain
 []


Overfull \hbox (67.48883pt too wide) in paragraph at lines 160--161
\T1/lmr/m/it/10 mode
 []


Overfull \hbox (53.17763pt too wide) in paragraph at lines 160--161
\T1/lmr/m/it/10 of
 []


Overfull \hbox (62.88858pt too wide) in paragraph at lines 160--161
\T1/lmr/m/it/10 ope-
 []


Overfull \hbox (57.39426pt too wide) in paragraph at lines 160--161
\T1/lmr/m/it/10 ra-
 []


Overfull \hbox (65.1885pt too wide) in paragraph at lines 160--161
\T1/lmr/m/it/10 tion,
 []


Overfull \hbox (55.22195pt too wide) in paragraph at lines 160--161
[][]\T1/lmr/m/it/10 25[][] 
 []


Overfull \hbox (32.21638pt too wide) in paragraph at lines 161--162
[]\T1/lmr/m/it/10 breach
 []


Overfull \hbox (53.17763pt too wide) in paragraph at lines 161--162
\T1/lmr/m/it/10 of
 []


Overfull \hbox (57.7776pt too wide) in paragraph at lines 161--162
\T1/lmr/m/it/10 co-
 []


Overfull \hbox (58.54422pt too wide) in paragraph at lines 161--162
\T1/lmr/m/it/10 py-
 []


Overfull \hbox (68.38318pt too wide) in paragraph at lines 161--162
\T1/lmr/m/it/10 right,
 []


Overfull \hbox (60.33293pt too wide) in paragraph at lines 161--162
[][]\T1/lmr/m/it/10 445[][] 
 []


Overfull \hbox (34.26096pt too wide) in paragraph at lines 162--163
[]\T1/lmr/m/it/10 bridge,
 []


Overfull \hbox (63.39958pt too wide) in paragraph at lines 162--163
[][]\T1/lmr/m/it/10 170[][],
 []


Overfull \hbox (60.33293pt too wide) in paragraph at lines 162--163
[][]\T1/lmr/m/it/10 483[][] 
 []


Overfull \hbox (30.68332pt too wide) in paragraph at lines 163--165
[]\T1/lmr/m/it/10 brute-
 []


Overfull \hbox (65.57205pt too wide) in paragraph at lines 163--165
\T1/lmr/m/it/10 force
 []


Overfull \hbox (57.01096pt too wide) in paragraph at lines 163--165
\T1/lmr/m/it/10 at-
 []


Overfull \hbox (65.69987pt too wide) in paragraph at lines 163--165
\T1/lmr/m/it/10 tack,
 []


Overfull \hbox (58.2886pt too wide) in paragraph at lines 163--165
[][]\T1/lmr/m/it/10 68[][],
 []


Overfull \hbox (63.39958pt too wide) in paragraph at lines 163--165
[][]\T1/lmr/m/it/10 124[][],
 []


Overfull \hbox (63.39958pt too wide) in paragraph at lines 163--165
[][]\T1/lmr/m/it/10 260[][],
 []


Overfull \hbox (60.33293pt too wide) in paragraph at lines 163--165
[][]\T1/lmr/m/it/10 308[][] 
 []




Overfull \hbox (29.80019pt too wide) in paragraph at lines 165--166
[]\T1/lmr/m/it/10 Btrfs,
 []


Overfull \hbox (60.33293pt too wide) in paragraph at lines 165--166
[][]\T1/lmr/m/it/10 432[][] 
 []


Overfull \hbox (27.88315pt too wide) in paragraph at lines 166--167
[]\T1/lmr/m/it/10 BTS,
 []


Overfull \hbox (60.33293pt too wide) in paragraph at lines 166--167
[][]\T1/lmr/m/it/10 179[][] 
 []


Overfull \hbox (47.48875pt too wide) in paragraph at lines 167--168
[]| \T1/lmr/m/it/10 false,
 []


Overfull \hbox (60.33293pt too wide) in paragraph at lines 167--168
[][]\T1/lmr/m/it/10 268[][] 
 []


Overfull \hbox (22.12231pt too wide) in paragraph at lines 168--169
[]\T1/lmr/m/it/10 bus,
 []


Overfull \hbox (63.39958pt too wide) in paragraph at lines 168--169
[][]\T1/lmr/m/it/10 476[][],
 []


Overfull \hbox (60.33293pt too wide) in paragraph at lines 168--169
[][]\T1/lmr/m/it/10 483[][] 
 []

Missing character: There is no ﬀ ("FB00) in font ec-lmri10!

Overfull \hbox (23.78334pt too wide) in paragraph at lines 169--170
[]\T1/lmr/m/it/10 buer
 []


Overfull \hbox (67.1054pt too wide) in paragraph at lines 169--170
\T1/lmr/m/it/10 over-
 []


Overfull \hbox (66.08302pt too wide) in paragraph at lines 169--170
\T1/lmr/m/it/10 read,
 []


Overfull \hbox (60.33293pt too wide) in paragraph at lines 169--170
[][]\T1/lmr/m/it/10 370[][] 
 []

Missing character: There is no ﬀ ("FB00) in font ec-lmri10!
Missing character: There is no ﬂ ("FB02) in font ec-lmri10!

Overfull \hbox (23.78334pt too wide) in paragraph at lines 170--171
[]\T1/lmr/m/it/10 buer
 []


Overfull \hbox (62.88873pt too wide) in paragraph at lines 170--171
\T1/lmr/m/it/10 ove-
 []


Overfull \hbox (63.52765pt too wide) in paragraph at lines 170--171
\T1/lmr/m/it/10 row,
 []


Overfull \hbox (63.39958pt too wide) in paragraph at lines 170--171
[][]\T1/lmr/m/it/10 367[][],
 []


Overfull \hbox (60.33293pt too wide) in paragraph at lines 170--171
[][]\T1/lmr/m/it/10 377[][] 
 []


Overfull \hbox (37.75613pt too wide) in paragraph at lines 171--172
[]\T1/lmr/m/it/10 BYOD,
 []


Overfull \hbox (60.33293pt too wide) in paragraph at lines 171--172
[][]\T1/lmr/m/it/10 270[][] 
 []


Overfull \hbox (43.333pt too wide) in paragraph at lines 172--173
[]\T1/lmr/m/it/10 bytecode,
 []


Overfull \hbox (63.39958pt too wide) in paragraph at lines 172--173
[][]\T1/lmr/m/it/10 345[][],
 []


Overfull \hbox (63.39958pt too wide) in paragraph at lines 172--173
[][]\T1/lmr/m/it/10 404[][],
 []


Overfull \hbox (60.33293pt too wide) in paragraph at lines 172--173
[][]\T1/lmr/m/it/10 409[][] 
 []


Overfull \hbox (15.22215pt too wide) in paragraph at lines 176--177
[]\T1/lmr/m/it/10 C,
 []


Overfull \hbox (63.39958pt too wide) in paragraph at lines 176--177
[][]\T1/lmr/m/it/10 367[][],
 []


Overfull \hbox (60.33293pt too wide) in paragraph at lines 176--177
[][]\T1/lmr/m/it/10 372[][] 
 []


Overfull \hbox (31.5775pt too wide) in paragraph at lines 177--178
[]\T1/lmr/m/it/10 cache,
 []


Overfull \hbox (63.39958pt too wide) in paragraph at lines 177--178
[][]\T1/lmr/m/it/10 169[][],
 []


Overfull \hbox (60.33293pt too wide) in paragraph at lines 177--178
[][]\T1/lmr/m/it/10 477[][] 
 []


Overfull \hbox (49.57811pt too wide) in paragraph at lines 178--179
[]| \T1/lmr/m/it/10 ARP,
 []


Overfull \hbox (60.33293pt too wide) in paragraph at lines 178--179
[][]\T1/lmr/m/it/10 169[][] 
 []


Overfull \hbox (49.43913pt too wide) in paragraph at lines 179--180
[]| \T1/lmr/m/it/10 CPU,
 []


Overfull \hbox (63.39958pt too wide) in paragraph at lines 179--180
[][]\T1/lmr/m/it/10 421[][],
 []


Overfull \hbox (60.33293pt too wide) in paragraph at lines 179--180
[][]\T1/lmr/m/it/10 477[][] 
 []


Overfull \hbox (44.93327pt too wide) in paragraph at lines 180--181
[]| \T1/lmr/m/it/10 disk,
 []


Overfull \hbox (60.33293pt too wide) in paragraph at lines 180--181
[][]\T1/lmr/m/it/10 421[][] 
 []


Overfull \hbox (48.67212pt too wide) in paragraph at lines 181--182
[]| \T1/lmr/m/it/10 DNS,
 []


Overfull \hbox (63.39958pt too wide) in paragraph at lines 181--182
[][]\T1/lmr/m/it/10 169[][],
 []


Overfull \hbox (60.33293pt too wide) in paragraph at lines 181--182
[][]\T1/lmr/m/it/10 280[][] 
 []




Overfull \hbox (97.84593pt too wide) has occurred while \output is active
\T1/lmr/m/n/10 582 \T1/lmr/m/sl/10 BIBLIOGRAPHIE
 []

[582]
Overfull \hbox (56.59464pt too wide) in paragraph at lines 182--183
[]| \T1/lmr/m/it/10 HTTP,
 []


Overfull \hbox (60.33293pt too wide) in paragraph at lines 182--183
[][]\T1/lmr/m/it/10 205[][] 
 []


Overfull \hbox (28.51085pt too wide) in paragraph at lines 183--184
[]\T1/lmr/m/it/10 cache
 []


Overfull \hbox (61.35522pt too wide) in paragraph at lines 183--184
\T1/lmr/m/it/10 poi-
 []


Overfull \hbox (57.77771pt too wide) in paragraph at lines 183--184
\T1/lmr/m/it/10 so-
 []


Overfull \hbox (66.9773pt too wide) in paragraph at lines 183--184
\T1/lmr/m/it/10 ning,
 []


Overfull \hbox (60.33293pt too wide) in paragraph at lines 183--184
[][]\T1/lmr/m/it/10 280[][] 
 []


Overfull \hbox (35.28311pt too wide) in paragraph at lines 184--185
[]\T1/lmr/m/it/10 Caesar
 []


Overfull \hbox (66.46637pt too wide) in paragraph at lines 184--185
\T1/lmr/m/it/10 code,
 []


Overfull \hbox (55.22195pt too wide) in paragraph at lines 184--185
[][]\T1/lmr/m/it/10 67[][] 
 []


Overfull \hbox (38.86102pt too wide) in paragraph at lines 185--186
[]\T1/lmr/m/it/10 camera,
 []


Overfull \hbox (60.33293pt too wide) in paragraph at lines 185--186
[][]\T1/lmr/m/it/10 483[][] 
 []

Missing character: There is no ﬁ ("FB01) in font ec-lmri10!

Overfull \hbox (63.00984pt too wide) in paragraph at lines 186--187
[]\T1/lmr/m/it/10 canonication,
 []


Overfull \hbox (60.33293pt too wide) in paragraph at lines 186--187
[][]\T1/lmr/m/it/10 385[][] 
 []


Overfull \hbox (48.44386pt too wide) in paragraph at lines 187--188
[]\T1/lmr/m/it/10 capability,
 []


Overfull \hbox (60.33293pt too wide) in paragraph at lines 187--188
[][]\T1/lmr/m/it/10 328[][] 
 []


Overfull \hbox (50.74442pt too wide) in paragraph at lines 188--189
[]\T1/lmr/m/it/10 Capsicum,
 []


Overfull \hbox (60.33293pt too wide) in paragraph at lines 188--189
[][]\T1/lmr/m/it/10 329[][] 
 []


Overfull \hbox (58.61711pt too wide) in paragraph at lines 189--190
[]\T1/lmr/m/it/10 CAPTCHA,
 []


Overfull \hbox (55.22195pt too wide) in paragraph at lines 189--190
[][]\T1/lmr/m/it/10 30[][] 
 []


Overfull \hbox (29.41666pt too wide) in paragraph at lines 190--192
[]\T1/lmr/m/it/10 CBC,
 []


Overfull \hbox (58.2886pt too wide) in paragraph at lines 190--192
[][]\T1/lmr/m/it/10 84[][],
 []


Overfull \hbox (63.39958pt too wide) in paragraph at lines 190--192
[][]\T1/lmr/m/it/10 124[][],
 []


Overfull \hbox (63.39958pt too wide) in paragraph at lines 190--192
[][]\T1/lmr/m/it/10 152[][],
 []


Overfull \hbox (63.39958pt too wide) in paragraph at lines 190--192
[][]\T1/lmr/m/it/10 225[][],
 []


Overfull \hbox (60.33293pt too wide) in paragraph at lines 190--192
[][]\T1/lmr/m/it/10 230[][] 
 []


Overfull \hbox (31.34465pt too wide) in paragraph at lines 192--193
[]\T1/lmr/m/it/10 CCM,
 []


Overfull \hbox (63.39958pt too wide) in paragraph at lines 192--193
[][]\T1/lmr/m/it/10 124[][],
 []


Overfull \hbox (63.39958pt too wide) in paragraph at lines 192--193
[][]\T1/lmr/m/it/10 230[][],
 []


Overfull \hbox (60.33293pt too wide) in paragraph at lines 192--193
[][]\T1/lmr/m/it/10 258[][] 
 []


Overfull \hbox (22.77214pt too wide) in paragraph at lines 193--194
[]\T1/lmr/m/it/10 CD,
 []


Overfull \hbox (60.33293pt too wide) in paragraph at lines 193--194
[][]\T1/lmr/m/it/10 481[][] 
 []


Overfull \hbox (26.606pt too wide) in paragraph at lines 194--195
[]\T1/lmr/m/it/10 CEO
 []


Overfull \hbox (70.42746pt too wide) in paragraph at lines 194--195
\T1/lmr/m/it/10 fraud,
 []


Overfull \hbox (55.22195pt too wide) in paragraph at lines 194--195
[][]\T1/lmr/m/it/10 23[][] 
 []

Missing character: There is no ﬁ ("FB01) in font ec-lmri10!

Overfull \hbox (44.48318pt too wide) in paragraph at lines 195--197
[]\T1/lmr/m/it/10 certicate,
 []


Overfull \hbox (58.2886pt too wide) in paragraph at lines 195--197
[][]\T1/lmr/m/it/10 66[][],
 []


Overfull \hbox (63.39958pt too wide) in paragraph at lines 195--197
[][]\T1/lmr/m/it/10 138[][],
 []


Overfull \hbox (63.39958pt too wide) in paragraph at lines 195--197
[][]\T1/lmr/m/it/10 215[][],
 []


Overfull \hbox (60.33293pt too wide) in paragraph at lines 195--197
[][]\T1/lmr/m/it/10 217[][] 
 []


Overfull \hbox (51.57726pt too wide) in paragraph at lines 197--198
[]| \T1/lmr/m/it/10 chain,
 []


Overfull \hbox (60.33293pt too wide) in paragraph at lines 197--198
[][]\T1/lmr/m/it/10 141[][] 
 []


Overfull \hbox (42.28363pt too wide) in paragraph at lines 198--199
[]| \T1/lmr/m/it/10 EV,
 []


Overfull \hbox (60.33293pt too wide) in paragraph at lines 198--199
[][]\T1/lmr/m/it/10 138[][] 
 []


Overfull \hbox (55.29465pt too wide) in paragraph at lines 199--200
[]| \T1/lmr/m/it/10 OCSP,
 []


Overfull \hbox (60.33293pt too wide) in paragraph at lines 199--200
[][]\T1/lmr/m/it/10 238[][] 
 []



Missing character: There is no ﬁ ("FB01) in font ec-lmri10!

Overfull \hbox (43.6554pt too wide) in paragraph at lines 200--201
[]| \T1/lmr/m/it/10 qua-
 []


Overfull \hbox (62.88864pt too wide) in paragraph at lines 200--201
\T1/lmr/m/it/10 lied,
 []


Overfull \hbox (60.33293pt too wide) in paragraph at lines 200--201
[][]\T1/lmr/m/it/10 147[][] 
 []


Overfull \hbox (36.88329pt too wide) in paragraph at lines 201--202
[]| \T1/lmr/m/it/10 re-
 []


Overfull \hbox (58.28873pt too wide) in paragraph at lines 201--202
\T1/lmr/m/it/10 vo-
 []


Overfull \hbox (57.7776pt too wide) in paragraph at lines 201--202
\T1/lmr/m/it/10 ca-
 []


Overfull \hbox (65.1885pt too wide) in paragraph at lines 201--202
\T1/lmr/m/it/10 tion,
 []


Overfull \hbox (63.39958pt too wide) in paragraph at lines 201--202
[][]\T1/lmr/m/it/10 139[][],
 []


Overfull \hbox (60.33293pt too wide) in paragraph at lines 201--202
[][]\T1/lmr/m/it/10 238[][] 
 []


Overfull \hbox (48.12794pt too wide) in paragraph at lines 202--203
[]| \T1/lmr/m/it/10 risks,
 []


Overfull \hbox (60.33293pt too wide) in paragraph at lines 202--203
[][]\T1/lmr/m/it/10 231[][] 
 []


Overfull \hbox (44.80525pt too wide) in paragraph at lines 203--204
[]| \T1/lmr/m/it/10 root,
 []


Overfull \hbox (60.33293pt too wide) in paragraph at lines 203--204
[][]\T1/lmr/m/it/10 141[][] 
 []


Overfull \hbox (42.88887pt too wide) in paragraph at lines 204--206
[]| \T1/lmr/m/it/10 self-
 []


Overfull \hbox (74.64415pt too wide) in paragraph at lines 204--206
\T1/lmr/m/it/10 signed,
 []


Overfull \hbox (63.39958pt too wide) in paragraph at lines 204--206
[][]\T1/lmr/m/it/10 141[][],
 []


Overfull \hbox (63.39958pt too wide) in paragraph at lines 204--206
[][]\T1/lmr/m/it/10 143[][],
 []


Overfull \hbox (60.33293pt too wide) in paragraph at lines 204--206
[][]\T1/lmr/m/it/10 404[][] 
 []

Missing character: There is no ﬁ ("FB01) in font ec-lmri10!

Overfull \hbox (44.48315pt too wide) in paragraph at lines 206--207
[]\T1/lmr/m/it/10 Certicate
 []


Overfull \hbox (60.86678pt too wide) in paragraph at lines 206--207
\T1/lmr/m/it/10 Au-
 []


Overfull \hbox (62.12193pt too wide) in paragraph at lines 206--207
\T1/lmr/m/it/10 tho-
 []


Overfull \hbox (60.46104pt too wide) in paragraph at lines 206--207
\T1/lmr/m/it/10 rity
 []


Overfull \hbox (70.83362pt too wide) in paragraph at lines 206--207
\T1/lmr/m/it/10 (CA),
 []


Overfull \hbox (60.33293pt too wide) in paragraph at lines 206--207
[][]\T1/lmr/m/it/10 138[][] 
 []

Missing character: There is no ﬁ ("FB01) in font ec-lmri10!

Overfull \hbox (44.48315pt too wide) in paragraph at lines 207--208
[]\T1/lmr/m/it/10 Certicate
 []


Overfull \hbox (57.26639pt too wide) in paragraph at lines 207--208
\T1/lmr/m/it/10 Si-
 []


Overfull \hbox (68.51065pt too wide) in paragraph at lines 207--208
\T1/lmr/m/it/10 gning
 []


Overfull \hbox (60.47221pt too wide) in paragraph at lines 207--208
\T1/lmr/m/it/10 Po-
 []


Overfull \hbox (60.07764pt too wide) in paragraph at lines 207--208
\T1/lmr/m/it/10 licy
 []


Overfull \hbox (75.80562pt too wide) in paragraph at lines 207--208
\T1/lmr/m/it/10 (CSP),
 []


Overfull \hbox (55.22195pt too wide) in paragraph at lines 207--208
[][]\T1/lmr/m/it/10 67[][] 
 []


Overfull \hbox (53.04352pt too wide) in paragraph at lines 208--209
[]\T1/lmr/m/it/10 ChaCha20,
 []


Overfull \hbox (58.2886pt too wide) in paragraph at lines 208--209
[][]\T1/lmr/m/it/10 96[][],
 []


Overfull \hbox (60.33293pt too wide) in paragraph at lines 208--209
[][]\T1/lmr/m/it/10 230[][] 
 []


Overfull \hbox (28.5106pt too wide) in paragraph at lines 209--210
[]\T1/lmr/m/it/10 chain
 []


Overfull \hbox (53.17763pt too wide) in paragraph at lines 209--210
\T1/lmr/m/it/10 of
 []


Overfull \hbox (60.97227pt too wide) in paragraph at lines 209--210
\T1/lmr/m/it/10 res-
 []


Overfull \hbox (63.91057pt too wide) in paragraph at lines 209--210
\T1/lmr/m/it/10 pon-
 []


Overfull \hbox (55.73338pt too wide) in paragraph at lines 209--210
\T1/lmr/m/it/10 si-
 []


Overfull \hbox (56.2444pt too wide) in paragraph at lines 209--210
\T1/lmr/m/it/10 bi-
 []


Overfull \hbox (61.86652pt too wide) in paragraph at lines 209--210
\T1/lmr/m/it/10 lity,
 []


Overfull \hbox (60.33293pt too wide) in paragraph at lines 209--210
[][]\T1/lmr/m/it/10 423[][] 
 []


Overfull \hbox (48.69933pt too wide) in paragraph at lines 210--211
[]\T1/lmr/m/it/10 challenge-
 []


Overfull \hbox (84.483pt too wide) in paragraph at lines 210--211
\T1/lmr/m/it/10 response,
 []


Overfull \hbox (60.33293pt too wide) in paragraph at lines 210--211
[][]\T1/lmr/m/it/10 313[][] 
 []




Overfull \hbox (97.84593pt too wide) has occurred while \output is active
\T1/lmr/m/sl/10 BIBLIOGRAPHIE \T1/lmr/m/n/10 583
 []

[583]
Overfull \hbox (37.19946pt too wide) in paragraph at lines 211--212
[]\T1/lmr/m/it/10 Change
 []


Overfull \hbox (64.1779pt too wide) in paragraph at lines 211--212
\T1/lmr/m/it/10 Per-
 []


Overfull \hbox (63.91138pt too wide) in paragraph at lines 211--212
\T1/lmr/m/it/10 mis-
 []


Overfull \hbox (70.04425pt too wide) in paragraph at lines 211--212
\T1/lmr/m/it/10 sions,
 []


Overfull \hbox (60.33293pt too wide) in paragraph at lines 211--212
[][]\T1/lmr/m/it/10 335[][] 
 []


Overfull \hbox (47.36089pt too wide) in paragraph at lines 212--213
[]| \T1/lmr/m/it/10 cryp-
 []


Overfull \hbox (57.01096pt too wide) in paragraph at lines 212--213
\T1/lmr/m/it/10 to-
 []


Overfull \hbox (61.99426pt too wide) in paragraph at lines 212--213
\T1/lmr/m/it/10 gra-
 []


Overfull \hbox (65.95526pt too wide) in paragraph at lines 212--213
\T1/lmr/m/it/10 phic,
 []


Overfull \hbox (63.39958pt too wide) in paragraph at lines 212--213
[][]\T1/lmr/m/it/10 117[][],
 []


Overfull \hbox (60.33293pt too wide) in paragraph at lines 212--213
[][]\T1/lmr/m/it/10 258[][] 
 []


Overfull \hbox (25.44409pt too wide) in paragraph at lines 213--214
[]\T1/lmr/m/it/10 child
 []


Overfull \hbox (62.50523pt too wide) in paragraph at lines 213--214
\T1/lmr/m/it/10 por-
 []


Overfull \hbox (59.31071pt too wide) in paragraph at lines 213--214
\T1/lmr/m/it/10 no-
 []


Overfull \hbox (61.99426pt too wide) in paragraph at lines 213--214
\T1/lmr/m/it/10 gra-
 []


Overfull \hbox (63.1441pt too wide) in paragraph at lines 213--214
\T1/lmr/m/it/10 phy,
 []


Overfull \hbox (60.33293pt too wide) in paragraph at lines 213--214
[][]\T1/lmr/m/it/10 445[][] 
 []


Overfull \hbox (39.24413pt too wide) in paragraph at lines 214--215
[]\T1/lmr/m/it/10 Chinese
 []


Overfull \hbox (56.88329pt too wide) in paragraph at lines 214--215
\T1/lmr/m/it/10 re-
 []


Overfull \hbox (70.55536pt too wide) in paragraph at lines 214--215
\T1/lmr/m/it/10 main-
 []


Overfull \hbox (58.92764pt too wide) in paragraph at lines 214--215
\T1/lmr/m/it/10 der
 []


Overfull \hbox (66.21082pt too wide) in paragraph at lines 214--215
\T1/lmr/m/it/10 theo-
 []


Overfull \hbox (64.55019pt too wide) in paragraph at lines 214--215
\T1/lmr/m/it/10 rem,
 []


Overfull \hbox (63.39958pt too wide) in paragraph at lines 214--215
[][]\T1/lmr/m/it/10 106[][],
 []


Overfull \hbox (60.33293pt too wide) in paragraph at lines 214--215
[][]\T1/lmr/m/it/10 507[][] 
 []


Overfull \hbox (23.44447pt too wide) in paragraph at lines 215--216
[]\T1/lmr/m/it/10 CIA
 []


Overfull \hbox (61.22762pt too wide) in paragraph at lines 215--216
\T1/lmr/m/it/10 tar-
 []


Overfull \hbox (60.5889pt too wide) in paragraph at lines 215--216
\T1/lmr/m/it/10 get,
 []


Overfull \hbox (58.2886pt too wide) in paragraph at lines 215--216
[][]\T1/lmr/m/it/10 11[][],
 []


Overfull \hbox (63.39958pt too wide) in paragraph at lines 215--216
[][]\T1/lmr/m/it/10 154[][],
 []


Overfull \hbox (60.33293pt too wide) in paragraph at lines 215--216
[][]\T1/lmr/m/it/10 210[][] 
 []

Missing character: There is no ﬁ ("FB01) in font ec-lmri10!

Overfull \hbox (38.28873pt too wide) in paragraph at lines 216--217
[]| \T1/lmr/m/it/10 de-
 []


Overfull \hbox (57.26639pt too wide) in paragraph at lines 216--217
\T1/lmr/m/it/10 ni-
 []


Overfull \hbox (65.1885pt too wide) in paragraph at lines 216--217
\T1/lmr/m/it/10 tion,
 []


Overfull \hbox (55.22195pt too wide) in paragraph at lines 216--217
[][]\T1/lmr/m/it/10 12[][] 
 []


Overfull \hbox (25.86113pt too wide) in paragraph at lines 217--218
[]\T1/lmr/m/it/10 CIP,
 []


Overfull \hbox (60.33293pt too wide) in paragraph at lines 217--218
[][]\T1/lmr/m/it/10 292[][] 
 []


Overfull \hbox (50.6554pt too wide) in paragraph at lines 218--219
[]\T1/lmr/m/it/10 ciphertext,
 []


Overfull \hbox (58.2886pt too wide) in paragraph at lines 218--219
[][]\T1/lmr/m/it/10 65[][],
 []


Overfull \hbox (55.22195pt too wide) in paragraph at lines 218--219
[][]\T1/lmr/m/it/10 66[][] 
 []


Overfull \hbox (33.15561pt too wide) in paragraph at lines 219--220
[]\T1/lmr/m/it/10 CIRP,
 []


Overfull \hbox (60.33293pt too wide) in paragraph at lines 219--220
[][]\T1/lmr/m/it/10 427[][] 
 []


Overfull \hbox (34.89961pt too wide) in paragraph at lines 220--221
[]\T1/lmr/m/it/10 Claude
 []


Overfull \hbox (70.04369pt too wide) in paragraph at lines 220--221
\T1/lmr/m/it/10 Shan-
 []


Overfull \hbox (64.42162pt too wide) in paragraph at lines 220--221
\T1/lmr/m/it/10 non,
 []


Overfull \hbox (55.22195pt too wide) in paragraph at lines 220--221
[][]\T1/lmr/m/it/10 74[][] 
 []




Overfull \hbox (31.83302pt too wide) in paragraph at lines 221--222
[]\T1/lmr/m/it/10 client,
 []


Overfull \hbox (50.11098pt too wide) in paragraph at lines 221--222
[][]\T1/lmr/m/it/10 2[][] 
 []


Overfull \hbox (28.76637pt too wide) in paragraph at lines 222--223
[]\T1/lmr/m/it/10 client
 []


Overfull \hbox (73.1105pt too wide) in paragraph at lines 222--223
\T1/lmr/m/it/10 nonce,
 []


Overfull \hbox (60.33293pt too wide) in paragraph at lines 222--223
[][]\T1/lmr/m/it/10 397[][] 
 []


Overfull \hbox (32.34412pt too wide) in paragraph at lines 223--224
[]\T1/lmr/m/it/10 client-
 []


Overfull \hbox (71.32233pt too wide) in paragraph at lines 223--224
\T1/lmr/m/it/10 server
 []


Overfull \hbox (57.90538pt too wide) in paragraph at lines 223--224
\T1/lmr/m/it/10 ar-
 []


Overfull \hbox (61.35538pt too wide) in paragraph at lines 223--224
\T1/lmr/m/it/10 chi-
 []


Overfull \hbox (60.58887pt too wide) in paragraph at lines 223--224
\T1/lmr/m/it/10 tec-
 []


Overfull \hbox (65.0611pt too wide) in paragraph at lines 223--224
\T1/lmr/m/it/10 ture,
 []


Overfull \hbox (60.33293pt too wide) in paragraph at lines 223--224
[][]\T1/lmr/m/it/10 187[][] 
 []


Overfull \hbox (30.81076pt too wide) in paragraph at lines 224--226
[]\T1/lmr/m/it/10 cloud,
 []


Overfull \hbox (53.17763pt too wide) in paragraph at lines 224--226
[][]\T1/lmr/m/it/10 2[][],
 []


Overfull \hbox (63.39958pt too wide) in paragraph at lines 224--226
[][]\T1/lmr/m/it/10 107[][],
 []


Overfull \hbox (63.39958pt too wide) in paragraph at lines 224--226
[][]\T1/lmr/m/it/10 181[][],
 []


Overfull \hbox (63.39958pt too wide) in paragraph at lines 224--226
[][]\T1/lmr/m/it/10 213[][],
 []


Overfull \hbox (63.39958pt too wide) in paragraph at lines 224--226
[][]\T1/lmr/m/it/10 373[][],
 []


Overfull \hbox (60.33293pt too wide) in paragraph at lines 224--226
[][]\T1/lmr/m/it/10 451[][] 
 []


Overfull \hbox (36.8167pt too wide) in paragraph at lines 226--227
[]\T1/lmr/m/it/10 cluster,
 []


Overfull \hbox (50.11098pt too wide) in paragraph at lines 226--227
[][]\T1/lmr/m/it/10 2[][] 
 []


Overfull \hbox (33.66663pt too wide) in paragraph at lines 227--228
[]\T1/lmr/m/it/10 CNIC,
 []


Overfull \hbox (60.33293pt too wide) in paragraph at lines 227--228
[][]\T1/lmr/m/it/10 424[][] 
 []


Overfull \hbox (17.7776pt too wide) in paragraph at lines 228--229
[]\T1/lmr/m/it/10 co-
 []


Overfull \hbox (80.26622pt too wide) in paragraph at lines 228--229
\T1/lmr/m/it/10 domain,
 []


Overfull \hbox (60.33293pt too wide) in paragraph at lines 228--229
[][]\T1/lmr/m/it/10 498[][] 
 []


Overfull \hbox (40.93915pt too wide) in paragraph at lines 229--230
[]\T1/lmr/m/it/10 COBIT,
 []


Overfull \hbox (55.22195pt too wide) in paragraph at lines 229--230
[][]\T1/lmr/m/it/10 47[][] 
 []


Overfull \hbox (26.46634pt too wide) in paragraph at lines 230--231
[]\T1/lmr/m/it/10 Code
 []


Overfull \hbox (64.04987pt too wide) in paragraph at lines 230--231
\T1/lmr/m/it/10 Red,
 []


Overfull \hbox (60.33293pt too wide) in paragraph at lines 230--231
[][]\T1/lmr/m/it/10 379[][] 
 []


Overfull \hbox (35.73338pt too wide) in paragraph at lines 231--232
[]| \T1/lmr/m/it/10 si-
 []


Overfull \hbox (63.91072pt too wide) in paragraph at lines 231--232
\T1/lmr/m/it/10 gna-
 []


Overfull \hbox (65.0611pt too wide) in paragraph at lines 231--232
\T1/lmr/m/it/10 ture,
 []


Overfull \hbox (60.33293pt too wide) in paragraph at lines 231--232
[][]\T1/lmr/m/it/10 379[][] 
 []


Overfull \hbox (42.56628pt too wide) in paragraph at lines 232--233
[]\T1/lmr/m/it/10 cognitive
 []


Overfull \hbox (67.1054pt too wide) in paragraph at lines 232--233
\T1/lmr/m/it/10 over-
 []


Overfull \hbox (65.44394pt too wide) in paragraph at lines 232--233
\T1/lmr/m/it/10 load,
 []


Overfull \hbox (55.22195pt too wide) in paragraph at lines 232--233
[][]\T1/lmr/m/it/10 30[][] 
 []


Overfull \hbox (21.86632pt too wide) in paragraph at lines 233--234
[]\T1/lmr/m/it/10 cold
 []


Overfull \hbox (63.14453pt too wide) in paragraph at lines 233--234
\T1/lmr/m/it/10 site,
 []


Overfull \hbox (63.39958pt too wide) in paragraph at lines 233--234
[][]\T1/lmr/m/it/10 432[][],
 []


Overfull \hbox (60.33293pt too wide) in paragraph at lines 233--234
[][]\T1/lmr/m/it/10 433[][] 
 []


Overfull \hbox (41.28804pt too wide) in paragraph at lines 234--235
[]\T1/lmr/m/it/10 Colonial
 []


Overfull \hbox (58.42789pt too wide) in paragraph at lines 234--235
\T1/lmr/m/it/10 Pi-
 []


Overfull \hbox (57.7776pt too wide) in paragraph at lines 234--235
\T1/lmr/m/it/10 pe-
 []


Overfull \hbox (63.91078pt too wide) in paragraph at lines 234--235
\T1/lmr/m/it/10 line,
 []


Overfull \hbox (50.11098pt too wide) in paragraph at lines 234--235
[][]\T1/lmr/m/it/10 7[][] 
 []




Overfull \hbox (97.84593pt too wide) has occurred while \output is active
\T1/lmr/m/n/10 584 \T1/lmr/m/sl/10 BIBLIOGRAPHIE
 []

[584]
Overfull \hbox (44.35544pt too wide) in paragraph at lines 235--237
[]\T1/lmr/m/it/10 Common
 []


Overfull \hbox (63.01656pt too wide) in paragraph at lines 235--237
\T1/lmr/m/it/10 Cri-
 []


Overfull \hbox (56.49998pt too wide) in paragraph at lines 235--237
\T1/lmr/m/it/10 te-
 []


Overfull \hbox (57.39429pt too wide) in paragraph at lines 235--237
\T1/lmr/m/it/10 ria
 []


Overfull \hbox (70.55563pt too wide) in paragraph at lines 235--237
\T1/lmr/m/it/10 (CC),
 []


Overfull \hbox (63.39958pt too wide) in paragraph at lines 235--237
[][]\T1/lmr/m/it/10 360[][],
 []


Overfull \hbox (63.39958pt too wide) in paragraph at lines 235--237
[][]\T1/lmr/m/it/10 410[][],
 []


Overfull \hbox (60.33293pt too wide) in paragraph at lines 235--237
[][]\T1/lmr/m/it/10 470[][] 
 []


Overfull \hbox (38.79974pt too wide) in paragraph at lines 237--238
[]| \T1/lmr/m/it/10 en-
 []


Overfull \hbox (56.2444pt too wide) in paragraph at lines 237--238
\T1/lmr/m/it/10 vi-
 []


Overfull \hbox (63.01625pt too wide) in paragraph at lines 237--238
\T1/lmr/m/it/10 ron-
 []


Overfull \hbox (69.78888pt too wide) in paragraph at lines 237--238
\T1/lmr/m/it/10 ment,
 []


Overfull \hbox (60.33293pt too wide) in paragraph at lines 237--238
[][]\T1/lmr/m/it/10 470[][] 
 []


Overfull \hbox (42.88873pt too wide) in paragraph at lines 238--240
[]| \T1/lmr/m/it/10 eva-
 []


Overfull \hbox (61.61087pt too wide) in paragraph at lines 238--240
\T1/lmr/m/it/10 lua-
 []


Overfull \hbox (65.1885pt too wide) in paragraph at lines 238--240
\T1/lmr/m/it/10 tion,
 []


Overfull \hbox (63.39958pt too wide) in paragraph at lines 238--240
[][]\T1/lmr/m/it/10 361[][],
 []


Overfull \hbox (63.39958pt too wide) in paragraph at lines 238--240
[][]\T1/lmr/m/it/10 470[][],
 []


Overfull \hbox (60.33293pt too wide) in paragraph at lines 238--240
[][]\T1/lmr/m/it/10 472[][] 
 []


Overfull \hbox (38.28879pt too wide) in paragraph at lines 240--241
[]| \T1/lmr/m/it/10 life
 []


Overfull \hbox (69.27765pt too wide) in paragraph at lines 240--241
\T1/lmr/m/it/10 cycle,
 []


Overfull \hbox (60.33293pt too wide) in paragraph at lines 240--241
[][]\T1/lmr/m/it/10 470[][] 
 []


Overfull \hbox (44.35544pt too wide) in paragraph at lines 241--242
[]\T1/lmr/m/it/10 Common
 []


Overfull \hbox (70.32246pt too wide) in paragraph at lines 241--242
\T1/lmr/m/it/10 Name
 []


Overfull \hbox (70.83362pt too wide) in paragraph at lines 241--242
\T1/lmr/m/it/10 (CN),
 []


Overfull \hbox (60.33293pt too wide) in paragraph at lines 241--242
[][]\T1/lmr/m/it/10 139[][] 
 []


Overfull \hbox (70.93288pt too wide) in paragraph at lines 242--243
[]\T1/lmr/m/it/10 communication
 []


Overfull \hbox (67.99948pt too wide) in paragraph at lines 242--243
\T1/lmr/m/it/10 node,
 []


Overfull \hbox (60.33293pt too wide) in paragraph at lines 242--243
[][]\T1/lmr/m/it/10 151[][] 
 []


Overfull \hbox (70.93288pt too wide) in paragraph at lines 243--244
[]\T1/lmr/m/it/10 communication
 []


Overfull \hbox (66.46608pt too wide) in paragraph at lines 243--244
\T1/lmr/m/it/10 plan,
 []


Overfull \hbox (60.33293pt too wide) in paragraph at lines 243--244
[][]\T1/lmr/m/it/10 430[][] 
 []


Overfull \hbox (70.93288pt too wide) in paragraph at lines 244--245
[]\T1/lmr/m/it/10 communication
 []


Overfull \hbox (65.4442pt too wide) in paragraph at lines 244--245
\T1/lmr/m/it/10 unit,
 []


Overfull \hbox (60.33293pt too wide) in paragraph at lines 244--245
[][]\T1/lmr/m/it/10 484[][] 
 []


Overfull \hbox (52.7889pt too wide) in paragraph at lines 245--246
[]\T1/lmr/m/it/10 community
 []


Overfull \hbox (72.98318pt too wide) in paragraph at lines 245--246
\T1/lmr/m/it/10 string,
 []


Overfull \hbox (60.33293pt too wide) in paragraph at lines 245--246
[][]\T1/lmr/m/it/10 289[][] 
 []


Overfull \hbox (38.28873pt too wide) in paragraph at lines 246--247
[]| \T1/lmr/m/it/10 de-
 []


Overfull \hbox (67.48866pt too wide) in paragraph at lines 246--247
\T1/lmr/m/it/10 fault,
 []


Overfull \hbox (60.33293pt too wide) in paragraph at lines 246--247
[][]\T1/lmr/m/it/10 287[][] 
 []


Overfull \hbox (44.9944pt too wide) in paragraph at lines 247--248
[]\T1/lmr/m/it/10 computer
 []


Overfull \hbox (57.90538pt too wide) in paragraph at lines 247--248
\T1/lmr/m/it/10 ar-
 []


Overfull \hbox (61.35538pt too wide) in paragraph at lines 247--248
\T1/lmr/m/it/10 chi-
 []


Overfull \hbox (60.58887pt too wide) in paragraph at lines 247--248
\T1/lmr/m/it/10 tec-
 []


Overfull \hbox (65.0611pt too wide) in paragraph at lines 247--248
\T1/lmr/m/it/10 ture,
 []


Overfull \hbox (60.33293pt too wide) in paragraph at lines 247--248
[][]\T1/lmr/m/it/10 476[][] 
 []




Overfull \hbox (44.9944pt too wide) in paragraph at lines 248--249
[]\T1/lmr/m/it/10 computer
 []


Overfull \hbox (72.72797pt too wide) in paragraph at lines 248--249
\T1/lmr/m/it/10 crime,
 []


Overfull \hbox (60.33293pt too wide) in paragraph at lines 248--249
[][]\T1/lmr/m/it/10 441[][] 
 []


Overfull \hbox (44.9944pt too wide) in paragraph at lines 249--250
[]\T1/lmr/m/it/10 computer
 []


Overfull \hbox (56.75537pt too wide) in paragraph at lines 249--250
\T1/lmr/m/it/10 fo-
 []


Overfull \hbox (62.50528pt too wide) in paragraph at lines 249--250
\T1/lmr/m/it/10 ren-
 []


Overfull \hbox (63.91129pt too wide) in paragraph at lines 249--250
\T1/lmr/m/it/10 sics,
 []


Overfull \hbox (60.33293pt too wide) in paragraph at lines 249--250
[][]\T1/lmr/m/it/10 420[][] 
 []


Overfull \hbox (44.9944pt too wide) in paragraph at lines 250--251
[]\T1/lmr/m/it/10 computer
 []


Overfull \hbox (61.61122pt too wide) in paragraph at lines 250--251
\T1/lmr/m/it/10 sys-
 []


Overfull \hbox (64.16689pt too wide) in paragraph at lines 250--251
\T1/lmr/m/it/10 tem,
 []


Overfull \hbox (50.11098pt too wide) in paragraph at lines 250--251
[][]\T1/lmr/m/it/10 3[][] 
 []


Overfull \hbox (67.86543pt too wide) in paragraph at lines 251--252
[]\T1/lmr/m/it/10 concatenation,
 []


Overfull \hbox (58.2886pt too wide) in paragraph at lines 251--252
[][]\T1/lmr/m/it/10 58[][],
 []


Overfull \hbox (63.39958pt too wide) in paragraph at lines 251--252
[][]\T1/lmr/m/it/10 118[][],
 []


Overfull \hbox (60.33293pt too wide) in paragraph at lines 251--252
[][]\T1/lmr/m/it/10 127[][] 
 []


Overfull \hbox (59.816pt too wide) in paragraph at lines 252--253
[]\T1/lmr/m/it/10 conformance
 []


Overfull \hbox (63.40012pt too wide) in paragraph at lines 252--253
\T1/lmr/m/it/10 test,
 []


Overfull \hbox (60.33293pt too wide) in paragraph at lines 252--253
[][]\T1/lmr/m/it/10 433[][] 
 []


Overfull \hbox (49.21043pt too wide) in paragraph at lines 253--254
[]\T1/lmr/m/it/10 confusion,
 []


Overfull \hbox (58.2886pt too wide) in paragraph at lines 253--254
[][]\T1/lmr/m/it/10 74[][],
 []


Overfull \hbox (55.22195pt too wide) in paragraph at lines 253--254
[][]\T1/lmr/m/it/10 81[][] 
 []


Overfull \hbox (55.98273pt too wide) in paragraph at lines 254--255
[]\T1/lmr/m/it/10 congruence,
 []


Overfull \hbox (55.22195pt too wide) in paragraph at lines 254--255
[][]\T1/lmr/m/it/10 98[][] 
 []


Overfull \hbox (54.32124pt too wide) in paragraph at lines 255--256
[]\T1/lmr/m/it/10 connection,
 []


Overfull \hbox (60.33293pt too wide) in paragraph at lines 255--256
[][]\T1/lmr/m/it/10 154[][] 
 []


Overfull \hbox (40.52173pt too wide) in paragraph at lines 256--257
[]\T1/lmr/m/it/10 consent,
 []


Overfull \hbox (63.39958pt too wide) in paragraph at lines 256--257
[][]\T1/lmr/m/it/10 449[][],
 []


Overfull \hbox (60.33293pt too wide) in paragraph at lines 256--257
[][]\T1/lmr/m/it/10 461[][] 
 []


Overfull \hbox (39.75494pt too wide) in paragraph at lines 257--258
[]\T1/lmr/m/it/10 Content
 []


Overfull \hbox (62.65572pt too wide) in paragraph at lines 257--258
\T1/lmr/m/it/10 Ma-
 []


Overfull \hbox (59.31071pt too wide) in paragraph at lines 257--258
\T1/lmr/m/it/10 na-
 []


Overfull \hbox (57.77776pt too wide) in paragraph at lines 257--258
\T1/lmr/m/it/10 ge-
 []


Overfull \hbox (66.72223pt too wide) in paragraph at lines 257--258
\T1/lmr/m/it/10 ment
 []


Overfull \hbox (63.14423pt too wide) in paragraph at lines 257--258
\T1/lmr/m/it/10 Sys-
 []


Overfull \hbox (61.10023pt too wide) in paragraph at lines 257--258
\T1/lmr/m/it/10 tem
 []


Overfull \hbox (77.98912pt too wide) in paragraph at lines 257--258
\T1/lmr/m/it/10 (CMS),
 []


Overfull \hbox (60.33293pt too wide) in paragraph at lines 257--258
[][]\T1/lmr/m/it/10 408[][] 
 []


Overfull \hbox (37.58273pt too wide) in paragraph at lines 258--259
[]\T1/lmr/m/it/10 control,
 []


Overfull \hbox (55.22195pt too wide) in paragraph at lines 258--259
[][]\T1/lmr/m/it/10 42[][] 
 []


Overfull \hbox (34.51608pt too wide) in paragraph at lines 259--260
[]\T1/lmr/m/it/10 control
 []


Overfull \hbox (61.61122pt too wide) in paragraph at lines 259--260
\T1/lmr/m/it/10 sys-
 []


Overfull \hbox (64.16689pt too wide) in paragraph at lines 259--260
\T1/lmr/m/it/10 tem,
 []


Overfull \hbox (60.33293pt too wide) in paragraph at lines 259--260
[][]\T1/lmr/m/it/10 485[][] 
 []




Overfull \hbox (97.84593pt too wide) has occurred while \output is active
\T1/lmr/m/sl/10 BIBLIOGRAPHIE \T1/lmr/m/n/10 585
 []

[585]
Missing character: There is no ﬁ ("FB01) in font ec-lmri10!

Overfull \hbox (63.52121pt too wide) in paragraph at lines 260--262
[]\T1/lmr/m/it/10 condentiality,
 []


Overfull \hbox (58.2886pt too wide) in paragraph at lines 260--262
[][]\T1/lmr/m/it/10 12[][],
 []


Overfull \hbox (58.2886pt too wide) in paragraph at lines 260--262
[][]\T1/lmr/m/it/10 14[][],
 []


Overfull \hbox (58.2886pt too wide) in paragraph at lines 260--262
[][]\T1/lmr/m/it/10 96[][],
 []


Overfull \hbox (60.33293pt too wide) in paragraph at lines 260--262
[][]\T1/lmr/m/it/10 210[][] 
 []


Overfull \hbox (34.13303pt too wide) in paragraph at lines 262--263
[]\T1/lmr/m/it/10 cookie,
 []


Overfull \hbox (63.39958pt too wide) in paragraph at lines 262--263
[][]\T1/lmr/m/it/10 393[][],
 []


Overfull \hbox (63.39958pt too wide) in paragraph at lines 262--263
[][]\T1/lmr/m/it/10 397[][],
 []


Overfull \hbox (60.33293pt too wide) in paragraph at lines 262--263
[][]\T1/lmr/m/it/10 462[][] 
 []


Overfull \hbox (38.7997pt too wide) in paragraph at lines 263--264
[]| \T1/lmr/m/it/10 do-
 []


Overfull \hbox (70.04427pt too wide) in paragraph at lines 263--264
\T1/lmr/m/it/10 main,
 []


Overfull \hbox (60.33293pt too wide) in paragraph at lines 263--264
[][]\T1/lmr/m/it/10 398[][] 
 []


Overfull \hbox (37.81674pt too wide) in paragraph at lines 264--265
[]| \T1/lmr/m/it/10 ex-
 []


Overfull \hbox (65.31644pt too wide) in paragraph at lines 264--265
\T1/lmr/m/it/10 piry,
 []


Overfull \hbox (60.33293pt too wide) in paragraph at lines 264--265
[][]\T1/lmr/m/it/10 398[][] 
 []


Overfull \hbox (42.6557pt too wide) in paragraph at lines 265--266
[]| \T1/lmr/m/it/10 Htt-
 []


Overfull \hbox (73.87761pt too wide) in paragraph at lines 265--266
\T1/lmr/m/it/10 pOnly,
 []


Overfull \hbox (60.33293pt too wide) in paragraph at lines 265--266
[][]\T1/lmr/m/it/10 398[][] 
 []


Overfull \hbox (46.5057pt too wide) in paragraph at lines 266--267
[]| \T1/lmr/m/it/10 max-
 []


Overfull \hbox (62.37764pt too wide) in paragraph at lines 266--267
\T1/lmr/m/it/10 age,
 []


Overfull \hbox (60.33293pt too wide) in paragraph at lines 266--267
[][]\T1/lmr/m/it/10 398[][] 
 []


Overfull \hbox (46.2107pt too wide) in paragraph at lines 267--268
[]| \T1/lmr/m/it/10 path,
 []


Overfull \hbox (60.33293pt too wide) in paragraph at lines 267--268
[][]\T1/lmr/m/it/10 398[][] 
 []


Overfull \hbox (41.99426pt too wide) in paragraph at lines 268--269
[]| \T1/lmr/m/it/10 per-
 []


Overfull \hbox (76.17775pt too wide) in paragraph at lines 268--269
\T1/lmr/m/it/10 sistent,
 []


Overfull \hbox (60.33293pt too wide) in paragraph at lines 268--269
[][]\T1/lmr/m/it/10 398[][] 
 []


Overfull \hbox (35.86105pt too wide) in paragraph at lines 269--270
[]| \T1/lmr/m/it/10 ri-
 []


Overfull \hbox (62.88895pt too wide) in paragraph at lines 269--270
\T1/lmr/m/it/10 sici,
 []


Overfull \hbox (60.33293pt too wide) in paragraph at lines 269--270
[][]\T1/lmr/m/it/10 399[][] 
 []


Overfull \hbox (37.26674pt too wide) in paragraph at lines 270--271
[]| \T1/lmr/m/it/10 se-
 []


Overfull \hbox (66.33887pt too wide) in paragraph at lines 270--271
\T1/lmr/m/it/10 cure,
 []


Overfull \hbox (60.33293pt too wide) in paragraph at lines 270--271
[][]\T1/lmr/m/it/10 398[][] 
 []


Overfull \hbox (48.8944pt too wide) in paragraph at lines 271--272
[]| \T1/lmr/m/it/10 store,
 []


Overfull \hbox (60.33293pt too wide) in paragraph at lines 271--272
[][]\T1/lmr/m/it/10 396[][] 
 []


Overfull \hbox (48.89412pt too wide) in paragraph at lines 272--273
[]| \T1/lmr/m/it/10 third-
 []


Overfull \hbox (70.17188pt too wide) in paragraph at lines 272--273
\T1/lmr/m/it/10 party,
 []


Overfull \hbox (63.39958pt too wide) in paragraph at lines 272--273
[][]\T1/lmr/m/it/10 401[][],
 []


Overfull \hbox (60.33293pt too wide) in paragraph at lines 272--273
[][]\T1/lmr/m/it/10 462[][] 
 []


Overfull \hbox (30.8107pt too wide) in paragraph at lines 273--274
[]\T1/lmr/m/it/10 Copy-
 []


Overfull \hbox (59.31071pt too wide) in paragraph at lines 273--274
\T1/lmr/m/it/10 on-
 []


Overfull \hbox (66.85004pt too wide) in paragraph at lines 273--274
\T1/lmr/m/it/10 write
 []


Overfull \hbox (80.80055pt too wide) in paragraph at lines 273--274
\T1/lmr/m/it/10 (COW),
 []


Overfull \hbox (60.33293pt too wide) in paragraph at lines 273--274
[][]\T1/lmr/m/it/10 432[][] 
 []


Overfull \hbox (25.57205pt too wide) in paragraph at lines 274--275
[]\T1/lmr/m/it/10 core,
 []


Overfull \hbox (60.33293pt too wide) in paragraph at lines 274--275
[][]\T1/lmr/m/it/10 477[][] 
 []




Overfull \hbox (36.17816pt too wide) in paragraph at lines 275--276
[]\T1/lmr/m/it/10 COSO,
 []


Overfull \hbox (55.22195pt too wide) in paragraph at lines 275--276
[][]\T1/lmr/m/it/10 47[][] 
 []


Overfull \hbox (40.58875pt too wide) in paragraph at lines 276--277
[]| \T1/lmr/m/it/10 Cy-
 []


Overfull \hbox (61.48329pt too wide) in paragraph at lines 276--277
\T1/lmr/m/it/10 ber-
 []


Overfull \hbox (72.72797pt too wide) in paragraph at lines 276--277
\T1/lmr/m/it/10 crime,
 []


Overfull \hbox (60.33293pt too wide) in paragraph at lines 276--277
[][]\T1/lmr/m/it/10 441[][] 
 []


Overfull \hbox (44.1779pt too wide) in paragraph at lines 277--278
[]| \T1/lmr/m/it/10 Per-
 []


Overfull \hbox (57.77771pt too wide) in paragraph at lines 277--278
\T1/lmr/m/it/10 so-
 []


Overfull \hbox (58.28845pt too wide) in paragraph at lines 277--278
\T1/lmr/m/it/10 nal
 []


Overfull \hbox (66.72182pt too wide) in paragraph at lines 277--278
\T1/lmr/m/it/10 data,
 []


Overfull \hbox (60.33293pt too wide) in paragraph at lines 277--278
[][]\T1/lmr/m/it/10 447[][] 
 []


Overfull \hbox (43.78325pt too wide) in paragraph at lines 278--279
[]| \T1/lmr/m/it/10 Ter-
 []


Overfull \hbox (57.39426pt too wide) in paragraph at lines 278--279
\T1/lmr/m/it/10 ro-
 []


Overfull \hbox (67.61694pt too wide) in paragraph at lines 278--279
\T1/lmr/m/it/10 rism,
 []


Overfull \hbox (60.33293pt too wide) in paragraph at lines 278--279
[][]\T1/lmr/m/it/10 222[][] 
 []


Overfull \hbox (75.53313pt too wide) in paragraph at lines 279--280
[]\T1/lmr/m/it/10 countermeasure,
 []


Overfull \hbox (58.2886pt too wide) in paragraph at lines 279--280
[][]\T1/lmr/m/it/10 42[][],
 []


Overfull \hbox (55.22195pt too wide) in paragraph at lines 279--280
[][]\T1/lmr/m/it/10 45[][] 
 []


Overfull \hbox (40.64954pt too wide) in paragraph at lines 280--281
[]\T1/lmr/m/it/10 Country
 []


Overfull \hbox (63.40013pt too wide) in paragraph at lines 280--281
\T1/lmr/m/it/10 (C),
 []


Overfull \hbox (60.33293pt too wide) in paragraph at lines 280--281
[][]\T1/lmr/m/it/10 139[][] 
 []


Overfull \hbox (32.62257pt too wide) in paragraph at lines 281--282
[]\T1/lmr/m/it/10 COW,
 []


Overfull \hbox (60.33293pt too wide) in paragraph at lines 281--282
[][]\T1/lmr/m/it/10 432[][] 
 []


Overfull \hbox (29.43913pt too wide) in paragraph at lines 282--283
[]\T1/lmr/m/it/10 CPU,
 []


Overfull \hbox (60.33293pt too wide) in paragraph at lines 282--283
[][]\T1/lmr/m/it/10 476[][] 
 []


Overfull \hbox (45.57205pt too wide) in paragraph at lines 283--284
[]| \T1/lmr/m/it/10 core,
 []


Overfull \hbox (60.33293pt too wide) in paragraph at lines 283--284
[][]\T1/lmr/m/it/10 477[][] 
 []


Overfull \hbox (50.55548pt too wide) in paragraph at lines 284--285
[]| \T1/lmr/m/it/10 mode,
 []


Overfull \hbox (60.33293pt too wide) in paragraph at lines 284--285
[][]\T1/lmr/m/it/10 341[][] 
 []


Overfull \hbox (35.02754pt too wide) in paragraph at lines 285--286
[]\T1/lmr/m/it/10 critical
 []


Overfull \hbox (57.77771pt too wide) in paragraph at lines 285--286
\T1/lmr/m/it/10 as-
 []


Overfull \hbox (60.07788pt too wide) in paragraph at lines 285--286
\T1/lmr/m/it/10 set,
 []


Overfull \hbox (55.22195pt too wide) in paragraph at lines 285--286
[][]\T1/lmr/m/it/10 53[][] 
 []


Overfull \hbox (35.02754pt too wide) in paragraph at lines 286--287
[]\T1/lmr/m/it/10 critical
 []


Overfull \hbox (57.26639pt too wide) in paragraph at lines 286--287
\T1/lmr/m/it/10 in-
 []


Overfull \hbox (60.4609pt too wide) in paragraph at lines 286--287
\T1/lmr/m/it/10 fra-
 []


Overfull \hbox (70.1723pt too wide) in paragraph at lines 286--287
\T1/lmr/m/it/10 struc-
 []


Overfull \hbox (65.0611pt too wide) in paragraph at lines 286--287
\T1/lmr/m/it/10 ture,
 []


Overfull \hbox (53.17763pt too wide) in paragraph at lines 286--287
[][]\T1/lmr/m/it/10 7[][],
 []


Overfull \hbox (60.33293pt too wide) in paragraph at lines 286--287
[][]\T1/lmr/m/it/10 290[][] 
 []


Overfull \hbox (28.78862pt too wide) in paragraph at lines 287--288
[]\T1/lmr/m/it/10 CRL,
 []


Overfull \hbox (63.39958pt too wide) in paragraph at lines 287--288
[][]\T1/lmr/m/it/10 139[][],
 []


Overfull \hbox (60.33293pt too wide) in paragraph at lines 287--288
[][]\T1/lmr/m/it/10 238[][] 
 []


Overfull \hbox (64.67159pt too wide) in paragraph at lines 288--289
[]\T1/lmr/m/it/10 cryptanalysis,
 []


Overfull \hbox (55.22195pt too wide) in paragraph at lines 288--289
[][]\T1/lmr/m/it/10 68[][] 
 []

Missing character: There is no ﬀ ("FB00) in font ec-lmri10!

Overfull \hbox (41.35538pt too wide) in paragraph at lines 289--290
[]| \T1/lmr/m/it/10 die-
 []


Overfull \hbox (62.50528pt too wide) in paragraph at lines 289--290
\T1/lmr/m/it/10 ren-
 []


Overfull \hbox (62.122pt too wide) in paragraph at lines 289--290
\T1/lmr/m/it/10 tial,
 []


Overfull \hbox (55.22195pt too wide) in paragraph at lines 289--290
[][]\T1/lmr/m/it/10 84[][] 
 []




Overfull \hbox (97.84593pt too wide) has occurred while \output is active
\T1/lmr/m/n/10 586 \T1/lmr/m/sl/10 BIBLIOGRAPHIE
 []

[586]
Overfull \hbox (39.94994pt too wide) in paragraph at lines 290--291
[]| \T1/lmr/m/it/10 fre-
 []


Overfull \hbox (74.64418pt too wide) in paragraph at lines 290--291
\T1/lmr/m/it/10 quency
 []


Overfull \hbox (64.42169pt too wide) in paragraph at lines 290--291
\T1/lmr/m/it/10 ana-
 []


Overfull \hbox (55.98872pt too wide) in paragraph at lines 290--291
\T1/lmr/m/it/10 ly-
 []


Overfull \hbox (59.05554pt too wide) in paragraph at lines 290--291
\T1/lmr/m/it/10 tic,
 []


Overfull \hbox (55.22195pt too wide) in paragraph at lines 290--291
[][]\T1/lmr/m/it/10 70[][] 
 []


Overfull \hbox (63.01036pt too wide) in paragraph at lines 291--292
[]\T1/lmr/m/it/10 cryptographic
 []


Overfull \hbox (63.01625pt too wide) in paragraph at lines 291--292
\T1/lmr/m/it/10 ran-
 []


Overfull \hbox (63.39995pt too wide) in paragraph at lines 291--292
\T1/lmr/m/it/10 dom
 []


Overfull \hbox (67.7444pt too wide) in paragraph at lines 291--292
\T1/lmr/m/it/10 num-
 []


Overfull \hbox (57.90555pt too wide) in paragraph at lines 291--292
\T1/lmr/m/it/10 ber
 []


Overfull \hbox (57.77776pt too wide) in paragraph at lines 291--292
\T1/lmr/m/it/10 ge-
 []


Overfull \hbox (58.79974pt too wide) in paragraph at lines 291--292
\T1/lmr/m/it/10 ne-
 []


Overfull \hbox (57.39426pt too wide) in paragraph at lines 291--292
\T1/lmr/m/it/10 ra-
 []


Overfull \hbox (60.71652pt too wide) in paragraph at lines 291--292
\T1/lmr/m/it/10 tor,
 []


Overfull \hbox (55.22195pt too wide) in paragraph at lines 291--292
[][]\T1/lmr/m/it/10 80[][] 
 []


Overfull \hbox (63.01051pt too wide) in paragraph at lines 292--293
[]\T1/lmr/m/it/10 Cryptolocker,
 []


Overfull \hbox (50.11098pt too wide) in paragraph at lines 292--293
[][]\T1/lmr/m/it/10 6[][] 
 []


Overfull \hbox (64.41672pt too wide) in paragraph at lines 293--294
[]\T1/lmr/m/it/10 cryptosystem,
 []


Overfull \hbox (55.22195pt too wide) in paragraph at lines 293--294
[][]\T1/lmr/m/it/10 66[][] 
 []


Overfull \hbox (50.8112pt too wide) in paragraph at lines 294--295
[]| \T1/lmr/m/it/10 asym-
 []


Overfull \hbox (61.35574pt too wide) in paragraph at lines 294--295
\T1/lmr/m/it/10 me-
 []


Overfull \hbox (63.2722pt too wide) in paragraph at lines 294--295
\T1/lmr/m/it/10 tric,
 []


Overfull \hbox (58.2886pt too wide) in paragraph at lines 294--295
[][]\T1/lmr/m/it/10 68[][],
 []


Overfull \hbox (55.22195pt too wide) in paragraph at lines 294--295
[][]\T1/lmr/m/it/10 96[][] 
 []


Overfull \hbox (41.99426pt too wide) in paragraph at lines 295--296
[]| \T1/lmr/m/it/10 bro-
 []


Overfull \hbox (62.88866pt too wide) in paragraph at lines 295--296
\T1/lmr/m/it/10 ken,
 []


Overfull \hbox (55.22195pt too wide) in paragraph at lines 295--296
[][]\T1/lmr/m/it/10 67[][] 
 []


Overfull \hbox (37.91672pt too wide) in paragraph at lines 296--297
[]| \T1/lmr/m/it/10 El-
 []


Overfull \hbox (61.42471pt too wide) in paragraph at lines 296--297
\T1/lmr/m/it/10 Ga-
 []


Overfull \hbox (63.9111pt too wide) in paragraph at lines 296--297
\T1/lmr/m/it/10 mal,
 []


Overfull \hbox (55.22195pt too wide) in paragraph at lines 296--297
[][]\T1/lmr/m/it/10 63[][] 
 []


Overfull \hbox (44.4222pt too wide) in paragraph at lines 297--298
[]| \T1/lmr/m/it/10 mal-
 []


Overfull \hbox (71.57748pt too wide) in paragraph at lines 297--298
\T1/lmr/m/it/10 leable,
 []


Overfull \hbox (63.39958pt too wide) in paragraph at lines 297--298
[][]\T1/lmr/m/it/10 107[][],
 []


Overfull \hbox (60.33293pt too wide) in paragraph at lines 297--298
[][]\T1/lmr/m/it/10 125[][] 
 []


Overfull \hbox (36.88329pt too wide) in paragraph at lines 298--299
[]| \T1/lmr/m/it/10 re-
 []


Overfull \hbox (61.99442pt too wide) in paragraph at lines 298--299
\T1/lmr/m/it/10 ver-
 []


Overfull \hbox (66.97778pt too wide) in paragraph at lines 298--299
\T1/lmr/m/it/10 sible,
 []


Overfull \hbox (60.33293pt too wide) in paragraph at lines 298--299
[][]\T1/lmr/m/it/10 127[][] 
 []


Overfull \hbox (45.70023pt too wide) in paragraph at lines 299--300
[]| \T1/lmr/m/it/10 sym-
 []


Overfull \hbox (61.35574pt too wide) in paragraph at lines 299--300
\T1/lmr/m/it/10 me-
 []


Overfull \hbox (63.2722pt too wide) in paragraph at lines 299--300
\T1/lmr/m/it/10 tric,
 []


Overfull \hbox (58.2886pt too wide) in paragraph at lines 299--300
[][]\T1/lmr/m/it/10 66[][],
 []


Overfull \hbox (55.22195pt too wide) in paragraph at lines 299--300
[][]\T1/lmr/m/it/10 67[][] 
 []




Overfull \hbox (27.99965pt too wide) in paragraph at lines 300--301
[]\T1/lmr/m/it/10 CTS,
 []


Overfull \hbox (60.33293pt too wide) in paragraph at lines 300--301
[][]\T1/lmr/m/it/10 152[][] 
 []


Overfull \hbox (35.66661pt too wide) in paragraph at lines 301--302
[]\T1/lmr/m/it/10 cursor,
 []


Overfull \hbox (60.33293pt too wide) in paragraph at lines 301--302
[][]\T1/lmr/m/it/10 481[][] 
 []

Missing character: There is no ﬁ ("FB01) in font ec-lmri10!

Overfull \hbox (44.48354pt too wide) in paragraph at lines 302--303
[]\T1/lmr/m/it/10 customer
 []


Overfull \hbox (69.14963pt too wide) in paragraph at lines 302--303
\T1/lmr/m/it/10 prole,
 []


Overfull \hbox (60.33293pt too wide) in paragraph at lines 302--303
[][]\T1/lmr/m/it/10 461[][] 
 []


Overfull \hbox (26.37248pt too wide) in paragraph at lines 303--304
[]\T1/lmr/m/it/10 CVE
 []


Overfull \hbox (61.61122pt too wide) in paragraph at lines 303--304
\T1/lmr/m/it/10 sys-
 []


Overfull \hbox (64.16689pt too wide) in paragraph at lines 303--304
\T1/lmr/m/it/10 tem,
 []


Overfull \hbox (60.33293pt too wide) in paragraph at lines 303--304
[][]\T1/lmr/m/it/10 353[][] 
 []


Overfull \hbox (55.98302pt too wide) in paragraph at lines 304--305
[]\T1/lmr/m/it/10 cyberattack,
 []


Overfull \hbox (50.11098pt too wide) in paragraph at lines 304--305
[][]\T1/lmr/m/it/10 2[][] 
 []


Overfull \hbox (52.91641pt too wide) in paragraph at lines 305--306
[]\T1/lmr/m/it/10 cyberspace,
 []


Overfull \hbox (50.11098pt too wide) in paragraph at lines 305--306
[][]\T1/lmr/m/it/10 1[][] 
 []


Overfull \hbox (69.52747pt too wide) in paragraph at lines 306--307
[]\T1/lmr/m/it/10 cybersquatting,
 []


Overfull \hbox (55.22195pt too wide) in paragraph at lines 306--307
[][]\T1/lmr/m/it/10 29[][] 
 []


Overfull \hbox (46.39983pt too wide) in paragraph at lines 307--308
[]\T1/lmr/m/it/10 cyberwar,
 []


Overfull \hbox (50.11098pt too wide) in paragraph at lines 307--308
[][]\T1/lmr/m/it/10 9[][] 
 []


Overfull \hbox (29.27765pt too wide) in paragraph at lines 308--309
[]\T1/lmr/m/it/10 cyclic
 []


Overfull \hbox (61.99426pt too wide) in paragraph at lines 308--309
\T1/lmr/m/it/10 per-
 []


Overfull \hbox (62.1224pt too wide) in paragraph at lines 308--309
\T1/lmr/m/it/10 mu-
 []


Overfull \hbox (57.01096pt too wide) in paragraph at lines 308--309
\T1/lmr/m/it/10 ta-
 []


Overfull \hbox (65.1885pt too wide) in paragraph at lines 308--309
\T1/lmr/m/it/10 tion,
 []


Overfull \hbox (55.22195pt too wide) in paragraph at lines 308--309
[][]\T1/lmr/m/it/10 67[][] 
 []


Overfull \hbox (29.43893pt too wide) in paragraph at lines 312--313
[]\T1/lmr/m/it/10 DAC,
 []


Overfull \hbox (60.33293pt too wide) in paragraph at lines 312--313
[][]\T1/lmr/m/it/10 321[][] 
 []


Overfull \hbox (35.54976pt too wide) in paragraph at lines 313--314
[]\T1/lmr/m/it/10 Dalvik,
 []


Overfull \hbox (60.33293pt too wide) in paragraph at lines 313--314
[][]\T1/lmr/m/it/10 345[][] 
 []


Overfull \hbox (24.03862pt too wide) in paragraph at lines 314--315
[]\T1/lmr/m/it/10 dark
 []


Overfull \hbox (58.05522pt too wide) in paragraph at lines 314--315
\T1/lmr/m/it/10 In-
 []


Overfull \hbox (60.71664pt too wide) in paragraph at lines 314--315
\T1/lmr/m/it/10 ter-
 []


Overfull \hbox (61.61089pt too wide) in paragraph at lines 314--315
\T1/lmr/m/it/10 net,
 []


Overfull \hbox (60.33293pt too wide) in paragraph at lines 314--315
[][]\T1/lmr/m/it/10 223[][] 
 []


Overfull \hbox (23.65517pt too wide) in paragraph at lines 315--316
[]\T1/lmr/m/it/10 data
 []


Overfull \hbox (60.33308pt too wide) in paragraph at lines 315--316
\T1/lmr/m/it/10 lea-
 []


Overfull \hbox (66.97765pt too wide) in paragraph at lines 315--316
\T1/lmr/m/it/10 kage,
 []


Overfull \hbox (60.33293pt too wide) in paragraph at lines 315--316
[][]\T1/lmr/m/it/10 226[][] 
 []


Overfull \hbox (56.8771pt too wide) in paragraph at lines 316--317
[]\T1/lmr/m/it/10 datamining,
 []


Overfull \hbox (60.33293pt too wide) in paragraph at lines 316--317
[][]\T1/lmr/m/it/10 460[][] 
 []


Overfull \hbox (30.83295pt too wide) in paragraph at lines 317--318
[]\T1/lmr/m/it/10 DDoS
 []


Overfull \hbox (57.01096pt too wide) in paragraph at lines 317--318
\T1/lmr/m/it/10 at-
 []


Overfull \hbox (65.69987pt too wide) in paragraph at lines 317--318
\T1/lmr/m/it/10 tack,
 []


Overfull \hbox (63.39958pt too wide) in paragraph at lines 317--318
[][]\T1/lmr/m/it/10 272[][],
 []


Overfull \hbox (60.33293pt too wide) in paragraph at lines 317--318
[][]\T1/lmr/m/it/10 277[][] 
 []




Overfull \hbox (97.84593pt too wide) has occurred while \output is active
\T1/lmr/m/sl/10 BIBLIOGRAPHIE \T1/lmr/m/n/10 587
 []

[587]
Overfull \hbox (65.82132pt too wide) in paragraph at lines 318--319
[]\T1/lmr/m/it/10 decapsulation,
 []


Overfull \hbox (60.33293pt too wide) in paragraph at lines 318--319
[][]\T1/lmr/m/it/10 158[][] 
 []


Overfull \hbox (53.17151pt too wide) in paragraph at lines 319--320
[]\T1/lmr/m/it/10 decryption,
 []


Overfull \hbox (55.22195pt too wide) in paragraph at lines 319--320
[][]\T1/lmr/m/it/10 65[][] 
 []


Overfull \hbox (47.23306pt too wide) in paragraph at lines 320--321
[]| \T1/lmr/m/it/10 func-
 []


Overfull \hbox (65.1885pt too wide) in paragraph at lines 320--321
\T1/lmr/m/it/10 tion,
 []


Overfull \hbox (55.22195pt too wide) in paragraph at lines 320--321
[][]\T1/lmr/m/it/10 66[][] 
 []


Overfull \hbox (42.12216pt too wide) in paragraph at lines 321--322
[]| \T1/lmr/m/it/10 key,
 []


Overfull \hbox (55.22195pt too wide) in paragraph at lines 321--322
[][]\T1/lmr/m/it/10 66[][] 
 []


Overfull \hbox (26.34985pt too wide) in paragraph at lines 322--323
[]\T1/lmr/m/it/10 Deep
 []


Overfull \hbox (73.23868pt too wide) in paragraph at lines 322--323
\T1/lmr/m/it/10 Crack,
 []


Overfull \hbox (55.22195pt too wide) in paragraph at lines 322--323
[][]\T1/lmr/m/it/10 83[][] 
 []


Overfull \hbox (40.2661pt too wide) in paragraph at lines 323--324
[]\T1/lmr/m/it/10 deniable
 []


Overfull \hbox (58.79974pt too wide) in paragraph at lines 323--324
\T1/lmr/m/it/10 en-
 []


Overfull \hbox (67.36089pt too wide) in paragraph at lines 323--324
\T1/lmr/m/it/10 cryp-
 []


Overfull \hbox (65.1885pt too wide) in paragraph at lines 323--324
\T1/lmr/m/it/10 tion,
 []


Overfull \hbox (60.33293pt too wide) in paragraph at lines 323--324
[][]\T1/lmr/m/it/10 425[][] 
 []


Overfull \hbox (28.02213pt too wide) in paragraph at lines 324--325
[]\T1/lmr/m/it/10 DES,
 []


Overfull \hbox (55.22195pt too wide) in paragraph at lines 324--325
[][]\T1/lmr/m/it/10 80[][] 
 []


Overfull \hbox (49.08263pt too wide) in paragraph at lines 325--326
[]\T1/lmr/m/it/10 dictionary
 []


Overfull \hbox (57.01096pt too wide) in paragraph at lines 325--326
\T1/lmr/m/it/10 at-
 []


Overfull \hbox (65.69987pt too wide) in paragraph at lines 325--326
\T1/lmr/m/it/10 tack,
 []


Overfull \hbox (60.33293pt too wide) in paragraph at lines 325--326
[][]\T1/lmr/m/it/10 308[][] 
 []


Overfull \hbox (29.78886pt too wide) in paragraph at lines 326--327
[]\T1/lmr/m/it/10 digest
 []


Overfull \hbox (59.05539pt too wide) in paragraph at lines 326--327
\T1/lmr/m/it/10 au-
 []


Overfull \hbox (67.23296pt too wide) in paragraph at lines 326--327
\T1/lmr/m/it/10 then-
 []


Overfull \hbox (54.96663pt too wide) in paragraph at lines 326--327
\T1/lmr/m/it/10 ti-
 []


Overfull \hbox (57.7776pt too wide) in paragraph at lines 326--327
\T1/lmr/m/it/10 ca-
 []


Overfull \hbox (65.1885pt too wide) in paragraph at lines 326--327
\T1/lmr/m/it/10 tion,
 []


Overfull \hbox (63.39958pt too wide) in paragraph at lines 326--327
[][]\T1/lmr/m/it/10 129[][],
 []


Overfull \hbox (60.33293pt too wide) in paragraph at lines 326--327
[][]\T1/lmr/m/it/10 393[][] 
 []


Overfull \hbox (31.83298pt too wide) in paragraph at lines 327--328
[]\T1/lmr/m/it/10 digital
 []


Overfull \hbox (55.73338pt too wide) in paragraph at lines 327--328
\T1/lmr/m/it/10 si-
 []


Overfull \hbox (63.91072pt too wide) in paragraph at lines 327--328
\T1/lmr/m/it/10 gna-
 []


Overfull \hbox (65.0611pt too wide) in paragraph at lines 327--328
\T1/lmr/m/it/10 ture,
 []


Overfull \hbox (60.33293pt too wide) in paragraph at lines 327--328
[][]\T1/lmr/m/it/10 356[][] 
 []


Overfull \hbox (46.14407pt too wide) in paragraph at lines 328--329
[]\T1/lmr/m/it/10 directory,
 []


Overfull \hbox (60.33293pt too wide) in paragraph at lines 328--329
[][]\T1/lmr/m/it/10 328[][] 
 []


Overfull \hbox (59.30515pt too wide) in paragraph at lines 329--330
[]\T1/lmr/m/it/10 discoverable,
 []


Overfull \hbox (60.33293pt too wide) in paragraph at lines 329--330
[][]\T1/lmr/m/it/10 260[][] 
 []


Overfull \hbox (66.84407pt too wide) in paragraph at lines 330--331
[]\T1/lmr/m/it/10 discriminator,
 []


Overfull \hbox (60.33293pt too wide) in paragraph at lines 330--331
[][]\T1/lmr/m/it/10 253[][] 
 []


Overfull \hbox (24.93327pt too wide) in paragraph at lines 331--332
[]\T1/lmr/m/it/10 disk,
 []


Overfull \hbox (60.33293pt too wide) in paragraph at lines 331--332
[][]\T1/lmr/m/it/10 477[][] 
 []




Overfull \hbox (47.23299pt too wide) in paragraph at lines 332--333
[]| \T1/lmr/m/it/10 copy,
 []


Overfull \hbox (63.39958pt too wide) in paragraph at lines 332--333
[][]\T1/lmr/m/it/10 422[][],
 []


Overfull \hbox (60.33293pt too wide) in paragraph at lines 332--333
[][]\T1/lmr/m/it/10 423[][] 
 []


Overfull \hbox (36.75537pt too wide) in paragraph at lines 333--334
[]| \T1/lmr/m/it/10 fo-
 []


Overfull \hbox (62.50528pt too wide) in paragraph at lines 333--334
\T1/lmr/m/it/10 ren-
 []


Overfull \hbox (56.75565pt too wide) in paragraph at lines 333--334
\T1/lmr/m/it/10 sic
 []


Overfull \hbox (58.28873pt too wide) in paragraph at lines 333--334
\T1/lmr/m/it/10 ac-
 []


Overfull \hbox (61.61107pt too wide) in paragraph at lines 333--334
\T1/lmr/m/it/10 qui-
 []


Overfull \hbox (55.73338pt too wide) in paragraph at lines 333--334
\T1/lmr/m/it/10 si-
 []


Overfull \hbox (65.1885pt too wide) in paragraph at lines 333--334
\T1/lmr/m/it/10 tion,
 []


Overfull \hbox (60.33293pt too wide) in paragraph at lines 333--334
[][]\T1/lmr/m/it/10 425[][] 
 []


Overfull \hbox (52.85538pt too wide) in paragraph at lines 334--335
[]| \T1/lmr/m/it/10 moun-
 []


Overfull \hbox (60.58875pt too wide) in paragraph at lines 334--335
\T1/lmr/m/it/10 ted,
 []


Overfull \hbox (60.33293pt too wide) in paragraph at lines 334--335
[][]\T1/lmr/m/it/10 422[][] 
 []


Overfull \hbox (41.35562pt too wide) in paragraph at lines 335--336
[]| \T1/lmr/m/it/10 sec-
 []


Overfull \hbox (60.71652pt too wide) in paragraph at lines 335--336
\T1/lmr/m/it/10 tor,
 []


Overfull \hbox (60.33293pt too wide) in paragraph at lines 335--336
[][]\T1/lmr/m/it/10 478[][] 
 []


Overfull \hbox (49.40541pt too wide) in paragraph at lines 336--337
[]| \T1/lmr/m/it/10 track,
 []


Overfull \hbox (60.33293pt too wide) in paragraph at lines 336--337
[][]\T1/lmr/m/it/10 478[][] 
 []


Overfull \hbox (63.14966pt too wide) in paragraph at lines 337--338
[]\T1/lmr/m/it/10 Distinguished
 []


Overfull \hbox (70.32246pt too wide) in paragraph at lines 337--338
\T1/lmr/m/it/10 Name
 []


Overfull \hbox (71.2281pt too wide) in paragraph at lines 337--338
\T1/lmr/m/it/10 (DN),
 []


Overfull \hbox (60.33293pt too wide) in paragraph at lines 337--338
[][]\T1/lmr/m/it/10 385[][] 
 []


Overfull \hbox (26.62762pt too wide) in paragraph at lines 338--339
[]\T1/lmr/m/it/10 DIT,
 []


Overfull \hbox (63.39958pt too wide) in paragraph at lines 338--339
[][]\T1/lmr/m/it/10 384[][],
 []


Overfull \hbox (60.33293pt too wide) in paragraph at lines 338--339
[][]\T1/lmr/m/it/10 388[][] 
 []


Overfull \hbox (34.13301pt too wide) in paragraph at lines 339--340
[]\T1/lmr/m/it/10 divide-
 []


Overfull \hbox (64.42169pt too wide) in paragraph at lines 339--340
\T1/lmr/m/it/10 and-
 []


Overfull \hbox (81.67184pt too wide) in paragraph at lines 339--340
\T1/lmr/m/it/10 conquer,
 []


Overfull \hbox (60.33293pt too wide) in paragraph at lines 339--340
[][]\T1/lmr/m/it/10 265[][] 
 []

Missing character: There is no ﬀ ("FB00) in font ec-lmri10!

Overfull \hbox (39.49956pt too wide) in paragraph at lines 340--341
[]\T1/lmr/m/it/10 diusion,
 []


Overfull \hbox (58.2886pt too wide) in paragraph at lines 340--341
[][]\T1/lmr/m/it/10 74[][],
 []


Overfull \hbox (58.2886pt too wide) in paragraph at lines 340--341
[][]\T1/lmr/m/it/10 81[][],
 []


Overfull \hbox (55.22195pt too wide) in paragraph at lines 340--341
[][]\T1/lmr/m/it/10 85[][] 
 []

Missing character: There is no ﬃ ("FB03) in font ec-lmri10!

Overfull \hbox (23.79439pt too wide) in paragraph at lines 341--342
[]\T1/lmr/m/it/10 Die-
 []


Overfull \hbox (81.82207pt too wide) in paragraph at lines 341--342
\T1/lmr/m/it/10 Hellman
 []


Overfull \hbox (59.05551pt too wide) in paragraph at lines 341--342
\T1/lmr/m/it/10 key
 []


Overfull \hbox (70.68315pt too wide) in paragraph at lines 341--342
\T1/lmr/m/it/10 agree-
 []


Overfull \hbox (69.78888pt too wide) in paragraph at lines 341--342
\T1/lmr/m/it/10 ment,
 []


Overfull \hbox (60.33293pt too wide) in paragraph at lines 341--342
[][]\T1/lmr/m/it/10 136[][] 
 []


Overfull \hbox (37.01096pt too wide) in paragraph at lines 342--343
[]| \T1/lmr/m/it/10 at-
 []


Overfull \hbox (65.69987pt too wide) in paragraph at lines 342--343
\T1/lmr/m/it/10 tack,
 []


Overfull \hbox (60.33293pt too wide) in paragraph at lines 342--343
[][]\T1/lmr/m/it/10 136[][] 
 []


Overfull \hbox (33.68864pt too wide) in paragraph at lines 343--344
[]| \T1/lmr/m/it/10 in
 []


Overfull \hbox (68.1389pt too wide) in paragraph at lines 343--344
\T1/lmr/m/it/10 Blue-
 []


Overfull \hbox (69.53293pt too wide) in paragraph at lines 343--344
\T1/lmr/m/it/10 tooth,
 []


Overfull \hbox (60.33293pt too wide) in paragraph at lines 343--344
[][]\T1/lmr/m/it/10 260[][] 
 []




Overfull \hbox (97.84593pt too wide) has occurred while \output is active
\T1/lmr/m/n/10 588 \T1/lmr/m/sl/10 BIBLIOGRAPHIE
 []

[588]
Overfull \hbox (36.12811pt too wide) in paragraph at lines 344--345
[]\T1/lmr/m/it/10 DKIM,
 []


Overfull \hbox (63.39958pt too wide) in paragraph at lines 344--345
[][]\T1/lmr/m/it/10 283[][],
 []


Overfull \hbox (60.33293pt too wide) in paragraph at lines 344--345
[][]\T1/lmr/m/it/10 285[][] 
 []


Overfull \hbox (35.73338pt too wide) in paragraph at lines 345--346
[]| \T1/lmr/m/it/10 si-
 []


Overfull \hbox (63.91072pt too wide) in paragraph at lines 345--346
\T1/lmr/m/it/10 gna-
 []


Overfull \hbox (65.0611pt too wide) in paragraph at lines 345--346
\T1/lmr/m/it/10 ture,
 []


Overfull \hbox (60.33293pt too wide) in paragraph at lines 345--346
[][]\T1/lmr/m/it/10 285[][] 
 []


Overfull \hbox (41.09987pt too wide) in paragraph at lines 346--347
[]| \T1/lmr/m/it/10 tag,
 []


Overfull \hbox (60.33293pt too wide) in paragraph at lines 346--347
[][]\T1/lmr/m/it/10 287[][] 
 []


Overfull \hbox (30.71661pt too wide) in paragraph at lines 347--348
[]\T1/lmr/m/it/10 DMZ,
 []


Overfull \hbox (63.39958pt too wide) in paragraph at lines 347--348
[][]\T1/lmr/m/it/10 248[][],
 []


Overfull \hbox (60.33293pt too wide) in paragraph at lines 347--348
[][]\T1/lmr/m/it/10 250[][] 
 []


Overfull \hbox (46.21098pt too wide) in paragraph at lines 348--349
[]| \T1/lmr/m/it/10 split,
 []


Overfull \hbox (60.33293pt too wide) in paragraph at lines 348--349
[][]\T1/lmr/m/it/10 248[][] 
 []


Overfull \hbox (28.67212pt too wide) in paragraph at lines 349--351
[]\T1/lmr/m/it/10 DNS,
 []


Overfull \hbox (63.39958pt too wide) in paragraph at lines 349--351
[][]\T1/lmr/m/it/10 144[][],
 []


Overfull \hbox (63.39958pt too wide) in paragraph at lines 349--351
[][]\T1/lmr/m/it/10 168[][],
 []


Overfull \hbox (63.39958pt too wide) in paragraph at lines 349--351
[][]\T1/lmr/m/it/10 189[][],
 []


Overfull \hbox (60.33293pt too wide) in paragraph at lines 349--351
[][]\T1/lmr/m/it/10 283[][] 
 []


Overfull \hbox (39.05539pt too wide) in paragraph at lines 351--352
[]| \T1/lmr/m/it/10 au-
 []


Overfull \hbox (67.23296pt too wide) in paragraph at lines 351--352
\T1/lmr/m/it/10 then-
 []


Overfull \hbox (54.96663pt too wide) in paragraph at lines 351--352
\T1/lmr/m/it/10 ti-
 []


Overfull \hbox (57.7776pt too wide) in paragraph at lines 351--352
\T1/lmr/m/it/10 ca-
 []


Overfull \hbox (65.1885pt too wide) in paragraph at lines 351--352
\T1/lmr/m/it/10 tion,
 []


Overfull \hbox (60.33293pt too wide) in paragraph at lines 351--352
[][]\T1/lmr/m/it/10 280[][] 
 []


Overfull \hbox (51.5775pt too wide) in paragraph at lines 352--353
[]| \T1/lmr/m/it/10 cache,
 []


Overfull \hbox (60.33293pt too wide) in paragraph at lines 352--353
[][]\T1/lmr/m/it/10 169[][] 
 []

Missing character: There is no ﬁ ("FB01) in font ec-lmri10!

Overfull \hbox (58.73257pt too wide) in paragraph at lines 353--354
[]| \T1/lmr/m/it/10 conden-
 []


Overfull \hbox (60.0776pt too wide) in paragraph at lines 353--354
\T1/lmr/m/it/10 tia-
 []


Overfull \hbox (61.86652pt too wide) in paragraph at lines 353--354
\T1/lmr/m/it/10 lity,
 []


Overfull \hbox (60.33293pt too wide) in paragraph at lines 353--354
[][]\T1/lmr/m/it/10 283[][] 
 []


Overfull \hbox (37.26639pt too wide) in paragraph at lines 354--355
[]| \T1/lmr/m/it/10 in-
 []


Overfull \hbox (56.49998pt too wide) in paragraph at lines 354--355
\T1/lmr/m/it/10 te-
 []


Overfull \hbox (68.1277pt too wide) in paragraph at lines 354--355
\T1/lmr/m/it/10 grity,
 []


Overfull \hbox (60.33293pt too wide) in paragraph at lines 354--355
[][]\T1/lmr/m/it/10 280[][] 
 []


Overfull \hbox (42.88858pt too wide) in paragraph at lines 355--356
[]| \T1/lmr/m/it/10 ope-
 []


Overfull \hbox (57.39426pt too wide) in paragraph at lines 355--356
\T1/lmr/m/it/10 ra-
 []


Overfull \hbox (65.1885pt too wide) in paragraph at lines 355--356
\T1/lmr/m/it/10 tion,
 []


Overfull \hbox (60.33293pt too wide) in paragraph at lines 355--356
[][]\T1/lmr/m/it/10 168[][] 
 []


Overfull \hbox (36.88329pt too wide) in paragraph at lines 356--357
[]| \T1/lmr/m/it/10 re-
 []


Overfull \hbox (60.33319pt too wide) in paragraph at lines 356--357
\T1/lmr/m/it/10 sol-
 []


Overfull \hbox (61.48332pt too wide) in paragraph at lines 356--357
\T1/lmr/m/it/10 ver,
 []


Overfull \hbox (63.39958pt too wide) in paragraph at lines 356--357
[][]\T1/lmr/m/it/10 168[][],
 []


Overfull \hbox (63.39958pt too wide) in paragraph at lines 356--357
[][]\T1/lmr/m/it/10 169[][],
 []


Overfull \hbox (60.33293pt too wide) in paragraph at lines 356--357
[][]\T1/lmr/m/it/10 280[][] 
 []




Overfull \hbox (41.7386pt too wide) in paragraph at lines 357--358
[]| \T1/lmr/m/it/10 root
 []


Overfull \hbox (61.4834pt too wide) in paragraph at lines 357--358
\T1/lmr/m/it/10 ser-
 []


Overfull \hbox (61.48332pt too wide) in paragraph at lines 357--358
\T1/lmr/m/it/10 ver,
 []


Overfull \hbox (60.33293pt too wide) in paragraph at lines 357--358
[][]\T1/lmr/m/it/10 168[][] 
 []


Overfull \hbox (42.65561pt too wide) in paragraph at lines 358--359
[]| \T1/lmr/m/it/10 RR,
 []


Overfull \hbox (55.22195pt too wide) in paragraph at lines 358--359
[][]\T1/lmr/m/it/10 93[][] 
 []


Overfull \hbox (37.26674pt too wide) in paragraph at lines 359--360
[]| \T1/lmr/m/it/10 se-
 []


Overfull \hbox (58.54442pt too wide) in paragraph at lines 359--360
\T1/lmr/m/it/10 cu-
 []


Overfull \hbox (63.5277pt too wide) in paragraph at lines 359--360
\T1/lmr/m/it/10 rity,
 []


Overfull \hbox (60.33293pt too wide) in paragraph at lines 359--360
[][]\T1/lmr/m/it/10 280[][] 
 []


Overfull \hbox (41.4834pt too wide) in paragraph at lines 360--361
[]| \T1/lmr/m/it/10 ser-
 []


Overfull \hbox (61.48332pt too wide) in paragraph at lines 360--361
\T1/lmr/m/it/10 ver,
 []


Overfull \hbox (60.33293pt too wide) in paragraph at lines 360--361
[][]\T1/lmr/m/it/10 280[][] 
 []


Overfull \hbox (44.42197pt too wide) in paragraph at lines 361--362
[]| \T1/lmr/m/it/10 zone
 []


Overfull \hbox (70.42747pt too wide) in paragraph at lines 361--362
\T1/lmr/m/it/10 trans-
 []


Overfull \hbox (59.94997pt too wide) in paragraph at lines 361--362
\T1/lmr/m/it/10 fer,
 []


Overfull \hbox (58.2886pt too wide) in paragraph at lines 361--362
[][]\T1/lmr/m/it/10 93[][],
 []


Overfull \hbox (60.33293pt too wide) in paragraph at lines 361--362
[][]\T1/lmr/m/it/10 283[][] 
 []


Overfull \hbox (48.23311pt too wide) in paragraph at lines 362--363
[]\T1/lmr/m/it/10 DNSSEC,
 []


Overfull \hbox (60.33293pt too wide) in paragraph at lines 362--363
[][]\T1/lmr/m/it/10 280[][] 
 []


Overfull \hbox (40.26622pt too wide) in paragraph at lines 363--364
[]\T1/lmr/m/it/10 domain,
 []


Overfull \hbox (63.39958pt too wide) in paragraph at lines 363--364
[][]\T1/lmr/m/it/10 160[][],
 []


Overfull \hbox (60.33293pt too wide) in paragraph at lines 363--364
[][]\T1/lmr/m/it/10 498[][] 
 []


Overfull \hbox (23.28296pt too wide) in paragraph at lines 364--365
[]\T1/lmr/m/it/10 DoS
 []


Overfull \hbox (57.01096pt too wide) in paragraph at lines 364--365
\T1/lmr/m/it/10 at-
 []


Overfull \hbox (65.69987pt too wide) in paragraph at lines 364--365
\T1/lmr/m/it/10 tack,
 []


Overfull \hbox (63.39958pt too wide) in paragraph at lines 364--365
[][]\T1/lmr/m/it/10 172[][],
 []


Overfull \hbox (60.33293pt too wide) in paragraph at lines 364--365
[][]\T1/lmr/m/it/10 272[][] 
 []


Overfull \hbox (43.6555pt too wide) in paragraph at lines 365--366
[]| \T1/lmr/m/it/10 fast,
 []


Overfull \hbox (60.33293pt too wide) in paragraph at lines 365--366
[][]\T1/lmr/m/it/10 272[][] 
 []


Overfull \hbox (46.46658pt too wide) in paragraph at lines 366--367
[]| \T1/lmr/m/it/10 slow,
 []


Overfull \hbox (63.39958pt too wide) in paragraph at lines 366--367
[][]\T1/lmr/m/it/10 272[][],
 []


Overfull \hbox (60.33293pt too wide) in paragraph at lines 366--367
[][]\T1/lmr/m/it/10 273[][] 
 []


Overfull \hbox (33.87761pt too wide) in paragraph at lines 367--368
[]\T1/lmr/m/it/10 driver,
 []


Overfull \hbox (63.39958pt too wide) in paragraph at lines 367--368
[][]\T1/lmr/m/it/10 341[][],
 []


Overfull \hbox (63.39958pt too wide) in paragraph at lines 367--368
[][]\T1/lmr/m/it/10 348[][],
 []


Overfull \hbox (60.33293pt too wide) in paragraph at lines 367--368
[][]\T1/lmr/m/it/10 487[][] 
 []


Overfull \hbox (29.69461pt too wide) in paragraph at lines 368--369
[]\T1/lmr/m/it/10 DRP,
 []


Overfull \hbox (60.33293pt too wide) in paragraph at lines 368--369
[][]\T1/lmr/m/it/10 427[][] 
 []


Overfull \hbox (40.58897pt too wide) in paragraph at lines 369--370
[]| \T1/lmr/m/it/10 tes-
 []


Overfull \hbox (64.67754pt too wide) in paragraph at lines 369--370
\T1/lmr/m/it/10 ting,
 []


Overfull \hbox (60.33293pt too wide) in paragraph at lines 369--370
[][]\T1/lmr/m/it/10 433[][] 
 []


Overfull \hbox (28.67212pt too wide) in paragraph at lines 370--371
[]\T1/lmr/m/it/10 DSA,
 []


Overfull \hbox (58.2886pt too wide) in paragraph at lines 370--371
[][]\T1/lmr/m/it/10 63[][],
 []


Overfull \hbox (60.33293pt too wide) in paragraph at lines 370--371
[][]\T1/lmr/m/it/10 198[][] 
 []


Overfull \hbox (26.86063pt too wide) in paragraph at lines 371--372
[]\T1/lmr/m/it/10 DSS,
 []


Overfull \hbox (55.22195pt too wide) in paragraph at lines 371--372
[][]\T1/lmr/m/it/10 63[][] 
 []




Overfull \hbox (97.84593pt too wide) has occurred while \output is active
\T1/lmr/m/sl/10 BIBLIOGRAPHIE \T1/lmr/m/n/10 589
 []

[589]
Overfull \hbox (26.72185pt too wide) in paragraph at lines 372--373
[]\T1/lmr/m/it/10 dual-
 []


Overfull \hbox (72.59981pt too wide) in paragraph at lines 372--373
\T1/lmr/m/it/10 homed
 []


Overfull \hbox (65.69983pt too wide) in paragraph at lines 372--373
\T1/lmr/m/it/10 host,
 []


Overfull \hbox (60.33293pt too wide) in paragraph at lines 372--373
[][]\T1/lmr/m/it/10 245[][] 
 []


Overfull \hbox (30.34454pt too wide) in paragraph at lines 373--374
[]\T1/lmr/m/it/10 DVD,
 []


Overfull \hbox (60.33293pt too wide) in paragraph at lines 373--374
[][]\T1/lmr/m/it/10 481[][] 
 []


Overfull \hbox (41.5441pt too wide) in paragraph at lines 374--375
[]\T1/lmr/m/it/10 dynamic
 []


Overfull \hbox (64.42169pt too wide) in paragraph at lines 374--375
\T1/lmr/m/it/10 ana-
 []


Overfull \hbox (55.98872pt too wide) in paragraph at lines 374--375
\T1/lmr/m/it/10 ly-
 []


Overfull \hbox (59.31128pt too wide) in paragraph at lines 374--375
\T1/lmr/m/it/10 sis,
 []


Overfull \hbox (60.33293pt too wide) in paragraph at lines 374--375
[][]\T1/lmr/m/it/10 374[][] 
 []

Missing character: There is no ﬁ ("FB01) in font ec-lmri10!

Overfull \hbox (41.5441pt too wide) in paragraph at lines 375--376
[]\T1/lmr/m/it/10 dynamic
 []


Overfull \hbox (58.28857pt too wide) in paragraph at lines 375--376
\T1/lmr/m/it/10 pa-
 []


Overfull \hbox (62.12225pt too wide) in paragraph at lines 375--376
\T1/lmr/m/it/10 cket
 []


Overfull \hbox (62.76103pt too wide) in paragraph at lines 375--376
\T1/lmr/m/it/10 lter,
 []


Overfull \hbox (60.33293pt too wide) in paragraph at lines 375--376
[][]\T1/lmr/m/it/10 243[][] 
 []


Overfull \hbox (19.96112pt too wide) in paragraph at lines 379--380
[]\T1/lmr/m/it/10 E0,
 []


Overfull \hbox (58.2886pt too wide) in paragraph at lines 379--380
[][]\T1/lmr/m/it/10 90[][],
 []


Overfull \hbox (60.33293pt too wide) in paragraph at lines 379--380
[][]\T1/lmr/m/it/10 259[][] 
 []


Overfull \hbox (28.55562pt too wide) in paragraph at lines 380--381
[]\T1/lmr/m/it/10 EAL,
 []


Overfull \hbox (63.39958pt too wide) in paragraph at lines 380--381
[][]\T1/lmr/m/it/10 361[][],
 []


Overfull \hbox (63.39958pt too wide) in paragraph at lines 380--381
[][]\T1/lmr/m/it/10 407[][],
 []


Overfull \hbox (60.33293pt too wide) in paragraph at lines 380--381
[][]\T1/lmr/m/it/10 469[][] 
 []


Overfull \hbox (29.06712pt too wide) in paragraph at lines 381--382
[]\T1/lmr/m/it/10 EAP,
 []


Overfull \hbox (60.33293pt too wide) in paragraph at lines 381--382
[][]\T1/lmr/m/it/10 258[][] 
 []


Overfull \hbox (29.67213pt too wide) in paragraph at lines 382--383
[]\T1/lmr/m/it/10 eBay,
 []


Overfull \hbox (60.33293pt too wide) in paragraph at lines 382--383
[][]\T1/lmr/m/it/10 143[][] 
 []


Overfull \hbox (29.04465pt too wide) in paragraph at lines 383--384
[]\T1/lmr/m/it/10 ECB,
 []


Overfull \hbox (55.22195pt too wide) in paragraph at lines 383--384
[][]\T1/lmr/m/it/10 84[][] 
 []


Overfull \hbox (42.61111pt too wide) in paragraph at lines 384--385
[]\T1/lmr/m/it/10 ECDSA,
 []


Overfull \hbox (55.22195pt too wide) in paragraph at lines 384--385
[][]\T1/lmr/m/it/10 63[][] 
 []


Overfull \hbox (39.5664pt too wide) in paragraph at lines 385--386
[]| \T1/lmr/m/it/10 un-
 []


Overfull \hbox (62.50539pt too wide) in paragraph at lines 385--386
\T1/lmr/m/it/10 der-
 []


Overfull \hbox (77.58281pt too wide) in paragraph at lines 385--386
\T1/lmr/m/it/10 ground,
 []


Overfull \hbox (55.22195pt too wide) in paragraph at lines 385--386
[][]\T1/lmr/m/it/10 11[][] 
 []


Overfull \hbox (36.91962pt too wide) in paragraph at lines 386--387
[]\T1/lmr/m/it/10 EDGE,
 []


Overfull \hbox (60.33293pt too wide) in paragraph at lines 386--387
[][]\T1/lmr/m/it/10 177[][] 
 []


Overfull \hbox (42.6337pt too wide) in paragraph at lines 387--388
[]\T1/lmr/m/it/10 EDVAC,
 []


Overfull \hbox (60.33293pt too wide) in paragraph at lines 387--388
[][]\T1/lmr/m/it/10 476[][] 
 []

Missing character: There is no ﬁ ("FB01) in font ec-lmri10!

Overfull \hbox (30.17241pt too wide) in paragraph at lines 388--389
[]\T1/lmr/m/it/10 egress
 []


Overfull \hbox (62.76103pt too wide) in paragraph at lines 388--389
\T1/lmr/m/it/10 lter,
 []


Overfull \hbox (63.39958pt too wide) in paragraph at lines 388--389
[][]\T1/lmr/m/it/10 243[][],
 []


Overfull \hbox (60.33293pt too wide) in paragraph at lines 388--389
[][]\T1/lmr/m/it/10 280[][] 
 []


Overfull \hbox (24.07213pt too wide) in paragraph at lines 389--390
[]\T1/lmr/m/it/10 eID,
 []


Overfull \hbox (63.39958pt too wide) in paragraph at lines 389--390
[][]\T1/lmr/m/it/10 144[][],
 []


Overfull \hbox (60.33293pt too wide) in paragraph at lines 389--390
[][]\T1/lmr/m/it/10 316[][] 
 []




Overfull \hbox (46.27177pt too wide) in paragraph at lines 390--391
[]\T1/lmr/m/it/10 electronic
 []


Overfull \hbox (66.97737pt too wide) in paragraph at lines 390--391
\T1/lmr/m/it/10 iden-
 []


Overfull \hbox (62.63327pt too wide) in paragraph at lines 390--391
\T1/lmr/m/it/10 tity,
 []


Overfull \hbox (60.33293pt too wide) in paragraph at lines 390--391
[][]\T1/lmr/m/it/10 147[][] 
 []


Overfull \hbox (39.05539pt too wide) in paragraph at lines 391--392
[]| \T1/lmr/m/it/10 au-
 []


Overfull \hbox (67.23296pt too wide) in paragraph at lines 391--392
\T1/lmr/m/it/10 then-
 []


Overfull \hbox (54.96663pt too wide) in paragraph at lines 391--392
\T1/lmr/m/it/10 ti-
 []


Overfull \hbox (57.7776pt too wide) in paragraph at lines 391--392
\T1/lmr/m/it/10 ca-
 []


Overfull \hbox (65.1885pt too wide) in paragraph at lines 391--392
\T1/lmr/m/it/10 tion,
 []


Overfull \hbox (60.33293pt too wide) in paragraph at lines 391--392
[][]\T1/lmr/m/it/10 145[][] 
 []


Overfull \hbox (43.6554pt too wide) in paragraph at lines 392--393
[]| \T1/lmr/m/it/10 qua-
 []


Overfull \hbox (58.79987pt too wide) in paragraph at lines 392--393
\T1/lmr/m/it/10 lity
 []


Overfull \hbox (53.17763pt too wide) in paragraph at lines 392--393
\T1/lmr/m/it/10 of
 []


Overfull \hbox (61.48329pt too wide) in paragraph at lines 392--393
\T1/lmr/m/it/10 cre-
 []


Overfull \hbox (63.91072pt too wide) in paragraph at lines 392--393
\T1/lmr/m/it/10 den-
 []


Overfull \hbox (62.122pt too wide) in paragraph at lines 392--393
\T1/lmr/m/it/10 tial,
 []


Overfull \hbox (60.33293pt too wide) in paragraph at lines 392--393
[][]\T1/lmr/m/it/10 147[][] 
 []


Overfull \hbox (43.6554pt too wide) in paragraph at lines 393--394
[]| \T1/lmr/m/it/10 qua-
 []


Overfull \hbox (58.79987pt too wide) in paragraph at lines 393--394
\T1/lmr/m/it/10 lity
 []


Overfull \hbox (53.17763pt too wide) in paragraph at lines 393--394
\T1/lmr/m/it/10 of
 []


Overfull \hbox (55.73338pt too wide) in paragraph at lines 393--394
\T1/lmr/m/it/10 is-
 []


Overfull \hbox (66.33897pt too wide) in paragraph at lines 393--394
\T1/lmr/m/it/10 suer,
 []


Overfull \hbox (60.33293pt too wide) in paragraph at lines 393--394
[][]\T1/lmr/m/it/10 147[][] 
 []


Overfull \hbox (48.45526pt too wide) in paragraph at lines 394--395
[]\T1/lmr/m/it/10 Electronic
 []


Overfull \hbox (60.47221pt too wide) in paragraph at lines 394--395
\T1/lmr/m/it/10 Pa-
 []


Overfull \hbox (64.93312pt too wide) in paragraph at lines 394--395
\T1/lmr/m/it/10 tient
 []


Overfull \hbox (59.9611pt too wide) in paragraph at lines 394--395
\T1/lmr/m/it/10 Re-
 []


Overfull \hbox (66.08302pt too wide) in paragraph at lines 394--395
\T1/lmr/m/it/10 cord,
 []


Overfull \hbox (60.33293pt too wide) in paragraph at lines 394--395
[][]\T1/lmr/m/it/10 458[][] 
 []


Overfull \hbox (46.27177pt too wide) in paragraph at lines 395--397
[]\T1/lmr/m/it/10 electronic
 []


Overfull \hbox (55.73338pt too wide) in paragraph at lines 395--397
\T1/lmr/m/it/10 si-
 []


Overfull \hbox (63.91072pt too wide) in paragraph at lines 395--397
\T1/lmr/m/it/10 gna-
 []


Overfull \hbox (65.0611pt too wide) in paragraph at lines 395--397
\T1/lmr/m/it/10 ture,
 []


Overfull \hbox (58.2886pt too wide) in paragraph at lines 395--397
[][]\T1/lmr/m/it/10 66[][],
 []


Overfull \hbox (63.39958pt too wide) in paragraph at lines 395--397
[][]\T1/lmr/m/it/10 126[][],
 []


Overfull \hbox (63.39958pt too wide) in paragraph at lines 395--397
[][]\T1/lmr/m/it/10 133[][],
 []


Overfull \hbox (63.39958pt too wide) in paragraph at lines 395--397
[][]\T1/lmr/m/it/10 138[][],
 []


Overfull \hbox (60.33293pt too wide) in paragraph at lines 395--397
[][]\T1/lmr/m/it/10 280[][] 
 []


Overfull \hbox (44.42169pt too wide) in paragraph at lines 397--398
[]| \T1/lmr/m/it/10 ano-
 []


Overfull \hbox (59.05524pt too wide) in paragraph at lines 397--398
\T1/lmr/m/it/10 ny-
 []


Overfull \hbox (70.81128pt too wide) in paragraph at lines 397--398
\T1/lmr/m/it/10 mous,
 []


Overfull \hbox (60.33293pt too wide) in paragraph at lines 397--398
[][]\T1/lmr/m/it/10 464[][] 
 []


Overfull \hbox (37.01106pt too wide) in paragraph at lines 398--399
[]| \T1/lmr/m/it/10 fu-
 []


Overfull \hbox (61.99445pt too wide) in paragraph at lines 398--399
\T1/lmr/m/it/10 ture
 []


Overfull \hbox (66.97717pt too wide) in paragraph at lines 398--399
\T1/lmr/m/it/10 plan-
 []


Overfull \hbox (66.9773pt too wide) in paragraph at lines 398--399
\T1/lmr/m/it/10 ning,
 []


Overfull \hbox (55.22195pt too wide) in paragraph at lines 398--399
[][]\T1/lmr/m/it/10 63[][] 
 []




Overfull \hbox (97.84593pt too wide) has occurred while \output is active
\T1/lmr/m/n/10 590 \T1/lmr/m/sl/10 BIBLIOGRAPHIE
 []

[590]
Overfull \hbox (36.88329pt too wide) in paragraph at lines 399--400
[]| \T1/lmr/m/it/10 re-
 []


Overfull \hbox (61.61107pt too wide) in paragraph at lines 399--400
\T1/lmr/m/it/10 qui-
 []


Overfull \hbox (56.88329pt too wide) in paragraph at lines 399--400
\T1/lmr/m/it/10 re-
 []


Overfull \hbox (73.87787pt too wide) in paragraph at lines 399--400
\T1/lmr/m/it/10 ments,
 []


Overfull \hbox (60.33293pt too wide) in paragraph at lines 399--400
[][]\T1/lmr/m/it/10 125[][] 
 []

Missing character: There is no ﬁ ("FB01) in font ec-lmri10!

Overfull \hbox (37.77776pt too wide) in paragraph at lines 400--401
[]| \T1/lmr/m/it/10 ve-
 []


Overfull \hbox (55.86105pt too wide) in paragraph at lines 400--401
\T1/lmr/m/it/10 ri-
 []


Overfull \hbox (57.7776pt too wide) in paragraph at lines 400--401
\T1/lmr/m/it/10 ca-
 []


Overfull \hbox (65.1885pt too wide) in paragraph at lines 400--401
\T1/lmr/m/it/10 tion,
 []


Overfull \hbox (60.33293pt too wide) in paragraph at lines 400--401
[][]\T1/lmr/m/it/10 125[][] 
 []


Overfull \hbox (43.14435pt too wide) in paragraph at lines 401--402
[]| \T1/lmr/m/it/10 with
 []


Overfull \hbox (58.7997pt too wide) in paragraph at lines 401--402
\T1/lmr/m/it/10 ap-
 []


Overfull \hbox (63.3996pt too wide) in paragraph at lines 401--402
\T1/lmr/m/it/10 pen-
 []


Overfull \hbox (60.88327pt too wide) in paragraph at lines 401--402
\T1/lmr/m/it/10 dix,
 []


Overfull \hbox (58.2886pt too wide) in paragraph at lines 401--402
[][]\T1/lmr/m/it/10 63[][],
 []


Overfull \hbox (60.33293pt too wide) in paragraph at lines 401--402
[][]\T1/lmr/m/it/10 198[][] 
 []


Overfull \hbox (43.14435pt too wide) in paragraph at lines 402--403
[]| \T1/lmr/m/it/10 with
 []


Overfull \hbox (74.80551pt too wide) in paragraph at lines 402--403
\T1/lmr/m/it/10 PKCS,
 []


Overfull \hbox (60.33293pt too wide) in paragraph at lines 402--403
[][]\T1/lmr/m/it/10 127[][] 
 []


Overfull \hbox (43.14435pt too wide) in paragraph at lines 403--404
[]| \T1/lmr/m/it/10 with
 []


Overfull \hbox (56.88329pt too wide) in paragraph at lines 403--404
\T1/lmr/m/it/10 re-
 []


Overfull \hbox (57.7776pt too wide) in paragraph at lines 403--404
\T1/lmr/m/it/10 co-
 []


Overfull \hbox (66.33882pt too wide) in paragraph at lines 403--404
\T1/lmr/m/it/10 very,
 []


Overfull \hbox (60.33293pt too wide) in paragraph at lines 403--404
[][]\T1/lmr/m/it/10 127[][] 
 []


Overfull \hbox (66.84346pt too wide) in paragraph at lines 404--405
[]\T1/lmr/m/it/10 encapsulation,
 []


Overfull \hbox (60.33293pt too wide) in paragraph at lines 404--405
[][]\T1/lmr/m/it/10 158[][] 
 []


Overfull \hbox (54.19365pt too wide) in paragraph at lines 405--406
[]\T1/lmr/m/it/10 encryption,
 []


Overfull \hbox (58.2886pt too wide) in paragraph at lines 405--406
[][]\T1/lmr/m/it/10 65[][],
 []


Overfull \hbox (60.33293pt too wide) in paragraph at lines 405--406
[][]\T1/lmr/m/it/10 210[][] 
 []


Overfull \hbox (50.8112pt too wide) in paragraph at lines 406--407
[]| \T1/lmr/m/it/10 asym-
 []


Overfull \hbox (61.35574pt too wide) in paragraph at lines 406--407
\T1/lmr/m/it/10 me-
 []


Overfull \hbox (63.2722pt too wide) in paragraph at lines 406--407
\T1/lmr/m/it/10 tric,
 []


Overfull \hbox (55.22195pt too wide) in paragraph at lines 406--407
[][]\T1/lmr/m/it/10 96[][] 
 []


Overfull \hbox (42.0056pt too wide) in paragraph at lines 407--408
[]| \T1/lmr/m/it/10 Full
 []


Overfull \hbox (64.30563pt too wide) in paragraph at lines 407--408
\T1/lmr/m/it/10 Disk
 []


Overfull \hbox (77.1061pt too wide) in paragraph at lines 407--408
\T1/lmr/m/it/10 (FDE),
 []


Overfull \hbox (63.39958pt too wide) in paragraph at lines 407--408
[][]\T1/lmr/m/it/10 349[][],
 []


Overfull \hbox (60.33293pt too wide) in paragraph at lines 407--408
[][]\T1/lmr/m/it/10 425[][] 
 []


Overfull \hbox (47.23306pt too wide) in paragraph at lines 408--409
[]| \T1/lmr/m/it/10 func-
 []


Overfull \hbox (65.1885pt too wide) in paragraph at lines 408--409
\T1/lmr/m/it/10 tion,
 []


Overfull \hbox (55.22195pt too wide) in paragraph at lines 408--409
[][]\T1/lmr/m/it/10 66[][] 
 []


Overfull \hbox (33.68864pt too wide) in paragraph at lines 409--410
[]| \T1/lmr/m/it/10 in
 []


Overfull \hbox (60.73885pt too wide) in paragraph at lines 409--410
\T1/lmr/m/it/10 Ap-
 []


Overfull \hbox (59.31085pt too wide) in paragraph at lines 409--410
\T1/lmr/m/it/10 pli-
 []


Overfull \hbox (57.7776pt too wide) in paragraph at lines 409--410
\T1/lmr/m/it/10 ca-
 []


Overfull \hbox (62.12186pt too wide) in paragraph at lines 409--410
\T1/lmr/m/it/10 tion
 []


Overfull \hbox (69.40527pt too wide) in paragraph at lines 409--410
\T1/lmr/m/it/10 layer,
 []


Overfull \hbox (63.39958pt too wide) in paragraph at lines 409--410
[][]\T1/lmr/m/it/10 211[][],
 []


Overfull \hbox (60.33293pt too wide) in paragraph at lines 409--410
[][]\T1/lmr/m/it/10 215[][] 
 []




Overfull \hbox (33.68864pt too wide) in paragraph at lines 410--411
[]| \T1/lmr/m/it/10 in
 []


Overfull \hbox (65.6997pt too wide) in paragraph at lines 410--411
\T1/lmr/m/it/10 laye-
 []


Overfull \hbox (57.9054pt too wide) in paragraph at lines 410--411
\T1/lmr/m/it/10 red
 []


Overfull \hbox (57.90538pt too wide) in paragraph at lines 410--411
\T1/lmr/m/it/10 ar-
 []


Overfull \hbox (61.35538pt too wide) in paragraph at lines 410--411
\T1/lmr/m/it/10 chi-
 []


Overfull \hbox (60.58887pt too wide) in paragraph at lines 410--411
\T1/lmr/m/it/10 tec-
 []


Overfull \hbox (65.0611pt too wide) in paragraph at lines 410--411
\T1/lmr/m/it/10 ture,
 []


Overfull \hbox (60.33293pt too wide) in paragraph at lines 410--411
[][]\T1/lmr/m/it/10 210[][] 
 []


Overfull \hbox (33.68864pt too wide) in paragraph at lines 411--412
[]| \T1/lmr/m/it/10 in
 []


Overfull \hbox (64.56064pt too wide) in paragraph at lines 411--412
\T1/lmr/m/it/10 Link
 []


Overfull \hbox (69.40527pt too wide) in paragraph at lines 411--412
\T1/lmr/m/it/10 layer,
 []


Overfull \hbox (60.33293pt too wide) in paragraph at lines 411--412
[][]\T1/lmr/m/it/10 214[][] 
 []


Overfull \hbox (33.68864pt too wide) in paragraph at lines 412--413
[]| \T1/lmr/m/it/10 in
 []


Overfull \hbox (62.88858pt too wide) in paragraph at lines 412--413
\T1/lmr/m/it/10 ope-
 []


Overfull \hbox (57.39426pt too wide) in paragraph at lines 412--413
\T1/lmr/m/it/10 ra-
 []


Overfull \hbox (61.61089pt too wide) in paragraph at lines 412--413
\T1/lmr/m/it/10 ting
 []


Overfull \hbox (61.61122pt too wide) in paragraph at lines 412--413
\T1/lmr/m/it/10 sys-
 []


Overfull \hbox (64.16689pt too wide) in paragraph at lines 412--413
\T1/lmr/m/it/10 tem,
 []


Overfull \hbox (60.33293pt too wide) in paragraph at lines 412--413
[][]\T1/lmr/m/it/10 349[][] 
 []


Overfull \hbox (33.68864pt too wide) in paragraph at lines 413--414
[]| \T1/lmr/m/it/10 in
 []


Overfull \hbox (65.32771pt too wide) in paragraph at lines 413--414
\T1/lmr/m/it/10 Phy-
 []


Overfull \hbox (55.73338pt too wide) in paragraph at lines 413--414
\T1/lmr/m/it/10 si-
 []


Overfull \hbox (56.75534pt too wide) in paragraph at lines 413--414
\T1/lmr/m/it/10 cal
 []


Overfull \hbox (69.40527pt too wide) in paragraph at lines 413--414
\T1/lmr/m/it/10 layer,
 []


Overfull \hbox (60.33293pt too wide) in paragraph at lines 413--414
[][]\T1/lmr/m/it/10 215[][] 
 []


Overfull \hbox (42.12216pt too wide) in paragraph at lines 414--415
[]| \T1/lmr/m/it/10 key,
 []


Overfull \hbox (55.22195pt too wide) in paragraph at lines 414--415
[][]\T1/lmr/m/it/10 66[][] 
 []


Overfull \hbox (45.70023pt too wide) in paragraph at lines 415--416
[]| \T1/lmr/m/it/10 sym-
 []


Overfull \hbox (61.35574pt too wide) in paragraph at lines 415--416
\T1/lmr/m/it/10 me-
 []


Overfull \hbox (63.2722pt too wide) in paragraph at lines 415--416
\T1/lmr/m/it/10 tric,
 []


Overfull \hbox (55.22195pt too wide) in paragraph at lines 415--416
[][]\T1/lmr/m/it/10 67[][] 
 []


Overfull \hbox (50.42747pt too wide) in paragraph at lines 416--417
[]| \T1/lmr/m/it/10 trans-
 []


Overfull \hbox (58.28857pt too wide) in paragraph at lines 416--417
\T1/lmr/m/it/10 pa-
 []


Overfull \hbox (65.31642pt too wide) in paragraph at lines 416--417
\T1/lmr/m/it/10 rent,
 []


Overfull \hbox (60.33293pt too wide) in paragraph at lines 416--417
[][]\T1/lmr/m/it/10 349[][] 
 []


Overfull \hbox (20.33298pt too wide) in paragraph at lines 417--418
[]\T1/lmr/m/it/10 end
 []


Overfull \hbox (61.61122pt too wide) in paragraph at lines 417--418
\T1/lmr/m/it/10 sys-
 []


Overfull \hbox (68.25587pt too wide) in paragraph at lines 417--418
\T1/lmr/m/it/10 tems,
 []


Overfull \hbox (60.33293pt too wide) in paragraph at lines 417--418
[][]\T1/lmr/m/it/10 151[][] 
 []


Overfull \hbox (23.91072pt too wide) in paragraph at lines 418--419
[]\T1/lmr/m/it/10 end-
 []


Overfull \hbox (57.01096pt too wide) in paragraph at lines 418--419
\T1/lmr/m/it/10 to-
 []


Overfull \hbox (63.39963pt too wide) in paragraph at lines 418--419
\T1/lmr/m/it/10 end,
 []


Overfull \hbox (60.33293pt too wide) in paragraph at lines 418--419
[][]\T1/lmr/m/it/10 157[][] 
 []




Overfull \hbox (97.84593pt too wide) has occurred while \output is active
\T1/lmr/m/sl/10 BIBLIOGRAPHIE \T1/lmr/m/n/10 591
 []

[591]
Overfull \hbox (46.53818pt too wide) in paragraph at lines 419--420
[]\T1/lmr/m/it/10 Enhanced
 []


Overfull \hbox (60.97203pt too wide) in paragraph at lines 419--420
\T1/lmr/m/it/10 pri-
 []


Overfull \hbox (64.16649pt too wide) in paragraph at lines 419--420
\T1/lmr/m/it/10 vacy
 []


Overfull \hbox (56.40547pt too wide) in paragraph at lines 419--420
\T1/lmr/m/it/10 ID
 []


Overfull \hbox (81.21709pt too wide) in paragraph at lines 419--420
\T1/lmr/m/it/10 (EPID),
 []


Overfull \hbox (60.33293pt too wide) in paragraph at lines 419--420
[][]\T1/lmr/m/it/10 464[][] 
 []


Overfull \hbox (66.20499pt too wide) in paragraph at lines 420--421
[]\T1/lmr/m/it/10 entertainment
 []


Overfull \hbox (58.28873pt too wide) in paragraph at lines 420--421
\T1/lmr/m/it/10 de-
 []


Overfull \hbox (64.4222pt too wide) in paragraph at lines 420--421
\T1/lmr/m/it/10 vice,
 []


Overfull \hbox (50.11098pt too wide) in paragraph at lines 420--421
[][]\T1/lmr/m/it/10 3[][] 
 []


Overfull \hbox (27.6164pt too wide) in paragraph at lines 421--422
[]\T1/lmr/m/it/10 entry
 []


Overfull \hbox (69.78836pt too wide) in paragraph at lines 421--422
\T1/lmr/m/it/10 point,
 []


Overfull \hbox (60.33293pt too wide) in paragraph at lines 421--422
[][]\T1/lmr/m/it/10 377[][] 
 []


Overfull \hbox (44.35513pt too wide) in paragraph at lines 422--423
[]\T1/lmr/m/it/10 escaping,
 []


Overfull \hbox (60.33293pt too wide) in paragraph at lines 422--423
[][]\T1/lmr/m/it/10 392[][] 
 []


Overfull \hbox (39.62762pt too wide) in paragraph at lines 423--424
[]\T1/lmr/m/it/10 eStream
 []


Overfull \hbox (73.49461pt too wide) in paragraph at lines 423--424
\T1/lmr/m/it/10 stream
 []


Overfull \hbox (56.2444pt too wide) in paragraph at lines 423--424
\T1/lmr/m/it/10 ci-
 []


Overfull \hbox (67.10527pt too wide) in paragraph at lines 423--424
\T1/lmr/m/it/10 pher,
 []


Overfull \hbox (55.22195pt too wide) in paragraph at lines 423--424
[][]\T1/lmr/m/it/10 96[][] 
 []


Overfull \hbox (45.64426pt too wide) in paragraph at lines 424--425
[]\T1/lmr/m/it/10 Ethernet,
 []


Overfull \hbox (60.33293pt too wide) in paragraph at lines 424--425
[][]\T1/lmr/m/it/10 172[][] 
 []


Overfull \hbox (45.7001pt too wide) in paragraph at lines 425--426
[]| \T1/lmr/m/it/10 swit-
 []


Overfull \hbox (66.9775pt too wide) in paragraph at lines 425--426
\T1/lmr/m/it/10 ched,
 []


Overfull \hbox (60.33293pt too wide) in paragraph at lines 425--426
[][]\T1/lmr/m/it/10 175[][] 
 []


Overfull \hbox (32.85521pt too wide) in paragraph at lines 426--427
[]\T1/lmr/m/it/10 ethical
 []


Overfull \hbox (58.7997pt too wide) in paragraph at lines 426--427
\T1/lmr/m/it/10 ha-
 []


Overfull \hbox (66.08333pt too wide) in paragraph at lines 426--427
\T1/lmr/m/it/10 cker,
 []


Overfull \hbox (60.33293pt too wide) in paragraph at lines 426--427
[][]\T1/lmr/m/it/10 380[][] 
 []


Overfull \hbox (32.85551pt too wide) in paragraph at lines 427--428
[]\T1/lmr/m/it/10 ethics,
 []


Overfull \hbox (60.33293pt too wide) in paragraph at lines 427--428
[][]\T1/lmr/m/it/10 459[][] 
 []


Overfull \hbox (19.21698pt too wide) in paragraph at lines 428--429
[]\T1/lmr/m/it/10 EU
 []


Overfull \hbox (59.19438pt too wide) in paragraph at lines 428--429
\T1/lmr/m/it/10 Di-
 []


Overfull \hbox (60.97217pt too wide) in paragraph at lines 428--429
\T1/lmr/m/it/10 rec-
 []


Overfull \hbox (63.65555pt too wide) in paragraph at lines 428--429
\T1/lmr/m/it/10 tive,
 []


Overfull \hbox (60.33293pt too wide) in paragraph at lines 428--429
[][]\T1/lmr/m/it/10 447[][] 
 []


Overfull \hbox (19.21698pt too wide) in paragraph at lines 429--430
[]\T1/lmr/m/it/10 EU
 []


Overfull \hbox (59.9611pt too wide) in paragraph at lines 429--430
\T1/lmr/m/it/10 Re-
 []


Overfull \hbox (58.54442pt too wide) in paragraph at lines 429--430
\T1/lmr/m/it/10 gu-
 []


Overfull \hbox (56.2442pt too wide) in paragraph at lines 429--430
\T1/lmr/m/it/10 la-
 []


Overfull \hbox (65.1885pt too wide) in paragraph at lines 429--430
\T1/lmr/m/it/10 tion,
 []


Overfull \hbox (60.33293pt too wide) in paragraph at lines 429--430
[][]\T1/lmr/m/it/10 449[][] 
 []

Missing character: There is no ’ ("2019) in font ec-lmri10!

Overfull \hbox (36.57227pt too wide) in paragraph at lines 430--431
[]\T1/lmr/m/it/10 Euclids
 []


Overfull \hbox (56.2442pt too wide) in paragraph at lines 430--431
\T1/lmr/m/it/10 al-
 []


Overfull \hbox (58.28873pt too wide) in paragraph at lines 430--431
\T1/lmr/m/it/10 go-
 []


Overfull \hbox (71.96117pt too wide) in paragraph at lines 430--431
\T1/lmr/m/it/10 rithm,
 []


Overfull \hbox (60.33293pt too wide) in paragraph at lines 430--431
[][]\T1/lmr/m/it/10 504[][] 
 []



Missing character: There is no ’ ("2019) in font ec-lmri10!

Overfull \hbox (36.57227pt too wide) in paragraph at lines 431--433
[]\T1/lmr/m/it/10 Euclids
 []


Overfull \hbox (57.81674pt too wide) in paragraph at lines 431--433
\T1/lmr/m/it/10 ex-
 []


Overfull \hbox (62.12198pt too wide) in paragraph at lines 431--433
\T1/lmr/m/it/10 ten-
 []


Overfull \hbox (59.31084pt too wide) in paragraph at lines 431--433
\T1/lmr/m/it/10 ded
 []


Overfull \hbox (56.2442pt too wide) in paragraph at lines 431--433
\T1/lmr/m/it/10 al-
 []


Overfull \hbox (58.28873pt too wide) in paragraph at lines 431--433
\T1/lmr/m/it/10 go-
 []


Overfull \hbox (71.96117pt too wide) in paragraph at lines 431--433
\T1/lmr/m/it/10 rithm,
 []


Overfull \hbox (63.39958pt too wide) in paragraph at lines 431--433
[][]\T1/lmr/m/it/10 101[][],
 []


Overfull \hbox (63.39958pt too wide) in paragraph at lines 431--433
[][]\T1/lmr/m/it/10 107[][],
 []


Overfull \hbox (63.39958pt too wide) in paragraph at lines 431--433
[][]\T1/lmr/m/it/10 505[][],
 []


Overfull \hbox (60.33293pt too wide) in paragraph at lines 431--433
[][]\T1/lmr/m/it/10 513[][] 
 []

Missing character: There is no ’ ("2019) in font ec-lmri10!

Overfull \hbox (32.6113pt too wide) in paragraph at lines 433--434
[]\T1/lmr/m/it/10 Eulers
 []


Overfull \hbox (57.01096pt too wide) in paragraph at lines 433--434
\T1/lmr/m/it/10 to-
 []


Overfull \hbox (64.93312pt too wide) in paragraph at lines 433--434
\T1/lmr/m/it/10 tient
 []


Overfull \hbox (67.23306pt too wide) in paragraph at lines 433--434
\T1/lmr/m/it/10 func-
 []


Overfull \hbox (65.1885pt too wide) in paragraph at lines 433--434
\T1/lmr/m/it/10 tion,
 []


Overfull \hbox (58.2886pt too wide) in paragraph at lines 433--434
[][]\T1/lmr/m/it/10 99[][],
 []


Overfull \hbox (60.33293pt too wide) in paragraph at lines 433--434
[][]\T1/lmr/m/it/10 511[][] 
 []


Overfull \hbox (45.38838pt too wide) in paragraph at lines 434--435
[]\T1/lmr/m/it/10 European
 []


Overfull \hbox (66.09418pt too wide) in paragraph at lines 434--435
\T1/lmr/m/it/10 Data
 []


Overfull \hbox (64.17775pt too wide) in paragraph at lines 434--435
\T1/lmr/m/it/10 Pro-
 []


Overfull \hbox (60.58887pt too wide) in paragraph at lines 434--435
\T1/lmr/m/it/10 tec-
 []


Overfull \hbox (62.12186pt too wide) in paragraph at lines 434--435
\T1/lmr/m/it/10 tion
 []


Overfull \hbox (59.5664pt too wide) in paragraph at lines 434--435
\T1/lmr/m/it/10 Su-
 []


Overfull \hbox (61.99426pt too wide) in paragraph at lines 434--435
\T1/lmr/m/it/10 per-
 []


Overfull \hbox (56.2444pt too wide) in paragraph at lines 434--435
\T1/lmr/m/it/10 vi-
 []


Overfull \hbox (58.41663pt too wide) in paragraph at lines 434--435
\T1/lmr/m/it/10 sor
 []


Overfull \hbox (82.9836pt too wide) in paragraph at lines 434--435
\T1/lmr/m/it/10 (EDPS),
 []


Overfull \hbox (60.33293pt too wide) in paragraph at lines 434--435
[][]\T1/lmr/m/it/10 456[][] 
 []


Overfull \hbox (35.73323pt too wide) in paragraph at lines 435--436
[]| \T1/lmr/m/it/10 le-
 []


Overfull \hbox (57.26646pt too wide) in paragraph at lines 435--436
\T1/lmr/m/it/10 gal
 []


Overfull \hbox (60.97227pt too wide) in paragraph at lines 435--436
\T1/lmr/m/it/10 res-
 []


Overfull \hbox (63.91057pt too wide) in paragraph at lines 435--436
\T1/lmr/m/it/10 pon-
 []


Overfull \hbox (55.73338pt too wide) in paragraph at lines 435--436
\T1/lmr/m/it/10 si-
 []


Overfull \hbox (56.2444pt too wide) in paragraph at lines 435--436
\T1/lmr/m/it/10 bi-
 []


Overfull \hbox (61.86652pt too wide) in paragraph at lines 435--436
\T1/lmr/m/it/10 lity,
 []


Overfull \hbox (60.33293pt too wide) in paragraph at lines 435--436
[][]\T1/lmr/m/it/10 457[][] 
 []


Overfull \hbox (41.99426pt too wide) in paragraph at lines 436--437
[]| \T1/lmr/m/it/10 per-
 []


Overfull \hbox (57.77771pt too wide) in paragraph at lines 436--437
\T1/lmr/m/it/10 so-
 []


Overfull \hbox (58.28845pt too wide) in paragraph at lines 436--437
\T1/lmr/m/it/10 nal
 []


Overfull \hbox (63.65517pt too wide) in paragraph at lines 436--437
\T1/lmr/m/it/10 data
 []


Overfull \hbox (75.28304pt too wide) in paragraph at lines 436--437
\T1/lmr/m/it/10 breach,
 []


Overfull \hbox (60.33293pt too wide) in paragraph at lines 436--437
[][]\T1/lmr/m/it/10 449[][] 
 []




Overfull \hbox (97.84593pt too wide) has occurred while \output is active
\T1/lmr/m/n/10 592 \T1/lmr/m/sl/10 BIBLIOGRAPHIE
 []

[592]
Overfull \hbox (41.35538pt too wide) in paragraph at lines 437--438
[]| \T1/lmr/m/it/10 pic-
 []


Overfull \hbox (66.08344pt too wide) in paragraph at lines 437--438
\T1/lmr/m/it/10 tures
 []


Overfull \hbox (60.84395pt too wide) in paragraph at lines 437--438
\T1/lmr/m/it/10 and
 []


Overfull \hbox (77.45525pt too wide) in paragraph at lines 437--438
\T1/lmr/m/it/10 sounds,
 []


Overfull \hbox (60.33293pt too wide) in paragraph at lines 437--438
[][]\T1/lmr/m/it/10 452[][] 
 []


Overfull \hbox (42.50523pt too wide) in paragraph at lines 438--439
[]| \T1/lmr/m/it/10 pro-
 []


Overfull \hbox (61.35562pt too wide) in paragraph at lines 438--439
\T1/lmr/m/it/10 ces-
 []


Overfull \hbox (61.48328pt too wide) in paragraph at lines 438--439
\T1/lmr/m/it/10 sor,
 []


Overfull \hbox (60.33293pt too wide) in paragraph at lines 438--439
[][]\T1/lmr/m/it/10 449[][] 
 []

Missing character: There is no ﬁ ("FB01) in font ec-lmri10!

Overfull \hbox (42.50523pt too wide) in paragraph at lines 439--440
[]| \T1/lmr/m/it/10 pro-
 []


Overfull \hbox (63.91078pt too wide) in paragraph at lines 439--440
\T1/lmr/m/it/10 ling,
 []


Overfull \hbox (63.39958pt too wide) in paragraph at lines 439--440
[][]\T1/lmr/m/it/10 449[][],
 []


Overfull \hbox (60.33293pt too wide) in paragraph at lines 439--440
[][]\T1/lmr/m/it/10 461[][] 
 []


Overfull \hbox (47.74438pt too wide) in paragraph at lines 440--441
[]| \T1/lmr/m/it/10 pseu-
 []


Overfull \hbox (58.7997pt too wide) in paragraph at lines 440--441
\T1/lmr/m/it/10 do-
 []


Overfull \hbox (59.05524pt too wide) in paragraph at lines 440--441
\T1/lmr/m/it/10 ny-
 []


Overfull \hbox (59.82239pt too wide) in paragraph at lines 440--441
\T1/lmr/m/it/10 mi-
 []


Overfull \hbox (57.77771pt too wide) in paragraph at lines 440--441
\T1/lmr/m/it/10 sa-
 []


Overfull \hbox (65.1885pt too wide) in paragraph at lines 440--441
\T1/lmr/m/it/10 tion,
 []


Overfull \hbox (60.33293pt too wide) in paragraph at lines 440--441
[][]\T1/lmr/m/it/10 449[][] 
 []


Overfull \hbox (36.88329pt too wide) in paragraph at lines 441--442
[]| \T1/lmr/m/it/10 re-
 []


Overfull \hbox (56.2444pt too wide) in paragraph at lines 441--442
\T1/lmr/m/it/10 ci-
 []


Overfull \hbox (69.78851pt too wide) in paragraph at lines 441--442
\T1/lmr/m/it/10 pient,
 []


Overfull \hbox (60.33293pt too wide) in paragraph at lines 441--442
[][]\T1/lmr/m/it/10 449[][] 
 []


Overfull \hbox (52.47217pt too wide) in paragraph at lines 442--443
[]| \T1/lmr/m/it/10 rights,
 []


Overfull \hbox (60.33293pt too wide) in paragraph at lines 442--443
[][]\T1/lmr/m/it/10 454[][] 
 []


Overfull \hbox (37.26674pt too wide) in paragraph at lines 443--444
[]| \T1/lmr/m/it/10 se-
 []


Overfull \hbox (58.54442pt too wide) in paragraph at lines 443--444
\T1/lmr/m/it/10 cu-
 []


Overfull \hbox (60.46104pt too wide) in paragraph at lines 443--444
\T1/lmr/m/it/10 rity
 []


Overfull \hbox (53.17763pt too wide) in paragraph at lines 443--444
\T1/lmr/m/it/10 of
 []


Overfull \hbox (62.50523pt too wide) in paragraph at lines 443--444
\T1/lmr/m/it/10 pro-
 []


Overfull \hbox (61.35562pt too wide) in paragraph at lines 443--444
\T1/lmr/m/it/10 ces-
 []


Overfull \hbox (65.44429pt too wide) in paragraph at lines 443--444
\T1/lmr/m/it/10 sing,
 []


Overfull \hbox (63.39958pt too wide) in paragraph at lines 443--444
[][]\T1/lmr/m/it/10 226[][],
 []


Overfull \hbox (60.33293pt too wide) in paragraph at lines 443--444
[][]\T1/lmr/m/it/10 454[][] 
 []


Overfull \hbox (37.26674pt too wide) in paragraph at lines 444--445
[]| \T1/lmr/m/it/10 se-
 []


Overfull \hbox (58.54442pt too wide) in paragraph at lines 444--445
\T1/lmr/m/it/10 cu-
 []


Overfull \hbox (60.46104pt too wide) in paragraph at lines 444--445
\T1/lmr/m/it/10 rity
 []


Overfull \hbox (61.22762pt too wide) in paragraph at lines 444--445
\T1/lmr/m/it/10 tar-
 []


Overfull \hbox (64.67789pt too wide) in paragraph at lines 444--445
\T1/lmr/m/it/10 gets,
 []


Overfull \hbox (60.33293pt too wide) in paragraph at lines 444--445
[][]\T1/lmr/m/it/10 454[][] 
 []


Overfull \hbox (46.72194pt too wide) in paragraph at lines 445--446
[]| \T1/lmr/m/it/10 stan-
 []


Overfull \hbox (64.03847pt too wide) in paragraph at lines 445--446
\T1/lmr/m/it/10 dard
 []


Overfull \hbox (80.13835pt too wide) in paragraph at lines 445--446
\T1/lmr/m/it/10 contrac-
 []


Overfull \hbox (61.35536pt too wide) in paragraph at lines 445--446
\T1/lmr/m/it/10 tual
 []


Overfull \hbox (74.38878pt too wide) in paragraph at lines 445--446
\T1/lmr/m/it/10 clause,
 []


Overfull \hbox (60.33293pt too wide) in paragraph at lines 445--446
[][]\T1/lmr/m/it/10 452[][] 
 []




Overfull \hbox (39.5664pt too wide) in paragraph at lines 446--447
[]| \T1/lmr/m/it/10 Su-
 []


Overfull \hbox (61.99426pt too wide) in paragraph at lines 446--447
\T1/lmr/m/it/10 per-
 []


Overfull \hbox (56.2444pt too wide) in paragraph at lines 446--447
\T1/lmr/m/it/10 vi-
 []


Overfull \hbox (63.27213pt too wide) in paragraph at lines 446--447
\T1/lmr/m/it/10 sory
 []


Overfull \hbox (60.86678pt too wide) in paragraph at lines 446--447
\T1/lmr/m/it/10 Au-
 []


Overfull \hbox (62.12193pt too wide) in paragraph at lines 446--447
\T1/lmr/m/it/10 tho-
 []


Overfull \hbox (63.5277pt too wide) in paragraph at lines 446--447
\T1/lmr/m/it/10 rity,
 []


Overfull \hbox (60.33293pt too wide) in paragraph at lines 446--447
[][]\T1/lmr/m/it/10 456[][] 
 []


Overfull \hbox (45.31638pt too wide) in paragraph at lines 447--448
[]| \T1/lmr/m/it/10 third
 []


Overfull \hbox (68.76627pt too wide) in paragraph at lines 447--448
\T1/lmr/m/it/10 coun-
 []


Overfull \hbox (60.46104pt too wide) in paragraph at lines 447--448
\T1/lmr/m/it/10 try,
 []


Overfull \hbox (60.33293pt too wide) in paragraph at lines 447--448
[][]\T1/lmr/m/it/10 452[][] 
 []

Missing character: There is no ﬁ ("FB01) in font ec-lmri10!

Overfull \hbox (19.21698pt too wide) in paragraph at lines 448--449
[]\T1/lmr/m/it/10 EV
 []


Overfull \hbox (61.48329pt too wide) in paragraph at lines 448--449
\T1/lmr/m/it/10 cer-
 []


Overfull \hbox (54.96663pt too wide) in paragraph at lines 448--449
\T1/lmr/m/it/10 ti-
 []


Overfull \hbox (65.18875pt too wide) in paragraph at lines 448--449
\T1/lmr/m/it/10 cate,
 []


Overfull \hbox (55.22195pt too wide) in paragraph at lines 448--449
[][]\T1/lmr/m/it/10 67[][] 
 []


Overfull \hbox (37.84982pt too wide) in paragraph at lines 449--450
[]\T1/lmr/m/it/10 Evolved
 []


Overfull \hbox (74.57245pt too wide) in paragraph at lines 449--450
\T1/lmr/m/it/10 HSPA,
 []


Overfull \hbox (60.33293pt too wide) in paragraph at lines 449--450
[][]\T1/lmr/m/it/10 177[][] 
 []


Overfull \hbox (48.99422pt too wide) in paragraph at lines 450--451
[]\T1/lmr/m/it/10 existential
 []


Overfull \hbox (60.97203pt too wide) in paragraph at lines 450--451
\T1/lmr/m/it/10 for-
 []


Overfull \hbox (66.33882pt too wide) in paragraph at lines 450--451
\T1/lmr/m/it/10 gery,
 []


Overfull \hbox (55.22195pt too wide) in paragraph at lines 450--451
[][]\T1/lmr/m/it/10 58[][] 
 []


Overfull \hbox (46.18271pt too wide) in paragraph at lines 451--452
[]\T1/lmr/m/it/10 exponent,
 []


Overfull \hbox (63.39958pt too wide) in paragraph at lines 451--452
[][]\T1/lmr/m/it/10 138[][],
 []


Overfull \hbox (60.33293pt too wide) in paragraph at lines 451--452
[][]\T1/lmr/m/it/10 500[][] 
 []

Missing character: There is no ﬁ ("FB01) in font ec-lmri10!

Overfull \hbox (44.27756pt too wide) in paragraph at lines 452--453
[]\T1/lmr/m/it/10 Extended
 []


Overfull \hbox (60.35555pt too wide) in paragraph at lines 452--453
\T1/lmr/m/it/10 Va-
 []


Overfull \hbox (54.19987pt too wide) in paragraph at lines 452--453
\T1/lmr/m/it/10 li-
 []


Overfull \hbox (58.7997pt too wide) in paragraph at lines 452--453
\T1/lmr/m/it/10 da-
 []


Overfull \hbox (62.12186pt too wide) in paragraph at lines 452--453
\T1/lmr/m/it/10 tion
 []


Overfull \hbox (67.39496pt too wide) in paragraph at lines 452--453
\T1/lmr/m/it/10 (EV)
 []


Overfull \hbox (61.48329pt too wide) in paragraph at lines 452--453
\T1/lmr/m/it/10 cer-
 []


Overfull \hbox (54.96663pt too wide) in paragraph at lines 452--453
\T1/lmr/m/it/10 ti-
 []


Overfull \hbox (65.18875pt too wide) in paragraph at lines 452--453
\T1/lmr/m/it/10 cate,
 []


Overfull \hbox (55.22195pt too wide) in paragraph at lines 452--453
[][]\T1/lmr/m/it/10 67[][] 
 []


Overfull \hbox (48.7385pt too wide) in paragraph at lines 453--454
[]\T1/lmr/m/it/10 extension,
 []


Overfull \hbox (60.33293pt too wide) in paragraph at lines 453--454
[][]\T1/lmr/m/it/10 136[][] 
 []


Overfull \hbox (46.05536pt too wide) in paragraph at lines 454--455
[]\T1/lmr/m/it/10 extradite-
 []


Overfull \hbox (57.90538pt too wide) in paragraph at lines 454--455
\T1/lmr/m/it/10 or-
 []


Overfull \hbox (88.06093pt too wide) in paragraph at lines 454--455
\T1/lmr/m/it/10 prosecute,
 []


Overfull \hbox (63.39958pt too wide) in paragraph at lines 454--455
[][]\T1/lmr/m/it/10 222[][],
 []


Overfull \hbox (60.33293pt too wide) in paragraph at lines 454--455
[][]\T1/lmr/m/it/10 447[][] 
 []




Overfull \hbox (97.84593pt too wide) has occurred while \output is active
\T1/lmr/m/sl/10 BIBLIOGRAPHIE \T1/lmr/m/n/10 593
 []

[593]
Missing character: There is no ﬁ ("FB01) in font ec-lmri10!

Overfull \hbox (49.12173pt too wide) in paragraph at lines 455--456
[]\T1/lmr/m/it/10 exltration,
 []


Overfull \hbox (50.11098pt too wide) in paragraph at lines 455--456
[][]\T1/lmr/m/it/10 6[][] 
 []


Overfull \hbox (21.86652pt too wide) in paragraph at lines 459--460
[]\T1/lmr/m/it/10 face
 []


Overfull \hbox (56.88329pt too wide) in paragraph at lines 459--460
\T1/lmr/m/it/10 re-
 []


Overfull \hbox (61.86649pt too wide) in paragraph at lines 459--460
\T1/lmr/m/it/10 cog-
 []


Overfull \hbox (57.26639pt too wide) in paragraph at lines 459--460
\T1/lmr/m/it/10 ni-
 []


Overfull \hbox (65.1885pt too wide) in paragraph at lines 459--460
\T1/lmr/m/it/10 tion,
 []


Overfull \hbox (60.33293pt too wide) in paragraph at lines 459--460
[][]\T1/lmr/m/it/10 305[][] 
 []


Overfull \hbox (42.9609pt too wide) in paragraph at lines 460--461
[]\T1/lmr/m/it/10 Facebook
 []


Overfull \hbox (66.6053pt too wide) in paragraph at lines 460--461
\T1/lmr/m/it/10 Like,
 []


Overfull \hbox (60.33293pt too wide) in paragraph at lines 460--461
[][]\T1/lmr/m/it/10 462[][] 
 []


Overfull \hbox (25.07217pt too wide) in paragraph at lines 461--462
[]\T1/lmr/m/it/10 Fail-
 []


Overfull \hbox (61.86662pt too wide) in paragraph at lines 461--462
\T1/lmr/m/it/10 safe
 []


Overfull \hbox (60.72774pt too wide) in paragraph at lines 461--462
\T1/lmr/m/it/10 De-
 []


Overfull \hbox (71.57765pt too wide) in paragraph at lines 461--462
\T1/lmr/m/it/10 faults,
 []


Overfull \hbox (60.33293pt too wide) in paragraph at lines 461--462
[][]\T1/lmr/m/it/10 326[][] 
 []


Overfull \hbox (32.15587pt too wide) in paragraph at lines 462--463
[]\T1/lmr/m/it/10 FAIR,
 []


Overfull \hbox (55.22195pt too wide) in paragraph at lines 462--463
[][]\T1/lmr/m/it/10 47[][] 
 []


Overfull \hbox (24.4221pt too wide) in paragraph at lines 463--464
[]\T1/lmr/m/it/10 false
 []


Overfull \hbox (58.28873pt too wide) in paragraph at lines 463--464
\T1/lmr/m/it/10 ac-
 []


Overfull \hbox (62.37761pt too wide) in paragraph at lines 463--464
\T1/lmr/m/it/10 cep-
 []


Overfull \hbox (70.81075pt too wide) in paragraph at lines 463--464
\T1/lmr/m/it/10 tance,
 []


Overfull \hbox (60.33293pt too wide) in paragraph at lines 463--464
[][]\T1/lmr/m/it/10 304[][] 
 []


Overfull \hbox (24.4221pt too wide) in paragraph at lines 464--465
[]\T1/lmr/m/it/10 false
 []


Overfull \hbox (58.79974pt too wide) in paragraph at lines 464--465
\T1/lmr/m/it/10 ne-
 []


Overfull \hbox (58.28873pt too wide) in paragraph at lines 464--465
\T1/lmr/m/it/10 ga-
 []


Overfull \hbox (63.65555pt too wide) in paragraph at lines 464--465
\T1/lmr/m/it/10 tive,
 []


Overfull \hbox (63.39958pt too wide) in paragraph at lines 464--465
[][]\T1/lmr/m/it/10 181[][],
 []


Overfull \hbox (60.33293pt too wide) in paragraph at lines 464--465
[][]\T1/lmr/m/it/10 253[][] 
 []


Overfull \hbox (24.4221pt too wide) in paragraph at lines 465--466
[]\T1/lmr/m/it/10 false
 []


Overfull \hbox (58.28857pt too wide) in paragraph at lines 465--466
\T1/lmr/m/it/10 po-
 []


Overfull \hbox (55.73338pt too wide) in paragraph at lines 465--466
\T1/lmr/m/it/10 si-
 []


Overfull \hbox (63.65555pt too wide) in paragraph at lines 465--466
\T1/lmr/m/it/10 tive,
 []


Overfull \hbox (63.39958pt too wide) in paragraph at lines 465--466
[][]\T1/lmr/m/it/10 181[][],
 []


Overfull \hbox (60.33293pt too wide) in paragraph at lines 465--466
[][]\T1/lmr/m/it/10 253[][] 
 []


Overfull \hbox (24.4221pt too wide) in paragraph at lines 466--467
[]\T1/lmr/m/it/10 false
 []


Overfull \hbox (56.88329pt too wide) in paragraph at lines 466--467
\T1/lmr/m/it/10 re-
 []


Overfull \hbox (60.33328pt too wide) in paragraph at lines 466--467
\T1/lmr/m/it/10 jec-
 []


Overfull \hbox (65.1885pt too wide) in paragraph at lines 466--467
\T1/lmr/m/it/10 tion,
 []


Overfull \hbox (60.33293pt too wide) in paragraph at lines 466--467
[][]\T1/lmr/m/it/10 304[][] 
 []


Overfull \hbox (39.76627pt too wide) in paragraph at lines 467--468
[]\T1/lmr/m/it/10 Faraday
 []


Overfull \hbox (66.46652pt too wide) in paragraph at lines 467--468
\T1/lmr/m/it/10 cage,
 []


Overfull \hbox (63.39958pt too wide) in paragraph at lines 467--468
[][]\T1/lmr/m/it/10 422[][],
 []


Overfull \hbox (60.33293pt too wide) in paragraph at lines 467--468
[][]\T1/lmr/m/it/10 424[][] 
 []


Overfull \hbox (28.92812pt too wide) in paragraph at lines 468--469
[]\T1/lmr/m/it/10 FDE,
 []


Overfull \hbox (63.39958pt too wide) in paragraph at lines 468--469
[][]\T1/lmr/m/it/10 349[][],
 []


Overfull \hbox (60.33293pt too wide) in paragraph at lines 468--469
[][]\T1/lmr/m/it/10 425[][] 
 []




Overfull \hbox (21.48317pt too wide) in paragraph at lines 469--470
[]\T1/lmr/m/it/10 fear
 []


Overfull \hbox (58.7997pt too wide) in paragraph at lines 469--470
\T1/lmr/m/it/10 ap-
 []


Overfull \hbox (64.42184pt too wide) in paragraph at lines 469--470
\T1/lmr/m/it/10 peal,
 []


Overfull \hbox (55.22195pt too wide) in paragraph at lines 469--470
[][]\T1/lmr/m/it/10 32[][] 
 []


Overfull \hbox (32.99469pt too wide) in paragraph at lines 470--471
[]\T1/lmr/m/it/10 Feistel
 []


Overfull \hbox (62.12198pt too wide) in paragraph at lines 470--471
\T1/lmr/m/it/10 net-
 []


Overfull \hbox (68.63878pt too wide) in paragraph at lines 470--471
\T1/lmr/m/it/10 work,
 []


Overfull \hbox (55.22195pt too wide) in paragraph at lines 470--471
[][]\T1/lmr/m/it/10 81[][] 
 []


Overfull \hbox (26.97754pt too wide) in paragraph at lines 471--472
[]\T1/lmr/m/it/10 fence
 []


Overfull \hbox (56.88329pt too wide) in paragraph at lines 471--472
\T1/lmr/m/it/10 re-
 []


Overfull \hbox (60.33339pt too wide) in paragraph at lines 471--472
\T1/lmr/m/it/10 gis-
 []


Overfull \hbox (60.20555pt too wide) in paragraph at lines 471--472
\T1/lmr/m/it/10 ter,
 []


Overfull \hbox (60.33293pt too wide) in paragraph at lines 471--472
[][]\T1/lmr/m/it/10 338[][] 
 []


Overfull \hbox (38.28873pt too wide) in paragraph at lines 472--473
[]| \T1/lmr/m/it/10 de-
 []


Overfull \hbox (55.73323pt too wide) in paragraph at lines 472--473
\T1/lmr/m/it/10 le-
 []


Overfull \hbox (65.1885pt too wide) in paragraph at lines 472--473
\T1/lmr/m/it/10 tion,
 []


Overfull \hbox (60.33293pt too wide) in paragraph at lines 472--473
[][]\T1/lmr/m/it/10 422[][] 
 []


Overfull \hbox (47.0723pt too wide) in paragraph at lines 473--474
[]\T1/lmr/m/it/10 FileVault,
 []


Overfull \hbox (60.33293pt too wide) in paragraph at lines 473--474
[][]\T1/lmr/m/it/10 349[][] 
 []


Overfull \hbox (43.9835pt too wide) in paragraph at lines 474--475
[]\T1/lmr/m/it/10 Firewire,
 []


Overfull \hbox (60.33293pt too wide) in paragraph at lines 474--475
[][]\T1/lmr/m/it/10 483[][] 
 []


Overfull \hbox (29.3226pt too wide) in paragraph at lines 475--476
[]\T1/lmr/m/it/10 FNR,
 []


Overfull \hbox (60.33293pt too wide) in paragraph at lines 475--476
[][]\T1/lmr/m/it/10 253[][] 
 []


Overfull \hbox (38.86081pt too wide) in paragraph at lines 476--477
[]\T1/lmr/m/it/10 forensic
 []


Overfull \hbox (58.28873pt too wide) in paragraph at lines 476--477
\T1/lmr/m/it/10 ac-
 []


Overfull \hbox (61.61107pt too wide) in paragraph at lines 476--477
\T1/lmr/m/it/10 qui-
 []


Overfull \hbox (55.73338pt too wide) in paragraph at lines 476--477
\T1/lmr/m/it/10 si-
 []


Overfull \hbox (62.12186pt too wide) in paragraph at lines 476--477
\T1/lmr/m/it/10 tion
 []


Overfull \hbox (64.93327pt too wide) in paragraph at lines 476--477
\T1/lmr/m/it/10 disk,
 []


Overfull \hbox (60.33293pt too wide) in paragraph at lines 476--477
[][]\T1/lmr/m/it/10 425[][] 
 []


Overfull \hbox (41.55548pt too wide) in paragraph at lines 477--478
[]\T1/lmr/m/it/10 Forensic
 []


Overfull \hbox (67.2329pt too wide) in paragraph at lines 477--478
\T1/lmr/m/it/10 Tool-
 []


Overfull \hbox (55.98889pt too wide) in paragraph at lines 477--478
\T1/lmr/m/it/10 kit
 []


Overfull \hbox (82.21696pt too wide) in paragraph at lines 477--478
\T1/lmr/m/it/10 (FTK®),
 []


Overfull \hbox (60.33293pt too wide) in paragraph at lines 477--478
[][]\T1/lmr/m/it/10 423[][] 
 []


Overfull \hbox (46.01645pt too wide) in paragraph at lines 478--479
[]\T1/lmr/m/it/10 forensics,
 []


Overfull \hbox (60.33293pt too wide) in paragraph at lines 478--479
[][]\T1/lmr/m/it/10 420[][] 
 []


Overfull \hbox (38.79974pt too wide) in paragraph at lines 479--480
[]| \T1/lmr/m/it/10 en-
 []


Overfull \hbox (67.36089pt too wide) in paragraph at lines 479--480
\T1/lmr/m/it/10 cryp-
 []


Overfull \hbox (57.5221pt too wide) in paragraph at lines 479--480
\T1/lmr/m/it/10 ted
 []


Overfull \hbox (66.72182pt too wide) in paragraph at lines 479--480
\T1/lmr/m/it/10 data,
 []


Overfull \hbox (60.33293pt too wide) in paragraph at lines 479--480
[][]\T1/lmr/m/it/10 425[][] 
 []


Overfull \hbox (41.35574pt too wide) in paragraph at lines 480--481
[]| \T1/lmr/m/it/10 me-
 []


Overfull \hbox (70.42778pt too wide) in paragraph at lines 480--481
\T1/lmr/m/it/10 mory,
 []


Overfull \hbox (60.33293pt too wide) in paragraph at lines 480--481
[][]\T1/lmr/m/it/10 423[][] 
 []




Overfull \hbox (97.84593pt too wide) has occurred while \output is active
\T1/lmr/m/n/10 594 \T1/lmr/m/sl/10 BIBLIOGRAPHIE
 []

[594]
Overfull \hbox (53.4946pt too wide) in paragraph at lines 481--482
[]| \T1/lmr/m/it/10 smart-
 []


Overfull \hbox (73.62158pt too wide) in paragraph at lines 481--482
\T1/lmr/m/it/10 phone,
 []


Overfull \hbox (60.33293pt too wide) in paragraph at lines 481--482
[][]\T1/lmr/m/it/10 423[][] 
 []


Overfull \hbox (28.6726pt too wide) in paragraph at lines 482--483
[]\T1/lmr/m/it/10 FPR,
 []


Overfull \hbox (60.33293pt too wide) in paragraph at lines 482--483
[][]\T1/lmr/m/it/10 253[][] 
 []


Overfull \hbox (32.72781pt too wide) in paragraph at lines 483--484
[]\T1/lmr/m/it/10 frame,
 []


Overfull \hbox (60.33293pt too wide) in paragraph at lines 483--484
[][]\T1/lmr/m/it/10 169[][] 
 []


Overfull \hbox (46.43338pt too wide) in paragraph at lines 484--486
[]\T1/lmr/m/it/10 FreeBSD,
 []


Overfull \hbox (63.39958pt too wide) in paragraph at lines 484--486
[][]\T1/lmr/m/it/10 321[][],
 []


Overfull \hbox (63.39958pt too wide) in paragraph at lines 484--486
[][]\T1/lmr/m/it/10 329[][],
 []


Overfull \hbox (63.39958pt too wide) in paragraph at lines 484--486
[][]\T1/lmr/m/it/10 332[][],
 []


Overfull \hbox (60.33293pt too wide) in paragraph at lines 484--486
[][]\T1/lmr/m/it/10 348[][] 
 []


Overfull \hbox (45.50525pt too wide) in paragraph at lines 486--487
[]\T1/lmr/m/it/10 frequency
 []


Overfull \hbox (64.42169pt too wide) in paragraph at lines 486--487
\T1/lmr/m/it/10 ana-
 []


Overfull \hbox (55.98872pt too wide) in paragraph at lines 486--487
\T1/lmr/m/it/10 ly-
 []


Overfull \hbox (59.31128pt too wide) in paragraph at lines 486--487
\T1/lmr/m/it/10 sis,
 []


Overfull \hbox (58.2886pt too wide) in paragraph at lines 486--487
[][]\T1/lmr/m/it/10 39[][],
 []


Overfull \hbox (55.22195pt too wide) in paragraph at lines 486--487
[][]\T1/lmr/m/it/10 70[][] 
 []


Overfull \hbox (38.18335pt too wide) in paragraph at lines 487--488
[]| \T1/lmr/m/it/10 Al-
 []


Overfull \hbox (72.1108pt too wide) in paragraph at lines 487--488
\T1/lmr/m/it/10 Kindi,
 []


Overfull \hbox (55.22195pt too wide) in paragraph at lines 487--488
[][]\T1/lmr/m/it/10 70[][] 
 []


Overfull \hbox (44.23878pt too wide) in paragraph at lines 488--489
[]\T1/lmr/m/it/10 Friedrich
 []


Overfull \hbox (60.8666pt too wide) in paragraph at lines 488--489
\T1/lmr/m/it/10 Ka-
 []


Overfull \hbox (66.97794pt too wide) in paragraph at lines 488--489
\T1/lmr/m/it/10 siski,
 []


Overfull \hbox (55.22195pt too wide) in paragraph at lines 488--489
[][]\T1/lmr/m/it/10 74[][] 
 []


Overfull \hbox (41.17224pt too wide) in paragraph at lines 489--490
[]\T1/lmr/m/it/10 Fuchsia,
 []


Overfull \hbox (60.33293pt too wide) in paragraph at lines 489--490
[][]\T1/lmr/m/it/10 329[][] 
 []


Overfull \hbox (22.0056pt too wide) in paragraph at lines 490--491
[]\T1/lmr/m/it/10 Full
 []


Overfull \hbox (80.64935pt too wide) in paragraph at lines 490--491
\T1/lmr/m/it/10 Control,
 []


Overfull \hbox (60.33293pt too wide) in paragraph at lines 490--491
[][]\T1/lmr/m/it/10 335[][] 
 []


Overfull \hbox (43.84383pt too wide) in paragraph at lines 491--492
[]\T1/lmr/m/it/10 function,
 []


Overfull \hbox (60.33293pt too wide) in paragraph at lines 491--492
[][]\T1/lmr/m/it/10 498[][] 
 []


Overfull \hbox (37.7776pt too wide) in paragraph at lines 492--493
[]| \T1/lmr/m/it/10 co-
 []


Overfull \hbox (80.26622pt too wide) in paragraph at lines 492--493
\T1/lmr/m/it/10 domain,
 []


Overfull \hbox (60.33293pt too wide) in paragraph at lines 492--493
[][]\T1/lmr/m/it/10 498[][] 
 []


Overfull \hbox (45.9556pt too wide) in paragraph at lines 493--494
[]| \T1/lmr/m/it/10 com-
 []


Overfull \hbox (66.08325pt too wide) in paragraph at lines 493--494
\T1/lmr/m/it/10 pres-
 []


Overfull \hbox (65.95526pt too wide) in paragraph at lines 493--494
\T1/lmr/m/it/10 sion,
 []


Overfull \hbox (60.33293pt too wide) in paragraph at lines 493--494
[][]\T1/lmr/m/it/10 121[][] 
 []


Overfull \hbox (38.7997pt too wide) in paragraph at lines 494--495
[]| \T1/lmr/m/it/10 do-
 []


Overfull \hbox (70.04427pt too wide) in paragraph at lines 494--495
\T1/lmr/m/it/10 main,
 []


Overfull \hbox (60.33293pt too wide) in paragraph at lines 494--495
[][]\T1/lmr/m/it/10 498[][] 
 []


Overfull \hbox (51.70512pt too wide) in paragraph at lines 495--496
[]| \T1/lmr/m/it/10 graph,
 []


Overfull \hbox (63.39958pt too wide) in paragraph at lines 495--496
[][]\T1/lmr/m/it/10 120[][],
 []


Overfull \hbox (60.33293pt too wide) in paragraph at lines 495--496
[][]\T1/lmr/m/it/10 498[][] 
 []




Overfull \hbox (53.62228pt too wide) in paragraph at lines 496--497
[]| \T1/lmr/m/it/10 image,
 []


Overfull \hbox (60.33293pt too wide) in paragraph at lines 496--497
[][]\T1/lmr/m/it/10 498[][] 
 []


Overfull \hbox (34.19987pt too wide) in paragraph at lines 497--498
[]| \T1/lmr/m/it/10 li-
 []


Overfull \hbox (67.10516pt too wide) in paragraph at lines 497--498
\T1/lmr/m/it/10 near,
 []


Overfull \hbox (58.2886pt too wide) in paragraph at lines 497--498
[][]\T1/lmr/m/it/10 90[][],
 []


Overfull \hbox (60.33293pt too wide) in paragraph at lines 497--498
[][]\T1/lmr/m/it/10 500[][] 
 []


Overfull \hbox (44.93271pt too wide) in paragraph at lines 498--500
[]| \T1/lmr/m/it/10 non-
 []


Overfull \hbox (72.7273pt too wide) in paragraph at lines 498--500
\T1/lmr/m/it/10 linear,
 []


Overfull \hbox (58.2886pt too wide) in paragraph at lines 498--500
[][]\T1/lmr/m/it/10 90[][],
 []


Overfull \hbox (63.39958pt too wide) in paragraph at lines 498--500
[][]\T1/lmr/m/it/10 121[][],
 []


Overfull \hbox (60.33293pt too wide) in paragraph at lines 498--500
[][]\T1/lmr/m/it/10 500[][] 
 []


Overfull \hbox (43.91072pt too wide) in paragraph at lines 500--501
[]| \T1/lmr/m/it/10 one-
 []


Overfull \hbox (64.67761pt too wide) in paragraph at lines 500--501
\T1/lmr/m/it/10 way,
 []


Overfull \hbox (58.2886pt too wide) in paragraph at lines 500--501
[][]\T1/lmr/m/it/10 98[][],
 []


Overfull \hbox (63.39958pt too wide) in paragraph at lines 500--501
[][]\T1/lmr/m/it/10 115[][],
 []


Overfull \hbox (60.33293pt too wide) in paragraph at lines 500--501
[][]\T1/lmr/m/it/10 121[][] 
 []


Overfull \hbox (41.99426pt too wide) in paragraph at lines 501--502
[]| \T1/lmr/m/it/10 pre-
 []


Overfull \hbox (73.62228pt too wide) in paragraph at lines 501--502
\T1/lmr/m/it/10 image,
 []


Overfull \hbox (63.39958pt too wide) in paragraph at lines 501--502
[][]\T1/lmr/m/it/10 118[][],
 []


Overfull \hbox (60.33293pt too wide) in paragraph at lines 501--502
[][]\T1/lmr/m/it/10 500[][] 
 []


Overfull \hbox (37.01096pt too wide) in paragraph at lines 502--503
[]| \T1/lmr/m/it/10 to-
 []


Overfull \hbox (59.05534pt too wide) in paragraph at lines 502--503
\T1/lmr/m/it/10 tal,
 []


Overfull \hbox (60.33293pt too wide) in paragraph at lines 502--503
[][]\T1/lmr/m/it/10 498[][] 
 []


Overfull \hbox (38.28873pt too wide) in paragraph at lines 503--504
[]| \T1/lmr/m/it/10 va-
 []


Overfull \hbox (60.5888pt too wide) in paragraph at lines 503--504
\T1/lmr/m/it/10 lue,
 []


Overfull \hbox (60.33293pt too wide) in paragraph at lines 503--504
[][]\T1/lmr/m/it/10 498[][] 
 []


Overfull \hbox (21.6113pt too wide) in paragraph at lines 504--505
[]\T1/lmr/m/it/10 fuzz
 []


Overfull \hbox (63.40012pt too wide) in paragraph at lines 504--505
\T1/lmr/m/it/10 test,
 []


Overfull \hbox (60.33293pt too wide) in paragraph at lines 504--505
[][]\T1/lmr/m/it/10 373[][] 
 []


Overfull \hbox (42.31084pt too wide) in paragraph at lines 508--509
[]\T1/lmr/m/it/10 gateway,
 []


Overfull \hbox (60.33293pt too wide) in paragraph at lines 508--509
[][]\T1/lmr/m/it/10 170[][] 
 []


Overfull \hbox (30.11365pt too wide) in paragraph at lines 509--510
[]\T1/lmr/m/it/10 GCC,
 []


Overfull \hbox (60.33293pt too wide) in paragraph at lines 509--510
[][]\T1/lmr/m/it/10 374[][] 
 []


Overfull \hbox (37.4306pt too wide) in paragraph at lines 510--511
[]\T1/lmr/m/it/10 GDPR,
 []


Overfull \hbox (63.39958pt too wide) in paragraph at lines 510--511
[][]\T1/lmr/m/it/10 447[][],
 []


Overfull \hbox (60.33293pt too wide) in paragraph at lines 510--511
[][]\T1/lmr/m/it/10 472[][] 
 []


Overfull \hbox (38.28873pt too wide) in paragraph at lines 511--512
[]| \T1/lmr/m/it/10 ac-
 []


Overfull \hbox (68.76627pt too wide) in paragraph at lines 511--512
\T1/lmr/m/it/10 coun-
 []


Overfull \hbox (57.01096pt too wide) in paragraph at lines 511--512
\T1/lmr/m/it/10 ta-
 []


Overfull \hbox (56.2444pt too wide) in paragraph at lines 511--512
\T1/lmr/m/it/10 bi-
 []


Overfull \hbox (61.86652pt too wide) in paragraph at lines 511--512
\T1/lmr/m/it/10 lity,
 []


Overfull \hbox (63.39958pt too wide) in paragraph at lines 511--512
[][]\T1/lmr/m/it/10 449[][],
 []


Overfull \hbox (60.33293pt too wide) in paragraph at lines 511--512
[][]\T1/lmr/m/it/10 456[][] 
 []


Overfull \hbox (39.05539pt too wide) in paragraph at lines 512--513
[]| \T1/lmr/m/it/10 au-
 []


Overfull \hbox (62.12193pt too wide) in paragraph at lines 512--513
\T1/lmr/m/it/10 tho-
 []


Overfull \hbox (55.86105pt too wide) in paragraph at lines 512--513
\T1/lmr/m/it/10 ri-
 []


Overfull \hbox (63.14453pt too wide) in paragraph at lines 512--513
\T1/lmr/m/it/10 ties,
 []


Overfull \hbox (60.33293pt too wide) in paragraph at lines 512--513
[][]\T1/lmr/m/it/10 455[][] 
 []




Overfull \hbox (97.84593pt too wide) has occurred while \output is active
\T1/lmr/m/sl/10 BIBLIOGRAPHIE \T1/lmr/m/n/10 595
 []

[595]
Missing character: There is no ﬁ ("FB01) in font ec-lmri10!

Overfull \hbox (41.48329pt too wide) in paragraph at lines 513--514
[]| \T1/lmr/m/it/10 cer-
 []


Overfull \hbox (54.96663pt too wide) in paragraph at lines 513--514
\T1/lmr/m/it/10 ti-
 []


Overfull \hbox (57.7776pt too wide) in paragraph at lines 513--514
\T1/lmr/m/it/10 ca-
 []


Overfull \hbox (65.1885pt too wide) in paragraph at lines 513--514
\T1/lmr/m/it/10 tion,
 []


Overfull \hbox (60.33293pt too wide) in paragraph at lines 513--514
[][]\T1/lmr/m/it/10 456[][] 
 []


Overfull \hbox (43.39972pt too wide) in paragraph at lines 514--515
[]| \T1/lmr/m/it/10 code
 []


Overfull \hbox (53.17763pt too wide) in paragraph at lines 514--515
\T1/lmr/m/it/10 of
 []


Overfull \hbox (81.28839pt too wide) in paragraph at lines 514--515
\T1/lmr/m/it/10 conduct,
 []


Overfull \hbox (60.33293pt too wide) in paragraph at lines 514--515
[][]\T1/lmr/m/it/10 456[][] 
 []


Overfull \hbox (60.52173pt too wide) in paragraph at lines 515--516
[]| \T1/lmr/m/it/10 consent,
 []


Overfull \hbox (60.33293pt too wide) in paragraph at lines 515--516
[][]\T1/lmr/m/it/10 449[][] 
 []


Overfull \hbox (58.09383pt too wide) in paragraph at lines 516--517
[]| \T1/lmr/m/it/10 control-
 []


Overfull \hbox (59.4388pt too wide) in paragraph at lines 516--517
\T1/lmr/m/it/10 ler,
 []


Overfull \hbox (60.33293pt too wide) in paragraph at lines 516--517
[][]\T1/lmr/m/it/10 449[][] 
 []


Overfull \hbox (43.65517pt too wide) in paragraph at lines 517--518
[]| \T1/lmr/m/it/10 data
 []


Overfull \hbox (68.5111pt too wide) in paragraph at lines 517--518
\T1/lmr/m/it/10 class,
 []


Overfull \hbox (60.33293pt too wide) in paragraph at lines 517--518
[][]\T1/lmr/m/it/10 451[][] 
 []


Overfull \hbox (43.65517pt too wide) in paragraph at lines 518--519
[]| \T1/lmr/m/it/10 data
 []


Overfull \hbox (62.50523pt too wide) in paragraph at lines 518--519
\T1/lmr/m/it/10 pro-
 []


Overfull \hbox (60.58887pt too wide) in paragraph at lines 518--519
\T1/lmr/m/it/10 tec-
 []


Overfull \hbox (62.12186pt too wide) in paragraph at lines 518--519
\T1/lmr/m/it/10 tion
 []


Overfull \hbox (59.82239pt too wide) in paragraph at lines 518--519
\T1/lmr/m/it/10 im-
 []


Overfull \hbox (62.63307pt too wide) in paragraph at lines 518--519
\T1/lmr/m/it/10 pact
 []


Overfull \hbox (57.77771pt too wide) in paragraph at lines 518--519
\T1/lmr/m/it/10 as-
 []


Overfull \hbox (65.44472pt too wide) in paragraph at lines 518--519
\T1/lmr/m/it/10 sess-
 []


Overfull \hbox (69.78888pt too wide) in paragraph at lines 518--519
\T1/lmr/m/it/10 ment,
 []


Overfull \hbox (60.33293pt too wide) in paragraph at lines 518--519
[][]\T1/lmr/m/it/10 454[][] 
 []

Missing character: There is no ﬃ ("FB03) in font ec-lmri10!

Overfull \hbox (46.09418pt too wide) in paragraph at lines 519--520
[]| \T1/lmr/m/it/10 Data
 []


Overfull \hbox (64.17775pt too wide) in paragraph at lines 519--520
\T1/lmr/m/it/10 Pro-
 []


Overfull \hbox (60.58887pt too wide) in paragraph at lines 519--520
\T1/lmr/m/it/10 tec-
 []


Overfull \hbox (62.12186pt too wide) in paragraph at lines 519--520
\T1/lmr/m/it/10 tion
 []


Overfull \hbox (65.57256pt too wide) in paragraph at lines 519--520
\T1/lmr/m/it/10 Ocer
 []


Overfull \hbox (78.24512pt too wide) in paragraph at lines 519--520
\T1/lmr/m/it/10 (DPO),
 []


Overfull \hbox (60.33293pt too wide) in paragraph at lines 519--520
[][]\T1/lmr/m/it/10 226[][] 
 []


Overfull \hbox (40.7279pt too wide) in paragraph at lines 520--521
[]| \T1/lmr/m/it/10 Eu-
 []


Overfull \hbox (57.39426pt too wide) in paragraph at lines 520--521
\T1/lmr/m/it/10 ro-
 []


Overfull \hbox (64.4217pt too wide) in paragraph at lines 520--521
\T1/lmr/m/it/10 pean
 []


Overfull \hbox (66.09418pt too wide) in paragraph at lines 520--521
\T1/lmr/m/it/10 Data
 []


Overfull \hbox (64.17775pt too wide) in paragraph at lines 520--521
\T1/lmr/m/it/10 Pro-
 []


Overfull \hbox (60.58887pt too wide) in paragraph at lines 520--521
\T1/lmr/m/it/10 tec-
 []


Overfull \hbox (62.12186pt too wide) in paragraph at lines 520--521
\T1/lmr/m/it/10 tion
 []


Overfull \hbox (73.633pt too wide) in paragraph at lines 520--521
\T1/lmr/m/it/10 Board,
 []


Overfull \hbox (60.33293pt too wide) in paragraph at lines 520--521
[][]\T1/lmr/m/it/10 456[][] 
 []




Overfull \hbox (52.27692pt too wide) in paragraph at lines 521--522
[]\T1/lmr/m/it/10 geolocation
 []


Overfull \hbox (64.1666pt too wide) in paragraph at lines 521--522
\T1/lmr/m/it/10 soft-
 []


Overfull \hbox (68.12766pt too wide) in paragraph at lines 521--522
\T1/lmr/m/it/10 ware,
 []


Overfull \hbox (60.33293pt too wide) in paragraph at lines 521--522
[][]\T1/lmr/m/it/10 163[][] 
 []


Overfull \hbox (35.50261pt too wide) in paragraph at lines 522--523
[]\T1/lmr/m/it/10 GPRS,
 []


Overfull \hbox (60.33293pt too wide) in paragraph at lines 522--523
[][]\T1/lmr/m/it/10 177[][] 
 []


Overfull \hbox (30.01962pt too wide) in paragraph at lines 523--524
[]\T1/lmr/m/it/10 GPU,
 []


Overfull \hbox (63.39958pt too wide) in paragraph at lines 523--524
[][]\T1/lmr/m/it/10 477[][],
 []


Overfull \hbox (60.33293pt too wide) in paragraph at lines 523--524
[][]\T1/lmr/m/it/10 481[][] 
 []


Overfull \hbox (36.30513pt too wide) in paragraph at lines 524--525
[]\T1/lmr/m/it/10 graphic
 []


Overfull \hbox (63.27232pt too wide) in paragraph at lines 524--525
\T1/lmr/m/it/10 user
 []


Overfull \hbox (57.26639pt too wide) in paragraph at lines 524--525
\T1/lmr/m/it/10 in-
 []


Overfull \hbox (60.71664pt too wide) in paragraph at lines 524--525
\T1/lmr/m/it/10 ter-
 []


Overfull \hbox (64.93317pt too wide) in paragraph at lines 524--525
\T1/lmr/m/it/10 face,
 []


Overfull \hbox (60.33293pt too wide) in paragraph at lines 524--525
[][]\T1/lmr/m/it/10 481[][] 
 []


Overfull \hbox (40.39412pt too wide) in paragraph at lines 525--526
[]\T1/lmr/m/it/10 graphics
 []


Overfull \hbox (66.08302pt too wide) in paragraph at lines 525--526
\T1/lmr/m/it/10 card,
 []


Overfull \hbox (60.33293pt too wide) in paragraph at lines 525--526
[][]\T1/lmr/m/it/10 481[][] 
 []


Overfull \hbox (37.83887pt too wide) in paragraph at lines 526--527
[]\T1/lmr/m/it/10 greatest
 []


Overfull \hbox (65.9556pt too wide) in paragraph at lines 526--527
\T1/lmr/m/it/10 com-
 []


Overfull \hbox (63.91096pt too wide) in paragraph at lines 526--527
\T1/lmr/m/it/10 mon
 []


Overfull \hbox (56.75537pt too wide) in paragraph at lines 526--527
\T1/lmr/m/it/10 di-
 []


Overfull \hbox (56.2444pt too wide) in paragraph at lines 526--527
\T1/lmr/m/it/10 vi-
 []


Overfull \hbox (61.48328pt too wide) in paragraph at lines 526--527
\T1/lmr/m/it/10 sor,
 []


Overfull \hbox (60.33293pt too wide) in paragraph at lines 526--527
[][]\T1/lmr/m/it/10 504[][] 
 []


Overfull \hbox (31.96082pt too wide) in paragraph at lines 527--528
[]\T1/lmr/m/it/10 group,
 []


Overfull \hbox (63.39958pt too wide) in paragraph at lines 527--528
[][]\T1/lmr/m/it/10 330[][],
 []


Overfull \hbox (60.33293pt too wide) in paragraph at lines 527--528
[][]\T1/lmr/m/it/10 335[][] 
 []


Overfull \hbox (30.39163pt too wide) in paragraph at lines 528--529
[]\T1/lmr/m/it/10 GSM,
 []


Overfull \hbox (60.33293pt too wide) in paragraph at lines 528--529
[][]\T1/lmr/m/it/10 177[][] 
 []


Overfull \hbox (39.05539pt too wide) in paragraph at lines 529--530
[]| \T1/lmr/m/it/10 au-
 []


Overfull \hbox (67.23296pt too wide) in paragraph at lines 529--530
\T1/lmr/m/it/10 then-
 []


Overfull \hbox (54.96663pt too wide) in paragraph at lines 529--530
\T1/lmr/m/it/10 ti-
 []


Overfull \hbox (57.7776pt too wide) in paragraph at lines 529--530
\T1/lmr/m/it/10 ca-
 []


Overfull \hbox (65.1885pt too wide) in paragraph at lines 529--530
\T1/lmr/m/it/10 tion,
 []


Overfull \hbox (60.33293pt too wide) in paragraph at lines 529--530
[][]\T1/lmr/m/it/10 260[][] 
 []


Overfull \hbox (38.79974pt too wide) in paragraph at lines 530--531
[]| \T1/lmr/m/it/10 en-
 []


Overfull \hbox (67.36089pt too wide) in paragraph at lines 530--531
\T1/lmr/m/it/10 cryp-
 []


Overfull \hbox (65.1885pt too wide) in paragraph at lines 530--531
\T1/lmr/m/it/10 tion,
 []


Overfull \hbox (60.33293pt too wide) in paragraph at lines 530--531
[][]\T1/lmr/m/it/10 262[][] 
 []


Overfull \hbox (37.26674pt too wide) in paragraph at lines 531--532
[]| \T1/lmr/m/it/10 se-
 []


Overfull \hbox (58.54442pt too wide) in paragraph at lines 531--532
\T1/lmr/m/it/10 cu-
 []


Overfull \hbox (63.5277pt too wide) in paragraph at lines 531--532
\T1/lmr/m/it/10 rity,
 []


Overfull \hbox (60.33293pt too wide) in paragraph at lines 531--532
[][]\T1/lmr/m/it/10 260[][] 
 []


Overfull \hbox (27.48862pt too wide) in paragraph at lines 535--536
[]\T1/lmr/m/it/10 hack,
 []


Overfull \hbox (55.22195pt too wide) in paragraph at lines 535--536
[][]\T1/lmr/m/it/10 44[][] 
 []


Underfull \vbox (badness 4792) has occurred while \output is active []




Overfull \hbox (97.84593pt too wide) has occurred while \output is active
\T1/lmr/m/n/10 596 \T1/lmr/m/sl/10 BIBLIOGRAPHIE
 []

[596]
Overfull \hbox (47.1891pt too wide) in paragraph at lines 536--537
[]\T1/lmr/m/it/10 Hamming
 []


Overfull \hbox (75.41101pt too wide) in paragraph at lines 536--537
\T1/lmr/m/it/10 weight,
 []


Overfull \hbox (60.33293pt too wide) in paragraph at lines 536--537
[][]\T1/lmr/m/it/10 104[][] 
 []


Overfull \hbox (24.03847pt too wide) in paragraph at lines 537--539
[]\T1/lmr/m/it/10 hard
 []


Overfull \hbox (62.50523pt too wide) in paragraph at lines 537--539
\T1/lmr/m/it/10 pro-
 []


Overfull \hbox (68.00014pt too wide) in paragraph at lines 537--539
\T1/lmr/m/it/10 blem,
 []


Overfull \hbox (58.2886pt too wide) in paragraph at lines 537--539
[][]\T1/lmr/m/it/10 63[][],
 []


Overfull \hbox (63.39958pt too wide) in paragraph at lines 537--539
[][]\T1/lmr/m/it/10 100[][],
 []


Overfull \hbox (63.39958pt too wide) in paragraph at lines 537--539
[][]\T1/lmr/m/it/10 101[][],
 []


Overfull \hbox (60.33293pt too wide) in paragraph at lines 537--539
[][]\T1/lmr/m/it/10 108[][] 
 []


Overfull \hbox (50.61577pt too wide) in paragraph at lines 539--540
[]\T1/lmr/m/it/10 hardening,
 []


Overfull \hbox (60.33293pt too wide) in paragraph at lines 539--540
[][]\T1/lmr/m/it/10 245[][] 
 []


Overfull \hbox (47.16612pt too wide) in paragraph at lines 540--541
[]\T1/lmr/m/it/10 hardware,
 []


Overfull \hbox (60.33293pt too wide) in paragraph at lines 540--541
[][]\T1/lmr/m/it/10 476[][] 
 []


Overfull \hbox (37.26639pt too wide) in paragraph at lines 541--542
[]| \T1/lmr/m/it/10 in-
 []


Overfull \hbox (60.71664pt too wide) in paragraph at lines 541--542
\T1/lmr/m/it/10 ter-
 []


Overfull \hbox (64.93317pt too wide) in paragraph at lines 541--542
\T1/lmr/m/it/10 face,
 []


Overfull \hbox (60.33293pt too wide) in paragraph at lines 541--542
[][]\T1/lmr/m/it/10 483[][] 
 []


Overfull \hbox (49.06671pt too wide) in paragraph at lines 542--543
[]| \T1/lmr/m/it/10 SHA-
 []


Overfull \hbox (53.17763pt too wide) in paragraph at lines 542--543
\T1/lmr/m/it/10 1,
 []


Overfull \hbox (60.33293pt too wide) in paragraph at lines 542--543
[][]\T1/lmr/m/it/10 123[][] 
 []


Overfull \hbox (24.42192pt too wide) in paragraph at lines 543--544
[]\T1/lmr/m/it/10 hash
 []


Overfull \hbox (67.23306pt too wide) in paragraph at lines 543--544
\T1/lmr/m/it/10 func-
 []


Overfull \hbox (65.1885pt too wide) in paragraph at lines 543--544
\T1/lmr/m/it/10 tion,
 []


Overfull \hbox (60.33293pt too wide) in paragraph at lines 543--544
[][]\T1/lmr/m/it/10 123[][] 
 []


Overfull \hbox (40.33308pt too wide) in paragraph at lines 544--545
[]| \T1/lmr/m/it/10 col-
 []


Overfull \hbox (54.19987pt too wide) in paragraph at lines 544--545
\T1/lmr/m/it/10 li-
 []


Overfull \hbox (62.88861pt too wide) in paragraph at lines 544--545
\T1/lmr/m/it/10 sion
 []


Overfull \hbox (56.88329pt too wide) in paragraph at lines 544--545
\T1/lmr/m/it/10 re-
 []


Overfull \hbox (76.17775pt too wide) in paragraph at lines 544--545
\T1/lmr/m/it/10 sistent,
 []


Overfull \hbox (58.2886pt too wide) in paragraph at lines 544--545
[][]\T1/lmr/m/it/10 58[][],
 []


Overfull \hbox (60.33293pt too wide) in paragraph at lines 544--545
[][]\T1/lmr/m/it/10 118[][] 
 []


Overfull \hbox (47.36089pt too wide) in paragraph at lines 545--546
[]| \T1/lmr/m/it/10 cryp-
 []


Overfull \hbox (57.01096pt too wide) in paragraph at lines 545--546
\T1/lmr/m/it/10 to-
 []


Overfull \hbox (61.99426pt too wide) in paragraph at lines 545--546
\T1/lmr/m/it/10 gra-
 []


Overfull \hbox (65.95526pt too wide) in paragraph at lines 545--546
\T1/lmr/m/it/10 phic,
 []


Overfull \hbox (60.33293pt too wide) in paragraph at lines 545--546
[][]\T1/lmr/m/it/10 118[][] 
 []


Overfull \hbox (49.69461pt too wide) in paragraph at lines 546--547
[]| \T1/lmr/m/it/10 MD5,
 []


Overfull \hbox (58.2886pt too wide) in paragraph at lines 546--547
[][]\T1/lmr/m/it/10 63[][],
 []


Overfull \hbox (63.39958pt too wide) in paragraph at lines 546--547
[][]\T1/lmr/m/it/10 123[][],
 []


Overfull \hbox (60.33293pt too wide) in paragraph at lines 546--547
[][]\T1/lmr/m/it/10 124[][] 
 []


Overfull \hbox (44.93271pt too wide) in paragraph at lines 547--548
[]| \T1/lmr/m/it/10 non-
 []


Overfull \hbox (88.31635pt too wide) in paragraph at lines 547--548
\T1/lmr/m/it/10 invertible,
 []


Overfull \hbox (58.2886pt too wide) in paragraph at lines 547--548
[][]\T1/lmr/m/it/10 58[][],
 []


Overfull \hbox (60.33293pt too wide) in paragraph at lines 547--548
[][]\T1/lmr/m/it/10 118[][] 
 []




Overfull \hbox (43.91072pt too wide) in paragraph at lines 548--549
[]| \T1/lmr/m/it/10 one-
 []


Overfull \hbox (64.67761pt too wide) in paragraph at lines 548--549
\T1/lmr/m/it/10 way,
 []


Overfull \hbox (60.33293pt too wide) in paragraph at lines 548--549
[][]\T1/lmr/m/it/10 115[][] 
 []


Overfull \hbox (37.26674pt too wide) in paragraph at lines 549--550
[]| \T1/lmr/m/it/10 se-
 []


Overfull \hbox (58.54442pt too wide) in paragraph at lines 549--550
\T1/lmr/m/it/10 cu-
 []


Overfull \hbox (60.46104pt too wide) in paragraph at lines 549--550
\T1/lmr/m/it/10 rity
 []


Overfull \hbox (82.43863pt too wide) in paragraph at lines 549--550
\T1/lmr/m/it/10 strength,
 []


Overfull \hbox (60.33293pt too wide) in paragraph at lines 549--550
[][]\T1/lmr/m/it/10 120[][] 
 []


Overfull \hbox (49.06671pt too wide) in paragraph at lines 550--551
[]| \T1/lmr/m/it/10 SHA-
 []


Overfull \hbox (53.17763pt too wide) in paragraph at lines 550--551
\T1/lmr/m/it/10 1,
 []


Overfull \hbox (58.2886pt too wide) in paragraph at lines 550--551
[][]\T1/lmr/m/it/10 63[][],
 []


Overfull \hbox (60.33293pt too wide) in paragraph at lines 550--551
[][]\T1/lmr/m/it/10 124[][] 
 []


Overfull \hbox (49.06671pt too wide) in paragraph at lines 551--552
[]| \T1/lmr/m/it/10 SHA-
 []


Overfull \hbox (53.17763pt too wide) in paragraph at lines 551--552
\T1/lmr/m/it/10 2,
 []


Overfull \hbox (58.2886pt too wide) in paragraph at lines 551--552
[][]\T1/lmr/m/it/10 63[][],
 []


Overfull \hbox (60.33293pt too wide) in paragraph at lines 551--552
[][]\T1/lmr/m/it/10 123[][] 
 []


Overfull \hbox (49.06671pt too wide) in paragraph at lines 552--553
[]| \T1/lmr/m/it/10 SHA-
 []


Overfull \hbox (53.17763pt too wide) in paragraph at lines 552--553
\T1/lmr/m/it/10 3,
 []


Overfull \hbox (58.2886pt too wide) in paragraph at lines 552--553
[][]\T1/lmr/m/it/10 63[][],
 []


Overfull \hbox (60.33293pt too wide) in paragraph at lines 552--553
[][]\T1/lmr/m/it/10 123[][] 
 []


Overfull \hbox (30.60011pt too wide) in paragraph at lines 553--554
[]\T1/lmr/m/it/10 HDD,
 []


Overfull \hbox (60.33293pt too wide) in paragraph at lines 553--554
[][]\T1/lmr/m/it/10 478[][] 
 []


Overfull \hbox (36.30513pt too wide) in paragraph at lines 554--555
[]\T1/lmr/m/it/10 header,
 []


Overfull \hbox (60.33293pt too wide) in paragraph at lines 554--555
[][]\T1/lmr/m/it/10 163[][] 
 []


Overfull \hbox (38.28873pt too wide) in paragraph at lines 555--556
[]| \T1/lmr/m/it/10 ac-
 []


Overfull \hbox (64.93352pt too wide) in paragraph at lines 555--556
\T1/lmr/m/it/10 cess,
 []


Overfull \hbox (60.33293pt too wide) in paragraph at lines 555--556
[][]\T1/lmr/m/it/10 456[][] 
 []


Overfull \hbox (42.50523pt too wide) in paragraph at lines 556--557
[]| \T1/lmr/m/it/10 pro-
 []


Overfull \hbox (60.58887pt too wide) in paragraph at lines 556--557
\T1/lmr/m/it/10 tec-
 []


Overfull \hbox (65.1885pt too wide) in paragraph at lines 556--557
\T1/lmr/m/it/10 tion,
 []


Overfull \hbox (60.33293pt too wide) in paragraph at lines 556--557
[][]\T1/lmr/m/it/10 456[][] 
 []


Overfull \hbox (49.61647pt too wide) in paragraph at lines 557--558
[]\T1/lmr/m/it/10 Heartbleed
 []


Overfull \hbox (62.63333pt too wide) in paragraph at lines 557--558
\T1/lmr/m/it/10 bug,
 []


Overfull \hbox (60.33293pt too wide) in paragraph at lines 557--558
[][]\T1/lmr/m/it/10 370[][] 
 []


Overfull \hbox (57.17192pt too wide) in paragraph at lines 558--559
[]\T1/lmr/m/it/10 hexadecimal
 []


Overfull \hbox (56.75537pt too wide) in paragraph at lines 558--559
\T1/lmr/m/it/10 di-
 []


Overfull \hbox (59.05554pt too wide) in paragraph at lines 558--559
\T1/lmr/m/it/10 git,
 []


Overfull \hbox (60.33293pt too wide) in paragraph at lines 558--559
[][]\T1/lmr/m/it/10 500[][] 
 []


Overfull \hbox (44.73839pt too wide) in paragraph at lines 559--560
[]\T1/lmr/m/it/10 hibernate
 []


Overfull \hbox (68.5111pt too wide) in paragraph at lines 559--560
\T1/lmr/m/it/10 state,
 []


Overfull \hbox (60.33293pt too wide) in paragraph at lines 559--560
[][]\T1/lmr/m/it/10 352[][] 
 []


Overfull \hbox (32.5276pt too wide) in paragraph at lines 560--561
[]\T1/lmr/m/it/10 HIDS,
 []


Overfull \hbox (60.33293pt too wide) in paragraph at lines 560--561
[][]\T1/lmr/m/it/10 254[][] 
 []


Overfull \hbox (38.545pt too wide) in paragraph at lines 561--562
[]\T1/lmr/m/it/10 HMAC,
 []


Overfull \hbox (55.22195pt too wide) in paragraph at lines 561--562
[][]\T1/lmr/m/it/10 58[][] 
 []


Overfull \hbox (30.32246pt too wide) in paragraph at lines 562--563
[]\T1/lmr/m/it/10 Home
 []


Overfull \hbox (59.44958pt too wide) in paragraph at lines 562--563
\T1/lmr/m/it/10 Lo-
 []


Overfull \hbox (57.7776pt too wide) in paragraph at lines 562--563
\T1/lmr/m/it/10 ca-
 []


Overfull \hbox (62.12186pt too wide) in paragraph at lines 562--563
\T1/lmr/m/it/10 tion
 []


Overfull \hbox (59.9611pt too wide) in paragraph at lines 562--563
\T1/lmr/m/it/10 Re-
 []


Overfull \hbox (60.33339pt too wide) in paragraph at lines 562--563
\T1/lmr/m/it/10 gis-
 []


Overfull \hbox (57.1389pt too wide) in paragraph at lines 562--563
\T1/lmr/m/it/10 ter
 []


Overfull \hbox (77.24458pt too wide) in paragraph at lines 562--563
\T1/lmr/m/it/10 (HLR),
 []


Overfull \hbox (60.33293pt too wide) in paragraph at lines 562--563
[][]\T1/lmr/m/it/10 178[][] 
 []




Overfull \hbox (97.84593pt too wide) has occurred while \output is active
\T1/lmr/m/sl/10 BIBLIOGRAPHIE \T1/lmr/m/n/10 597
 []

[597]
Overfull \hbox (25.69983pt too wide) in paragraph at lines 563--564
[]\T1/lmr/m/it/10 host,
 []


Overfull \hbox (60.33293pt too wide) in paragraph at lines 563--564
[][]\T1/lmr/m/it/10 151[][] 
 []


Overfull \hbox (18.54419pt too wide) in paragraph at lines 564--565
[]\T1/lmr/m/it/10 hot
 []


Overfull \hbox (63.14453pt too wide) in paragraph at lines 564--565
\T1/lmr/m/it/10 site,
 []


Overfull \hbox (60.33293pt too wide) in paragraph at lines 564--565
[][]\T1/lmr/m/it/10 432[][] 
 []


Overfull \hbox (47.16603pt too wide) in paragraph at lines 565--566
[]\T1/lmr/m/it/10 household
 []


Overfull \hbox (58.7997pt too wide) in paragraph at lines 565--566
\T1/lmr/m/it/10 ap-
 []


Overfull \hbox (58.28857pt too wide) in paragraph at lines 565--566
\T1/lmr/m/it/10 pa-
 []


Overfull \hbox (57.39426pt too wide) in paragraph at lines 565--566
\T1/lmr/m/it/10 ra-
 []


Overfull \hbox (60.84454pt too wide) in paragraph at lines 565--566
\T1/lmr/m/it/10 tus,
 []


Overfull \hbox (50.11098pt too wide) in paragraph at lines 565--566
[][]\T1/lmr/m/it/10 3[][] 
 []


Overfull \hbox (30.08913pt too wide) in paragraph at lines 566--567
[]\T1/lmr/m/it/10 HSM,
 []


Overfull \hbox (60.33293pt too wide) in paragraph at lines 566--567
[][]\T1/lmr/m/it/10 283[][] 
 []


Overfull \hbox (37.89462pt too wide) in paragraph at lines 567--568
[]\T1/lmr/m/it/10 HTML,
 []


Overfull \hbox (63.39958pt too wide) in paragraph at lines 567--568
[][]\T1/lmr/m/it/10 202[][],
 []


Overfull \hbox (60.33293pt too wide) in paragraph at lines 567--568
[][]\T1/lmr/m/it/10 270[][] 
 []


Overfull \hbox (39.31071pt too wide) in paragraph at lines 568--569
[]| \T1/lmr/m/it/10 an-
 []


Overfull \hbox (67.10527pt too wide) in paragraph at lines 568--569
\T1/lmr/m/it/10 chor,
 []


Overfull \hbox (63.39958pt too wide) in paragraph at lines 568--569
[][]\T1/lmr/m/it/10 202[][],
 []


Overfull \hbox (60.33293pt too wide) in paragraph at lines 568--569
[][]\T1/lmr/m/it/10 270[][] 
 []


Overfull \hbox (43.3997pt too wide) in paragraph at lines 569--570
[]| \T1/lmr/m/it/10 cha-
 []


Overfull \hbox (61.99426pt too wide) in paragraph at lines 569--570
\T1/lmr/m/it/10 rac-
 []


Overfull \hbox (57.1389pt too wide) in paragraph at lines 569--570
\T1/lmr/m/it/10 ter
 []


Overfull \hbox (66.46637pt too wide) in paragraph at lines 569--570
\T1/lmr/m/it/10 code,
 []


Overfull \hbox (60.33293pt too wide) in paragraph at lines 569--570
[][]\T1/lmr/m/it/10 202[][] 
 []


Overfull \hbox (44.54982pt too wide) in paragraph at lines 570--571
[]| \T1/lmr/m/it/10 href,
 []


Overfull \hbox (63.39958pt too wide) in paragraph at lines 570--571
[][]\T1/lmr/m/it/10 201[][],
 []


Overfull \hbox (60.33293pt too wide) in paragraph at lines 570--571
[][]\T1/lmr/m/it/10 270[][] 
 []


Overfull \hbox (43.91078pt too wide) in paragraph at lines 571--572
[]| \T1/lmr/m/it/10 link,
 []


Overfull \hbox (60.33293pt too wide) in paragraph at lines 571--572
[][]\T1/lmr/m/it/10 202[][] 
 []


Overfull \hbox (44.42224pt too wide) in paragraph at lines 572--573
[]| \T1/lmr/m/it/10 web-
 []


Overfull \hbox (68.63893pt too wide) in paragraph at lines 572--573
\T1/lmr/m/it/10 form,
 []


Overfull \hbox (60.33293pt too wide) in paragraph at lines 572--573
[][]\T1/lmr/m/it/10 402[][] 
 []


Overfull \hbox (36.59464pt too wide) in paragraph at lines 573--574
[]\T1/lmr/m/it/10 HTTP,
 []


Overfull \hbox (60.33293pt too wide) in paragraph at lines 573--574
[][]\T1/lmr/m/it/10 199[][] 
 []


Overfull \hbox (38.7997pt too wide) in paragraph at lines 574--575
[]| \T1/lmr/m/it/10 ap-
 []


Overfull \hbox (59.31085pt too wide) in paragraph at lines 574--575
\T1/lmr/m/it/10 pli-
 []


Overfull \hbox (57.7776pt too wide) in paragraph at lines 574--575
\T1/lmr/m/it/10 ca-
 []


Overfull \hbox (69.2775pt too wide) in paragraph at lines 574--575
\T1/lmr/m/it/10 tions,
 []


Overfull \hbox (60.33293pt too wide) in paragraph at lines 574--575
[][]\T1/lmr/m/it/10 392[][] 
 []




Overfull \hbox (37.90538pt too wide) in paragraph at lines 575--576
[]| \T1/lmr/m/it/10 ar-
 []


Overfull \hbox (61.35538pt too wide) in paragraph at lines 575--576
\T1/lmr/m/it/10 chi-
 []


Overfull \hbox (60.58887pt too wide) in paragraph at lines 575--576
\T1/lmr/m/it/10 tec-
 []


Overfull \hbox (65.0611pt too wide) in paragraph at lines 575--576
\T1/lmr/m/it/10 ture,
 []


Overfull \hbox (60.33293pt too wide) in paragraph at lines 575--576
[][]\T1/lmr/m/it/10 198[][] 
 []


Overfull \hbox (39.05539pt too wide) in paragraph at lines 576--577
[]| \T1/lmr/m/it/10 au-
 []


Overfull \hbox (67.23296pt too wide) in paragraph at lines 576--577
\T1/lmr/m/it/10 then-
 []


Overfull \hbox (54.96663pt too wide) in paragraph at lines 576--577
\T1/lmr/m/it/10 ti-
 []


Overfull \hbox (57.7776pt too wide) in paragraph at lines 576--577
\T1/lmr/m/it/10 ca-
 []


Overfull \hbox (65.1885pt too wide) in paragraph at lines 576--577
\T1/lmr/m/it/10 tion,
 []


Overfull \hbox (60.33293pt too wide) in paragraph at lines 576--577
[][]\T1/lmr/m/it/10 393[][] 
 []


Overfull \hbox (51.5775pt too wide) in paragraph at lines 577--578
[]| \T1/lmr/m/it/10 cache,
 []


Overfull \hbox (60.33293pt too wide) in paragraph at lines 577--578
[][]\T1/lmr/m/it/10 205[][] 
 []


Overfull \hbox (37.7776pt too wide) in paragraph at lines 578--579
[]| \T1/lmr/m/it/10 co-
 []


Overfull \hbox (65.44429pt too wide) in paragraph at lines 578--579
\T1/lmr/m/it/10 okie,
 []


Overfull \hbox (63.39958pt too wide) in paragraph at lines 578--579
[][]\T1/lmr/m/it/10 393[][],
 []


Overfull \hbox (63.39958pt too wide) in paragraph at lines 578--579
[][]\T1/lmr/m/it/10 396[][],
 []


Overfull \hbox (60.33293pt too wide) in paragraph at lines 578--579
[][]\T1/lmr/m/it/10 462[][] 
 []


Overfull \hbox (45.57228pt too wide) in paragraph at lines 579--580
[]| \T1/lmr/m/it/10 form
 []


Overfull \hbox (58.7997pt too wide) in paragraph at lines 579--580
\T1/lmr/m/it/10 da-
 []


Overfull \hbox (57.01096pt too wide) in paragraph at lines 579--580
\T1/lmr/m/it/10 ta-
 []


Overfull \hbox (60.07788pt too wide) in paragraph at lines 579--580
\T1/lmr/m/it/10 set,
 []


Overfull \hbox (60.33293pt too wide) in paragraph at lines 579--580
[][]\T1/lmr/m/it/10 403[][] 
 []

Missing character: There is no ﬁ ("FB01) in font ec-lmri10!

Overfull \hbox (42.88858pt too wide) in paragraph at lines 580--581
[]| \T1/lmr/m/it/10 hea-
 []


Overfull \hbox (58.92764pt too wide) in paragraph at lines 580--581
\T1/lmr/m/it/10 der
 []


Overfull \hbox (60.33311pt too wide) in paragraph at lines 580--581
\T1/lmr/m/it/10 eld,
 []


Overfull \hbox (60.33293pt too wide) in paragraph at lines 580--581
[][]\T1/lmr/m/it/10 393[][] 
 []


Overfull \hbox (43.91078pt too wide) in paragraph at lines 581--582
[]| \T1/lmr/m/it/10 link,
 []


Overfull \hbox (60.33293pt too wide) in paragraph at lines 581--582
[][]\T1/lmr/m/it/10 198[][] 
 []


Overfull \hbox (41.35574pt too wide) in paragraph at lines 582--583
[]| \T1/lmr/m/it/10 me-
 []


Overfull \hbox (66.2107pt too wide) in paragraph at lines 582--583
\T1/lmr/m/it/10 thod,
 []


Overfull \hbox (63.39958pt too wide) in paragraph at lines 582--583
[][]\T1/lmr/m/it/10 202[][],
 []


Overfull \hbox (60.33293pt too wide) in paragraph at lines 582--583
[][]\T1/lmr/m/it/10 392[][] 
 []


Overfull \hbox (42.88858pt too wide) in paragraph at lines 583--584
[]| \T1/lmr/m/it/10 ope-
 []


Overfull \hbox (57.39426pt too wide) in paragraph at lines 583--584
\T1/lmr/m/it/10 ra-
 []


Overfull \hbox (62.12186pt too wide) in paragraph at lines 583--584
\T1/lmr/m/it/10 tion
 []


Overfull \hbox (56.24428pt too wide) in paragraph at lines 583--584
\T1/lmr/m/it/10 of,
 []


Overfull \hbox (60.33293pt too wide) in paragraph at lines 583--584
[][]\T1/lmr/m/it/10 200[][] 
 []


Overfull \hbox (36.88329pt too wide) in paragraph at lines 584--585
[]| \T1/lmr/m/it/10 re-
 []


Overfull \hbox (70.04456pt too wide) in paragraph at lines 584--585
\T1/lmr/m/it/10 quest,
 []


Overfull \hbox (63.39958pt too wide) in paragraph at lines 584--585
[][]\T1/lmr/m/it/10 199[][],
 []


Overfull \hbox (63.39958pt too wide) in paragraph at lines 584--585
[][]\T1/lmr/m/it/10 205[][],
 []


Overfull \hbox (60.33293pt too wide) in paragraph at lines 584--585
[][]\T1/lmr/m/it/10 392[][] 
 []


Overfull \hbox (40.97227pt too wide) in paragraph at lines 585--587
[]| \T1/lmr/m/it/10 res-
 []


Overfull \hbox (72.08847pt too wide) in paragraph at lines 585--587
\T1/lmr/m/it/10 ponse,
 []


Overfull \hbox (63.39958pt too wide) in paragraph at lines 585--587
[][]\T1/lmr/m/it/10 200[][],
 []


Overfull \hbox (63.39958pt too wide) in paragraph at lines 585--587
[][]\T1/lmr/m/it/10 205[][],
 []


Overfull \hbox (60.33293pt too wide) in paragraph at lines 585--587
[][]\T1/lmr/m/it/10 392[][] 
 []




Overfull \hbox (97.84593pt too wide) has occurred while \output is active
\T1/lmr/m/n/10 598 \T1/lmr/m/sl/10 BIBLIOGRAPHIE
 []

[598]
Overfull \hbox (36.88329pt too wide) in paragraph at lines 587--588
[]| \T1/lmr/m/it/10 re-
 []


Overfull \hbox (63.52756pt too wide) in paragraph at lines 587--588
\T1/lmr/m/it/10 turn
 []


Overfull \hbox (66.46637pt too wide) in paragraph at lines 587--588
\T1/lmr/m/it/10 code,
 []


Overfull \hbox (60.33293pt too wide) in paragraph at lines 587--588
[][]\T1/lmr/m/it/10 200[][] 
 []


Overfull \hbox (52.47217pt too wide) in paragraph at lines 588--589
[]| \T1/lmr/m/it/10 script,
 []


Overfull \hbox (60.33293pt too wide) in paragraph at lines 588--589
[][]\T1/lmr/m/it/10 393[][] 
 []


Overfull \hbox (42.88873pt too wide) in paragraph at lines 589--590
[]| \T1/lmr/m/it/10 Ses-
 []


Overfull \hbox (60.84436pt too wide) in paragraph at lines 589--590
\T1/lmr/m/it/10 sio-
 []


Overfull \hbox (65.09412pt too wide) in paragraph at lines 589--590
\T1/lmr/m/it/10 nID,
 []


Overfull \hbox (60.33293pt too wide) in paragraph at lines 589--590
[][]\T1/lmr/m/it/10 401[][] 
 []


Overfull \hbox (44.42224pt too wide) in paragraph at lines 590--591
[]| \T1/lmr/m/it/10 web-
 []


Overfull \hbox (68.63893pt too wide) in paragraph at lines 590--591
\T1/lmr/m/it/10 form,
 []


Overfull \hbox (63.39958pt too wide) in paragraph at lines 590--591
[][]\T1/lmr/m/it/10 393[][],
 []


Overfull \hbox (60.33293pt too wide) in paragraph at lines 590--591
[][]\T1/lmr/m/it/10 402[][] 
 []


Overfull \hbox (34.38861pt too wide) in paragraph at lines 591--592
[]\T1/lmr/m/it/10 human
 []


Overfull \hbox (72.47217pt too wide) in paragraph at lines 591--592
\T1/lmr/m/it/10 rights,
 []


Overfull \hbox (60.33293pt too wide) in paragraph at lines 591--592
[][]\T1/lmr/m/it/10 446[][] 
 []


Overfull \hbox (47.29378pt too wide) in paragraph at lines 592--593
[]\T1/lmr/m/it/10 hyperlink,
 []


Overfull \hbox (60.33293pt too wide) in paragraph at lines 592--593
[][]\T1/lmr/m/it/10 199[][] 
 []


Overfull \hbox (47.33311pt too wide) in paragraph at lines 593--594
[]\T1/lmr/m/it/10 hypertext,
 []


Overfull \hbox (60.33293pt too wide) in paragraph at lines 593--594
[][]\T1/lmr/m/it/10 199[][] 
 []


Overfull \hbox (52.53293pt too wide) in paragraph at lines 594--595
[]\T1/lmr/m/it/10 hypervisor,
 []


Overfull \hbox (60.33293pt too wide) in paragraph at lines 594--595
[][]\T1/lmr/m/it/10 345[][] 
 []


Overfull \hbox (21.63347pt too wide) in paragraph at lines 598--599
[]\T1/lmr/m/it/10 I/O
 []


Overfull \hbox (74.51608pt too wide) in paragraph at lines 598--599
\T1/lmr/m/it/10 control
 []


Overfull \hbox (63.1443pt too wide) in paragraph at lines 598--599
\T1/lmr/m/it/10 hub,
 []


Overfull \hbox (60.33293pt too wide) in paragraph at lines 598--599
[][]\T1/lmr/m/it/10 483[][] 
 []


Overfull \hbox (37.01096pt too wide) in paragraph at lines 599--600
[]| \T1/lmr/m/it/10 at-
 []


Overfull \hbox (66.72194pt too wide) in paragraph at lines 599--600
\T1/lmr/m/it/10 tach-
 []


Overfull \hbox (69.78888pt too wide) in paragraph at lines 599--600
\T1/lmr/m/it/10 ment,
 []


Overfull \hbox (60.33293pt too wide) in paragraph at lines 599--600
[][]\T1/lmr/m/it/10 483[][] 
 []


Overfull \hbox (34.2226pt too wide) in paragraph at lines 600--601
[]\T1/lmr/m/it/10 IANA,
 []


Overfull \hbox (60.33293pt too wide) in paragraph at lines 600--601
[][]\T1/lmr/m/it/10 163[][] 
 []


Overfull \hbox (26.25562pt too wide) in paragraph at lines 601--602
[]\T1/lmr/m/it/10 IDE,
 []


Overfull \hbox (60.33293pt too wide) in paragraph at lines 601--602
[][]\T1/lmr/m/it/10 422[][] 
 []


Overfull \hbox (37.96625pt too wide) in paragraph at lines 602--603
[]\T1/lmr/m/it/10 identity
 []


Overfull \hbox (61.86671pt too wide) in paragraph at lines 602--603
\T1/lmr/m/it/10 mo-
 []


Overfull \hbox (62.63313pt too wide) in paragraph at lines 602--603
\T1/lmr/m/it/10 dule
 []


Overfull \hbox (69.06711pt too wide) in paragraph at lines 602--603
\T1/lmr/m/it/10 (IM),
 []


Overfull \hbox (63.39958pt too wide) in paragraph at lines 602--603
[][]\T1/lmr/m/it/10 178[][],
 []


Overfull \hbox (60.33293pt too wide) in paragraph at lines 602--603
[][]\T1/lmr/m/it/10 423[][] 
 []




Overfull \hbox (37.96625pt too wide) in paragraph at lines 603--604
[]\T1/lmr/m/it/10 identity
 []


Overfull \hbox (67.48875pt too wide) in paragraph at lines 603--604
\T1/lmr/m/it/10 theft,
 []


Overfull \hbox (63.39958pt too wide) in paragraph at lines 603--604
[][]\T1/lmr/m/it/10 461[][],
 []


Overfull \hbox (60.33293pt too wide) in paragraph at lines 603--604
[][]\T1/lmr/m/it/10 464[][] 
 []


Overfull \hbox (31.87761pt too wide) in paragraph at lines 604--605
[]\T1/lmr/m/it/10 IDPS,
 []


Overfull \hbox (60.33293pt too wide) in paragraph at lines 604--605
[][]\T1/lmr/m/it/10 252[][] 
 []


Overfull \hbox (25.09412pt too wide) in paragraph at lines 605--606
[]\T1/lmr/m/it/10 IDS,
 []


Overfull \hbox (63.39958pt too wide) in paragraph at lines 605--606
[][]\T1/lmr/m/it/10 252[][],
 []


Overfull \hbox (60.33293pt too wide) in paragraph at lines 605--606
[][]\T1/lmr/m/it/10 354[][] 
 []


Overfull \hbox (40.33293pt too wide) in paragraph at lines 606--607
[]| \T1/lmr/m/it/10 802
 []


Overfull \hbox (57.26674pt too wide) in paragraph at lines 606--607
\T1/lmr/m/it/10 se-
 []


Overfull \hbox (64.03896pt too wide) in paragraph at lines 606--607
\T1/lmr/m/it/10 ries,
 []


Overfull \hbox (60.33293pt too wide) in paragraph at lines 606--607
[][]\T1/lmr/m/it/10 175[][] 
 []


Overfull \hbox (56.68819pt too wide) in paragraph at lines 607--608
[]| \T1/lmr/m/it/10 802.11,
 []


Overfull \hbox (58.2886pt too wide) in paragraph at lines 607--608
[][]\T1/lmr/m/it/10 96[][],
 []


Overfull \hbox (60.33293pt too wide) in paragraph at lines 607--608
[][]\T1/lmr/m/it/10 175[][] 
 []


Overfull \hbox (59.75484pt too wide) in paragraph at lines 608--609
[]| \T1/lmr/m/it/10 802.11i,
 []


Overfull \hbox (60.33293pt too wide) in paragraph at lines 608--609
[][]\T1/lmr/m/it/10 258[][] 
 []


Overfull \hbox (56.68819pt too wide) in paragraph at lines 609--610
[]| \T1/lmr/m/it/10 802.15,
 []


Overfull \hbox (60.33293pt too wide) in paragraph at lines 609--610
[][]\T1/lmr/m/it/10 175[][] 
 []


Overfull \hbox (56.68819pt too wide) in paragraph at lines 610--611
[]| \T1/lmr/m/it/10 802.16,
 []


Overfull \hbox (60.33293pt too wide) in paragraph at lines 610--611
[][]\T1/lmr/m/it/10 175[][] 
 []


Overfull \hbox (59.0107pt too wide) in paragraph at lines 611--612
[]| \T1/lmr/m/it/10 802.1X,
 []


Overfull \hbox (63.39958pt too wide) in paragraph at lines 611--612
[][]\T1/lmr/m/it/10 258[][],
 []


Overfull \hbox (60.33293pt too wide) in paragraph at lines 611--612
[][]\T1/lmr/m/it/10 259[][] 
 []


Overfull \hbox (51.57721pt too wide) in paragraph at lines 612--613
[]| \T1/lmr/m/it/10 802.3,
 []


Overfull \hbox (60.33293pt too wide) in paragraph at lines 612--613
[][]\T1/lmr/m/it/10 172[][] 
 []


Overfull \hbox (44.42169pt too wide) in paragraph at lines 613--614
[]| \T1/lmr/m/it/10 ano-
 []


Overfull \hbox (65.69995pt too wide) in paragraph at lines 613--614
\T1/lmr/m/it/10 maly
 []


Overfull \hbox (58.28873pt too wide) in paragraph at lines 613--614
\T1/lmr/m/it/10 de-
 []


Overfull \hbox (60.58887pt too wide) in paragraph at lines 613--614
\T1/lmr/m/it/10 tec-
 []


Overfull \hbox (65.1885pt too wide) in paragraph at lines 613--614
\T1/lmr/m/it/10 tion,
 []


Overfull \hbox (60.33293pt too wide) in paragraph at lines 613--614
[][]\T1/lmr/m/it/10 252[][] 
 []


Overfull \hbox (33.68864pt too wide) in paragraph at lines 614--615
[]| \T1/lmr/m/it/10 in
 []


Overfull \hbox (65.69983pt too wide) in paragraph at lines 614--615
\T1/lmr/m/it/10 host,
 []


Overfull \hbox (60.33293pt too wide) in paragraph at lines 614--615
[][]\T1/lmr/m/it/10 254[][] 
 []


Overfull \hbox (33.68864pt too wide) in paragraph at lines 615--616
[]| \T1/lmr/m/it/10 in
 []


Overfull \hbox (62.12198pt too wide) in paragraph at lines 615--616
\T1/lmr/m/it/10 net-
 []


Overfull \hbox (68.63878pt too wide) in paragraph at lines 615--616
\T1/lmr/m/it/10 work,
 []


Overfull \hbox (60.33293pt too wide) in paragraph at lines 615--616
[][]\T1/lmr/m/it/10 254[][] 
 []


Overfull \hbox (39.82239pt too wide) in paragraph at lines 616--617
[]| \T1/lmr/m/it/10 mi-
 []


Overfull \hbox (63.14465pt too wide) in paragraph at lines 616--617
\T1/lmr/m/it/10 suse
 []


Overfull \hbox (58.28873pt too wide) in paragraph at lines 616--617
\T1/lmr/m/it/10 de-
 []


Overfull \hbox (60.58887pt too wide) in paragraph at lines 616--617
\T1/lmr/m/it/10 tec-
 []


Overfull \hbox (65.1885pt too wide) in paragraph at lines 616--617
\T1/lmr/m/it/10 tion,
 []


Overfull \hbox (60.33293pt too wide) in paragraph at lines 616--617
[][]\T1/lmr/m/it/10 252[][] 
 []




Overfull \hbox (97.84593pt too wide) has occurred while \output is active
\T1/lmr/m/sl/10 BIBLIOGRAPHIE \T1/lmr/m/n/10 599
 []

[599]
Overfull \hbox (29.20596pt too wide) in paragraph at lines 617--618
[]\T1/lmr/m/it/10 IEEE
 []


Overfull \hbox (66.72194pt too wide) in paragraph at lines 617--618
\T1/lmr/m/it/10 stan-
 []


Overfull \hbox (64.03847pt too wide) in paragraph at lines 617--618
\T1/lmr/m/it/10 dard
 []


Overfull \hbox (65.44391pt too wide) in paragraph at lines 617--618
\T1/lmr/m/it/10 1394
 []


Overfull \hbox (62.12231pt too wide) in paragraph at lines 617--618
\T1/lmr/m/it/10 bus,
 []


Overfull \hbox (60.33293pt too wide) in paragraph at lines 617--618
[][]\T1/lmr/m/it/10 483[][] 
 []


Overfull \hbox (35.10611pt too wide) in paragraph at lines 618--619
[]\T1/lmr/m/it/10 IMAP,
 []


Overfull \hbox (60.33293pt too wide) in paragraph at lines 618--619
[][]\T1/lmr/m/it/10 187[][] 
 []


Overfull \hbox (33.87772pt too wide) in paragraph at lines 619--620
[]\T1/lmr/m/it/10 impact
 []


Overfull \hbox (64.42169pt too wide) in paragraph at lines 619--620
\T1/lmr/m/it/10 ana-
 []


Overfull \hbox (55.98872pt too wide) in paragraph at lines 619--620
\T1/lmr/m/it/10 ly-
 []


Overfull \hbox (59.31128pt too wide) in paragraph at lines 619--620
\T1/lmr/m/it/10 sis,
 []


Overfull \hbox (60.33293pt too wide) in paragraph at lines 619--620
[][]\T1/lmr/m/it/10 427[][] 
 []


Overfull \hbox (30.36661pt too wide) in paragraph at lines 620--621
[]\T1/lmr/m/it/10 IMSI,
 []


Overfull \hbox (63.39958pt too wide) in paragraph at lines 620--621
[][]\T1/lmr/m/it/10 129[][],
 []


Overfull \hbox (60.33293pt too wide) in paragraph at lines 620--621
[][]\T1/lmr/m/it/10 178[][] 
 []


Overfull \hbox (27.29996pt too wide) in paragraph at lines 621--622
[]\T1/lmr/m/it/10 IMSI
 []


Overfull \hbox (61.09984pt too wide) in paragraph at lines 621--622
\T1/lmr/m/it/10 cat-
 []


Overfull \hbox (66.5943pt too wide) in paragraph at lines 621--622
\T1/lmr/m/it/10 cher,
 []


Overfull \hbox (60.33293pt too wide) in paragraph at lines 621--622
[][]\T1/lmr/m/it/10 129[][] 
 []


Overfull \hbox (40.79935pt too wide) in paragraph at lines 622--623
[]\T1/lmr/m/it/10 Incident
 []


Overfull \hbox (64.0501pt too wide) in paragraph at lines 622--623
\T1/lmr/m/it/10 Res-
 []


Overfull \hbox (72.08847pt too wide) in paragraph at lines 622--623
\T1/lmr/m/it/10 ponse,
 []


Overfull \hbox (60.33293pt too wide) in paragraph at lines 622--623
[][]\T1/lmr/m/it/10 416[][] 
 []


Overfull \hbox (51.2552pt too wide) in paragraph at lines 623--624
[]\T1/lmr/m/it/10 incomplete
 []


Overfull \hbox (61.35574pt too wide) in paragraph at lines 623--624
\T1/lmr/m/it/10 me-
 []


Overfull \hbox (61.86635pt too wide) in paragraph at lines 623--624
\T1/lmr/m/it/10 dia-
 []


Overfull \hbox (65.1885pt too wide) in paragraph at lines 623--624
\T1/lmr/m/it/10 tion,
 []


Overfull \hbox (60.33293pt too wide) in paragraph at lines 623--624
[][]\T1/lmr/m/it/10 371[][] 
 []


Overfull \hbox (46.52728pt too wide) in paragraph at lines 624--625
[]\T1/lmr/m/it/10 industrial
 []


Overfull \hbox (57.26674pt too wide) in paragraph at lines 624--625
\T1/lmr/m/it/10 es-
 []


Overfull \hbox (61.86635pt too wide) in paragraph at lines 624--625
\T1/lmr/m/it/10 pio-
 []


Overfull \hbox (67.99963pt too wide) in paragraph at lines 624--625
\T1/lmr/m/it/10 nage,
 []


Overfull \hbox (60.33293pt too wide) in paragraph at lines 624--625
[][]\T1/lmr/m/it/10 423[][] 
 []


Overfull \hbox (64.94965pt too wide) in paragraph at lines 625--626
[]\T1/lmr/m/it/10 Infrastructure
 []


Overfull \hbox (71.34448pt too wide) in paragraph at lines 625--626
\T1/lmr/m/it/10 Mode,
 []


Overfull \hbox (55.22195pt too wide) in paragraph at lines 625--626
[][]\T1/lmr/m/it/10 96[][] 
 []

Missing character: There is no ﬁ ("FB01) in font ec-lmri10!

Overfull \hbox (34.77217pt too wide) in paragraph at lines 626--627
[]\T1/lmr/m/it/10 ingress
 []


Overfull \hbox (62.76103pt too wide) in paragraph at lines 626--627
\T1/lmr/m/it/10 lter,
 []


Overfull \hbox (63.39958pt too wide) in paragraph at lines 626--627
[][]\T1/lmr/m/it/10 243[][],
 []


Overfull \hbox (60.33293pt too wide) in paragraph at lines 626--627
[][]\T1/lmr/m/it/10 280[][] 
 []


Overfull \hbox (55.47171pt too wide) in paragraph at lines 627--628
[]\T1/lmr/m/it/10 instruction,
 []


Overfull \hbox (60.33293pt too wide) in paragraph at lines 627--628
[][]\T1/lmr/m/it/10 476[][] 
 []


Overfull \hbox (37.58308pt too wide) in paragraph at lines 628--629
[]\T1/lmr/m/it/10 integer,
 []


Overfull \hbox (60.33293pt too wide) in paragraph at lines 628--629
[][]\T1/lmr/m/it/10 496[][] 
 []


Overfull \hbox (43.15573pt too wide) in paragraph at lines 629--630
[]| \T1/lmr/m/it/10 Fer-
 []


Overfull \hbox (64.67786pt too wide) in paragraph at lines 629--630
\T1/lmr/m/it/10 mat,
 []


Overfull \hbox (63.39958pt too wide) in paragraph at lines 629--630
[][]\T1/lmr/m/it/10 103[][],
 []


Overfull \hbox (60.33293pt too wide) in paragraph at lines 629--630
[][]\T1/lmr/m/it/10 500[][] 
 []




Overfull \hbox (49.5559pt too wide) in paragraph at lines 630--631
[]| \T1/lmr/m/it/10 Num-
 []


Overfull \hbox (57.90555pt too wide) in paragraph at lines 630--631
\T1/lmr/m/it/10 ber
 []


Overfull \hbox (66.8611pt too wide) in paragraph at lines 630--631
\T1/lmr/m/it/10 Field
 []


Overfull \hbox (70.55531pt too wide) in paragraph at lines 630--631
\T1/lmr/m/it/10 Sieve,
 []


Overfull \hbox (63.39958pt too wide) in paragraph at lines 630--631
[][]\T1/lmr/m/it/10 106[][],
 []


Overfull \hbox (60.33293pt too wide) in paragraph at lines 630--631
[][]\T1/lmr/m/it/10 502[][] 
 []


Overfull \hbox (46.7224pt too wide) in paragraph at lines 631--632
[]| \T1/lmr/m/it/10 Qua-
 []


Overfull \hbox (62.50523pt too wide) in paragraph at lines 631--632
\T1/lmr/m/it/10 dra-
 []


Overfull \hbox (55.98889pt too wide) in paragraph at lines 631--632
\T1/lmr/m/it/10 tic
 []


Overfull \hbox (70.55531pt too wide) in paragraph at lines 631--632
\T1/lmr/m/it/10 Sieve,
 []


Overfull \hbox (63.39958pt too wide) in paragraph at lines 631--632
[][]\T1/lmr/m/it/10 106[][],
 []


Overfull \hbox (60.33293pt too wide) in paragraph at lines 631--632
[][]\T1/lmr/m/it/10 502[][] 
 []


Overfull \hbox (44.22746pt too wide) in paragraph at lines 632--634
[]\T1/lmr/m/it/10 integrity,
 []


Overfull \hbox (58.2886pt too wide) in paragraph at lines 632--634
[][]\T1/lmr/m/it/10 12[][],
 []


Overfull \hbox (58.2886pt too wide) in paragraph at lines 632--634
[][]\T1/lmr/m/it/10 94[][],
 []


Overfull \hbox (63.39958pt too wide) in paragraph at lines 632--634
[][]\T1/lmr/m/it/10 106[][],
 []


Overfull \hbox (63.39958pt too wide) in paragraph at lines 632--634
[][]\T1/lmr/m/it/10 117[][],
 []


Overfull \hbox (60.33293pt too wide) in paragraph at lines 632--634
[][]\T1/lmr/m/it/10 210[][] 
 []


Overfull \hbox (40.16061pt too wide) in paragraph at lines 634--635
[]\T1/lmr/m/it/10 Internet
 []


Overfull \hbox (69.40527pt too wide) in paragraph at lines 634--635
\T1/lmr/m/it/10 layer,
 []


Overfull \hbox (60.33293pt too wide) in paragraph at lines 634--635
[][]\T1/lmr/m/it/10 157[][] 
 []


Overfull \hbox (40.16061pt too wide) in paragraph at lines 635--636
[]\T1/lmr/m/it/10 Internet
 []


Overfull \hbox (71.57762pt too wide) in paragraph at lines 635--636
\T1/lmr/m/it/10 name,
 []


Overfull \hbox (63.39958pt too wide) in paragraph at lines 635--636
[][]\T1/lmr/m/it/10 144[][],
 []


Overfull \hbox (60.33293pt too wide) in paragraph at lines 635--636
[][]\T1/lmr/m/it/10 160[][] 
 []


Overfull \hbox (72.97694pt too wide) in paragraph at lines 636--637
[]\T1/lmr/m/it/10 interoperability,
 []


Overfull \hbox (60.33293pt too wide) in paragraph at lines 636--637
[][]\T1/lmr/m/it/10 175[][] 
 []


Overfull \hbox (54.44962pt too wide) in paragraph at lines 637--638
[]\T1/lmr/m/it/10 interpreter,
 []


Overfull \hbox (60.33293pt too wide) in paragraph at lines 637--638
[][]\T1/lmr/m/it/10 404[][] 
 []


Overfull \hbox (38.86096pt too wide) in paragraph at lines 638--639
[]\T1/lmr/m/it/10 inverse,
 []


Overfull \hbox (58.2886pt too wide) in paragraph at lines 638--639
[][]\T1/lmr/m/it/10 99[][],
 []


Overfull \hbox (63.39958pt too wide) in paragraph at lines 638--639
[][]\T1/lmr/m/it/10 505[][],
 []


Overfull \hbox (60.33293pt too wide) in paragraph at lines 638--639
[][]\T1/lmr/m/it/10 513[][] 
 []


Overfull \hbox (63.26602pt too wide) in paragraph at lines 639--640
[]\T1/lmr/m/it/10 investigation,
 []


Overfull \hbox (60.33293pt too wide) in paragraph at lines 639--640
[][]\T1/lmr/m/it/10 445[][] 
 []


Overfull \hbox (26.74464pt too wide) in paragraph at lines 640--642
[]\T1/lmr/m/it/10 IOT,
 []


Overfull \hbox (53.17763pt too wide) in paragraph at lines 640--642
[][]\T1/lmr/m/it/10 3[][],
 []


Overfull \hbox (63.39958pt too wide) in paragraph at lines 640--642
[][]\T1/lmr/m/it/10 163[][],
 []


Overfull \hbox (63.39958pt too wide) in paragraph at lines 640--642
[][]\T1/lmr/m/it/10 179[][],
 []


Overfull \hbox (63.39958pt too wide) in paragraph at lines 640--642
[][]\T1/lmr/m/it/10 278[][],
 []


Overfull \hbox (60.33293pt too wide) in paragraph at lines 640--642
[][]\T1/lmr/m/it/10 472[][] 
 []


Overfull \hbox (15.63898pt too wide) in paragraph at lines 642--643
[]\T1/lmr/m/it/10 IP
 []


Overfull \hbox (58.7997pt too wide) in paragraph at lines 642--643
\T1/lmr/m/it/10 ad-
 []


Overfull \hbox (69.66115pt too wide) in paragraph at lines 642--643
\T1/lmr/m/it/10 dress,
 []


Overfull \hbox (60.33293pt too wide) in paragraph at lines 642--643
[][]\T1/lmr/m/it/10 159[][] 
 []




Overfull \hbox (97.84593pt too wide) has occurred while \output is active
\T1/lmr/m/n/10 600 \T1/lmr/m/sl/10 BIBLIOGRAPHIE
 []

[600]
Overfull \hbox (51.70517pt too wide) in paragraph at lines 643--644
[]| \T1/lmr/m/it/10 range,
 []


Overfull \hbox (60.33293pt too wide) in paragraph at lines 643--644
[][]\T1/lmr/m/it/10 284[][] 
 []


Overfull \hbox (15.63898pt too wide) in paragraph at lines 644--645
[]\T1/lmr/m/it/10 IP
 []


Overfull \hbox (64.06123pt too wide) in paragraph at lines 644--645
\T1/lmr/m/it/10 Ver-
 []


Overfull \hbox (62.88861pt too wide) in paragraph at lines 644--645
\T1/lmr/m/it/10 sion
 []


Overfull \hbox (50.11098pt too wide) in paragraph at lines 644--645
\T1/lmr/m/it/10 4
 []


Overfull \hbox (76.59459pt too wide) in paragraph at lines 644--645
\T1/lmr/m/it/10 (IPv4),
 []


Overfull \hbox (60.33293pt too wide) in paragraph at lines 644--645
[][]\T1/lmr/m/it/10 161[][] 
 []


Overfull \hbox (15.63898pt too wide) in paragraph at lines 645--646
[]\T1/lmr/m/it/10 IP
 []


Overfull \hbox (64.06123pt too wide) in paragraph at lines 645--646
\T1/lmr/m/it/10 Ver-
 []


Overfull \hbox (62.88861pt too wide) in paragraph at lines 645--646
\T1/lmr/m/it/10 sion
 []


Overfull \hbox (50.11098pt too wide) in paragraph at lines 645--646
\T1/lmr/m/it/10 6
 []


Overfull \hbox (76.59459pt too wide) in paragraph at lines 645--646
\T1/lmr/m/it/10 (IPv6),
 []


Overfull \hbox (60.33293pt too wide) in paragraph at lines 645--646
[][]\T1/lmr/m/it/10 161[][] 
 []


Overfull \hbox (31.4835pt too wide) in paragraph at lines 646--647
[]\T1/lmr/m/it/10 IPsec,
 []


Overfull \hbox (60.33293pt too wide) in paragraph at lines 646--647
[][]\T1/lmr/m/it/10 221[][] 
 []


Overfull \hbox (19.43895pt too wide) in paragraph at lines 647--648
[]\T1/lmr/m/it/10 iris
 []


Overfull \hbox (56.88329pt too wide) in paragraph at lines 647--648
\T1/lmr/m/it/10 re-
 []


Overfull \hbox (61.86649pt too wide) in paragraph at lines 647--648
\T1/lmr/m/it/10 cog-
 []


Overfull \hbox (57.26639pt too wide) in paragraph at lines 647--648
\T1/lmr/m/it/10 ni-
 []


Overfull \hbox (65.1885pt too wide) in paragraph at lines 647--648
\T1/lmr/m/it/10 tion,
 []


Overfull \hbox (60.33293pt too wide) in paragraph at lines 647--648
[][]\T1/lmr/m/it/10 306[][] 
 []


Overfull \hbox (49.02165pt too wide) in paragraph at lines 648--649
[]| \T1/lmr/m/it/10 8859-
 []


Overfull \hbox (53.17763pt too wide) in paragraph at lines 648--649
\T1/lmr/m/it/10 1,
 []


Overfull \hbox (60.33293pt too wide) in paragraph at lines 648--649
[][]\T1/lmr/m/it/10 195[][] 
 []


Overfull \hbox (48.51056pt too wide) in paragraph at lines 649--650
[]| \T1/lmr/m/it/10 9796,
 []


Overfull \hbox (60.33293pt too wide) in paragraph at lines 649--650
[][]\T1/lmr/m/it/10 127[][] 
 []


Overfull \hbox (48.51056pt too wide) in paragraph at lines 650--651
[]| \T1/lmr/m/it/10 9798,
 []


Overfull \hbox (55.22195pt too wide) in paragraph at lines 650--651
[][]\T1/lmr/m/it/10 66[][] 
 []


Overfull \hbox (25.72223pt too wide) in paragraph at lines 651--652
[]\T1/lmr/m/it/10 ISO-
 []


Overfull \hbox (68.25508pt too wide) in paragraph at lines 651--652
\T1/lmr/m/it/10 latin-
 []


Overfull \hbox (50.11098pt too wide) in paragraph at lines 651--652
\T1/lmr/m/it/10 1
 []


Overfull \hbox (66.59402pt too wide) in paragraph at lines 651--652
\T1/lmr/m/it/10 prin-
 []


Overfull \hbox (68.25536pt too wide) in paragraph at lines 651--652
\T1/lmr/m/it/10 table,
 []


Overfull \hbox (60.33293pt too wide) in paragraph at lines 651--652
[][]\T1/lmr/m/it/10 310[][] 
 []


Overfull \hbox (79.69073pt too wide) in paragraph at lines 652--653
[]| \T1/lmr/m/it/10 11889 :2009,
 []


Overfull \hbox (60.33293pt too wide) in paragraph at lines 652--653
[][]\T1/lmr/m/it/10 351[][] 
 []


Overfull \hbox (50.55489pt too wide) in paragraph at lines 653--654
[]| \T1/lmr/m/it/10 27000
 []


Overfull \hbox (57.26674pt too wide) in paragraph at lines 653--654
\T1/lmr/m/it/10 se-
 []


Overfull \hbox (64.03896pt too wide) in paragraph at lines 653--654
\T1/lmr/m/it/10 ries,
 []


Overfull \hbox (55.22195pt too wide) in paragraph at lines 653--654
[][]\T1/lmr/m/it/10 49[][] 
 []


Overfull \hbox (79.69073pt too wide) in paragraph at lines 654--655
[]| \T1/lmr/m/it/10 27005 :2011,
 []


Overfull \hbox (55.22195pt too wide) in paragraph at lines 654--655
[][]\T1/lmr/m/it/10 64[][] 
 []


Overfull \hbox (53.62154pt too wide) in paragraph at lines 655--656
[]| \T1/lmr/m/it/10 27001,
 []


Overfull \hbox (60.33293pt too wide) in paragraph at lines 655--656
[][]\T1/lmr/m/it/10 473[][] 
 []




Overfull \hbox (53.62154pt too wide) in paragraph at lines 656--657
[]| \T1/lmr/m/it/10 27002,
 []


Overfull \hbox (58.2886pt too wide) in paragraph at lines 656--657
[][]\T1/lmr/m/it/10 12[][],
 []


Overfull \hbox (55.22195pt too wide) in paragraph at lines 656--657
[][]\T1/lmr/m/it/10 47[][] 
 []


Overfull \hbox (24.32762pt too wide) in paragraph at lines 657--658
[]\T1/lmr/m/it/10 ISP,
 []


Overfull \hbox (60.33293pt too wide) in paragraph at lines 657--658
[][]\T1/lmr/m/it/10 170[][] 
 []


Overfull \hbox (50.83307pt too wide) in paragraph at lines 658--659
[]| \T1/lmr/m/it/10 X.500
 []


Overfull \hbox (57.26674pt too wide) in paragraph at lines 658--659
\T1/lmr/m/it/10 se-
 []


Overfull \hbox (64.03896pt too wide) in paragraph at lines 658--659
\T1/lmr/m/it/10 ries,
 []


Overfull \hbox (60.33293pt too wide) in paragraph at lines 658--659
[][]\T1/lmr/m/it/10 385[][] 
 []


Overfull \hbox (53.89972pt too wide) in paragraph at lines 659--660
[]| \T1/lmr/m/it/10 X.520,
 []


Overfull \hbox (60.33293pt too wide) in paragraph at lines 659--660
[][]\T1/lmr/m/it/10 388[][] 
 []


Overfull \hbox (19.35562pt too wide) in paragraph at lines 660--661
[]\T1/lmr/m/it/10 IV,
 []


Overfull \hbox (58.2886pt too wide) in paragraph at lines 660--661
[][]\T1/lmr/m/it/10 84[][],
 []


Overfull \hbox (58.2886pt too wide) in paragraph at lines 660--661
[][]\T1/lmr/m/it/10 88[][],
 []


Overfull \hbox (60.33293pt too wide) in paragraph at lines 660--661
[][]\T1/lmr/m/it/10 120[][] 
 []


Overfull \hbox (28.1386pt too wide) in paragraph at lines 664--665
[]\T1/lmr/m/it/10 Java,
 []


Overfull \hbox (63.39958pt too wide) in paragraph at lines 664--665
[][]\T1/lmr/m/it/10 374[][],
 []


Overfull \hbox (63.39958pt too wide) in paragraph at lines 664--665
[][]\T1/lmr/m/it/10 405[][],
 []


Overfull \hbox (60.33293pt too wide) in paragraph at lines 664--665
[][]\T1/lmr/m/it/10 409[][] 
 []


Overfull \hbox (17.77763pt too wide) in paragraph at lines 665--666
[]\T1/lmr/m/it/10 job
 []


Overfull \hbox (66.97772pt too wide) in paragraph at lines 665--666
\T1/lmr/m/it/10 sche-
 []


Overfull \hbox (59.05539pt too wide) in paragraph at lines 665--666
\T1/lmr/m/it/10 du-
 []


Overfull \hbox (63.91078pt too wide) in paragraph at lines 665--666
\T1/lmr/m/it/10 ling,
 []


Overfull \hbox (60.33293pt too wide) in paragraph at lines 665--666
[][]\T1/lmr/m/it/10 352[][] 
 []


Overfull \hbox (26.09393pt too wide) in paragraph at lines 666--667
[]\T1/lmr/m/it/10 John
 []


Overfull \hbox (60.33298pt too wide) in paragraph at lines 666--667
\T1/lmr/m/it/10 von
 []


Overfull \hbox (65.9779pt too wide) in paragraph at lines 666--667
\T1/lmr/m/it/10 Neu-
 []


Overfull \hbox (72.59961pt too wide) in paragraph at lines 666--667
\T1/lmr/m/it/10 mann,
 []


Overfull \hbox (60.33293pt too wide) in paragraph at lines 666--667
[][]\T1/lmr/m/it/10 476[][] 
 []


Overfull \hbox (57.77176pt too wide) in paragraph at lines 667--668
[]\T1/lmr/m/it/10 jurisdiction,
 []


Overfull \hbox (60.33293pt too wide) in paragraph at lines 667--668
[][]\T1/lmr/m/it/10 446[][] 
 []


Overfull \hbox (42.63306pt too wide) in paragraph at lines 668--669
[]| \T1/lmr/m/it/10 uni-
 []


Overfull \hbox (61.99442pt too wide) in paragraph at lines 668--669
\T1/lmr/m/it/10 ver-
 []


Overfull \hbox (59.8221pt too wide) in paragraph at lines 668--669
\T1/lmr/m/it/10 sal,
 []


Overfull \hbox (60.33293pt too wide) in paragraph at lines 668--669
[][]\T1/lmr/m/it/10 222[][] 
 []


Overfull \hbox (37.22215pt too wide) in paragraph at lines 672--673
[]\T1/lmr/m/it/10 Keccak,
 []


Overfull \hbox (60.33293pt too wide) in paragraph at lines 672--673
[][]\T1/lmr/m/it/10 123[][] 
 []


Overfull \hbox (43.07771pt too wide) in paragraph at lines 673--674
[]\T1/lmr/m/it/10 kerberos,
 []


Overfull \hbox (63.39958pt too wide) in paragraph at lines 673--674
[][]\T1/lmr/m/it/10 133[][],
 []


Overfull \hbox (63.39958pt too wide) in paragraph at lines 673--674
[][]\T1/lmr/m/it/10 317[][],
 []


Overfull \hbox (60.33293pt too wide) in paragraph at lines 673--674
[][]\T1/lmr/m/it/10 397[][] 
 []

Missing character: There is no ﬀ ("FB00) in font ec-lmri10!
Missing character: There is no ’ ("2019) in font ec-lmri10!

Overfull \hbox (43.99437pt too wide) in paragraph at lines 674--675
[]\T1/lmr/m/it/10 Kerckhos
 []


Overfull \hbox (68.26654pt too wide) in paragraph at lines 674--675
\T1/lmr/m/it/10 Prin-
 []


Overfull \hbox (67.99977pt too wide) in paragraph at lines 674--675
\T1/lmr/m/it/10 ciple,
 []


Overfull \hbox (55.22195pt too wide) in paragraph at lines 674--675
[][]\T1/lmr/m/it/10 66[][] 
 []




Overfull \hbox (97.84593pt too wide) has occurred while \output is active
\T1/lmr/m/sl/10 BIBLIOGRAPHIE \T1/lmr/m/n/10 601
 []

[601]
Overfull \hbox (19.05551pt too wide) in paragraph at lines 675--676
[]\T1/lmr/m/it/10 key
 []


Overfull \hbox (70.68315pt too wide) in paragraph at lines 675--676
\T1/lmr/m/it/10 agree-
 []


Overfull \hbox (69.78888pt too wide) in paragraph at lines 675--676
\T1/lmr/m/it/10 ment,
 []


Overfull \hbox (60.33293pt too wide) in paragraph at lines 675--676
[][]\T1/lmr/m/it/10 133[][] 
 []

Missing character: There is no ﬃ ("FB03) in font ec-lmri10!

Overfull \hbox (43.79439pt too wide) in paragraph at lines 676--677
[]| \T1/lmr/m/it/10 Die-
 []


Overfull \hbox (84.88872pt too wide) in paragraph at lines 676--677
\T1/lmr/m/it/10 Hellman,
 []


Overfull \hbox (60.33293pt too wide) in paragraph at lines 676--677
[][]\T1/lmr/m/it/10 136[][] 
 []


Overfull \hbox (33.68864pt too wide) in paragraph at lines 677--678
[]| \T1/lmr/m/it/10 in
 []


Overfull \hbox (68.1389pt too wide) in paragraph at lines 677--678
\T1/lmr/m/it/10 Blue-
 []


Overfull \hbox (69.53293pt too wide) in paragraph at lines 677--678
\T1/lmr/m/it/10 tooth,
 []


Overfull \hbox (60.33293pt too wide) in paragraph at lines 677--678
[][]\T1/lmr/m/it/10 260[][] 
 []


Overfull \hbox (58.2218pt too wide) in paragraph at lines 678--679
[]| \T1/lmr/m/it/10 station-
 []


Overfull \hbox (57.01096pt too wide) in paragraph at lines 678--679
\T1/lmr/m/it/10 to-
 []


Overfull \hbox (77.71071pt too wide) in paragraph at lines 678--679
\T1/lmr/m/it/10 station,
 []


Overfull \hbox (60.33293pt too wide) in paragraph at lines 678--679
[][]\T1/lmr/m/it/10 138[][] 
 []


Overfull \hbox (19.05551pt too wide) in paragraph at lines 679--680
[]\T1/lmr/m/it/10 key
 []


Overfull \hbox (60.84436pt too wide) in paragraph at lines 679--680
\T1/lmr/m/it/10 dis-
 []


Overfull \hbox (59.18329pt too wide) in paragraph at lines 679--680
\T1/lmr/m/it/10 tri-
 []


Overfull \hbox (58.54442pt too wide) in paragraph at lines 679--680
\T1/lmr/m/it/10 bu-
 []


Overfull \hbox (65.1885pt too wide) in paragraph at lines 679--680
\T1/lmr/m/it/10 tion,
 []


Overfull \hbox (60.33293pt too wide) in paragraph at lines 679--680
[][]\T1/lmr/m/it/10 133[][] 
 []


Overfull \hbox (21.63338pt too wide) in paragraph at lines 680--681
[]\T1/lmr/m/it/10 Key
 []


Overfull \hbox (60.00023pt too wide) in paragraph at lines 680--681
\T1/lmr/m/it/10 Ex-
 []


Overfull \hbox (74.64397pt too wide) in paragraph at lines 680--681
\T1/lmr/m/it/10 change
 []


Overfull \hbox (61.63338pt too wide) in paragraph at lines 680--681
\T1/lmr/m/it/10 Key
 []


Overfull \hbox (78.40611pt too wide) in paragraph at lines 680--681
\T1/lmr/m/it/10 (KEK),
 []


Overfull \hbox (60.33293pt too wide) in paragraph at lines 680--681
[][]\T1/lmr/m/it/10 356[][] 
 []


Overfull \hbox (19.05551pt too wide) in paragraph at lines 681--682
[]\T1/lmr/m/it/10 key
 []


Overfull \hbox (60.33308pt too wide) in paragraph at lines 681--682
\T1/lmr/m/it/10 log-
 []


Overfull \hbox (61.48332pt too wide) in paragraph at lines 681--682
\T1/lmr/m/it/10 ger,
 []


Overfull \hbox (60.33293pt too wide) in paragraph at lines 681--682
[][]\T1/lmr/m/it/10 377[][] 
 []


Overfull \hbox (19.05551pt too wide) in paragraph at lines 682--683
[]\T1/lmr/m/it/10 key
 []


Overfull \hbox (66.97772pt too wide) in paragraph at lines 682--683
\T1/lmr/m/it/10 sche-
 []


Overfull \hbox (65.69978pt too wide) in paragraph at lines 682--683
\T1/lmr/m/it/10 dule,
 []


Overfull \hbox (58.2886pt too wide) in paragraph at lines 682--683
[][]\T1/lmr/m/it/10 83[][],
 []


Overfull \hbox (55.22195pt too wide) in paragraph at lines 682--683
[][]\T1/lmr/m/it/10 87[][] 
 []


Overfull \hbox (19.05551pt too wide) in paragraph at lines 683--684
[]\T1/lmr/m/it/10 key
 []


Overfull \hbox (70.42747pt too wide) in paragraph at lines 683--684
\T1/lmr/m/it/10 trans-
 []


Overfull \hbox (65.31638pt too wide) in paragraph at lines 683--684
\T1/lmr/m/it/10 port,
 []


Overfull \hbox (60.33293pt too wide) in paragraph at lines 683--684
[][]\T1/lmr/m/it/10 133[][] 
 []


Overfull \hbox (19.05551pt too wide) in paragraph at lines 684--685
[]\T1/lmr/m/it/10 key
 []


Overfull \hbox (71.06648pt too wide) in paragraph at lines 684--685
\T1/lmr/m/it/10 wheel,
 []


Overfull \hbox (58.2886pt too wide) in paragraph at lines 684--685
[][]\T1/lmr/m/it/10 67[][],
 []


Overfull \hbox (55.22195pt too wide) in paragraph at lines 684--685
[][]\T1/lmr/m/it/10 70[][] 
 []




Overfull \hbox (25.21112pt too wide) in paragraph at lines 685--686
[]\T1/lmr/m/it/10 Key-
 []


Overfull \hbox (90.74364pt too wide) in paragraph at lines 685--686
\T1/lmr/m/it/10 Scheduling
 []


Overfull \hbox (58.18335pt too wide) in paragraph at lines 685--686
\T1/lmr/m/it/10 Al-
 []


Overfull \hbox (58.28873pt too wide) in paragraph at lines 685--686
\T1/lmr/m/it/10 go-
 []


Overfull \hbox (68.89452pt too wide) in paragraph at lines 685--686
\T1/lmr/m/it/10 rithm
 []


Overfull \hbox (76.9891pt too wide) in paragraph at lines 685--686
\T1/lmr/m/it/10 (KSA),
 []


Overfull \hbox (55.22195pt too wide) in paragraph at lines 685--686
[][]\T1/lmr/m/it/10 93[][] 
 []


Overfull \hbox (44.73839pt too wide) in paragraph at lines 686--687
[]\T1/lmr/m/it/10 keyboard,
 []


Overfull \hbox (60.33293pt too wide) in paragraph at lines 686--687
[][]\T1/lmr/m/it/10 481[][] 
 []


Overfull \hbox (47.29417pt too wide) in paragraph at lines 687--688
[]\T1/lmr/m/it/10 keylogger,
 []


Overfull \hbox (60.33293pt too wide) in paragraph at lines 687--688
[][]\T1/lmr/m/it/10 358[][] 
 []


Overfull \hbox (39.62747pt too wide) in paragraph at lines 688--689
[]\T1/lmr/m/it/10 keyring,
 []


Overfull \hbox (60.33293pt too wide) in paragraph at lines 688--689
[][]\T1/lmr/m/it/10 351[][] 
 []


Overfull \hbox (42.9499pt too wide) in paragraph at lines 689--690
[]\T1/lmr/m/it/10 keystore,
 []


Overfull \hbox (60.33293pt too wide) in paragraph at lines 689--690
[][]\T1/lmr/m/it/10 351[][] 
 []


Overfull \hbox (50.61678pt too wide) in paragraph at lines 690--691
[]\T1/lmr/m/it/10 keystream,
 []


Overfull \hbox (55.22195pt too wide) in paragraph at lines 690--691
[][]\T1/lmr/m/it/10 42[][] 
 []


Overfull \hbox (29.20561pt too wide) in paragraph at lines 694--695
[]\T1/lmr/m/it/10 LAN,
 []


Overfull \hbox (63.39958pt too wide) in paragraph at lines 694--695
[][]\T1/lmr/m/it/10 151[][],
 []


Overfull \hbox (60.33293pt too wide) in paragraph at lines 694--695
[][]\T1/lmr/m/it/10 175[][] 
 []


Overfull \hbox (40.73885pt too wide) in paragraph at lines 695--696
[]| \T1/lmr/m/it/10 Ap-
 []


Overfull \hbox (59.31085pt too wide) in paragraph at lines 695--696
\T1/lmr/m/it/10 pli-
 []


Overfull \hbox (57.7776pt too wide) in paragraph at lines 695--696
\T1/lmr/m/it/10 ca-
 []


Overfull \hbox (65.1885pt too wide) in paragraph at lines 695--696
\T1/lmr/m/it/10 tion,
 []


Overfull \hbox (60.33293pt too wide) in paragraph at lines 695--696
[][]\T1/lmr/m/it/10 158[][] 
 []


Overfull \hbox (45.32771pt too wide) in paragraph at lines 696--697
[]| \T1/lmr/m/it/10 Phy-
 []


Overfull \hbox (55.73338pt too wide) in paragraph at lines 696--697
\T1/lmr/m/it/10 si-
 []


Overfull \hbox (59.82199pt too wide) in paragraph at lines 696--697
\T1/lmr/m/it/10 cal,
 []


Overfull \hbox (60.33293pt too wide) in paragraph at lines 696--697
[][]\T1/lmr/m/it/10 158[][] 
 []


Overfull \hbox (35.85004pt too wide) in paragraph at lines 697--698
[]\T1/lmr/m/it/10 LDAP,
 []


Overfull \hbox (60.33293pt too wide) in paragraph at lines 697--698
[][]\T1/lmr/m/it/10 384[][] 
 []


Overfull \hbox (37.01096pt too wide) in paragraph at lines 698--699
[]| \T1/lmr/m/it/10 at-
 []


Overfull \hbox (59.18329pt too wide) in paragraph at lines 698--699
\T1/lmr/m/it/10 tri-
 []


Overfull \hbox (65.95557pt too wide) in paragraph at lines 698--699
\T1/lmr/m/it/10 bute,
 []


Overfull \hbox (63.39958pt too wide) in paragraph at lines 698--699
[][]\T1/lmr/m/it/10 385[][],
 []


Overfull \hbox (60.33293pt too wide) in paragraph at lines 698--699
[][]\T1/lmr/m/it/10 388[][] 
 []


Overfull \hbox (46.62762pt too wide) in paragraph at lines 699--700
[]| \T1/lmr/m/it/10 DIT,
 []


Overfull \hbox (60.33293pt too wide) in paragraph at lines 699--700
[][]\T1/lmr/m/it/10 384[][] 
 []


Overfull \hbox (37.26674pt too wide) in paragraph at lines 700--701
[]| \T1/lmr/m/it/10 es-
 []


Overfull \hbox (57.7776pt too wide) in paragraph at lines 700--701
\T1/lmr/m/it/10 ca-
 []


Overfull \hbox (66.46628pt too wide) in paragraph at lines 700--701
\T1/lmr/m/it/10 ping,
 []


Overfull \hbox (60.33293pt too wide) in paragraph at lines 700--701
[][]\T1/lmr/m/it/10 392[][] 
 []


Overfull \hbox (37.26639pt too wide) in paragraph at lines 701--702
[]| \T1/lmr/m/it/10 in-
 []


Overfull \hbox (60.33328pt too wide) in paragraph at lines 701--702
\T1/lmr/m/it/10 jec-
 []


Overfull \hbox (65.1885pt too wide) in paragraph at lines 701--702
\T1/lmr/m/it/10 tion,
 []


Overfull \hbox (60.33293pt too wide) in paragraph at lines 701--702
[][]\T1/lmr/m/it/10 384[][] 
 []




Overfull \hbox (97.84593pt too wide) has occurred while \output is active
\T1/lmr/m/n/10 602 \T1/lmr/m/sl/10 BIBLIOGRAPHIE
 []

[602]
Overfull \hbox (37.26639pt too wide) in paragraph at lines 702--703
[]| \T1/lmr/m/it/10 in-
 []


Overfull \hbox (58.79988pt too wide) in paragraph at lines 702--703
\T1/lmr/m/it/10 put
 []


Overfull \hbox (77.58273pt too wide) in paragraph at lines 702--703
\T1/lmr/m/it/10 control,
 []


Overfull \hbox (60.33293pt too wide) in paragraph at lines 702--703
[][]\T1/lmr/m/it/10 392[][] 
 []


Overfull \hbox (41.35574pt too wide) in paragraph at lines 703--704
[]| \T1/lmr/m/it/10 me-
 []


Overfull \hbox (57.01096pt too wide) in paragraph at lines 703--704
\T1/lmr/m/it/10 ta-
 []


Overfull \hbox (63.3997pt too wide) in paragraph at lines 703--704
\T1/lmr/m/it/10 cha-
 []


Overfull \hbox (61.99426pt too wide) in paragraph at lines 703--704
\T1/lmr/m/it/10 rac-
 []


Overfull \hbox (64.29454pt too wide) in paragraph at lines 703--704
\T1/lmr/m/it/10 ters,
 []


Overfull \hbox (60.33293pt too wide) in paragraph at lines 703--704
[][]\T1/lmr/m/it/10 392[][] 
 []


Overfull \hbox (38.28873pt too wide) in paragraph at lines 704--705
[]| \T1/lmr/m/it/10 ob-
 []


Overfull \hbox (60.07777pt too wide) in paragraph at lines 704--705
\T1/lmr/m/it/10 ject
 []


Overfull \hbox (68.5111pt too wide) in paragraph at lines 704--705
\T1/lmr/m/it/10 class,
 []


Overfull \hbox (60.33293pt too wide) in paragraph at lines 704--705
[][]\T1/lmr/m/it/10 387[][] 
 []


Overfull \hbox (54.77202pt too wide) in paragraph at lines 705--706
[]| \T1/lmr/m/it/10 search,
 []


Overfull \hbox (60.33293pt too wide) in paragraph at lines 705--706
[][]\T1/lmr/m/it/10 389[][] 
 []


Overfull \hbox (42.3776pt too wide) in paragraph at lines 706--707
[]| \T1/lmr/m/it/10 type
 []


Overfull \hbox (77.58273pt too wide) in paragraph at lines 706--707
\T1/lmr/m/it/10 control,
 []


Overfull \hbox (60.33293pt too wide) in paragraph at lines 706--707
[][]\T1/lmr/m/it/10 392[][] 
 []


Overfull \hbox (46.6501pt too wide) in paragraph at lines 707--708
[]| \T1/lmr/m/it/10 URI,
 []


Overfull \hbox (60.33293pt too wide) in paragraph at lines 707--708
[][]\T1/lmr/m/it/10 387[][] 
 []


Overfull \hbox (27.37195pt too wide) in paragraph at lines 708--709
[]\T1/lmr/m/it/10 Least
 []


Overfull \hbox (62.64455pt too wide) in paragraph at lines 708--709
\T1/lmr/m/it/10 Pri-
 []


Overfull \hbox (56.2444pt too wide) in paragraph at lines 708--709
\T1/lmr/m/it/10 vi-
 []


Overfull \hbox (63.91103pt too wide) in paragraph at lines 708--709
\T1/lmr/m/it/10 lege,
 []


Overfull \hbox (63.39958pt too wide) in paragraph at lines 708--709
[][]\T1/lmr/m/it/10 321[][],
 []


Overfull \hbox (60.33293pt too wide) in paragraph at lines 708--709
[][]\T1/lmr/m/it/10 332[][] 
 []


Overfull \hbox (23.91083pt too wide) in paragraph at lines 709--710
[]\T1/lmr/m/it/10 legal
 []


Overfull \hbox (61.99426pt too wide) in paragraph at lines 709--710
\T1/lmr/m/it/10 per-
 []


Overfull \hbox (62.88861pt too wide) in paragraph at lines 709--710
\T1/lmr/m/it/10 son,
 []


Overfull \hbox (60.33293pt too wide) in paragraph at lines 709--710
[][]\T1/lmr/m/it/10 441[][] 
 []


Overfull \hbox (33.7831pt too wide) in paragraph at lines 710--711
[]\T1/lmr/m/it/10 LFSR,
 []


Overfull \hbox (55.22195pt too wide) in paragraph at lines 710--711
[][]\T1/lmr/m/it/10 88[][] 
 []


Overfull \hbox (41.99426pt too wide) in paragraph at lines 711--712
[]| \T1/lmr/m/it/10 per-
 []


Overfull \hbox (60.84413pt too wide) in paragraph at lines 711--712
\T1/lmr/m/it/10 iod,
 []


Overfull \hbox (58.2886pt too wide) in paragraph at lines 711--712
[][]\T1/lmr/m/it/10 88[][],
 []


Overfull \hbox (55.22195pt too wide) in paragraph at lines 711--712
[][]\T1/lmr/m/it/10 90[][] 
 []


Overfull \hbox (42.05531pt too wide) in paragraph at lines 712--713
[]\T1/lmr/m/it/10 lifecycle,
 []


Overfull \hbox (60.33293pt too wide) in paragraph at lines 712--713
[][]\T1/lmr/m/it/10 470[][] 
 []


Overfull \hbox (40.52232pt too wide) in paragraph at lines 713--714
[]\T1/lmr/m/it/10 lifetime,
 []


Overfull \hbox (60.33293pt too wide) in paragraph at lines 713--714
[][]\T1/lmr/m/it/10 133[][] 
 []


Overfull \hbox (23.91078pt too wide) in paragraph at lines 714--715
[]\T1/lmr/m/it/10 link,
 []


Overfull \hbox (63.39958pt too wide) in paragraph at lines 714--715
[][]\T1/lmr/m/it/10 198[][],
 []


Overfull \hbox (63.39958pt too wide) in paragraph at lines 714--715
[][]\T1/lmr/m/it/10 202[][],
 []


Overfull \hbox (60.33293pt too wide) in paragraph at lines 714--715
[][]\T1/lmr/m/it/10 270[][] 
 []




Overfull \hbox (20.84413pt too wide) in paragraph at lines 715--716
[]\T1/lmr/m/it/10 link
 []


Overfull \hbox (62.12216pt too wide) in paragraph at lines 715--716
\T1/lmr/m/it/10 key,
 []


Overfull \hbox (63.39958pt too wide) in paragraph at lines 715--716
[][]\T1/lmr/m/it/10 259[][],
 []


Overfull \hbox (60.33293pt too wide) in paragraph at lines 715--716
[][]\T1/lmr/m/it/10 260[][] 
 []


Overfull \hbox (24.56064pt too wide) in paragraph at lines 716--717
[]\T1/lmr/m/it/10 Link
 []


Overfull \hbox (69.40527pt too wide) in paragraph at lines 716--717
\T1/lmr/m/it/10 layer,
 []


Overfull \hbox (60.33293pt too wide) in paragraph at lines 716--717
[][]\T1/lmr/m/it/10 157[][] 
 []


Overfull \hbox (38.79974pt too wide) in paragraph at lines 717--718
[]| \T1/lmr/m/it/10 en-
 []


Overfull \hbox (67.36089pt too wide) in paragraph at lines 717--718
\T1/lmr/m/it/10 cryp-
 []


Overfull \hbox (65.1885pt too wide) in paragraph at lines 717--718
\T1/lmr/m/it/10 tion,
 []


Overfull \hbox (60.33293pt too wide) in paragraph at lines 717--718
[][]\T1/lmr/m/it/10 214[][] 
 []


Overfull \hbox (42.9609pt too wide) in paragraph at lines 718--719
[]\T1/lmr/m/it/10 Lithium-
 []


Overfull \hbox (58.79962pt too wide) in paragraph at lines 718--719
\T1/lmr/m/it/10 ion
 []


Overfull \hbox (80.68376pt too wide) in paragraph at lines 718--719
\T1/lmr/m/it/10 (LiON),
 []


Overfull \hbox (60.33293pt too wide) in paragraph at lines 718--719
[][]\T1/lmr/m/it/10 485[][] 
 []

Missing character: There is no ﬁ ("FB01) in font ec-lmri10!

Overfull \hbox (16.75534pt too wide) in paragraph at lines 719--720
[]\T1/lmr/m/it/10 log
 []


Overfull \hbox (55.22214pt too wide) in paragraph at lines 719--720
\T1/lmr/m/it/10 le,
 []


Overfull \hbox (63.39958pt too wide) in paragraph at lines 719--720
[][]\T1/lmr/m/it/10 420[][],
 []


Overfull \hbox (60.33293pt too wide) in paragraph at lines 719--720
[][]\T1/lmr/m/it/10 488[][] 
 []


Overfull \hbox (24.422pt too wide) in paragraph at lines 720--721
[]\T1/lmr/m/it/10 logic
 []


Overfull \hbox (70.04451pt too wide) in paragraph at lines 720--721
\T1/lmr/m/it/10 bomb,
 []


Overfull \hbox (60.33293pt too wide) in paragraph at lines 720--721
[][]\T1/lmr/m/it/10 375[][] 
 []


Overfull \hbox (26.4662pt too wide) in paragraph at lines 721--722
[]\T1/lmr/m/it/10 long-
 []


Overfull \hbox (65.3169pt too wide) in paragraph at lines 721--722
\T1/lmr/m/it/10 term
 []


Overfull \hbox (62.12216pt too wide) in paragraph at lines 721--722
\T1/lmr/m/it/10 key,
 []


Overfull \hbox (55.22195pt too wide) in paragraph at lines 721--722
[][]\T1/lmr/m/it/10 93[][] 
 []


Overfull \hbox (25.21098pt too wide) in paragraph at lines 722--723
[]\T1/lmr/m/it/10 LPC
 []


Overfull \hbox (62.12231pt too wide) in paragraph at lines 722--723
\T1/lmr/m/it/10 bus,
 []


Overfull \hbox (60.33293pt too wide) in paragraph at lines 722--723
[][]\T1/lmr/m/it/10 484[][] 
 []


Overfull \hbox (24.44432pt too wide) in paragraph at lines 723--724
[]\T1/lmr/m/it/10 LTE
 []


Overfull \hbox (60.61108pt too wide) in paragraph at lines 723--724
\T1/lmr/m/it/10 Ad-
 []


Overfull \hbox (63.91072pt too wide) in paragraph at lines 723--724
\T1/lmr/m/it/10 van-
 []


Overfull \hbox (61.3554pt too wide) in paragraph at lines 723--724
\T1/lmr/m/it/10 ced,
 []


Overfull \hbox (60.33293pt too wide) in paragraph at lines 723--724
[][]\T1/lmr/m/it/10 179[][] 
 []


Overfull \hbox (31.11151pt too wide) in paragraph at lines 727--728
[]\T1/lmr/m/it/10 MAC,
 []


Overfull \hbox (58.2886pt too wide) in paragraph at lines 727--728
[][]\T1/lmr/m/it/10 58[][],
 []


Overfull \hbox (63.39958pt too wide) in paragraph at lines 727--728
[][]\T1/lmr/m/it/10 321[][],
 []


Overfull \hbox (60.33293pt too wide) in paragraph at lines 727--728
[][]\T1/lmr/m/it/10 360[][] 
 []


Overfull \hbox (47.99966pt too wide) in paragraph at lines 728--729
[]| \T1/lmr/m/it/10 hash-
 []


Overfull \hbox (70.55536pt too wide) in paragraph at lines 728--729
\T1/lmr/m/it/10 based,
 []


Overfull \hbox (55.22195pt too wide) in paragraph at lines 728--729
[][]\T1/lmr/m/it/10 58[][] 
 []


Overfull \hbox (28.04486pt too wide) in paragraph at lines 729--730
[]\T1/lmr/m/it/10 MAC
 []


Overfull \hbox (58.7997pt too wide) in paragraph at lines 729--730
\T1/lmr/m/it/10 ad-
 []


Overfull \hbox (69.66115pt too wide) in paragraph at lines 729--730
\T1/lmr/m/it/10 dress,
 []


Overfull \hbox (60.33293pt too wide) in paragraph at lines 729--730
[][]\T1/lmr/m/it/10 159[][] 
 []




Overfull \hbox (97.84593pt too wide) has occurred while \output is active
\T1/lmr/m/sl/10 BIBLIOGRAPHIE \T1/lmr/m/n/10 603
 []

[603]
Overfull \hbox (28.04486pt too wide) in paragraph at lines 730--731
[]\T1/lmr/m/it/10 MAC
 []


Overfull \hbox (62.12216pt too wide) in paragraph at lines 730--731
\T1/lmr/m/it/10 key,
 []


Overfull \hbox (55.22195pt too wide) in paragraph at lines 730--731
[][]\T1/lmr/m/it/10 58[][] 
 []


Overfull \hbox (28.04486pt too wide) in paragraph at lines 731--732
[]\T1/lmr/m/it/10 MAC
 []


Overfull \hbox (62.50523pt too wide) in paragraph at lines 731--732
\T1/lmr/m/it/10 pro-
 []


Overfull \hbox (57.01096pt too wide) in paragraph at lines 731--732
\T1/lmr/m/it/10 to-
 []


Overfull \hbox (59.82199pt too wide) in paragraph at lines 731--732
\T1/lmr/m/it/10 col,
 []


Overfull \hbox (60.33293pt too wide) in paragraph at lines 731--732
[][]\T1/lmr/m/it/10 172[][] 
 []


Overfull \hbox (23.9111pt too wide) in paragraph at lines 732--733
[]\T1/lmr/m/it/10 mail
 []


Overfull \hbox (56.88329pt too wide) in paragraph at lines 732--733
\T1/lmr/m/it/10 re-
 []


Overfull \hbox (60.58861pt too wide) in paragraph at lines 732--733
\T1/lmr/m/it/10 lay,
 []


Overfull \hbox (60.33293pt too wide) in paragraph at lines 732--733
[][]\T1/lmr/m/it/10 103[][] 
 []


Overfull \hbox (40.8166pt too wide) in paragraph at lines 733--734
[]\T1/lmr/m/it/10 mailbox,
 []


Overfull \hbox (63.39958pt too wide) in paragraph at lines 733--734
[][]\T1/lmr/m/it/10 103[][],
 []


Overfull \hbox (60.33293pt too wide) in paragraph at lines 733--734
[][]\T1/lmr/m/it/10 187[][] 
 []


Overfull \hbox (54.70543pt too wide) in paragraph at lines 734--735
[]\T1/lmr/m/it/10 mainframe,
 []


Overfull \hbox (53.17763pt too wide) in paragraph at lines 734--735
[][]\T1/lmr/m/it/10 2[][],
 []


Overfull \hbox (60.33293pt too wide) in paragraph at lines 734--735
[][]\T1/lmr/m/it/10 349[][] 
 []


Overfull \hbox (46.1444pt too wide) in paragraph at lines 735--736
[]\T1/lmr/m/it/10 malicious
 []


Overfull \hbox (66.46637pt too wide) in paragraph at lines 735--736
\T1/lmr/m/it/10 code,
 []


Overfull \hbox (60.33293pt too wide) in paragraph at lines 735--736
[][]\T1/lmr/m/it/10 375[][] 
 []


Overfull \hbox (48.18858pt too wide) in paragraph at lines 736--738
[]\T1/lmr/m/it/10 malleable,
 []


Overfull \hbox (58.2886pt too wide) in paragraph at lines 736--738
[][]\T1/lmr/m/it/10 94[][],
 []


Overfull \hbox (63.39958pt too wide) in paragraph at lines 736--738
[][]\T1/lmr/m/it/10 107[][],
 []


Overfull \hbox (63.39958pt too wide) in paragraph at lines 736--738
[][]\T1/lmr/m/it/10 125[][],
 []


Overfull \hbox (60.33293pt too wide) in paragraph at lines 736--738
[][]\T1/lmr/m/it/10 150[][] 
 []


Overfull \hbox (43.9721pt too wide) in paragraph at lines 738--740
[]\T1/lmr/m/it/10 malware,
 []


Overfull \hbox (53.17763pt too wide) in paragraph at lines 738--740
[][]\T1/lmr/m/it/10 2[][],
 []


Overfull \hbox (58.2886pt too wide) in paragraph at lines 738--740
[][]\T1/lmr/m/it/10 44[][],
 []


Overfull \hbox (63.39958pt too wide) in paragraph at lines 738--740
[][]\T1/lmr/m/it/10 348[][],
 []


Overfull \hbox (63.39958pt too wide) in paragraph at lines 738--740
[][]\T1/lmr/m/it/10 365[][],
 []


Overfull \hbox (60.33293pt too wide) in paragraph at lines 738--740
[][]\T1/lmr/m/it/10 375[][] 
 []


Overfull \hbox (37.7776pt too wide) in paragraph at lines 740--741
[]| \T1/lmr/m/it/10 ba-
 []


Overfull \hbox (57.77776pt too wide) in paragraph at lines 740--741
\T1/lmr/m/it/10 ck-
 []


Overfull \hbox (67.10512pt too wide) in paragraph at lines 740--741
\T1/lmr/m/it/10 door,
 []


Overfull \hbox (63.39958pt too wide) in paragraph at lines 740--741
[][]\T1/lmr/m/it/10 375[][],
 []


Overfull \hbox (60.33293pt too wide) in paragraph at lines 740--741
[][]\T1/lmr/m/it/10 469[][] 
 []


Overfull \hbox (36.2442pt too wide) in paragraph at lines 741--742
[]| \T1/lmr/m/it/10 lo-
 []


Overfull \hbox (57.26666pt too wide) in paragraph at lines 741--742
\T1/lmr/m/it/10 gic
 []


Overfull \hbox (70.04451pt too wide) in paragraph at lines 741--742
\T1/lmr/m/it/10 bomb,
 []


Overfull \hbox (60.33293pt too wide) in paragraph at lines 741--742
[][]\T1/lmr/m/it/10 375[][] 
 []


Overfull \hbox (41.99426pt too wide) in paragraph at lines 742--743
[]| \T1/lmr/m/it/10 rab-
 []


Overfull \hbox (59.05554pt too wide) in paragraph at lines 742--743
\T1/lmr/m/it/10 bit,
 []


Overfull \hbox (60.33293pt too wide) in paragraph at lines 742--743
[][]\T1/lmr/m/it/10 375[][] 
 []


Overfull \hbox (43.01625pt too wide) in paragraph at lines 743--744
[]| \T1/lmr/m/it/10 ran-
 []


Overfull \hbox (65.9557pt too wide) in paragraph at lines 743--744
\T1/lmr/m/it/10 som-
 []


Overfull \hbox (68.12766pt too wide) in paragraph at lines 743--744
\T1/lmr/m/it/10 ware,
 []


Overfull \hbox (60.33293pt too wide) in paragraph at lines 743--744
[][]\T1/lmr/m/it/10 375[][] 
 []




Overfull \hbox (42.63321pt too wide) in paragraph at lines 744--745
[]| \T1/lmr/m/it/10 spy-
 []


Overfull \hbox (68.12766pt too wide) in paragraph at lines 744--745
\T1/lmr/m/it/10 ware,
 []


Overfull \hbox (63.39958pt too wide) in paragraph at lines 744--745
[][]\T1/lmr/m/it/10 375[][],
 []


Overfull \hbox (60.33293pt too wide) in paragraph at lines 744--745
[][]\T1/lmr/m/it/10 469[][] 
 []


Overfull \hbox (40.71649pt too wide) in paragraph at lines 745--746
[]| \T1/lmr/m/it/10 tro-
 []


Overfull \hbox (58.79962pt too wide) in paragraph at lines 745--746
\T1/lmr/m/it/10 jan
 []


Overfull \hbox (71.19426pt too wide) in paragraph at lines 745--746
\T1/lmr/m/it/10 horse,
 []


Overfull \hbox (60.33293pt too wide) in paragraph at lines 745--746
[][]\T1/lmr/m/it/10 375[][] 
 []


Overfull \hbox (36.2444pt too wide) in paragraph at lines 746--747
[]| \T1/lmr/m/it/10 vi-
 []


Overfull \hbox (61.73897pt too wide) in paragraph at lines 746--747
\T1/lmr/m/it/10 rus,
 []


Overfull \hbox (60.33293pt too wide) in paragraph at lines 746--747
[][]\T1/lmr/m/it/10 375[][] 
 []


Overfull \hbox (52.21677pt too wide) in paragraph at lines 747--748
[]| \T1/lmr/m/it/10 worm,
 []


Overfull \hbox (60.33293pt too wide) in paragraph at lines 747--748
[][]\T1/lmr/m/it/10 375[][] 
 []


Overfull \hbox (31.90062pt too wide) in paragraph at lines 748--749
[]\T1/lmr/m/it/10 MAN,
 []


Overfull \hbox (63.39958pt too wide) in paragraph at lines 748--749
[][]\T1/lmr/m/it/10 152[][],
 []


Overfull \hbox (60.33293pt too wide) in paragraph at lines 748--749
[][]\T1/lmr/m/it/10 173[][] 
 []


Overfull \hbox (27.48871pt too wide) in paragraph at lines 749--752
[]\T1/lmr/m/it/10 man-
 []


Overfull \hbox (57.26639pt too wide) in paragraph at lines 749--752
\T1/lmr/m/it/10 in-
 []


Overfull \hbox (61.61096pt too wide) in paragraph at lines 749--752
\T1/lmr/m/it/10 the-
 []


Overfull \hbox (77.19984pt too wide) in paragraph at lines 749--752
\T1/lmr/m/it/10 middle,
 []


Overfull \hbox (58.2886pt too wide) in paragraph at lines 749--752
[][]\T1/lmr/m/it/10 32[][],
 []


Overfull \hbox (63.39958pt too wide) in paragraph at lines 749--752
[][]\T1/lmr/m/it/10 133[][],
 []


Overfull \hbox (63.39958pt too wide) in paragraph at lines 749--752
[][]\T1/lmr/m/it/10 136[][],
 []


Overfull \hbox (63.39958pt too wide) in paragraph at lines 749--752
[][]\T1/lmr/m/it/10 231[][],
 []


Overfull \hbox (63.39958pt too wide) in paragraph at lines 749--752
[][]\T1/lmr/m/it/10 256[][],
 []


Overfull \hbox (63.39958pt too wide) in paragraph at lines 749--752
[][]\T1/lmr/m/it/10 260[][],
 []


Overfull \hbox (60.33293pt too wide) in paragraph at lines 749--752
[][]\T1/lmr/m/it/10 268[][] 
 []


Overfull \hbox (42.63321pt too wide) in paragraph at lines 752--753
[]| \T1/lmr/m/it/10 psy-
 []


Overfull \hbox (63.3997pt too wide) in paragraph at lines 752--753
\T1/lmr/m/it/10 cho-
 []


Overfull \hbox (56.2442pt too wide) in paragraph at lines 752--753
\T1/lmr/m/it/10 lo-
 []


Overfull \hbox (56.2444pt too wide) in paragraph at lines 752--753
\T1/lmr/m/it/10 gi-
 []


Overfull \hbox (59.82199pt too wide) in paragraph at lines 752--753
\T1/lmr/m/it/10 cal,
 []


Overfull \hbox (55.22195pt too wide) in paragraph at lines 752--753
[][]\T1/lmr/m/it/10 20[][] 
 []


Overfull \hbox (36.88329pt too wide) in paragraph at lines 753--754
[]| \T1/lmr/m/it/10 re-
 []


Overfull \hbox (56.75537pt too wide) in paragraph at lines 753--754
\T1/lmr/m/it/10 di-
 []


Overfull \hbox (60.97217pt too wide) in paragraph at lines 753--754
\T1/lmr/m/it/10 rec-
 []


Overfull \hbox (65.1885pt too wide) in paragraph at lines 753--754
\T1/lmr/m/it/10 tion,
 []


Overfull \hbox (60.33293pt too wide) in paragraph at lines 753--754
[][]\T1/lmr/m/it/10 225[][] 
 []


Overfull \hbox (36.88329pt too wide) in paragraph at lines 754--755
[]| \T1/lmr/m/it/10 re-
 []


Overfull \hbox (56.2442pt too wide) in paragraph at lines 754--755
\T1/lmr/m/it/10 la-
 []


Overfull \hbox (57.5221pt too wide) in paragraph at lines 754--755
\T1/lmr/m/it/10 ted
 []


Overfull \hbox (62.12216pt too wide) in paragraph at lines 754--755
\T1/lmr/m/it/10 key,
 []


Overfull \hbox (58.2886pt too wide) in paragraph at lines 754--755
[][]\T1/lmr/m/it/10 68[][],
 []


Overfull \hbox (55.22195pt too wide) in paragraph at lines 754--755
[][]\T1/lmr/m/it/10 94[][] 
 []




Overfull \hbox (97.84593pt too wide) has occurred while \output is active
\T1/lmr/m/n/10 604 \T1/lmr/m/sl/10 BIBLIOGRAPHIE
 []

[604]
Overfull \hbox (57.36156pt too wide) in paragraph at lines 755--756
[]| \T1/lmr/m/it/10 ROCA,
 []


Overfull \hbox (60.33293pt too wide) in paragraph at lines 755--756
[][]\T1/lmr/m/it/10 470[][] 
 []


Overfull \hbox (55.66634pt too wide) in paragraph at lines 756--757
[]| \T1/lmr/m/it/10 supply-
 []


Overfull \hbox (71.57726pt too wide) in paragraph at lines 756--757
\T1/lmr/m/it/10 chain,
 []


Overfull \hbox (50.11098pt too wide) in paragraph at lines 756--757
[][]\T1/lmr/m/it/10 7[][] 
 []


Overfull \hbox (49.91672pt too wide) in paragraph at lines 757--758
[]| \T1/lmr/m/it/10 virus-
 []


Overfull \hbox (70.55536pt too wide) in paragraph at lines 757--758
\T1/lmr/m/it/10 based,
 []


Overfull \hbox (60.33293pt too wide) in paragraph at lines 757--758
[][]\T1/lmr/m/it/10 376[][] 
 []


Overfull \hbox (52.72786pt too wide) in paragraph at lines 758--759
[]| \T1/lmr/m/it/10 worm-
 []


Overfull \hbox (70.55536pt too wide) in paragraph at lines 758--759
\T1/lmr/m/it/10 based,
 []


Overfull \hbox (60.33293pt too wide) in paragraph at lines 758--759
[][]\T1/lmr/m/it/10 377[][] 
 []


Overfull \hbox (46.08325pt too wide) in paragraph at lines 759--760
[]| \T1/lmr/m/it/10 zero-
 []


Overfull \hbox (63.1441pt too wide) in paragraph at lines 759--760
\T1/lmr/m/it/10 day,
 []


Overfull \hbox (60.33293pt too wide) in paragraph at lines 759--760
[][]\T1/lmr/m/it/10 354[][] 
 []


Overfull \hbox (28.27771pt too wide) in paragraph at lines 760--761
[]\T1/lmr/m/it/10 Man-
 []


Overfull \hbox (81.2886pt too wide) in paragraph at lines 760--761
\T1/lmr/m/it/10 machine
 []


Overfull \hbox (57.26639pt too wide) in paragraph at lines 760--761
\T1/lmr/m/it/10 in-
 []


Overfull \hbox (60.71664pt too wide) in paragraph at lines 760--761
\T1/lmr/m/it/10 ter-
 []


Overfull \hbox (64.93317pt too wide) in paragraph at lines 760--761
\T1/lmr/m/it/10 face,
 []


Overfull \hbox (60.33293pt too wide) in paragraph at lines 760--761
[][]\T1/lmr/m/it/10 481[][] 
 []


Overfull \hbox (60.73318pt too wide) in paragraph at lines 761--762
[]\T1/lmr/m/it/10 Management
 []


Overfull \hbox (58.05522pt too wide) in paragraph at lines 761--762
\T1/lmr/m/it/10 In-
 []


Overfull \hbox (60.97203pt too wide) in paragraph at lines 761--762
\T1/lmr/m/it/10 for-
 []


Overfull \hbox (61.86671pt too wide) in paragraph at lines 761--762
\T1/lmr/m/it/10 ma-
 []


Overfull \hbox (62.12186pt too wide) in paragraph at lines 761--762
\T1/lmr/m/it/10 tion
 []


Overfull \hbox (65.83897pt too wide) in paragraph at lines 761--762
\T1/lmr/m/it/10 Base
 []


Overfull \hbox (76.10611pt too wide) in paragraph at lines 761--762
\T1/lmr/m/it/10 (MIB),
 []


Overfull \hbox (60.33293pt too wide) in paragraph at lines 761--762
[][]\T1/lmr/m/it/10 289[][] 
 []


Overfull \hbox (35.30586pt too wide) in paragraph at lines 762--763
[]\T1/lmr/m/it/10 Master
 []


Overfull \hbox (65.07207pt too wide) in paragraph at lines 762--763
\T1/lmr/m/it/10 Boot
 []


Overfull \hbox (59.9611pt too wide) in paragraph at lines 762--763
\T1/lmr/m/it/10 Re-
 []


Overfull \hbox (66.08302pt too wide) in paragraph at lines 762--763
\T1/lmr/m/it/10 cord,
 []


Overfull \hbox (63.39958pt too wide) in paragraph at lines 762--763
[][]\T1/lmr/m/it/10 348[][],
 []


Overfull \hbox (60.33293pt too wide) in paragraph at lines 762--763
[][]\T1/lmr/m/it/10 422[][] 
 []


Overfull \hbox (31.36713pt too wide) in paragraph at lines 763--764
[]\T1/lmr/m/it/10 MBR,
 []


Overfull \hbox (60.33293pt too wide) in paragraph at lines 763--764
[][]\T1/lmr/m/it/10 356[][] 
 []


Overfull \hbox (29.69461pt too wide) in paragraph at lines 764--766
[]\T1/lmr/m/it/10 MD5,
 []


Overfull \hbox (58.2886pt too wide) in paragraph at lines 764--766
[][]\T1/lmr/m/it/10 63[][],
 []


Overfull \hbox (63.39958pt too wide) in paragraph at lines 764--766
[][]\T1/lmr/m/it/10 110[][],
 []


Overfull \hbox (63.39958pt too wide) in paragraph at lines 764--766
[][]\T1/lmr/m/it/10 123[][],
 []


Overfull \hbox (63.39958pt too wide) in paragraph at lines 764--766
[][]\T1/lmr/m/it/10 124[][],
 []


Overfull \hbox (63.39958pt too wide) in paragraph at lines 764--766
[][]\T1/lmr/m/it/10 217[][],
 []


Overfull \hbox (60.33293pt too wide) in paragraph at lines 764--766
[][]\T1/lmr/m/it/10 397[][] 
 []


Overfull \hbox (31.34448pt too wide) in paragraph at lines 766--767
[]\T1/lmr/m/it/10 Media
 []


Overfull \hbox (60.10011pt too wide) in paragraph at lines 766--767
\T1/lmr/m/it/10 Ac-
 []


Overfull \hbox (61.86687pt too wide) in paragraph at lines 766--767
\T1/lmr/m/it/10 cess
 []


Overfull \hbox (62.50523pt too wide) in paragraph at lines 766--767
\T1/lmr/m/it/10 pro-
 []


Overfull \hbox (57.01096pt too wide) in paragraph at lines 766--767
\T1/lmr/m/it/10 to-
 []


Overfull \hbox (59.82199pt too wide) in paragraph at lines 766--767
\T1/lmr/m/it/10 col,
 []


Overfull \hbox (60.33293pt too wide) in paragraph at lines 766--767
[][]\T1/lmr/m/it/10 172[][] 
 []




Overfull \hbox (50.74399pt too wide) in paragraph at lines 767--768
[]\T1/lmr/m/it/10 mediation,
 []


Overfull \hbox (60.33293pt too wide) in paragraph at lines 767--768
[][]\T1/lmr/m/it/10 371[][] 
 []


Overfull \hbox (43.20578pt too wide) in paragraph at lines 768--769
[]\T1/lmr/m/it/10 memory,
 []


Overfull \hbox (60.33293pt too wide) in paragraph at lines 768--769
[][]\T1/lmr/m/it/10 477[][] 
 []


Overfull \hbox (54.51608pt too wide) in paragraph at lines 769--770
[]| \T1/lmr/m/it/10 control
 []


Overfull \hbox (63.1443pt too wide) in paragraph at lines 769--770
\T1/lmr/m/it/10 hub,
 []


Overfull \hbox (60.33293pt too wide) in paragraph at lines 769--770
[][]\T1/lmr/m/it/10 483[][] 
 []


Overfull \hbox (38.28857pt too wide) in paragraph at lines 770--771
[]| \T1/lmr/m/it/10 pa-
 []


Overfull \hbox (65.9553pt too wide) in paragraph at lines 770--771
\T1/lmr/m/it/10 ging,
 []


Overfull \hbox (60.33293pt too wide) in paragraph at lines 770--771
[][]\T1/lmr/m/it/10 338[][] 
 []


Overfull \hbox (43.6552pt too wide) in paragraph at lines 771--772
[]| \T1/lmr/m/it/10 phy-
 []


Overfull \hbox (55.73338pt too wide) in paragraph at lines 771--772
\T1/lmr/m/it/10 si-
 []


Overfull \hbox (59.82199pt too wide) in paragraph at lines 771--772
\T1/lmr/m/it/10 cal,
 []


Overfull \hbox (60.33293pt too wide) in paragraph at lines 771--772
[][]\T1/lmr/m/it/10 421[][] 
 []


Overfull \hbox (41.35562pt too wide) in paragraph at lines 772--773
[]| \T1/lmr/m/it/10 seg-
 []


Overfull \hbox (66.97774pt too wide) in paragraph at lines 772--773
\T1/lmr/m/it/10 men-
 []


Overfull \hbox (60.58875pt too wide) in paragraph at lines 772--773
\T1/lmr/m/it/10 ted,
 []


Overfull \hbox (60.33293pt too wide) in paragraph at lines 772--773
[][]\T1/lmr/m/it/10 338[][] 
 []


Overfull \hbox (38.28873pt too wide) in paragraph at lines 773--774
[]| \T1/lmr/m/it/10 vo-
 []


Overfull \hbox (56.2442pt too wide) in paragraph at lines 773--774
\T1/lmr/m/it/10 la-
 []


Overfull \hbox (61.61102pt too wide) in paragraph at lines 773--774
\T1/lmr/m/it/10 tile,
 []


Overfull \hbox (60.33293pt too wide) in paragraph at lines 773--774
[][]\T1/lmr/m/it/10 488[][] 
 []


Overfull \hbox (40.13913pt too wide) in paragraph at lines 774--775
[]\T1/lmr/m/it/10 memory
 []


Overfull \hbox (66.08302pt too wide) in paragraph at lines 774--775
\T1/lmr/m/it/10 card,
 []


Overfull \hbox (63.39958pt too wide) in paragraph at lines 774--775
[][]\T1/lmr/m/it/10 257[][],
 []


Overfull \hbox (60.33293pt too wide) in paragraph at lines 774--775
[][]\T1/lmr/m/it/10 480[][] 
 []


Overfull \hbox (40.13913pt too wide) in paragraph at lines 775--776
[]\T1/lmr/m/it/10 memory
 []


Overfull \hbox (64.422pt too wide) in paragraph at lines 775--776
\T1/lmr/m/it/10 leak,
 []


Overfull \hbox (60.33293pt too wide) in paragraph at lines 775--776
[][]\T1/lmr/m/it/10 374[][] 
 []


Overfull \hbox (40.13913pt too wide) in paragraph at lines 776--777
[]\T1/lmr/m/it/10 memory
 []


Overfull \hbox (65.4442pt too wide) in paragraph at lines 776--777
\T1/lmr/m/it/10 unit,
 []


Overfull \hbox (60.33293pt too wide) in paragraph at lines 776--777
[][]\T1/lmr/m/it/10 476[][] 
 []


Overfull \hbox (38.1169pt too wide) in paragraph at lines 777--778
[]\T1/lmr/m/it/10 Merkle-
 []


Overfull \hbox (89.47743pt too wide) in paragraph at lines 777--778
\T1/lmr/m/it/10 Damgaard
 []


Overfull \hbox (84.99416pt too wide) in paragraph at lines 777--778
\T1/lmr/m/it/10 construc-
 []


Overfull \hbox (65.1885pt too wide) in paragraph at lines 777--778
\T1/lmr/m/it/10 tion,
 []


Overfull \hbox (60.33293pt too wide) in paragraph at lines 777--778
[][]\T1/lmr/m/it/10 121[][] 
 []


Overfull \hbox (41.99426pt too wide) in paragraph at lines 778--779
[]| \T1/lmr/m/it/10 cor-
 []


Overfull \hbox (63.27205pt too wide) in paragraph at lines 778--779
\T1/lmr/m/it/10 rup-
 []


Overfull \hbox (65.1885pt too wide) in paragraph at lines 778--779
\T1/lmr/m/it/10 tion,
 []


Overfull \hbox (60.33293pt too wide) in paragraph at lines 778--779
[][]\T1/lmr/m/it/10 154[][] 
 []


Overfull \hbox (40.97203pt too wide) in paragraph at lines 779--780
[]| \T1/lmr/m/it/10 for-
 []


Overfull \hbox (66.33882pt too wide) in paragraph at lines 779--780
\T1/lmr/m/it/10 gery,
 []


Overfull \hbox (63.39958pt too wide) in paragraph at lines 779--780
[][]\T1/lmr/m/it/10 154[][],
 []


Overfull \hbox (60.33293pt too wide) in paragraph at lines 779--780
[][]\T1/lmr/m/it/10 256[][] 
 []




Overfull \hbox (97.84593pt too wide) has occurred while \output is active
\T1/lmr/m/sl/10 BIBLIOGRAPHIE \T1/lmr/m/n/10 605
 []

[605]
Overfull \hbox (43.91109pt too wide) in paragraph at lines 780--781
[]| \T1/lmr/m/it/10 loss,
 []


Overfull \hbox (60.33293pt too wide) in paragraph at lines 780--781
[][]\T1/lmr/m/it/10 154[][] 
 []


Overfull \hbox (40.26697pt too wide) in paragraph at lines 781--782
[]\T1/lmr/m/it/10 message
 []


Overfull \hbox (56.75537pt too wide) in paragraph at lines 781--782
\T1/lmr/m/it/10 di-
 []


Overfull \hbox (64.67789pt too wide) in paragraph at lines 781--782
\T1/lmr/m/it/10 gest,
 []


Overfull \hbox (58.2886pt too wide) in paragraph at lines 781--782
[][]\T1/lmr/m/it/10 63[][],
 []


Overfull \hbox (60.33293pt too wide) in paragraph at lines 781--782
[][]\T1/lmr/m/it/10 118[][] 
 []


Overfull \hbox (47.23306pt too wide) in paragraph at lines 782--783
[]| \T1/lmr/m/it/10 func-
 []


Overfull \hbox (65.1885pt too wide) in paragraph at lines 782--783
\T1/lmr/m/it/10 tion,
 []


Overfull \hbox (60.33293pt too wide) in paragraph at lines 782--783
[][]\T1/lmr/m/it/10 115[][] 
 []


Overfull \hbox (40.26697pt too wide) in paragraph at lines 783--784
[]\T1/lmr/m/it/10 message
 []


Overfull \hbox (60.97203pt too wide) in paragraph at lines 783--784
\T1/lmr/m/it/10 for-
 []


Overfull \hbox (64.67786pt too wide) in paragraph at lines 783--784
\T1/lmr/m/it/10 mat,
 []


Overfull \hbox (60.33293pt too wide) in paragraph at lines 783--784
[][]\T1/lmr/m/it/10 155[][] 
 []


Overfull \hbox (73.74423pt too wide) in paragraph at lines 784--785
[]\T1/lmr/m/it/10 metacharacters,
 []


Overfull \hbox (60.33293pt too wide) in paragraph at lines 784--785
[][]\T1/lmr/m/it/10 384[][] 
 []


Overfull \hbox (47.93303pt too wide) in paragraph at lines 785--786
[]\T1/lmr/m/it/10 metadata,
 []


Overfull \hbox (63.39958pt too wide) in paragraph at lines 785--786
[][]\T1/lmr/m/it/10 226[][],
 []


Overfull \hbox (60.33293pt too wide) in paragraph at lines 785--786
[][]\T1/lmr/m/it/10 349[][] 
 []


Overfull \hbox (38.9887pt too wide) in paragraph at lines 786--787
[]\T1/lmr/m/it/10 method,
 []


Overfull \hbox (60.33293pt too wide) in paragraph at lines 786--787
[][]\T1/lmr/m/it/10 199[][] 
 []


Overfull \hbox (39.0111pt too wide) in paragraph at lines 787--788
[]\T1/lmr/m/it/10 Michael
 []


Overfull \hbox (67.36089pt too wide) in paragraph at lines 787--788
\T1/lmr/m/it/10 cryp-
 []


Overfull \hbox (57.01096pt too wide) in paragraph at lines 787--788
\T1/lmr/m/it/10 to-
 []


Overfull \hbox (61.99426pt too wide) in paragraph at lines 787--788
\T1/lmr/m/it/10 gra-
 []


Overfull \hbox (62.88861pt too wide) in paragraph at lines 787--788
\T1/lmr/m/it/10 phic
 []


Overfull \hbox (71.57762pt too wide) in paragraph at lines 787--788
\T1/lmr/m/it/10 check-
 []


Overfull \hbox (65.7003pt too wide) in paragraph at lines 787--788
\T1/lmr/m/it/10 sum,
 []


Overfull \hbox (60.33293pt too wide) in paragraph at lines 787--788
[][]\T1/lmr/m/it/10 258[][] 
 []


Overfull \hbox (46.03902pt too wide) in paragraph at lines 788--789
[]\T1/lmr/m/it/10 Microsoft
 []


Overfull \hbox (60.00023pt too wide) in paragraph at lines 788--789
\T1/lmr/m/it/10 Ex-
 []


Overfull \hbox (74.64397pt too wide) in paragraph at lines 788--789
\T1/lmr/m/it/10 change
 []


Overfull \hbox (63.65517pt too wide) in paragraph at lines 788--789
\T1/lmr/m/it/10 data
 []


Overfull \hbox (75.28304pt too wide) in paragraph at lines 788--789
\T1/lmr/m/it/10 breach,
 []


Overfull \hbox (50.11098pt too wide) in paragraph at lines 788--789
[][]\T1/lmr/m/it/10 7[][] 
 []

Missing character: There is no ’ ("2019) in font ec-lmri10!

Overfull \hbox (45.27263pt too wide) in paragraph at lines 789--790
[]\T1/lmr/m/it/10 Milgrams
 []


Overfull \hbox (61.86674pt too wide) in paragraph at lines 789--790
\T1/lmr/m/it/10 eks-
 []


Overfull \hbox (57.7776pt too wide) in paragraph at lines 789--790
\T1/lmr/m/it/10 pe-
 []


Overfull \hbox (77.07219pt too wide) in paragraph at lines 789--790
\T1/lmr/m/it/10 riment,
 []


Overfull \hbox (55.22195pt too wide) in paragraph at lines 789--790
[][]\T1/lmr/m/it/10 23[][] 
 []


Overfull \hbox (36.63962pt too wide) in paragraph at lines 790--791
[]\T1/lmr/m/it/10 MIME,
 []


Overfull \hbox (60.33293pt too wide) in paragraph at lines 790--791
[][]\T1/lmr/m/it/10 104[][] 
 []


Overfull \hbox (38.79974pt too wide) in paragraph at lines 791--792
[]| \T1/lmr/m/it/10 en-
 []


Overfull \hbox (62.63327pt too wide) in paragraph at lines 791--792
\T1/lmr/m/it/10 tity,
 []


Overfull \hbox (60.33293pt too wide) in paragraph at lines 791--792
[][]\T1/lmr/m/it/10 195[][] 
 []



Missing character: There is no ﬁ ("FB01) in font ec-lmri10!

Overfull \hbox (42.88858pt too wide) in paragraph at lines 792--793
[]| \T1/lmr/m/it/10 hea-
 []


Overfull \hbox (58.92764pt too wide) in paragraph at lines 792--793
\T1/lmr/m/it/10 der
 []


Overfull \hbox (60.33311pt too wide) in paragraph at lines 792--793
\T1/lmr/m/it/10 eld,
 []


Overfull \hbox (60.33293pt too wide) in paragraph at lines 792--793
[][]\T1/lmr/m/it/10 195[][] 
 []


Overfull \hbox (42.6334pt too wide) in paragraph at lines 793--794
[]| \T1/lmr/m/it/10 sub-
 []


Overfull \hbox (65.44424pt too wide) in paragraph at lines 793--794
\T1/lmr/m/it/10 type,
 []


Overfull \hbox (63.39958pt too wide) in paragraph at lines 793--794
[][]\T1/lmr/m/it/10 197[][],
 []


Overfull \hbox (63.39958pt too wide) in paragraph at lines 793--794
[][]\T1/lmr/m/it/10 215[][],
 []


Overfull \hbox (60.33293pt too wide) in paragraph at lines 793--794
[][]\T1/lmr/m/it/10 220[][] 
 []


Overfull \hbox (45.44424pt too wide) in paragraph at lines 794--795
[]| \T1/lmr/m/it/10 type,
 []


Overfull \hbox (63.39958pt too wide) in paragraph at lines 794--795
[][]\T1/lmr/m/it/10 195[][],
 []


Overfull \hbox (60.33293pt too wide) in paragraph at lines 794--795
[][]\T1/lmr/m/it/10 215[][] 
 []


Overfull \hbox (34.3893pt too wide) in paragraph at lines 795--796
[]\T1/lmr/m/it/10 misuse
 []


Overfull \hbox (58.28873pt too wide) in paragraph at lines 795--796
\T1/lmr/m/it/10 de-
 []


Overfull \hbox (60.58887pt too wide) in paragraph at lines 795--796
\T1/lmr/m/it/10 tec-
 []


Overfull \hbox (65.1885pt too wide) in paragraph at lines 795--796
\T1/lmr/m/it/10 tion,
 []


Overfull \hbox (63.39958pt too wide) in paragraph at lines 795--796
[][]\T1/lmr/m/it/10 181[][],
 []


Overfull \hbox (60.33293pt too wide) in paragraph at lines 795--796
[][]\T1/lmr/m/it/10 252[][] 
 []


Overfull \hbox (28.92763pt too wide) in paragraph at lines 796--797
[]\T1/lmr/m/it/10 MLS,
 []


Overfull \hbox (60.33293pt too wide) in paragraph at lines 796--797
[][]\T1/lmr/m/it/10 360[][] 
 []


Overfull \hbox (26.78947pt too wide) in paragraph at lines 797--798
[]\T1/lmr/m/it/10 MMI
 []


Overfull \hbox (66.46637pt too wide) in paragraph at lines 797--798
\T1/lmr/m/it/10 code,
 []


Overfull \hbox (60.33293pt too wide) in paragraph at lines 797--798
[][]\T1/lmr/m/it/10 270[][] 
 []


Overfull \hbox (26.78947pt too wide) in paragraph at lines 798--799
[]\T1/lmr/m/it/10 MMI
 []


Overfull \hbox (65.4442pt too wide) in paragraph at lines 798--799
\T1/lmr/m/it/10 unit,
 []


Overfull \hbox (60.33293pt too wide) in paragraph at lines 798--799
[][]\T1/lmr/m/it/10 481[][] 
 []


Overfull \hbox (33.43413pt too wide) in paragraph at lines 799--800
[]\T1/lmr/m/it/10 MMU,
 []


Overfull \hbox (60.33293pt too wide) in paragraph at lines 799--800
[][]\T1/lmr/m/it/10 338[][] 
 []


Overfull \hbox (33.11111pt too wide) in paragraph at lines 800--801
[]\T1/lmr/m/it/10 mobile
 []


Overfull \hbox (66.46637pt too wide) in paragraph at lines 800--801
\T1/lmr/m/it/10 code,
 []


Overfull \hbox (60.33293pt too wide) in paragraph at lines 800--801
[][]\T1/lmr/m/it/10 404[][] 
 []


Overfull \hbox (33.11111pt too wide) in paragraph at lines 801--802
[]\T1/lmr/m/it/10 mobile
 []


Overfull \hbox (58.28873pt too wide) in paragraph at lines 801--802
\T1/lmr/m/it/10 de-
 []


Overfull \hbox (61.35555pt too wide) in paragraph at lines 801--802
\T1/lmr/m/it/10 vice
 []


Overfull \hbox (57.26674pt too wide) in paragraph at lines 801--802
\T1/lmr/m/it/10 se-
 []


Overfull \hbox (58.54442pt too wide) in paragraph at lines 801--802
\T1/lmr/m/it/10 cu-
 []


Overfull \hbox (63.5277pt too wide) in paragraph at lines 801--802
\T1/lmr/m/it/10 rity,
 []


Overfull \hbox (60.33293pt too wide) in paragraph at lines 801--802
[][]\T1/lmr/m/it/10 268[][] 
 []


Overfull \hbox (33.11111pt too wide) in paragraph at lines 802--803
[]\T1/lmr/m/it/10 mobile
 []


Overfull \hbox (56.49998pt too wide) in paragraph at lines 802--803
\T1/lmr/m/it/10 te-
 []


Overfull \hbox (55.73323pt too wide) in paragraph at lines 802--803
\T1/lmr/m/it/10 le-
 []


Overfull \hbox (70.55493pt too wide) in paragraph at lines 802--803
\T1/lmr/m/it/10 phone
 []


Overfull \hbox (62.12198pt too wide) in paragraph at lines 802--803
\T1/lmr/m/it/10 net-
 []


Overfull \hbox (68.63878pt too wide) in paragraph at lines 802--803
\T1/lmr/m/it/10 work,
 []


Overfull \hbox (60.33293pt too wide) in paragraph at lines 802--803
[][]\T1/lmr/m/it/10 177[][] 
 []




Overfull \hbox (97.84593pt too wide) has occurred while \output is active
\T1/lmr/m/n/10 606 \T1/lmr/m/sl/10 BIBLIOGRAPHIE
 []

[606]
Overfull \hbox (40.91362pt too wide) in paragraph at lines 803--804
[]| \T1/lmr/m/it/10 2G,
 []


Overfull \hbox (60.33293pt too wide) in paragraph at lines 803--804
[][]\T1/lmr/m/it/10 177[][] 
 []


Overfull \hbox (40.91362pt too wide) in paragraph at lines 804--805
[]| \T1/lmr/m/it/10 3G,
 []


Overfull \hbox (60.33293pt too wide) in paragraph at lines 804--805
[][]\T1/lmr/m/it/10 177[][] 
 []


Overfull \hbox (40.91362pt too wide) in paragraph at lines 805--806
[]| \T1/lmr/m/it/10 4G,
 []


Overfull \hbox (60.33293pt too wide) in paragraph at lines 805--806
[][]\T1/lmr/m/it/10 179[][] 
 []


Overfull \hbox (40.91362pt too wide) in paragraph at lines 806--807
[]| \T1/lmr/m/it/10 5G,
 []


Overfull \hbox (63.39958pt too wide) in paragraph at lines 806--807
[][]\T1/lmr/m/it/10 179[][],
 []


Overfull \hbox (60.33293pt too wide) in paragraph at lines 806--807
[][]\T1/lmr/m/it/10 469[][] 
 []


Overfull \hbox (47.51118pt too wide) in paragraph at lines 807--808
[]| \T1/lmr/m/it/10 AuC,
 []


Overfull \hbox (60.33293pt too wide) in paragraph at lines 807--808
[][]\T1/lmr/m/it/10 181[][] 
 []


Overfull \hbox (42.5054pt too wide) in paragraph at lines 808--809
[]| \T1/lmr/m/it/10 core
 []


Overfull \hbox (62.12198pt too wide) in paragraph at lines 808--809
\T1/lmr/m/it/10 net-
 []


Overfull \hbox (68.63878pt too wide) in paragraph at lines 808--809
\T1/lmr/m/it/10 work,
 []


Overfull \hbox (60.33293pt too wide) in paragraph at lines 808--809
[][]\T1/lmr/m/it/10 179[][] 
 []


Overfull \hbox (55.50261pt too wide) in paragraph at lines 809--810
[]| \T1/lmr/m/it/10 GPRS,
 []


Overfull \hbox (60.33293pt too wide) in paragraph at lines 809--810
[][]\T1/lmr/m/it/10 177[][] 
 []


Overfull \hbox (50.39163pt too wide) in paragraph at lines 810--811
[]| \T1/lmr/m/it/10 GSM,
 []


Overfull \hbox (63.39958pt too wide) in paragraph at lines 810--811
[][]\T1/lmr/m/it/10 177[][],
 []


Overfull \hbox (60.33293pt too wide) in paragraph at lines 810--811
[][]\T1/lmr/m/it/10 179[][] 
 []


Overfull \hbox (49.0666pt too wide) in paragraph at lines 811--812
[]| \T1/lmr/m/it/10 HLR,
 []


Overfull \hbox (60.33293pt too wide) in paragraph at lines 811--812
[][]\T1/lmr/m/it/10 178[][] 
 []


Overfull \hbox (37.26674pt too wide) in paragraph at lines 812--813
[]| \T1/lmr/m/it/10 se-
 []


Overfull \hbox (58.54442pt too wide) in paragraph at lines 812--813
\T1/lmr/m/it/10 cu-
 []


Overfull \hbox (63.5277pt too wide) in paragraph at lines 812--813
\T1/lmr/m/it/10 rity,
 []


Overfull \hbox (60.33293pt too wide) in paragraph at lines 812--813
[][]\T1/lmr/m/it/10 260[][] 
 []


Overfull \hbox (42.25006pt too wide) in paragraph at lines 813--814
[]| \T1/lmr/m/it/10 sur-
 []


Overfull \hbox (85.63278pt too wide) in paragraph at lines 813--814
\T1/lmr/m/it/10 veillance,
 []


Overfull \hbox (60.33293pt too wide) in paragraph at lines 813--814
[][]\T1/lmr/m/it/10 129[][] 
 []


Overfull \hbox (57.24463pt too wide) in paragraph at lines 814--815
[]| \T1/lmr/m/it/10 UMTS,
 []


Overfull \hbox (63.39958pt too wide) in paragraph at lines 814--815
[][]\T1/lmr/m/it/10 177[][],
 []


Overfull \hbox (60.33293pt too wide) in paragraph at lines 814--815
[][]\T1/lmr/m/it/10 266[][] 
 []


Overfull \hbox (49.0666pt too wide) in paragraph at lines 815--816
[]| \T1/lmr/m/it/10 VLR,
 []


Overfull \hbox (60.33293pt too wide) in paragraph at lines 815--816
[][]\T1/lmr/m/it/10 178[][] 
 []


Overfull \hbox (33.11111pt too wide) in paragraph at lines 816--817
[]\T1/lmr/m/it/10 mobile
 []


Overfull \hbox (65.4442pt too wide) in paragraph at lines 816--817
\T1/lmr/m/it/10 unit,
 []


Overfull \hbox (63.39958pt too wide) in paragraph at lines 816--817
[][]\T1/lmr/m/it/10 178[][],
 []


Overfull \hbox (60.33293pt too wide) in paragraph at lines 816--817
[][]\T1/lmr/m/it/10 423[][] 
 []


Overfull \hbox (40.13861pt too wide) in paragraph at lines 817--818
[]\T1/lmr/m/it/10 modular
 []


Overfull \hbox (69.40524pt too wide) in paragraph at lines 817--818
\T1/lmr/m/it/10 arith-
 []


Overfull \hbox (61.35574pt too wide) in paragraph at lines 817--818
\T1/lmr/m/it/10 me-
 []


Overfull \hbox (59.05554pt too wide) in paragraph at lines 817--818
\T1/lmr/m/it/10 tic,
 []


Overfull \hbox (55.22195pt too wide) in paragraph at lines 817--818
[][]\T1/lmr/m/it/10 98[][] 
 []


Overfull \hbox (40.13861pt too wide) in paragraph at lines 818--819
[]\T1/lmr/m/it/10 modular
 []


Overfull \hbox (57.81674pt too wide) in paragraph at lines 818--819
\T1/lmr/m/it/10 ex-
 []


Overfull \hbox (58.28857pt too wide) in paragraph at lines 818--819
\T1/lmr/m/it/10 po-
 []


Overfull \hbox (64.42174pt too wide) in paragraph at lines 818--819
\T1/lmr/m/it/10 nen-
 []


Overfull \hbox (60.0776pt too wide) in paragraph at lines 818--819
\T1/lmr/m/it/10 tia-
 []


Overfull \hbox (65.1885pt too wide) in paragraph at lines 818--819
\T1/lmr/m/it/10 tion,
 []


Overfull \hbox (58.2886pt too wide) in paragraph at lines 818--819
[][]\T1/lmr/m/it/10 99[][],
 []


Overfull \hbox (60.33293pt too wide) in paragraph at lines 818--819
[][]\T1/lmr/m/it/10 100[][] 
 []




Overfull \hbox (40.13861pt too wide) in paragraph at lines 819--820
[]\T1/lmr/m/it/10 modular
 []


Overfull \hbox (67.74438pt too wide) in paragraph at lines 819--820
\T1/lmr/m/it/10 squa-
 []


Overfull \hbox (65.57196pt too wide) in paragraph at lines 819--820
\T1/lmr/m/it/10 ring,
 []


Overfull \hbox (60.33293pt too wide) in paragraph at lines 819--820
[][]\T1/lmr/m/it/10 100[][] 
 []


Overfull \hbox (43.33328pt too wide) in paragraph at lines 820--821
[]\T1/lmr/m/it/10 modulus,
 []


Overfull \hbox (63.39958pt too wide) in paragraph at lines 820--821
[][]\T1/lmr/m/it/10 126[][],
 []


Overfull \hbox (60.33293pt too wide) in paragraph at lines 820--821
[][]\T1/lmr/m/it/10 138[][] 
 []


Overfull \hbox (42.37756pt too wide) in paragraph at lines 821--822
[]| \T1/lmr/m/it/10 pas-
 []


Overfull \hbox (64.4223pt too wide) in paragraph at lines 821--822
\T1/lmr/m/it/10 sive,
 []


Overfull \hbox (60.33293pt too wide) in paragraph at lines 821--822
[][]\T1/lmr/m/it/10 256[][] 
 []


Overfull \hbox (71.18799pt too wide) in paragraph at lines 822--823
[]\T1/lmr/m/it/10 monoalphabetic
 []


Overfull \hbox (56.2444pt too wide) in paragraph at lines 822--823
\T1/lmr/m/it/10 ci-
 []


Overfull \hbox (67.10527pt too wide) in paragraph at lines 822--823
\T1/lmr/m/it/10 pher,
 []


Overfull \hbox (55.22195pt too wide) in paragraph at lines 822--823
[][]\T1/lmr/m/it/10 70[][] 
 []


Overfull \hbox (54.57735pt too wide) in paragraph at lines 823--824
[]\T1/lmr/m/it/10 motivation,
 []


Overfull \hbox (60.33293pt too wide) in paragraph at lines 823--824
[][]\T1/lmr/m/it/10 434[][] 
 []


Overfull \hbox (36.94452pt too wide) in paragraph at lines 824--825
[]\T1/lmr/m/it/10 motive,
 []


Overfull \hbox (55.22195pt too wide) in paragraph at lines 824--825
[][]\T1/lmr/m/it/10 54[][] 
 []


Overfull \hbox (35.41129pt too wide) in paragraph at lines 825--826
[]\T1/lmr/m/it/10 mouse,
 []


Overfull \hbox (60.33293pt too wide) in paragraph at lines 825--826
[][]\T1/lmr/m/it/10 481[][] 
 []


Overfull \hbox (47.1166pt too wide) in paragraph at lines 826--827
[]\T1/lmr/m/it/10 MSISDN,
 []


Overfull \hbox (60.33293pt too wide) in paragraph at lines 826--827
[][]\T1/lmr/m/it/10 178[][] 
 []


Overfull \hbox (30.85597pt too wide) in paragraph at lines 827--828
[]\T1/lmr/m/it/10 MTA,
 []


Overfull \hbox (60.33293pt too wide) in paragraph at lines 827--828
[][]\T1/lmr/m/it/10 103[][] 
 []


Overfull \hbox (31.90062pt too wide) in paragraph at lines 828--829
[]\T1/lmr/m/it/10 MUA,
 []


Overfull \hbox (60.33293pt too wide) in paragraph at lines 828--829
[][]\T1/lmr/m/it/10 103[][] 
 []


Overfull \hbox (31.06677pt too wide) in paragraph at lines 829--830
[]\T1/lmr/m/it/10 multi-
 []


Overfull \hbox (70.4275pt too wide) in paragraph at lines 829--830
\T1/lmr/m/it/10 factor
 []


Overfull \hbox (59.05539pt too wide) in paragraph at lines 829--830
\T1/lmr/m/it/10 au-
 []


Overfull \hbox (67.23296pt too wide) in paragraph at lines 829--830
\T1/lmr/m/it/10 then-
 []


Overfull \hbox (54.96663pt too wide) in paragraph at lines 829--830
\T1/lmr/m/it/10 ti-
 []


Overfull \hbox (57.7776pt too wide) in paragraph at lines 829--830
\T1/lmr/m/it/10 ca-
 []


Overfull \hbox (65.1885pt too wide) in paragraph at lines 829--830
\T1/lmr/m/it/10 tion,
 []


Overfull \hbox (60.33293pt too wide) in paragraph at lines 829--830
[][]\T1/lmr/m/it/10 316[][] 
 []


Overfull \hbox (87.0332pt too wide) in paragraph at lines 830--831
[]\T1/lmr/m/it/10 multiprogramming,
 []


Overfull \hbox (60.33293pt too wide) in paragraph at lines 830--831
[][]\T1/lmr/m/it/10 487[][] 
 []


Overfull \hbox (21.40048pt too wide) in paragraph at lines 831--832
[]\T1/lmr/m/it/10 MX
 []


Overfull \hbox (56.88329pt too wide) in paragraph at lines 831--832
\T1/lmr/m/it/10 re-
 []


Overfull \hbox (66.08302pt too wide) in paragraph at lines 831--832
\T1/lmr/m/it/10 cord,
 []


Overfull \hbox (60.33293pt too wide) in paragraph at lines 831--832
[][]\T1/lmr/m/it/10 103[][] 
 []




Overfull \hbox (97.84593pt too wide) has occurred while \output is active
\T1/lmr/m/sl/10 BIBLIOGRAPHIE \T1/lmr/m/n/10 607
 []

[607]
Overfull \hbox (28.51097pt too wide) in paragraph at lines 835--836
[]\T1/lmr/m/it/10 name
 []


Overfull \hbox (58.7997pt too wide) in paragraph at lines 835--836
\T1/lmr/m/it/10 ad-
 []


Overfull \hbox (59.82239pt too wide) in paragraph at lines 835--836
\T1/lmr/m/it/10 mi-
 []


Overfull \hbox (61.35538pt too wide) in paragraph at lines 835--836
\T1/lmr/m/it/10 nis-
 []


Overfull \hbox (60.71649pt too wide) in paragraph at lines 835--836
\T1/lmr/m/it/10 tra-
 []


Overfull \hbox (60.71652pt too wide) in paragraph at lines 835--836
\T1/lmr/m/it/10 tor,
 []


Overfull \hbox (60.33293pt too wide) in paragraph at lines 835--836
[][]\T1/lmr/m/it/10 160[][] 
 []


Overfull \hbox (31.32187pt too wide) in paragraph at lines 836--837
[]\T1/lmr/m/it/10 native
 []


Overfull \hbox (66.46637pt too wide) in paragraph at lines 836--837
\T1/lmr/m/it/10 code,
 []


Overfull \hbox (63.39958pt too wide) in paragraph at lines 836--837
[][]\T1/lmr/m/it/10 345[][],
 []


Overfull \hbox (60.33293pt too wide) in paragraph at lines 836--837
[][]\T1/lmr/m/it/10 405[][] 
 []


Overfull \hbox (35.79387pt too wide) in paragraph at lines 837--838
[]\T1/lmr/m/it/10 natural
 []


Overfull \hbox (61.99426pt too wide) in paragraph at lines 837--838
\T1/lmr/m/it/10 per-
 []


Overfull \hbox (62.88861pt too wide) in paragraph at lines 837--838
\T1/lmr/m/it/10 son,
 []


Overfull \hbox (60.33293pt too wide) in paragraph at lines 837--838
[][]\T1/lmr/m/it/10 441[][] 
 []


Overfull \hbox (36.61711pt too wide) in paragraph at lines 838--839
[]\T1/lmr/m/it/10 NEED,
 []


Overfull \hbox (60.33293pt too wide) in paragraph at lines 838--839
[][]\T1/lmr/m/it/10 278[][] 
 []


Overfull \hbox (42.18301pt too wide) in paragraph at lines 839--840
[]\T1/lmr/m/it/10 network,
 []


Overfull \hbox (50.11098pt too wide) in paragraph at lines 839--840
[][]\T1/lmr/m/it/10 2[][] 
 []


Overfull \hbox (40.92786pt too wide) in paragraph at lines 840--841
[]\T1/lmr/m/it/10 Network
 []


Overfull \hbox (58.28873pt too wide) in paragraph at lines 840--841
\T1/lmr/m/it/10 ac-
 []


Overfull \hbox (61.86687pt too wide) in paragraph at lines 840--841
\T1/lmr/m/it/10 cess
 []


Overfull \hbox (69.40527pt too wide) in paragraph at lines 840--841
\T1/lmr/m/it/10 layer,
 []


Overfull \hbox (60.33293pt too wide) in paragraph at lines 840--841
[][]\T1/lmr/m/it/10 158[][] 
 []


Overfull \hbox (40.92786pt too wide) in paragraph at lines 841--842
[]\T1/lmr/m/it/10 Network
 []


Overfull \hbox (65.69984pt too wide) in paragraph at lines 841--842
\T1/lmr/m/it/10 tech-
 []


Overfull \hbox (59.31071pt too wide) in paragraph at lines 841--842
\T1/lmr/m/it/10 no-
 []


Overfull \hbox (64.67749pt too wide) in paragraph at lines 841--842
\T1/lmr/m/it/10 logy,
 []


Overfull \hbox (60.33293pt too wide) in paragraph at lines 841--842
[][]\T1/lmr/m/it/10 169[][] 
 []


Overfull \hbox (31.96066pt too wide) in paragraph at lines 842--843
[]\T1/lmr/m/it/10 neural
 []


Overfull \hbox (62.12198pt too wide) in paragraph at lines 842--843
\T1/lmr/m/it/10 net-
 []


Overfull \hbox (68.63878pt too wide) in paragraph at lines 842--843
\T1/lmr/m/it/10 work,
 []


Overfull \hbox (60.33293pt too wide) in paragraph at lines 842--843
[][]\T1/lmr/m/it/10 253[][] 
 []


Overfull \hbox (32.5276pt too wide) in paragraph at lines 843--844
[]\T1/lmr/m/it/10 NIDS,
 []


Overfull \hbox (60.33293pt too wide) in paragraph at lines 843--844
[][]\T1/lmr/m/it/10 254[][] 
 []


Overfull \hbox (24.93271pt too wide) in paragraph at lines 844--845
[]\T1/lmr/m/it/10 non-
 []


Overfull \hbox (97.2603pt too wide) in paragraph at lines 844--845
\T1/lmr/m/it/10 repudiation,
 []


Overfull \hbox (63.39958pt too wide) in paragraph at lines 844--845
[][]\T1/lmr/m/it/10 125[][],
 []


Overfull \hbox (60.33293pt too wide) in paragraph at lines 844--845
[][]\T1/lmr/m/it/10 154[][] 
 []


Overfull \hbox (33.1105pt too wide) in paragraph at lines 845--848
[]\T1/lmr/m/it/10 nonce,
 []


Overfull \hbox (58.2886pt too wide) in paragraph at lines 845--848
[][]\T1/lmr/m/it/10 85[][],
 []


Overfull \hbox (58.2886pt too wide) in paragraph at lines 845--848
[][]\T1/lmr/m/it/10 88[][],
 []


Overfull \hbox (58.2886pt too wide) in paragraph at lines 845--848
[][]\T1/lmr/m/it/10 93[][],
 []


Overfull \hbox (58.2886pt too wide) in paragraph at lines 845--848
[][]\T1/lmr/m/it/10 94[][],
 []


Overfull \hbox (63.39958pt too wide) in paragraph at lines 845--848
[][]\T1/lmr/m/it/10 118[][],
 []


Overfull \hbox (63.39958pt too wide) in paragraph at lines 845--848
[][]\T1/lmr/m/it/10 129[][],
 []


Overfull \hbox (63.39958pt too wide) in paragraph at lines 845--848
[][]\T1/lmr/m/it/10 130[][],
 []


Overfull \hbox (63.39958pt too wide) in paragraph at lines 845--848
[][]\T1/lmr/m/it/10 132[][],
 []


Overfull \hbox (63.39958pt too wide) in paragraph at lines 845--848
[][]\T1/lmr/m/it/10 133[][],
 []


Overfull \hbox (63.39958pt too wide) in paragraph at lines 845--848
[][]\T1/lmr/m/it/10 395[][],
 []


Overfull \hbox (60.33293pt too wide) in paragraph at lines 845--848
[][]\T1/lmr/m/it/10 397[][] 
 []



Missing character: There is no ﬁ ("FB01) in font ec-lmri10!

Overfull \hbox (38.28873pt too wide) in paragraph at lines 848--849
[]| \T1/lmr/m/it/10 de-
 []


Overfull \hbox (57.26639pt too wide) in paragraph at lines 848--849
\T1/lmr/m/it/10 ni-
 []


Overfull \hbox (65.1885pt too wide) in paragraph at lines 848--849
\T1/lmr/m/it/10 tion,
 []


Overfull \hbox (55.22195pt too wide) in paragraph at lines 848--849
[][]\T1/lmr/m/it/10 85[][] 
 []


Overfull \hbox (30.04385pt too wide) in paragraph at lines 849--850
[]\T1/lmr/m/it/10 nonce
 []


Overfull \hbox (68.76627pt too wide) in paragraph at lines 849--850
\T1/lmr/m/it/10 coun-
 []


Overfull \hbox (60.20555pt too wide) in paragraph at lines 849--850
\T1/lmr/m/it/10 ter,
 []


Overfull \hbox (60.33293pt too wide) in paragraph at lines 849--850
[][]\T1/lmr/m/it/10 397[][] 
 []


Overfull \hbox (48.60556pt too wide) in paragraph at lines 850--851
[]\T1/lmr/m/it/10 NotPetya,
 []


Overfull \hbox (50.11098pt too wide) in paragraph at lines 850--851
[][]\T1/lmr/m/it/10 6[][] 
 []


Overfull \hbox (28.55562pt too wide) in paragraph at lines 851--852
[]\T1/lmr/m/it/10 NSA,
 []


Overfull \hbox (60.33293pt too wide) in paragraph at lines 851--852
[][]\T1/lmr/m/it/10 290[][] 
 []


Overfull \hbox (29.43913pt too wide) in paragraph at lines 852--853
[]\T1/lmr/m/it/10 NTP,
 []


Overfull \hbox (60.33293pt too wide) in paragraph at lines 852--853
[][]\T1/lmr/m/it/10 152[][] 
 []


Overfull \hbox (37.0722pt too wide) in paragraph at lines 853--854
[]\T1/lmr/m/it/10 number
 []


Overfull \hbox (61.61122pt too wide) in paragraph at lines 853--854
\T1/lmr/m/it/10 sys-
 []


Overfull \hbox (64.16689pt too wide) in paragraph at lines 853--854
\T1/lmr/m/it/10 tem,
 []


Overfull \hbox (60.33293pt too wide) in paragraph at lines 853--854
[][]\T1/lmr/m/it/10 500[][] 
 []


Overfull \hbox (36.2444pt too wide) in paragraph at lines 854--855
[]| \T1/lmr/m/it/10 bi-
 []


Overfull \hbox (67.87178pt too wide) in paragraph at lines 854--855
\T1/lmr/m/it/10 nary,
 []


Overfull \hbox (60.33293pt too wide) in paragraph at lines 854--855
[][]\T1/lmr/m/it/10 500[][] 
 []


Overfull \hbox (48.0387pt too wide) in paragraph at lines 855--856
[]| \T1/lmr/m/it/10 hexa-
 []


Overfull \hbox (58.28873pt too wide) in paragraph at lines 855--856
\T1/lmr/m/it/10 de-
 []


Overfull \hbox (56.2444pt too wide) in paragraph at lines 855--856
\T1/lmr/m/it/10 ci-
 []


Overfull \hbox (63.9111pt too wide) in paragraph at lines 855--856
\T1/lmr/m/it/10 mal,
 []


Overfull \hbox (60.33293pt too wide) in paragraph at lines 855--856
[][]\T1/lmr/m/it/10 500[][] 
 []


Overfull \hbox (38.28857pt too wide) in paragraph at lines 856--857
[]| \T1/lmr/m/it/10 po-
 []


Overfull \hbox (55.73338pt too wide) in paragraph at lines 856--857
\T1/lmr/m/it/10 si-
 []


Overfull \hbox (60.0776pt too wide) in paragraph at lines 856--857
\T1/lmr/m/it/10 tio-
 []


Overfull \hbox (61.3551pt too wide) in paragraph at lines 856--857
\T1/lmr/m/it/10 nal,
 []


Overfull \hbox (60.33293pt too wide) in paragraph at lines 856--857
[][]\T1/lmr/m/it/10 500[][] 
 []


Overfull \hbox (32.85541pt too wide) in paragraph at lines 860--861
[]\T1/lmr/m/it/10 object,
 []


Overfull \hbox (63.39958pt too wide) in paragraph at lines 860--861
[][]\T1/lmr/m/it/10 321[][],
 []


Overfull \hbox (60.33293pt too wide) in paragraph at lines 860--861
[][]\T1/lmr/m/it/10 326[][] 
 []


Overfull \hbox (40.3332pt too wide) in paragraph at lines 861--862
[]| \T1/lmr/m/it/10 ow-
 []


Overfull \hbox (62.50531pt too wide) in paragraph at lines 861--862
\T1/lmr/m/it/10 ner,
 []


Overfull \hbox (63.39958pt too wide) in paragraph at lines 861--862
[][]\T1/lmr/m/it/10 321[][],
 []


Overfull \hbox (60.33293pt too wide) in paragraph at lines 861--862
[][]\T1/lmr/m/it/10 326[][] 
 []


Overfull \hbox (35.29465pt too wide) in paragraph at lines 862--863
[]\T1/lmr/m/it/10 OCSP,
 []


Overfull \hbox (60.33293pt too wide) in paragraph at lines 862--863
[][]\T1/lmr/m/it/10 238[][] 
 []




Overfull \hbox (97.84593pt too wide) has occurred while \output is active
\T1/lmr/m/n/10 608 \T1/lmr/m/sl/10 BIBLIOGRAPHIE
 []

[608]
Overfull \hbox (36.88329pt too wide) in paragraph at lines 863--864
[]| \T1/lmr/m/it/10 re-
 []


Overfull \hbox (67.99956pt too wide) in paragraph at lines 863--864
\T1/lmr/m/it/10 spon-
 []


Overfull \hbox (61.9943pt too wide) in paragraph at lines 863--864
\T1/lmr/m/it/10 der,
 []


Overfull \hbox (60.33293pt too wide) in paragraph at lines 863--864
[][]\T1/lmr/m/it/10 238[][] 
 []


Overfull \hbox (40.97227pt too wide) in paragraph at lines 864--865
[]| \T1/lmr/m/it/10 res-
 []


Overfull \hbox (72.08847pt too wide) in paragraph at lines 864--865
\T1/lmr/m/it/10 ponse,
 []


Overfull \hbox (60.33293pt too wide) in paragraph at lines 864--865
[][]\T1/lmr/m/it/10 238[][] 
 []


Overfull \hbox (41.09995pt too wide) in paragraph at lines 865--866
[]| \T1/lmr/m/it/10 sta-
 []


Overfull \hbox (69.02176pt too wide) in paragraph at lines 865--866
\T1/lmr/m/it/10 pling,
 []


Overfull \hbox (60.33293pt too wide) in paragraph at lines 865--866
[][]\T1/lmr/m/it/10 238[][] 
 []


Overfull \hbox (49.90625pt too wide) in paragraph at lines 866--867
[]\T1/lmr/m/it/10 OCTAVE,
 []


Overfull \hbox (58.2886pt too wide) in paragraph at lines 866--867
[][]\T1/lmr/m/it/10 47[][],
 []


Overfull \hbox (55.22195pt too wide) in paragraph at lines 866--867
[][]\T1/lmr/m/it/10 50[][] 
 []


Overfull \hbox (50.69444pt too wide) in paragraph at lines 867--868
[]| \T1/lmr/m/it/10 Phase
 []


Overfull \hbox (53.17763pt too wide) in paragraph at lines 867--868
\T1/lmr/m/it/10 1,
 []


Overfull \hbox (55.22195pt too wide) in paragraph at lines 867--868
[][]\T1/lmr/m/it/10 51[][] 
 []


Overfull \hbox (49.66084pt too wide) in paragraph at lines 868--869
[]| \T1/lmr/m/it/10 threat
 []


Overfull \hbox (64.42169pt too wide) in paragraph at lines 868--869
\T1/lmr/m/it/10 ana-
 []


Overfull \hbox (55.98872pt too wide) in paragraph at lines 868--869
\T1/lmr/m/it/10 ly-
 []


Overfull \hbox (59.31128pt too wide) in paragraph at lines 868--869
\T1/lmr/m/it/10 sis,
 []


Overfull \hbox (55.22195pt too wide) in paragraph at lines 868--869
[][]\T1/lmr/m/it/10 30[][] 
 []


Overfull \hbox (49.66084pt too wide) in paragraph at lines 869--870
[]| \T1/lmr/m/it/10 threat
 []


Overfull \hbox (77.20009pt too wide) in paragraph at lines 869--870
\T1/lmr/m/it/10 classes,
 []


Overfull \hbox (55.22195pt too wide) in paragraph at lines 869--870
[][]\T1/lmr/m/it/10 54[][] 
 []

Missing character: There is no ﬁ ("FB01) in font ec-lmri10!

Overfull \hbox (49.66084pt too wide) in paragraph at lines 870--871
[]| \T1/lmr/m/it/10 threat
 []


Overfull \hbox (69.14963pt too wide) in paragraph at lines 870--871
\T1/lmr/m/it/10 prole,
 []


Overfull \hbox (55.22195pt too wide) in paragraph at lines 870--871
[][]\T1/lmr/m/it/10 54[][] 
 []


Overfull \hbox (49.66084pt too wide) in paragraph at lines 871--872
[]| \T1/lmr/m/it/10 threat
 []


Overfull \hbox (63.78331pt too wide) in paragraph at lines 871--872
\T1/lmr/m/it/10 tree,
 []


Overfull \hbox (55.22195pt too wide) in paragraph at lines 871--872
[][]\T1/lmr/m/it/10 54[][] 
 []


Overfull \hbox (26.46675pt too wide) in paragraph at lines 872--873
[]\T1/lmr/m/it/10 One-
 []


Overfull \hbox (68.00015pt too wide) in paragraph at lines 872--873
\T1/lmr/m/it/10 Time
 []


Overfull \hbox (65.0721pt too wide) in paragraph at lines 872--873
\T1/lmr/m/it/10 Pad,
 []


Overfull \hbox (55.22195pt too wide) in paragraph at lines 872--873
[][]\T1/lmr/m/it/10 80[][] 
 []


Overfull \hbox (23.91072pt too wide) in paragraph at lines 873--874
[]\T1/lmr/m/it/10 one-
 []


Overfull \hbox (64.16689pt too wide) in paragraph at lines 873--874
\T1/lmr/m/it/10 time
 []


Overfull \hbox (66.46655pt too wide) in paragraph at lines 873--874
\T1/lmr/m/it/10 pass-
 []


Overfull \hbox (68.63863pt too wide) in paragraph at lines 873--874
\T1/lmr/m/it/10 word,
 []


Overfull \hbox (60.33293pt too wide) in paragraph at lines 873--874
[][]\T1/lmr/m/it/10 313[][] 
 []


Overfull \hbox (23.91072pt too wide) in paragraph at lines 874--875
[]\T1/lmr/m/it/10 one-
 []


Overfull \hbox (61.61096pt too wide) in paragraph at lines 874--875
\T1/lmr/m/it/10 way
 []


Overfull \hbox (67.23306pt too wide) in paragraph at lines 874--875
\T1/lmr/m/it/10 func-
 []


Overfull \hbox (65.1885pt too wide) in paragraph at lines 874--875
\T1/lmr/m/it/10 tion,
 []


Overfull \hbox (55.22195pt too wide) in paragraph at lines 874--875
[][]\T1/lmr/m/it/10 98[][] 
 []


Overfull \hbox (48.07149pt too wide) in paragraph at lines 875--876
[]\T1/lmr/m/it/10 OpenSSL,
 []


Overfull \hbox (60.33293pt too wide) in paragraph at lines 875--876
[][]\T1/lmr/m/it/10 370[][] 
 []




Overfull \hbox (33.74963pt too wide) in paragraph at lines 876--877
[]\T1/lmr/m/it/10 oracle,
 []


Overfull \hbox (55.22195pt too wide) in paragraph at lines 876--877
[][]\T1/lmr/m/it/10 58[][] 
 []


Overfull \hbox (61.094pt too wide) in paragraph at lines 877--878
[]\T1/lmr/m/it/10 Organisation
 []


Overfull \hbox (63.91164pt too wide) in paragraph at lines 877--878
\T1/lmr/m/it/10 (O),
 []


Overfull \hbox (60.33293pt too wide) in paragraph at lines 877--878
[][]\T1/lmr/m/it/10 139[][] 
 []


Overfull \hbox (68.76045pt too wide) in paragraph at lines 878--879
[]\T1/lmr/m/it/10 Organizational
 []


Overfull \hbox (64.44437pt too wide) in paragraph at lines 878--879
\T1/lmr/m/it/10 Unit
 []


Overfull \hbox (71.34512pt too wide) in paragraph at lines 878--879
\T1/lmr/m/it/10 (OU),
 []


Overfull \hbox (60.33293pt too wide) in paragraph at lines 878--879
[][]\T1/lmr/m/it/10 139[][] 
 []


Overfull \hbox (33.74994pt too wide) in paragraph at lines 879--880
[]\T1/lmr/m/it/10 Orion,
 []


Overfull \hbox (50.11098pt too wide) in paragraph at lines 879--880
[][]\T1/lmr/m/it/10 7[][] 
 []


Overfull \hbox (21.35565pt too wide) in paragraph at lines 880--881
[]\T1/lmr/m/it/10 OS,
 []


Overfull \hbox (60.33293pt too wide) in paragraph at lines 880--881
[][]\T1/lmr/m/it/10 483[][] 
 []


Overfull \hbox (41.86671pt too wide) in paragraph at lines 881--882
[]| \T1/lmr/m/it/10 mo-
 []


Overfull \hbox (65.69978pt too wide) in paragraph at lines 881--882
\T1/lmr/m/it/10 dule,
 []


Overfull \hbox (60.33293pt too wide) in paragraph at lines 881--882
[][]\T1/lmr/m/it/10 348[][] 
 []


Overfull \hbox (37.26674pt too wide) in paragraph at lines 882--883
[]| \T1/lmr/m/it/10 se-
 []


Overfull \hbox (58.54442pt too wide) in paragraph at lines 882--883
\T1/lmr/m/it/10 cu-
 []


Overfull \hbox (63.5277pt too wide) in paragraph at lines 882--883
\T1/lmr/m/it/10 rity,
 []


Overfull \hbox (60.33293pt too wide) in paragraph at lines 882--883
[][]\T1/lmr/m/it/10 300[][] 
 []


Overfull \hbox (45.5723pt too wide) in paragraph at lines 883--884
[]| \T1/lmr/m/it/10 trus-
 []


Overfull \hbox (60.58875pt too wide) in paragraph at lines 883--884
\T1/lmr/m/it/10 ted,
 []


Overfull \hbox (60.33293pt too wide) in paragraph at lines 883--884
[][]\T1/lmr/m/it/10 360[][] 
 []


Overfull \hbox (39.05539pt too wide) in paragraph at lines 884--885
[]| \T1/lmr/m/it/10 up-
 []


Overfull \hbox (58.7997pt too wide) in paragraph at lines 884--885
\T1/lmr/m/it/10 da-
 []


Overfull \hbox (64.67754pt too wide) in paragraph at lines 884--885
\T1/lmr/m/it/10 ting,
 []


Overfull \hbox (60.33293pt too wide) in paragraph at lines 884--885
[][]\T1/lmr/m/it/10 353[][] 
 []


Overfull \hbox (26.606pt too wide) in paragraph at lines 885--886
[]\T1/lmr/m/it/10 OTP
 []


Overfull \hbox (58.28873pt too wide) in paragraph at lines 885--886
\T1/lmr/m/it/10 de-
 []


Overfull \hbox (64.4222pt too wide) in paragraph at lines 885--886
\T1/lmr/m/it/10 vice,
 []


Overfull \hbox (60.33293pt too wide) in paragraph at lines 885--886
[][]\T1/lmr/m/it/10 313[][] 
 []


Overfull \hbox (43.84439pt too wide) in paragraph at lines 886--887
[]\T1/lmr/m/it/10 outcome,
 []


Overfull \hbox (55.22195pt too wide) in paragraph at lines 886--887
[][]\T1/lmr/m/it/10 54[][] 
 []


Overfull \hbox (34.26077pt too wide) in paragraph at lines 887--888
[]\T1/lmr/m/it/10 owner,
 []


Overfull \hbox (60.33293pt too wide) in paragraph at lines 887--888
[][]\T1/lmr/m/it/10 330[][] 
 []

Missing character: There is no ﬃ ("FB03) in font ec-lmri10!

Overfull \hbox (21.3559pt too wide) in paragraph at lines 888--889
[]\T1/lmr/m/it/10 Oce
 []


Overfull \hbox (53.17763pt too wide) in paragraph at lines 888--889
\T1/lmr/m/it/10 of
 []


Overfull \hbox (60.7279pt too wide) in paragraph at lines 888--889
\T1/lmr/m/it/10 Pu-
 []


Overfull \hbox (59.82214pt too wide) in paragraph at lines 888--889
\T1/lmr/m/it/10 blic
 []


Overfull \hbox (62.65572pt too wide) in paragraph at lines 888--889
\T1/lmr/m/it/10 Ma-
 []


Overfull \hbox (59.31071pt too wide) in paragraph at lines 888--889
\T1/lmr/m/it/10 na-
 []


Overfull \hbox (57.77776pt too wide) in paragraph at lines 888--889
\T1/lmr/m/it/10 ge-
 []


Overfull \hbox (66.72223pt too wide) in paragraph at lines 888--889
\T1/lmr/m/it/10 ment
 []


Overfull \hbox (79.66212pt too wide) in paragraph at lines 888--889
\T1/lmr/m/it/10 (OPM),
 []


Overfull \hbox (50.11098pt too wide) in paragraph at lines 888--889
[][]\T1/lmr/m/it/10 2[][] 
 []




Overfull \hbox (97.84593pt too wide) has occurred while \output is active
\T1/lmr/m/sl/10 BIBLIOGRAPHIE \T1/lmr/m/n/10 609
 []

[609]
Overfull \hbox (41.28809pt too wide) in paragraph at lines 892--893
[]\T1/lmr/m/it/10 padding,
 []


Overfull \hbox (58.2886pt too wide) in paragraph at lines 892--893
[][]\T1/lmr/m/it/10 74[][],
 []


Overfull \hbox (60.33293pt too wide) in paragraph at lines 892--893
[][]\T1/lmr/m/it/10 107[][] 
 []


Overfull \hbox (23.91084pt too wide) in paragraph at lines 893--894
[]\T1/lmr/m/it/10 page
 []


Overfull \hbox (68.25536pt too wide) in paragraph at lines 893--894
\T1/lmr/m/it/10 table,
 []


Overfull \hbox (60.33293pt too wide) in paragraph at lines 893--894
[][]\T1/lmr/m/it/10 338[][] 
 []


Overfull \hbox (38.34944pt too wide) in paragraph at lines 894--895
[]\T1/lmr/m/it/10 pairing,
 []


Overfull \hbox (60.33293pt too wide) in paragraph at lines 894--895
[][]\T1/lmr/m/it/10 259[][] 
 []


Overfull \hbox (28.95045pt too wide) in paragraph at lines 895--896
[]\T1/lmr/m/it/10 PAN,
 []


Overfull \hbox (63.39958pt too wide) in paragraph at lines 895--896
[][]\T1/lmr/m/it/10 151[][],
 []


Overfull \hbox (60.33293pt too wide) in paragraph at lines 895--896
[][]\T1/lmr/m/it/10 175[][] 
 []


Overfull \hbox (35.15547pt too wide) in paragraph at lines 896--897
[]\T1/lmr/m/it/10 passive
 []


Overfull \hbox (57.01096pt too wide) in paragraph at lines 896--897
\T1/lmr/m/it/10 at-
 []


Overfull \hbox (57.01096pt too wide) in paragraph at lines 896--897
\T1/lmr/m/it/10 ta-
 []


Overfull \hbox (66.08333pt too wide) in paragraph at lines 896--897
\T1/lmr/m/it/10 cker,
 []


Overfull \hbox (60.33293pt too wide) in paragraph at lines 896--897
[][]\T1/lmr/m/it/10 136[][] 
 []


Overfull \hbox (40.01097pt too wide) in paragraph at lines 897--898
[]\T1/lmr/m/it/10 passkey,
 []


Overfull \hbox (60.33293pt too wide) in paragraph at lines 897--898
[][]\T1/lmr/m/it/10 316[][] 
 []


Overfull \hbox (46.52744pt too wide) in paragraph at lines 898--899
[]\T1/lmr/m/it/10 password,
 []


Overfull \hbox (60.33293pt too wide) in paragraph at lines 898--899
[][]\T1/lmr/m/it/10 308[][] 
 []


Overfull \hbox (54.64415pt too wide) in paragraph at lines 899--900
[]| \T1/lmr/m/it/10 choice,
 []


Overfull \hbox (60.33293pt too wide) in paragraph at lines 899--900
[][]\T1/lmr/m/it/10 311[][] 
 []


Overfull \hbox (42.50523pt too wide) in paragraph at lines 900--901
[]| \T1/lmr/m/it/10 pro-
 []


Overfull \hbox (60.58887pt too wide) in paragraph at lines 900--901
\T1/lmr/m/it/10 tec-
 []


Overfull \hbox (65.1885pt too wide) in paragraph at lines 900--901
\T1/lmr/m/it/10 tion,
 []


Overfull \hbox (60.33293pt too wide) in paragraph at lines 900--901
[][]\T1/lmr/m/it/10 311[][] 
 []


Overfull \hbox (62.43863pt too wide) in paragraph at lines 901--902
[]| \T1/lmr/m/it/10 strength,
 []


Overfull \hbox (60.33293pt too wide) in paragraph at lines 901--902
[][]\T1/lmr/m/it/10 308[][] 
 []


Overfull \hbox (43.46078pt too wide) in paragraph at lines 902--903
[]\T1/lmr/m/it/10 password
 []


Overfull \hbox (54.96663pt too wide) in paragraph at lines 902--903
\T1/lmr/m/it/10 ti-
 []


Overfull \hbox (61.48314pt too wide) in paragraph at lines 902--903
\T1/lmr/m/it/10 red-
 []


Overfull \hbox (66.46663pt too wide) in paragraph at lines 902--903
\T1/lmr/m/it/10 ness,
 []


Overfull \hbox (60.33293pt too wide) in paragraph at lines 902--903
[][]\T1/lmr/m/it/10 152[][] 
 []


Overfull \hbox (35.79396pt too wide) in paragraph at lines 903--904
[]\T1/lmr/m/it/10 pattern
 []


Overfull \hbox (64.422pt too wide) in paragraph at lines 903--904
\T1/lmr/m/it/10 lock,
 []


Overfull \hbox (60.33293pt too wide) in paragraph at lines 903--904
[][]\T1/lmr/m/it/10 314[][] 
 []


Overfull \hbox (40.01027pt too wide) in paragraph at lines 904--905
[]\T1/lmr/m/it/10 payload,
 []


Overfull \hbox (60.33293pt too wide) in paragraph at lines 904--905
[][]\T1/lmr/m/it/10 163[][] 
 []


Overfull \hbox (22.79448pt too wide) in paragraph at lines 905--906
[]\T1/lmr/m/it/10 PCI
 []


Overfull \hbox (60.00023pt too wide) in paragraph at lines 905--906
\T1/lmr/m/it/10 Ex-
 []


Overfull \hbox (70.17224pt too wide) in paragraph at lines 905--906
\T1/lmr/m/it/10 press-
 []


Overfull \hbox (62.12231pt too wide) in paragraph at lines 905--906
\T1/lmr/m/it/10 bus,
 []


Overfull \hbox (60.33293pt too wide) in paragraph at lines 905--906
[][]\T1/lmr/m/it/10 483[][] 
 []


Overfull \hbox (33.92247pt too wide) in paragraph at lines 906--907
[]\T1/lmr/m/it/10 PDCA
 []


Overfull \hbox (62.50523pt too wide) in paragraph at lines 906--907
\T1/lmr/m/it/10 pro-
 []


Overfull \hbox (64.93352pt too wide) in paragraph at lines 906--907
\T1/lmr/m/it/10 cess,
 []


Overfull \hbox (58.2886pt too wide) in paragraph at lines 906--907
[][]\T1/lmr/m/it/10 32[][],
 []


Overfull \hbox (58.2886pt too wide) in paragraph at lines 906--907
[][]\T1/lmr/m/it/10 61[][],
 []


Overfull \hbox (60.33293pt too wide) in paragraph at lines 906--907
[][]\T1/lmr/m/it/10 427[][] 
 []




Overfull \hbox (33.1331pt too wide) in paragraph at lines 907--908
[]\T1/lmr/m/it/10 PDoS,
 []


Overfull \hbox (60.33293pt too wide) in paragraph at lines 907--908
[][]\T1/lmr/m/it/10 278[][] 
 []


Overfull \hbox (26.08315pt too wide) in paragraph at lines 908--909
[]\T1/lmr/m/it/10 peer-
 []


Overfull \hbox (57.01096pt too wide) in paragraph at lines 908--909
\T1/lmr/m/it/10 to-
 []


Overfull \hbox (62.5054pt too wide) in paragraph at lines 908--909
\T1/lmr/m/it/10 peer
 []


Overfull \hbox (74.92259pt too wide) in paragraph at lines 908--909
\T1/lmr/m/it/10 (P2P),
 []


Overfull \hbox (53.17763pt too wide) in paragraph at lines 908--909
[][]\T1/lmr/m/it/10 2[][],
 []


Overfull \hbox (60.33293pt too wide) in paragraph at lines 908--909
[][]\T1/lmr/m/it/10 277[][] 
 []


Overfull \hbox (38.22197pt too wide) in paragraph at lines 909--910
[]\T1/lmr/m/it/10 pentest,
 []


Overfull \hbox (60.33293pt too wide) in paragraph at lines 909--910
[][]\T1/lmr/m/it/10 373[][] 
 []


Overfull \hbox (58.7944pt too wide) in paragraph at lines 910--911
[]\T1/lmr/m/it/10 permissions,
 []


Overfull \hbox (60.33293pt too wide) in paragraph at lines 910--911
[][]\T1/lmr/m/it/10 333[][] 
 []


Overfull \hbox (36.30513pt too wide) in paragraph at lines 911--912
[]\T1/lmr/m/it/10 person,
 []


Overfull \hbox (60.33293pt too wide) in paragraph at lines 911--912
[][]\T1/lmr/m/it/10 441[][] 
 []


Overfull \hbox (40.90494pt too wide) in paragraph at lines 912--913
[]\T1/lmr/m/it/10 personal
 []


Overfull \hbox (66.72182pt too wide) in paragraph at lines 912--913
\T1/lmr/m/it/10 data,
 []


Overfull \hbox (60.33293pt too wide) in paragraph at lines 912--913
[][]\T1/lmr/m/it/10 449[][] 
 []


Overfull \hbox (42.50523pt too wide) in paragraph at lines 913--914
[]| \T1/lmr/m/it/10 pro-
 []


Overfull \hbox (60.58887pt too wide) in paragraph at lines 913--914
\T1/lmr/m/it/10 tec-
 []


Overfull \hbox (65.1885pt too wide) in paragraph at lines 913--914
\T1/lmr/m/it/10 tion,
 []


Overfull \hbox (60.33293pt too wide) in paragraph at lines 913--914
[][]\T1/lmr/m/it/10 447[][] 
 []

Missing character: There is no ﬁ ("FB01) in font ec-lmri10!

Overfull \hbox (40.90494pt too wide) in paragraph at lines 914--915
[]\T1/lmr/m/it/10 personal
 []


Overfull \hbox (56.88329pt too wide) in paragraph at lines 914--915
\T1/lmr/m/it/10 re-
 []


Overfull \hbox (65.69972pt too wide) in paragraph at lines 914--915
\T1/lmr/m/it/10 wall,
 []


Overfull \hbox (60.33293pt too wide) in paragraph at lines 914--915
[][]\T1/lmr/m/it/10 250[][] 
 []


Overfull \hbox (29.36963pt too wide) in paragraph at lines 915--916
[]\T1/lmr/m/it/10 PGP,
 []


Overfull \hbox (63.39958pt too wide) in paragraph at lines 915--916
[][]\T1/lmr/m/it/10 143[][],
 []


Overfull \hbox (63.39958pt too wide) in paragraph at lines 915--916
[][]\T1/lmr/m/it/10 215[][],
 []


Overfull \hbox (60.33293pt too wide) in paragraph at lines 915--916
[][]\T1/lmr/m/it/10 218[][] 
 []


Overfull \hbox (43.84387pt too wide) in paragraph at lines 916--917
[]\T1/lmr/m/it/10 phishing,
 []


Overfull \hbox (58.2886pt too wide) in paragraph at lines 916--917
[][]\T1/lmr/m/it/10 28[][],
 []


Overfull \hbox (60.33293pt too wide) in paragraph at lines 916--917
[][]\T1/lmr/m/it/10 462[][] 
 []


Overfull \hbox (43.6554pt too wide) in paragraph at lines 917--918
[]| \T1/lmr/m/it/10 bait,
 []


Overfull \hbox (55.22195pt too wide) in paragraph at lines 917--918
[][]\T1/lmr/m/it/10 28[][] 
 []


Overfull \hbox (33.17775pt too wide) in paragraph at lines 918--919
[]| \T1/lmr/m/it/10 e-
 []


Overfull \hbox (66.97775pt too wide) in paragraph at lines 918--919
\T1/lmr/m/it/10 mail,
 []


Overfull \hbox (58.2886pt too wide) in paragraph at lines 918--919
[][]\T1/lmr/m/it/10 28[][],
 []


Overfull \hbox (58.2886pt too wide) in paragraph at lines 918--919
[][]\T1/lmr/m/it/10 30[][],
 []


Overfull \hbox (60.33293pt too wide) in paragraph at lines 918--919
[][]\T1/lmr/m/it/10 190[][] 
 []


Overfull \hbox (37.77771pt too wide) in paragraph at lines 919--920
[]| \T1/lmr/m/it/10 so-
 []


Overfull \hbox (60.33311pt too wide) in paragraph at lines 919--920
\T1/lmr/m/it/10 cial
 []


Overfull \hbox (61.35574pt too wide) in paragraph at lines 919--920
\T1/lmr/m/it/10 me-
 []


Overfull \hbox (61.35526pt too wide) in paragraph at lines 919--920
\T1/lmr/m/it/10 dia,
 []


Overfull \hbox (55.22195pt too wide) in paragraph at lines 919--920
[][]\T1/lmr/m/it/10 28[][] 
 []




Overfull \hbox (97.84593pt too wide) has occurred while \output is active
\T1/lmr/m/n/10 610 \T1/lmr/m/sl/10 BIBLIOGRAPHIE
 []

[610]
Overfull \hbox (29.06712pt too wide) in paragraph at lines 920--921
[]\T1/lmr/m/it/10 PHP,
 []


Overfull \hbox (63.39958pt too wide) in paragraph at lines 920--921
[][]\T1/lmr/m/it/10 374[][],
 []


Overfull \hbox (60.33293pt too wide) in paragraph at lines 920--921
[][]\T1/lmr/m/it/10 409[][] 
 []


Overfull \hbox (40.66095pt too wide) in paragraph at lines 921--922
[]\T1/lmr/m/it/10 Physical
 []


Overfull \hbox (69.40527pt too wide) in paragraph at lines 921--922
\T1/lmr/m/it/10 layer,
 []


Overfull \hbox (63.39958pt too wide) in paragraph at lines 921--922
[][]\T1/lmr/m/it/10 157[][],
 []


Overfull \hbox (60.33293pt too wide) in paragraph at lines 921--922
[][]\T1/lmr/m/it/10 158[][] 
 []


Overfull \hbox (38.79974pt too wide) in paragraph at lines 922--923
[]| \T1/lmr/m/it/10 en-
 []


Overfull \hbox (67.36089pt too wide) in paragraph at lines 922--923
\T1/lmr/m/it/10 cryp-
 []


Overfull \hbox (65.1885pt too wide) in paragraph at lines 922--923
\T1/lmr/m/it/10 tion,
 []


Overfull \hbox (60.33293pt too wide) in paragraph at lines 922--923
[][]\T1/lmr/m/it/10 215[][] 
 []


Overfull \hbox (38.98843pt too wide) in paragraph at lines 923--924
[]\T1/lmr/m/it/10 physical
 []


Overfull \hbox (57.26674pt too wide) in paragraph at lines 923--924
\T1/lmr/m/it/10 se-
 []


Overfull \hbox (58.54442pt too wide) in paragraph at lines 923--924
\T1/lmr/m/it/10 cu-
 []


Overfull \hbox (63.5277pt too wide) in paragraph at lines 923--924
\T1/lmr/m/it/10 rity,
 []


Overfull \hbox (60.33293pt too wide) in paragraph at lines 923--924
[][]\T1/lmr/m/it/10 358[][] 
 []


Overfull \hbox (32.59949pt too wide) in paragraph at lines 924--925
[]\T1/lmr/m/it/10 pigpen
 []


Overfull \hbox (56.2444pt too wide) in paragraph at lines 924--925
\T1/lmr/m/it/10 ci-
 []


Overfull \hbox (67.10527pt too wide) in paragraph at lines 924--925
\T1/lmr/m/it/10 pher,
 []


Overfull \hbox (55.22195pt too wide) in paragraph at lines 924--925
[][]\T1/lmr/m/it/10 71[][] 
 []


Overfull \hbox (34.80551pt too wide) in paragraph at lines 925--926
[]\T1/lmr/m/it/10 PKCS,
 []


Overfull \hbox (58.2886pt too wide) in paragraph at lines 925--926
[][]\T1/lmr/m/it/10 68[][],
 []


Overfull \hbox (55.22195pt too wide) in paragraph at lines 925--926
[][]\T1/lmr/m/it/10 96[][] 
 []

./cybersec_final.ind:926: You can't use `macro parameter character #' in horizo
ntal mode.
l.926   \item PKCS#
                   1, \hyperpage{63}, \hyperpage{107}
Sorry, but I'm not programmed to handle this case;
I'll just pretend that you didn't ask for it.
If you're in the wrong mode, you might be able to
return to the right one by typing `I}' or `I$' or `I\par'.


Overfull \hbox (39.91649pt too wide) in paragraph at lines 926--927
[]\T1/lmr/m/it/10 PKCS1,
 []


Overfull \hbox (58.2886pt too wide) in paragraph at lines 926--927
[][]\T1/lmr/m/it/10 63[][],
 []


Overfull \hbox (60.33293pt too wide) in paragraph at lines 926--927
[][]\T1/lmr/m/it/10 107[][] 
 []

./cybersec_final.ind:927: You can't use `macro parameter character #' in horizo
ntal mode.
l.927   \item PKCS#
                   10, \hyperpage{67}
Sorry, but I'm not programmed to handle this case;
I'll just pretend that you didn't ask for it.
If you're in the wrong mode, you might be able to
return to the right one by typing `I}' or `I$' or `I\par'.


Overfull \hbox (45.02747pt too wide) in paragraph at lines 927--928
[]\T1/lmr/m/it/10 PKCS10,
 []


Overfull \hbox (55.22195pt too wide) in paragraph at lines 927--928
[][]\T1/lmr/m/it/10 67[][] 
 []

./cybersec_final.ind:928: You can't use `macro parameter character #' in horizo
ntal mode.
l.928   \item PKCS#
                   12, \hyperpage{67}, \hyperpage{147}
Sorry, but I'm not programmed to handle this case;
I'll just pretend that you didn't ask for it.
If you're in the wrong mode, you might be able to
return to the right one by typing `I}' or `I$' or `I\par'.


Overfull \hbox (45.02747pt too wide) in paragraph at lines 928--929
[]\T1/lmr/m/it/10 PKCS12,
 []


Overfull \hbox (58.2886pt too wide) in paragraph at lines 928--929
[][]\T1/lmr/m/it/10 67[][],
 []


Overfull \hbox (60.33293pt too wide) in paragraph at lines 928--929
[][]\T1/lmr/m/it/10 147[][] 
 []

./cybersec_final.ind:929: You can't use `macro parameter character #' in horizo
ntal mode.
l.929   \item PKCS#
                   7, \hyperpage{198}, \hyperpage{217}
Sorry, but I'm not programmed to handle this case;
I'll just pretend that you didn't ask for it.
If you're in the wrong mode, you might be able to
return to the right one by typing `I}' or `I$' or `I\par'.


Overfull \hbox (39.91649pt too wide) in paragraph at lines 929--930
[]\T1/lmr/m/it/10 PKCS7,
 []


Overfull \hbox (63.39958pt too wide) in paragraph at lines 929--930
[][]\T1/lmr/m/it/10 198[][],
 []


Overfull \hbox (60.33293pt too wide) in paragraph at lines 929--930
[][]\T1/lmr/m/it/10 217[][] 
 []


Overfull \hbox (23.32797pt too wide) in paragraph at lines 930--931
[]\T1/lmr/m/it/10 PKI
 []


Overfull \hbox (61.61122pt too wide) in paragraph at lines 930--931
\T1/lmr/m/it/10 sys-
 []


Overfull \hbox (64.16689pt too wide) in paragraph at lines 930--931
\T1/lmr/m/it/10 tem,
 []


Overfull \hbox (63.39958pt too wide) in paragraph at lines 930--931
[][]\T1/lmr/m/it/10 138[][],
 []


Overfull \hbox (60.33293pt too wide) in paragraph at lines 930--931
[][]\T1/lmr/m/it/10 141[][] 
 []


Overfull \hbox (45.4162pt too wide) in paragraph at lines 931--932
[]\T1/lmr/m/it/10 plaintext,
 []


Overfull \hbox (58.2886pt too wide) in paragraph at lines 931--932
[][]\T1/lmr/m/it/10 65[][],
 []


Overfull \hbox (55.22195pt too wide) in paragraph at lines 931--932
[][]\T1/lmr/m/it/10 66[][] 
 []


Overfull \hbox (43.34447pt too wide) in paragraph at lines 932--933
[]\T1/lmr/m/it/10 Platform
 []


Overfull \hbox (61.63338pt too wide) in paragraph at lines 932--933
\T1/lmr/m/it/10 Key
 []


Overfull \hbox (70.71712pt too wide) in paragraph at lines 932--933
\T1/lmr/m/it/10 (PK),
 []


Overfull \hbox (60.33293pt too wide) in paragraph at lines 932--933
[][]\T1/lmr/m/it/10 356[][] 
 []




Overfull \hbox (30.29945pt too wide) in paragraph at lines 933--934
[]\T1/lmr/m/it/10 point-
 []


Overfull \hbox (57.01096pt too wide) in paragraph at lines 933--934
\T1/lmr/m/it/10 to-
 []


Overfull \hbox (69.78836pt too wide) in paragraph at lines 933--934
\T1/lmr/m/it/10 point,
 []


Overfull \hbox (60.33293pt too wide) in paragraph at lines 933--934
[][]\T1/lmr/m/it/10 172[][] 
 []


Overfull \hbox (64.79898pt too wide) in paragraph at lines 934--935
[]\T1/lmr/m/it/10 polyalphabetic
 []


Overfull \hbox (56.2444pt too wide) in paragraph at lines 934--935
\T1/lmr/m/it/10 ci-
 []


Overfull \hbox (67.10527pt too wide) in paragraph at lines 934--935
\T1/lmr/m/it/10 pher,
 []


Overfull \hbox (55.22195pt too wide) in paragraph at lines 934--935
[][]\T1/lmr/m/it/10 74[][] 
 []


Overfull \hbox (34.41162pt too wide) in paragraph at lines 935--936
[]\T1/lmr/m/it/10 POP3,
 []


Overfull \hbox (60.33293pt too wide) in paragraph at lines 935--936
[][]\T1/lmr/m/it/10 187[][] 
 []


Overfull \hbox (36.2442pt too wide) in paragraph at lines 936--937
[]| \T1/lmr/m/it/10 al-
 []


Overfull \hbox (56.2442pt too wide) in paragraph at lines 936--937
\T1/lmr/m/it/10 lo-
 []


Overfull \hbox (57.7776pt too wide) in paragraph at lines 936--937
\T1/lmr/m/it/10 ca-
 []


Overfull \hbox (60.58875pt too wide) in paragraph at lines 936--937
\T1/lmr/m/it/10 ted,
 []


Overfull \hbox (60.33293pt too wide) in paragraph at lines 936--937
[][]\T1/lmr/m/it/10 163[][] 
 []


Overfull \hbox (47.87206pt too wide) in paragraph at lines 937--938
[]| \T1/lmr/m/it/10 freely
 []


Overfull \hbox (66.46635pt too wide) in paragraph at lines 937--938
\T1/lmr/m/it/10 avai-
 []


Overfull \hbox (67.4886pt too wide) in paragraph at lines 937--938
\T1/lmr/m/it/10 lable,
 []


Overfull \hbox (60.33293pt too wide) in paragraph at lines 937--938
[][]\T1/lmr/m/it/10 163[][] 
 []


Overfull \hbox (36.88329pt too wide) in paragraph at lines 938--939
[]| \T1/lmr/m/it/10 re-
 []


Overfull \hbox (60.33339pt too wide) in paragraph at lines 938--939
\T1/lmr/m/it/10 gis-
 []


Overfull \hbox (56.49998pt too wide) in paragraph at lines 938--939
\T1/lmr/m/it/10 te-
 []


Overfull \hbox (60.97205pt too wide) in paragraph at lines 938--939
\T1/lmr/m/it/10 red,
 []


Overfull \hbox (60.33293pt too wide) in paragraph at lines 938--939
[][]\T1/lmr/m/it/10 163[][] 
 []


Overfull \hbox (49.16115pt too wide) in paragraph at lines 939--940
[]| \T1/lmr/m/it/10 TCP,
 []


Overfull \hbox (60.33293pt too wide) in paragraph at lines 939--940
[][]\T1/lmr/m/it/10 163[][] 
 []


Overfull \hbox (49.83362pt too wide) in paragraph at lines 940--941
[]| \T1/lmr/m/it/10 UDP,
 []


Overfull \hbox (60.33293pt too wide) in paragraph at lines 940--941
[][]\T1/lmr/m/it/10 163[][] 
 []


Overfull \hbox (22.24973pt too wide) in paragraph at lines 941--942
[]\T1/lmr/m/it/10 port
 []


Overfull \hbox (67.7444pt too wide) in paragraph at lines 941--942
\T1/lmr/m/it/10 num-
 []


Overfull \hbox (60.9722pt too wide) in paragraph at lines 941--942
\T1/lmr/m/it/10 ber,
 []


Overfull \hbox (60.33293pt too wide) in paragraph at lines 941--942
[][]\T1/lmr/m/it/10 159[][] 
 []


Overfull \hbox (30.17198pt too wide) in paragraph at lines 942--943
[]\T1/lmr/m/it/10 power
 []


Overfull \hbox (63.14438pt too wide) in paragraph at lines 942--943
\T1/lmr/m/it/10 sup-
 []


Overfull \hbox (60.58861pt too wide) in paragraph at lines 942--943
\T1/lmr/m/it/10 ply,
 []


Overfull \hbox (60.33293pt too wide) in paragraph at lines 942--943
[][]\T1/lmr/m/it/10 485[][] 
 []


Overfull \hbox (29.67265pt too wide) in paragraph at lines 943--944
[]\T1/lmr/m/it/10 PQC,
 []


Overfull \hbox (55.22195pt too wide) in paragraph at lines 943--944
[][]\T1/lmr/m/it/10 63[][] 
 []


Overfull \hbox (45.9556pt too wide) in paragraph at lines 944--945
[]| \T1/lmr/m/it/10 com-
 []


Overfull \hbox (57.7776pt too wide) in paragraph at lines 944--945
\T1/lmr/m/it/10 pe-
 []


Overfull \hbox (54.96663pt too wide) in paragraph at lines 944--945
\T1/lmr/m/it/10 ti-
 []


Overfull \hbox (65.1885pt too wide) in paragraph at lines 944--945
\T1/lmr/m/it/10 tion,
 []


Overfull \hbox (55.22195pt too wide) in paragraph at lines 944--945
[][]\T1/lmr/m/it/10 63[][] 
 []


Overfull \hbox (21.99426pt too wide) in paragraph at lines 945--946
[]\T1/lmr/m/it/10 pre-
 []


Overfull \hbox (62.12195pt too wide) in paragraph at lines 945--946
\T1/lmr/m/it/10 boot
 []


Overfull \hbox (59.05539pt too wide) in paragraph at lines 945--946
\T1/lmr/m/it/10 au-
 []


Overfull \hbox (67.23296pt too wide) in paragraph at lines 945--946
\T1/lmr/m/it/10 then-
 []


Overfull \hbox (54.96663pt too wide) in paragraph at lines 945--946
\T1/lmr/m/it/10 ti-
 []


Overfull \hbox (57.7776pt too wide) in paragraph at lines 945--946
\T1/lmr/m/it/10 ca-
 []


Overfull \hbox (65.1885pt too wide) in paragraph at lines 945--946
\T1/lmr/m/it/10 tion,
 []


Overfull \hbox (63.39958pt too wide) in paragraph at lines 945--946
[][]\T1/lmr/m/it/10 351[][],
 []


Overfull \hbox (60.33293pt too wide) in paragraph at lines 945--946
[][]\T1/lmr/m/it/10 425[][] 
 []




Overfull \hbox (97.84593pt too wide) has occurred while \output is active
\T1/lmr/m/sl/10 BIBLIOGRAPHIE \T1/lmr/m/n/10 611
 []

[611]
Overfull \hbox (43.97215pt too wide) in paragraph at lines 946--947
[]\T1/lmr/m/it/10 preimage
 []


Overfull \hbox (56.88329pt too wide) in paragraph at lines 946--947
\T1/lmr/m/it/10 re-
 []


Overfull \hbox (59.82237pt too wide) in paragraph at lines 946--947
\T1/lmr/m/it/10 sis-
 []


Overfull \hbox (70.81075pt too wide) in paragraph at lines 946--947
\T1/lmr/m/it/10 tance,
 []


Overfull \hbox (60.33293pt too wide) in paragraph at lines 946--947
[][]\T1/lmr/m/it/10 118[][] 
 []


Overfull \hbox (30.17229pt too wide) in paragraph at lines 947--948
[]\T1/lmr/m/it/10 prime
 []


Overfull \hbox (61.35538pt too wide) in paragraph at lines 947--948
\T1/lmr/m/it/10 fac-
 []


Overfull \hbox (60.71652pt too wide) in paragraph at lines 947--948
\T1/lmr/m/it/10 tor,
 []


Overfull \hbox (60.33293pt too wide) in paragraph at lines 947--948
[][]\T1/lmr/m/it/10 496[][] 
 []


Overfull \hbox (30.17229pt too wide) in paragraph at lines 948--949
[]\T1/lmr/m/it/10 prime
 []


Overfull \hbox (67.7444pt too wide) in paragraph at lines 948--949
\T1/lmr/m/it/10 num-
 []


Overfull \hbox (60.9722pt too wide) in paragraph at lines 948--949
\T1/lmr/m/it/10 ber,
 []


Overfull \hbox (60.33293pt too wide) in paragraph at lines 948--949
[][]\T1/lmr/m/it/10 496[][] 
 []


Overfull \hbox (42.1224pt too wide) in paragraph at lines 949--950
[]| \T1/lmr/m/it/10 mu-
 []


Overfull \hbox (64.42201pt too wide) in paragraph at lines 949--950
\T1/lmr/m/it/10 tual,
 []


Overfull \hbox (60.33293pt too wide) in paragraph at lines 949--950
[][]\T1/lmr/m/it/10 504[][] 
 []


Overfull \hbox (41.92758pt too wide) in paragraph at lines 950--951
[]\T1/lmr/m/it/10 priming,
 []


Overfull \hbox (55.22195pt too wide) in paragraph at lines 950--951
[][]\T1/lmr/m/it/10 26[][] 
 []


Overfull \hbox (44.22783pt too wide) in paragraph at lines 951--952
[]\T1/lmr/m/it/10 primitive
 []


Overfull \hbox (58.28857pt too wide) in paragraph at lines 951--952
\T1/lmr/m/it/10 po-
 []


Overfull \hbox (55.98872pt too wide) in paragraph at lines 951--952
\T1/lmr/m/it/10 ly-
 []


Overfull \hbox (59.31071pt too wide) in paragraph at lines 951--952
\T1/lmr/m/it/10 no-
 []


Overfull \hbox (66.97775pt too wide) in paragraph at lines 951--952
\T1/lmr/m/it/10 mial,
 []


Overfull \hbox (55.22195pt too wide) in paragraph at lines 951--952
[][]\T1/lmr/m/it/10 90[][] 
 []


Overfull \hbox (41.81104pt too wide) in paragraph at lines 952--953
[]\T1/lmr/m/it/10 Privacy-
 []


Overfull \hbox (91.13809pt too wide) in paragraph at lines 952--953
\T1/lmr/m/it/10 Enhancing
 []


Overfull \hbox (68.76645pt too wide) in paragraph at lines 952--953
\T1/lmr/m/it/10 Tech-
 []


Overfull \hbox (59.31071pt too wide) in paragraph at lines 952--953
\T1/lmr/m/it/10 no-
 []


Overfull \hbox (61.61084pt too wide) in paragraph at lines 952--953
\T1/lmr/m/it/10 logy
 []


Overfull \hbox (76.96712pt too wide) in paragraph at lines 952--953
\T1/lmr/m/it/10 (PET),
 []


Overfull \hbox (60.33293pt too wide) in paragraph at lines 952--953
[][]\T1/lmr/m/it/10 463[][] 
 []


Overfull \hbox (35.02751pt too wide) in paragraph at lines 953--954
[]\T1/lmr/m/it/10 private
 []


Overfull \hbox (62.12216pt too wide) in paragraph at lines 953--954
\T1/lmr/m/it/10 key,
 []


Overfull \hbox (58.2886pt too wide) in paragraph at lines 953--954
[][]\T1/lmr/m/it/10 66[][],
 []


Overfull \hbox (58.2886pt too wide) in paragraph at lines 953--954
[][]\T1/lmr/m/it/10 96[][],
 []


Overfull \hbox (60.33293pt too wide) in paragraph at lines 953--954
[][]\T1/lmr/m/it/10 127[][] 
 []


Overfull \hbox (40.90532pt too wide) in paragraph at lines 954--955
[]\T1/lmr/m/it/10 privilege
 []


Overfull \hbox (57.26674pt too wide) in paragraph at lines 954--955
\T1/lmr/m/it/10 es-
 []


Overfull \hbox (57.7776pt too wide) in paragraph at lines 954--955
\T1/lmr/m/it/10 ca-
 []


Overfull \hbox (56.2442pt too wide) in paragraph at lines 954--955
\T1/lmr/m/it/10 la-
 []


Overfull \hbox (65.1885pt too wide) in paragraph at lines 954--955
\T1/lmr/m/it/10 tion,
 []


Overfull \hbox (60.33293pt too wide) in paragraph at lines 954--955
[][]\T1/lmr/m/it/10 345[][] 
 []




Overfull \hbox (43.71625pt too wide) in paragraph at lines 955--956
[]\T1/lmr/m/it/10 proactive
 []


Overfull \hbox (77.58273pt too wide) in paragraph at lines 955--956
\T1/lmr/m/it/10 control,
 []


Overfull \hbox (60.33293pt too wide) in paragraph at lines 955--956
[][]\T1/lmr/m/it/10 150[][] 
 []


Overfull \hbox (35.28323pt too wide) in paragraph at lines 956--957
[]\T1/lmr/m/it/10 process
 []


Overfull \hbox (61.35518pt too wide) in paragraph at lines 956--957
\T1/lmr/m/it/10 hol-
 []


Overfull \hbox (56.2442pt too wide) in paragraph at lines 956--957
\T1/lmr/m/it/10 lo-
 []


Overfull \hbox (67.99979pt too wide) in paragraph at lines 956--957
\T1/lmr/m/it/10 wing,
 []


Overfull \hbox (63.39958pt too wide) in paragraph at lines 956--957
[][]\T1/lmr/m/it/10 181[][],
 []


Overfull \hbox (60.33293pt too wide) in paragraph at lines 956--957
[][]\T1/lmr/m/it/10 377[][] 
 []


Overfull \hbox (47.67752pt too wide) in paragraph at lines 957--958
[]\T1/lmr/m/it/10 processor,
 []


Overfull \hbox (60.33293pt too wide) in paragraph at lines 957--958
[][]\T1/lmr/m/it/10 476[][] 
 []


Overfull \hbox (43.07753pt too wide) in paragraph at lines 958--959
[]\T1/lmr/m/it/10 program,
 []


Overfull \hbox (60.33293pt too wide) in paragraph at lines 958--959
[][]\T1/lmr/m/it/10 476[][] 
 []


Overfull \hbox (38.54422pt too wide) in paragraph at lines 959--960
[]| \T1/lmr/m/it/10 dy-
 []


Overfull \hbox (59.31071pt too wide) in paragraph at lines 959--960
\T1/lmr/m/it/10 na-
 []


Overfull \hbox (63.9113pt too wide) in paragraph at lines 959--960
\T1/lmr/m/it/10 mic,
 []


Overfull \hbox (60.33293pt too wide) in paragraph at lines 959--960
[][]\T1/lmr/m/it/10 374[][] 
 []


Overfull \hbox (41.09995pt too wide) in paragraph at lines 960--961
[]| \T1/lmr/m/it/10 sta-
 []


Overfull \hbox (59.05554pt too wide) in paragraph at lines 960--961
\T1/lmr/m/it/10 tic,
 []


Overfull \hbox (60.33293pt too wide) in paragraph at lines 960--961
[][]\T1/lmr/m/it/10 374[][] 
 []


Overfull \hbox (40.01088pt too wide) in paragraph at lines 961--962
[]\T1/lmr/m/it/10 program
 []


Overfull \hbox (61.0999pt too wide) in paragraph at lines 961--962
\T1/lmr/m/it/10 vul-
 []


Overfull \hbox (58.79974pt too wide) in paragraph at lines 961--962
\T1/lmr/m/it/10 ne-
 []


Overfull \hbox (57.39426pt too wide) in paragraph at lines 961--962
\T1/lmr/m/it/10 ra-
 []


Overfull \hbox (56.2444pt too wide) in paragraph at lines 961--962
\T1/lmr/m/it/10 bi-
 []


Overfull \hbox (61.86652pt too wide) in paragraph at lines 961--962
\T1/lmr/m/it/10 lity,
 []


Overfull \hbox (60.33293pt too wide) in paragraph at lines 961--962
[][]\T1/lmr/m/it/10 366[][] 
 []


Overfull \hbox (51.12712pt too wide) in paragraph at lines 962--963
[]\T1/lmr/m/it/10 protection,
 []


Overfull \hbox (60.33293pt too wide) in paragraph at lines 962--963
[][]\T1/lmr/m/it/10 487[][] 
 []


Overfull \hbox (48.06047pt too wide) in paragraph at lines 963--964
[]\T1/lmr/m/it/10 protection
 []


Overfull \hbox (65.57196pt too wide) in paragraph at lines 963--964
\T1/lmr/m/it/10 ring,
 []


Overfull \hbox (60.33293pt too wide) in paragraph at lines 963--964
[][]\T1/lmr/m/it/10 342[][] 
 []


Overfull \hbox (41.67157pt too wide) in paragraph at lines 964--965
[]\T1/lmr/m/it/10 protocol,
 []


Overfull \hbox (60.33293pt too wide) in paragraph at lines 964--965
[][]\T1/lmr/m/it/10 130[][] 
 []


Overfull \hbox (49.57811pt too wide) in paragraph at lines 965--966
[]| \T1/lmr/m/it/10 ARP,
 []


Overfull \hbox (60.33293pt too wide) in paragraph at lines 965--966
[][]\T1/lmr/m/it/10 169[][] 
 []


Overfull \hbox (48.67212pt too wide) in paragraph at lines 966--967
[]| \T1/lmr/m/it/10 DNS,
 []


Overfull \hbox (60.33293pt too wide) in paragraph at lines 966--967
[][]\T1/lmr/m/it/10 168[][] 
 []


Overfull \hbox (56.59464pt too wide) in paragraph at lines 967--968
[]| \T1/lmr/m/it/10 HTTP,
 []


Overfull \hbox (63.39958pt too wide) in paragraph at lines 967--968
[][]\T1/lmr/m/it/10 198[][],
 []


Overfull \hbox (60.33293pt too wide) in paragraph at lines 967--968
[][]\T1/lmr/m/it/10 392[][] 
 []


Overfull \hbox (54.82813pt too wide) in paragraph at lines 968--969
[]| \T1/lmr/m/it/10 ICMP,
 []


Overfull \hbox (60.33293pt too wide) in paragraph at lines 968--969
[][]\T1/lmr/m/it/10 275[][] 
 []




Overfull \hbox (97.84593pt too wide) has occurred while \output is active
\T1/lmr/m/n/10 612 \T1/lmr/m/sl/10 BIBLIOGRAPHIE
 []

[612]
Overfull \hbox (55.10611pt too wide) in paragraph at lines 969--970
[]| \T1/lmr/m/it/10 IMAP,
 []


Overfull \hbox (60.33293pt too wide) in paragraph at lines 969--970
[][]\T1/lmr/m/it/10 187[][] 
 []


Overfull \hbox (55.85004pt too wide) in paragraph at lines 970--971
[]| \T1/lmr/m/it/10 LDAP,
 []


Overfull \hbox (60.33293pt too wide) in paragraph at lines 970--971
[][]\T1/lmr/m/it/10 384[][] 
 []


Overfull \hbox (54.41162pt too wide) in paragraph at lines 971--972
[]| \T1/lmr/m/it/10 POP3,
 []


Overfull \hbox (60.33293pt too wide) in paragraph at lines 971--972
[][]\T1/lmr/m/it/10 187[][] 
 []


Overfull \hbox (56.59464pt too wide) in paragraph at lines 972--973
[]| \T1/lmr/m/it/10 SMTP,
 []


Overfull \hbox (63.39958pt too wide) in paragraph at lines 972--973
[][]\T1/lmr/m/it/10 187[][],
 []


Overfull \hbox (60.33293pt too wide) in paragraph at lines 972--973
[][]\T1/lmr/m/it/10 283[][] 
 []


Overfull \hbox (56.87262pt too wide) in paragraph at lines 973--974
[]| \T1/lmr/m/it/10 SNMP,
 []


Overfull \hbox (60.33293pt too wide) in paragraph at lines 973--974
[][]\T1/lmr/m/it/10 287[][] 
 []


Overfull \hbox (58.2218pt too wide) in paragraph at lines 974--975
[]| \T1/lmr/m/it/10 station-
 []


Overfull \hbox (57.01096pt too wide) in paragraph at lines 974--975
\T1/lmr/m/it/10 to-
 []


Overfull \hbox (77.71071pt too wide) in paragraph at lines 974--975
\T1/lmr/m/it/10 station,
 []


Overfull \hbox (60.33293pt too wide) in paragraph at lines 974--975
[][]\T1/lmr/m/it/10 138[][] 
 []


Overfull \hbox (49.16115pt too wide) in paragraph at lines 975--976
[]| \T1/lmr/m/it/10 TCP,
 []


Overfull \hbox (63.39958pt too wide) in paragraph at lines 975--976
[][]\T1/lmr/m/it/10 163[][],
 []


Overfull \hbox (60.33293pt too wide) in paragraph at lines 975--976
[][]\T1/lmr/m/it/10 273[][] 
 []


Overfull \hbox (40.27744pt too wide) in paragraph at lines 976--977
[]\T1/lmr/m/it/10 Protocol
 []


Overfull \hbox (77.5827pt too wide) in paragraph at lines 976--977
\T1/lmr/m/it/10 Control
 []


Overfull \hbox (58.05522pt too wide) in paragraph at lines 976--977
\T1/lmr/m/it/10 In-
 []


Overfull \hbox (60.97203pt too wide) in paragraph at lines 976--977
\T1/lmr/m/it/10 for-
 []


Overfull \hbox (61.86671pt too wide) in paragraph at lines 976--977
\T1/lmr/m/it/10 ma-
 []


Overfull \hbox (62.12186pt too wide) in paragraph at lines 976--977
\T1/lmr/m/it/10 tion
 []


Overfull \hbox (74.03911pt too wide) in paragraph at lines 976--977
\T1/lmr/m/it/10 (PCI),
 []


Overfull \hbox (60.33293pt too wide) in paragraph at lines 976--977
[][]\T1/lmr/m/it/10 155[][] 
 []


Overfull \hbox (31.48863pt too wide) in paragraph at lines 977--978
[]\T1/lmr/m/it/10 proxy,
 []


Overfull \hbox (60.33293pt too wide) in paragraph at lines 977--978
[][]\T1/lmr/m/it/10 245[][] 
 []


Overfull \hbox (30.29979pt too wide) in paragraph at lines 978--979
[]\T1/lmr/m/it/10 public
 []


Overfull \hbox (62.12216pt too wide) in paragraph at lines 978--979
\T1/lmr/m/it/10 key,
 []


Overfull \hbox (58.2886pt too wide) in paragraph at lines 978--979
[][]\T1/lmr/m/it/10 66[][],
 []


Overfull \hbox (60.33293pt too wide) in paragraph at lines 978--979
[][]\T1/lmr/m/it/10 126[][] 
 []


Overfull \hbox (22.88861pt too wide) in paragraph at lines 982--983
[]\T1/lmr/m/it/10 qop,
 []


Overfull \hbox (60.33293pt too wide) in paragraph at lines 982--983
[][]\T1/lmr/m/it/10 396[][] 
 []


Overfull \hbox (33.87752pt too wide) in paragraph at lines 983--984
[]\T1/lmr/m/it/10 quality
 []


Overfull \hbox (53.17763pt too wide) in paragraph at lines 983--984
\T1/lmr/m/it/10 of
 []


Overfull \hbox (62.50523pt too wide) in paragraph at lines 983--984
\T1/lmr/m/it/10 pro-
 []


Overfull \hbox (60.58887pt too wide) in paragraph at lines 983--984
\T1/lmr/m/it/10 tec-
 []


Overfull \hbox (65.1885pt too wide) in paragraph at lines 983--984
\T1/lmr/m/it/10 tion,
 []


Overfull \hbox (60.33293pt too wide) in paragraph at lines 983--984
[][]\T1/lmr/m/it/10 395[][] 
 []

Missing character: There is no ﬁ ("FB01) in font ec-lmri10!
Missing character: There is no ﬁ ("FB01) in font ec-lmri10!

Overfull \hbox (34.89964pt too wide) in paragraph at lines 984--985
[]\T1/lmr/m/it/10 qualied
 []


Overfull \hbox (61.48329pt too wide) in paragraph at lines 984--985
\T1/lmr/m/it/10 cer-
 []


Overfull \hbox (54.96663pt too wide) in paragraph at lines 984--985
\T1/lmr/m/it/10 ti-
 []


Overfull \hbox (65.18875pt too wide) in paragraph at lines 984--985
\T1/lmr/m/it/10 cate,
 []


Overfull \hbox (60.33293pt too wide) in paragraph at lines 984--985
[][]\T1/lmr/m/it/10 147[][] 
 []




Overfull \hbox (42.56654pt too wide) in paragraph at lines 985--986
[]\T1/lmr/m/it/10 quantum
 []


Overfull \hbox (65.9556pt too wide) in paragraph at lines 985--986
\T1/lmr/m/it/10 com-
 []


Overfull \hbox (59.05539pt too wide) in paragraph at lines 985--986
\T1/lmr/m/it/10 pu-
 []


Overfull \hbox (60.20555pt too wide) in paragraph at lines 985--986
\T1/lmr/m/it/10 ter,
 []


Overfull \hbox (60.33293pt too wide) in paragraph at lines 985--986
[][]\T1/lmr/m/it/10 108[][] 
 []


Overfull \hbox (31.70549pt too wide) in paragraph at lines 986--987
[]\T1/lmr/m/it/10 query,
 []


Overfull \hbox (60.33293pt too wide) in paragraph at lines 986--987
[][]\T1/lmr/m/it/10 408[][] 
 []


Overfull \hbox (32.47206pt too wide) in paragraph at lines 990--991
[]\T1/lmr/m/it/10 rabbit,
 []


Overfull \hbox (60.33293pt too wide) in paragraph at lines 990--991
[][]\T1/lmr/m/it/10 375[][] 
 []


Overfull \hbox (22.5054pt too wide) in paragraph at lines 991--992
[]\T1/lmr/m/it/10 race
 []


Overfull \hbox (71.57722pt too wide) in paragraph at lines 991--992
\T1/lmr/m/it/10 condi-
 []


Overfull \hbox (65.1885pt too wide) in paragraph at lines 991--992
\T1/lmr/m/it/10 tion,
 []


Overfull \hbox (60.33293pt too wide) in paragraph at lines 991--992
[][]\T1/lmr/m/it/10 372[][] 
 []


Overfull \hbox (41.42732pt too wide) in paragraph at lines 992--993
[]\T1/lmr/m/it/10 Rainbow
 []


Overfull \hbox (58.79974pt too wide) in paragraph at lines 992--993
\T1/lmr/m/it/10 Se-
 []


Overfull \hbox (64.03896pt too wide) in paragraph at lines 992--993
\T1/lmr/m/it/10 ries,
 []


Overfull \hbox (50.11098pt too wide) in paragraph at lines 992--993
[][]\T1/lmr/m/it/10 1[][] 
 []


Overfull \hbox (37.83846pt too wide) in paragraph at lines 993--994
[]\T1/lmr/m/it/10 random
 []


Overfull \hbox (61.99426pt too wide) in paragraph at lines 993--994
\T1/lmr/m/it/10 per-
 []


Overfull \hbox (62.1224pt too wide) in paragraph at lines 993--994
\T1/lmr/m/it/10 mu-
 []


Overfull \hbox (57.01096pt too wide) in paragraph at lines 993--994
\T1/lmr/m/it/10 ta-
 []


Overfull \hbox (65.1885pt too wide) in paragraph at lines 993--994
\T1/lmr/m/it/10 tion,
 []


Overfull \hbox (55.22195pt too wide) in paragraph at lines 993--994
[][]\T1/lmr/m/it/10 70[][] 
 []


Overfull \hbox (59.94412pt too wide) in paragraph at lines 994--995
[]\T1/lmr/m/it/10 ransomware,
 []


Overfull \hbox (53.17763pt too wide) in paragraph at lines 994--995
[][]\T1/lmr/m/it/10 6[][],
 []


Overfull \hbox (63.39958pt too wide) in paragraph at lines 994--995
[][]\T1/lmr/m/it/10 213[][],
 []


Overfull \hbox (60.33293pt too wide) in paragraph at lines 994--995
[][]\T1/lmr/m/it/10 375[][] 
 []


Overfull \hbox (27.37204pt too wide) in paragraph at lines 995--996
[]\T1/lmr/m/it/10 RC4,
 []


Overfull \hbox (58.2886pt too wide) in paragraph at lines 995--996
[][]\T1/lmr/m/it/10 93[][],
 []


Overfull \hbox (60.33293pt too wide) in paragraph at lines 995--996
[][]\T1/lmr/m/it/10 255[][] 
 []


Overfull \hbox (46.72224pt too wide) in paragraph at lines 996--997
[]| \T1/lmr/m/it/10 keys-
 []


Overfull \hbox (69.40562pt too wide) in paragraph at lines 996--997
\T1/lmr/m/it/10 tream
 []


Overfull \hbox (57.77776pt too wide) in paragraph at lines 996--997
\T1/lmr/m/it/10 ge-
 []


Overfull \hbox (58.79974pt too wide) in paragraph at lines 996--997
\T1/lmr/m/it/10 ne-
 []


Overfull \hbox (57.39426pt too wide) in paragraph at lines 996--997
\T1/lmr/m/it/10 ra-
 []


Overfull \hbox (60.71652pt too wide) in paragraph at lines 996--997
\T1/lmr/m/it/10 tor,
 []


Overfull \hbox (55.22195pt too wide) in paragraph at lines 996--997
[][]\T1/lmr/m/it/10 93[][] 
 []


Overfull \hbox (41.0999pt too wide) in paragraph at lines 997--998
[]| \T1/lmr/m/it/10 vul-
 []


Overfull \hbox (58.79974pt too wide) in paragraph at lines 997--998
\T1/lmr/m/it/10 ne-
 []


Overfull \hbox (57.39426pt too wide) in paragraph at lines 997--998
\T1/lmr/m/it/10 ra-
 []


Overfull \hbox (56.2444pt too wide) in paragraph at lines 997--998
\T1/lmr/m/it/10 bi-
 []


Overfull \hbox (54.19987pt too wide) in paragraph at lines 997--998
\T1/lmr/m/it/10 li-
 []


Overfull \hbox (63.14453pt too wide) in paragraph at lines 997--998
\T1/lmr/m/it/10 ties,
 []


Overfull \hbox (60.33293pt too wide) in paragraph at lines 997--998
[][]\T1/lmr/m/it/10 230[][] 
 []




Overfull \hbox (97.84593pt too wide) has occurred while \output is active
\T1/lmr/m/sl/10 BIBLIOGRAPHIE \T1/lmr/m/n/10 613
 []

[613]
Overfull \hbox (49.0221pt too wide) in paragraph at lines 998--999
[]| \T1/lmr/m/it/10 weak-
 []


Overfull \hbox (66.46663pt too wide) in paragraph at lines 998--999
\T1/lmr/m/it/10 ness,
 []


Overfull \hbox (55.22195pt too wide) in paragraph at lines 998--999
[][]\T1/lmr/m/it/10 93[][] 
 []


Overfull \hbox (38.0943pt too wide) in paragraph at lines 999--1000
[]\T1/lmr/m/it/10 reactive
 []


Overfull \hbox (77.58273pt too wide) in paragraph at lines 999--1000
\T1/lmr/m/it/10 control,
 []


Overfull \hbox (60.33293pt too wide) in paragraph at lines 999--1000
[][]\T1/lmr/m/it/10 150[][] 
 []


Overfull \hbox (46.72182pt too wide) in paragraph at lines 1000--1001
[]| \T1/lmr/m/it/10 data,
 []


Overfull \hbox (60.33293pt too wide) in paragraph at lines 1000--1001
[][]\T1/lmr/m/it/10 430[][] 
 []


Overfull \hbox (41.61122pt too wide) in paragraph at lines 1001--1002
[]| \T1/lmr/m/it/10 sys-
 []


Overfull \hbox (61.10023pt too wide) in paragraph at lines 1001--1002
\T1/lmr/m/it/10 tem
 []


Overfull \hbox (67.23306pt too wide) in paragraph at lines 1001--1002
\T1/lmr/m/it/10 func-
 []


Overfull \hbox (60.0776pt too wide) in paragraph at lines 1001--1002
\T1/lmr/m/it/10 tio-
 []


Overfull \hbox (59.31071pt too wide) in paragraph at lines 1001--1002
\T1/lmr/m/it/10 na-
 []


Overfull \hbox (61.86652pt too wide) in paragraph at lines 1001--1002
\T1/lmr/m/it/10 lity,
 []


Overfull \hbox (60.33293pt too wide) in paragraph at lines 1001--1002
[][]\T1/lmr/m/it/10 432[][] 
 []


Overfull \hbox (40.26645pt too wide) in paragraph at lines 1002--1003
[]\T1/lmr/m/it/10 recovery
 []


Overfull \hbox (61.22762pt too wide) in paragraph at lines 1002--1003
\T1/lmr/m/it/10 tar-
 []


Overfull \hbox (60.5889pt too wide) in paragraph at lines 1002--1003
\T1/lmr/m/it/10 get,
 []


Overfull \hbox (60.33293pt too wide) in paragraph at lines 1002--1003
[][]\T1/lmr/m/it/10 427[][] 
 []


Overfull \hbox (50.48833pt too wide) in paragraph at lines 1003--1004
[]\T1/lmr/m/it/10 redirection
 []


Overfull \hbox (57.01096pt too wide) in paragraph at lines 1003--1004
\T1/lmr/m/it/10 at-
 []


Overfull \hbox (65.69987pt too wide) in paragraph at lines 1003--1004
\T1/lmr/m/it/10 tack,
 []


Overfull \hbox (60.33293pt too wide) in paragraph at lines 1003--1004
[][]\T1/lmr/m/it/10 225[][] 
 []


Overfull \hbox (40.4051pt too wide) in paragraph at lines 1004--1005
[]\T1/lmr/m/it/10 Redline,
 []


Overfull \hbox (60.33293pt too wide) in paragraph at lines 1004--1005
[][]\T1/lmr/m/it/10 423[][] 
 []


Overfull \hbox (57.26016pt too wide) in paragraph at lines 1005--1006
[]\T1/lmr/m/it/10 redundancy,
 []


Overfull \hbox (63.39958pt too wide) in paragraph at lines 1005--1006
[][]\T1/lmr/m/it/10 290[][],
 []


Overfull \hbox (60.33293pt too wide) in paragraph at lines 1005--1006
[][]\T1/lmr/m/it/10 427[][] 
 []


Overfull \hbox (46.66644pt too wide) in paragraph at lines 1006--1008
[]\T1/lmr/m/it/10 Reference
 []


Overfull \hbox (62.65572pt too wide) in paragraph at lines 1006--1008
\T1/lmr/m/it/10 Mo-
 []


Overfull \hbox (57.26639pt too wide) in paragraph at lines 1006--1008
\T1/lmr/m/it/10 ni-
 []


Overfull \hbox (57.64987pt too wide) in paragraph at lines 1006--1008
\T1/lmr/m/it/10 tor
 []


Overfull \hbox (72.5061pt too wide) in paragraph at lines 1006--1008
\T1/lmr/m/it/10 (RM),
 []


Overfull \hbox (63.39958pt too wide) in paragraph at lines 1006--1008
[][]\T1/lmr/m/it/10 303[][],
 []


Overfull \hbox (63.39958pt too wide) in paragraph at lines 1006--1008
[][]\T1/lmr/m/it/10 348[][],
 []


Overfull \hbox (60.33293pt too wide) in paragraph at lines 1006--1008
[][]\T1/lmr/m/it/10 471[][] 
 []


Overfull \hbox (43.58862pt too wide) in paragraph at lines 1008--1009
[]\T1/lmr/m/it/10 reference
 []


Overfull \hbox (67.7444pt too wide) in paragraph at lines 1008--1009
\T1/lmr/m/it/10 num-
 []


Overfull \hbox (60.9722pt too wide) in paragraph at lines 1008--1009
\T1/lmr/m/it/10 ber,
 []


Overfull \hbox (60.33293pt too wide) in paragraph at lines 1008--1009
[][]\T1/lmr/m/it/10 117[][] 
 []


Overfull \hbox (49.43913pt too wide) in paragraph at lines 1009--1010
[]| \T1/lmr/m/it/10 CPU,
 []


Overfull \hbox (60.33293pt too wide) in paragraph at lines 1009--1010
[][]\T1/lmr/m/it/10 477[][] 
 []


Overfull \hbox (56.88849pt too wide) in paragraph at lines 1010--1011
[]\T1/lmr/m/it/10 Registration
 []


Overfull \hbox (60.86678pt too wide) in paragraph at lines 1010--1011
\T1/lmr/m/it/10 Au-
 []


Overfull \hbox (62.12193pt too wide) in paragraph at lines 1010--1011
\T1/lmr/m/it/10 tho-
 []


Overfull \hbox (60.46104pt too wide) in paragraph at lines 1010--1011
\T1/lmr/m/it/10 rity
 []


Overfull \hbox (70.9726pt too wide) in paragraph at lines 1010--1011
\T1/lmr/m/it/10 (RA),
 []


Overfull \hbox (55.22195pt too wide) in paragraph at lines 1010--1011
[][]\T1/lmr/m/it/10 67[][] 
 []




Overfull \hbox (43.08893pt too wide) in paragraph at lines 1011--1012
[]\T1/lmr/m/it/10 Registry,
 []


Overfull \hbox (60.33293pt too wide) in paragraph at lines 1011--1012
[][]\T1/lmr/m/it/10 341[][] 
 []


Overfull \hbox (42.12216pt too wide) in paragraph at lines 1012--1013
[]| \T1/lmr/m/it/10 key,
 []


Overfull \hbox (60.33293pt too wide) in paragraph at lines 1012--1013
[][]\T1/lmr/m/it/10 338[][] 
 []


Overfull \hbox (42.6334pt too wide) in paragraph at lines 1013--1014
[]| \T1/lmr/m/it/10 sub-
 []


Overfull \hbox (62.12216pt too wide) in paragraph at lines 1013--1014
\T1/lmr/m/it/10 key,
 []


Overfull \hbox (60.33293pt too wide) in paragraph at lines 1013--1014
[][]\T1/lmr/m/it/10 341[][] 
 []


Overfull \hbox (34.51675pt too wide) in paragraph at lines 1014--1015
[]\T1/lmr/m/it/10 remote
 []


Overfull \hbox (66.97765pt too wide) in paragraph at lines 1014--1015
\T1/lmr/m/it/10 wipe,
 []


Overfull \hbox (60.33293pt too wide) in paragraph at lines 1014--1015
[][]\T1/lmr/m/it/10 424[][] 
 []


Overfull \hbox (47.29378pt too wide) in paragraph at lines 1015--1016
[]\T1/lmr/m/it/10 replaying,
 []


Overfull \hbox (60.33293pt too wide) in paragraph at lines 1015--1016
[][]\T1/lmr/m/it/10 256[][] 
 []


Overfull \hbox (37.83897pt too wide) in paragraph at lines 1016--1017
[]\T1/lmr/m/it/10 request,
 []


Overfull \hbox (60.33293pt too wide) in paragraph at lines 1016--1017
[][]\T1/lmr/m/it/10 199[][] 
 []


Overfull \hbox (38.60529pt too wide) in paragraph at lines 1017--1018
[]\T1/lmr/m/it/10 residual
 []


Overfull \hbox (64.03896pt too wide) in paragraph at lines 1017--1018
\T1/lmr/m/it/10 risk,
 []


Overfull \hbox (58.2886pt too wide) in paragraph at lines 1017--1018
[][]\T1/lmr/m/it/10 42[][],
 []


Overfull \hbox (55.22195pt too wide) in paragraph at lines 1017--1018
[][]\T1/lmr/m/it/10 59[][] 
 []


Overfull \hbox (41.86671pt too wide) in paragraph at lines 1018--1019
[]| \T1/lmr/m/it/10 ma-
 []


Overfull \hbox (63.31119pt too wide) in paragraph at lines 1018--1019
\T1/lmr/m/it/10 trix,
 []


Overfull \hbox (58.2886pt too wide) in paragraph at lines 1018--1019
[][]\T1/lmr/m/it/10 42[][],
 []


Overfull \hbox (55.22195pt too wide) in paragraph at lines 1018--1019
[][]\T1/lmr/m/it/10 60[][] 
 []


Overfull \hbox (41.54431pt too wide) in paragraph at lines 1019--1020
[]\T1/lmr/m/it/10 resolver,
 []


Overfull \hbox (63.39958pt too wide) in paragraph at lines 1019--1020
[][]\T1/lmr/m/it/10 168[][],
 []


Overfull \hbox (63.39958pt too wide) in paragraph at lines 1019--1020
[][]\T1/lmr/m/it/10 169[][],
 []


Overfull \hbox (60.33293pt too wide) in paragraph at lines 1019--1020
[][]\T1/lmr/m/it/10 280[][] 
 []


Overfull \hbox (43.33325pt too wide) in paragraph at lines 1020--1021
[]\T1/lmr/m/it/10 resource,
 []


Overfull \hbox (60.33293pt too wide) in paragraph at lines 1020--1021
[][]\T1/lmr/m/it/10 392[][] 
 []


Overfull \hbox (43.34442pt too wide) in paragraph at lines 1021--1022
[]\T1/lmr/m/it/10 Resource
 []


Overfull \hbox (59.9611pt too wide) in paragraph at lines 1021--1022
\T1/lmr/m/it/10 Re-
 []


Overfull \hbox (63.01637pt too wide) in paragraph at lines 1021--1022
\T1/lmr/m/it/10 cord
 []


Overfull \hbox (70.83359pt too wide) in paragraph at lines 1021--1022
\T1/lmr/m/it/10 (RR),
 []


Overfull \hbox (58.2886pt too wide) in paragraph at lines 1021--1022
[][]\T1/lmr/m/it/10 93[][],
 []


Overfull \hbox (60.33293pt too wide) in paragraph at lines 1021--1022
[][]\T1/lmr/m/it/10 103[][] 
 []


Overfull \hbox (44.483pt too wide) in paragraph at lines 1022--1023
[]\T1/lmr/m/it/10 response,
 []


Overfull \hbox (60.33293pt too wide) in paragraph at lines 1022--1023
[][]\T1/lmr/m/it/10 200[][] 
 []


Overfull \hbox (31.8331pt too wide) in paragraph at lines 1023--1024
[]\T1/lmr/m/it/10 return
 []


Overfull \hbox (66.46637pt too wide) in paragraph at lines 1023--1024
\T1/lmr/m/it/10 code,
 []


Overfull \hbox (60.33293pt too wide) in paragraph at lines 1023--1024
[][]\T1/lmr/m/it/10 200[][] 
 []


Overfull \hbox (28.78905pt too wide) in paragraph at lines 1024--1025
[]\T1/lmr/m/it/10 RFC,
 []


Overfull \hbox (60.33293pt too wide) in paragraph at lines 1024--1025
[][]\T1/lmr/m/it/10 183[][] 
 []


Overfull \hbox (28.38318pt too wide) in paragraph at lines 1025--1026
[]\T1/lmr/m/it/10 right,
 []


Overfull \hbox (63.39958pt too wide) in paragraph at lines 1025--1026
[][]\T1/lmr/m/it/10 321[][],
 []


Overfull \hbox (60.33293pt too wide) in paragraph at lines 1025--1026
[][]\T1/lmr/m/it/10 454[][] 
 []




Overfull \hbox (97.84593pt too wide) has occurred while \output is active
\T1/lmr/m/n/10 614 \T1/lmr/m/sl/10 BIBLIOGRAPHIE
 []

[614]
Overfull \hbox (25.31653pt too wide) in paragraph at lines 1026--1027
[]\T1/lmr/m/it/10 right
 []


Overfull \hbox (53.43321pt too wide) in paragraph at lines 1026--1027
\T1/lmr/m/it/10 to
 []


Overfull \hbox (53.68889pt too wide) in paragraph at lines 1026--1027
\T1/lmr/m/it/10 be
 []


Overfull \hbox (60.97203pt too wide) in paragraph at lines 1026--1027
\T1/lmr/m/it/10 for-
 []


Overfull \hbox (61.61096pt too wide) in paragraph at lines 1026--1027
\T1/lmr/m/it/10 got-
 []


Overfull \hbox (61.61089pt too wide) in paragraph at lines 1026--1027
\T1/lmr/m/it/10 ten,
 []


Overfull \hbox (60.33293pt too wide) in paragraph at lines 1026--1027
[][]\T1/lmr/m/it/10 463[][] 
 []


Overfull \hbox (44.2383pt too wide) in paragraph at lines 1027--1028
[]\T1/lmr/m/it/10 Rijndael,
 []


Overfull \hbox (55.22195pt too wide) in paragraph at lines 1027--1028
[][]\T1/lmr/m/it/10 87[][] 
 []


Overfull \hbox (24.03896pt too wide) in paragraph at lines 1028--1029
[]\T1/lmr/m/it/10 risk,
 []


Overfull \hbox (58.2886pt too wide) in paragraph at lines 1028--1029
[][]\T1/lmr/m/it/10 41[][],
 []


Overfull \hbox (55.22195pt too wide) in paragraph at lines 1028--1029
[][]\T1/lmr/m/it/10 42[][] 
 []


Overfull \hbox (44.42169pt too wide) in paragraph at lines 1029--1030
[]| \T1/lmr/m/it/10 ana-
 []


Overfull \hbox (55.98872pt too wide) in paragraph at lines 1029--1030
\T1/lmr/m/it/10 ly-
 []


Overfull \hbox (59.31128pt too wide) in paragraph at lines 1029--1030
\T1/lmr/m/it/10 sis,
 []


Overfull \hbox (55.22195pt too wide) in paragraph at lines 1029--1030
[][]\T1/lmr/m/it/10 50[][] 
 []


Overfull \hbox (46.46635pt too wide) in paragraph at lines 1030--1031
[]| \T1/lmr/m/it/10 avoi-
 []


Overfull \hbox (72.59949pt too wide) in paragraph at lines 1030--1031
\T1/lmr/m/it/10 dance,
 []


Overfull \hbox (55.22195pt too wide) in paragraph at lines 1030--1031
[][]\T1/lmr/m/it/10 46[][] 
 []


Overfull \hbox (41.86671pt too wide) in paragraph at lines 1031--1032
[]| \T1/lmr/m/it/10 ma-
 []


Overfull \hbox (59.31071pt too wide) in paragraph at lines 1031--1032
\T1/lmr/m/it/10 na-
 []


Overfull \hbox (57.77776pt too wide) in paragraph at lines 1031--1032
\T1/lmr/m/it/10 ge-
 []


Overfull \hbox (69.78888pt too wide) in paragraph at lines 1031--1032
\T1/lmr/m/it/10 ment,
 []


Overfull \hbox (55.22195pt too wide) in paragraph at lines 1031--1032
[][]\T1/lmr/m/it/10 46[][] 
 []


Overfull \hbox (41.86671pt too wide) in paragraph at lines 1032--1033
[]| \T1/lmr/m/it/10 ma-
 []


Overfull \hbox (63.31119pt too wide) in paragraph at lines 1032--1033
\T1/lmr/m/it/10 trix,
 []


Overfull \hbox (58.2886pt too wide) in paragraph at lines 1032--1033
[][]\T1/lmr/m/it/10 42[][],
 []


Overfull \hbox (55.22195pt too wide) in paragraph at lines 1032--1033
[][]\T1/lmr/m/it/10 60[][] 
 []


Overfull \hbox (39.82239pt too wide) in paragraph at lines 1033--1034
[]| \T1/lmr/m/it/10 mi-
 []


Overfull \hbox (54.96663pt too wide) in paragraph at lines 1033--1034
\T1/lmr/m/it/10 ti-
 []


Overfull \hbox (58.28873pt too wide) in paragraph at lines 1033--1034
\T1/lmr/m/it/10 ga-
 []


Overfull \hbox (65.1885pt too wide) in paragraph at lines 1033--1034
\T1/lmr/m/it/10 tion,
 []


Overfull \hbox (55.22195pt too wide) in paragraph at lines 1033--1034
[][]\T1/lmr/m/it/10 46[][] 
 []


Overfull \hbox (38.28873pt too wide) in paragraph at lines 1034--1035
[]| \T1/lmr/m/it/10 ob-
 []


Overfull \hbox (60.33328pt too wide) in paragraph at lines 1034--1035
\T1/lmr/m/it/10 jec-
 []


Overfull \hbox (63.65555pt too wide) in paragraph at lines 1034--1035
\T1/lmr/m/it/10 tive,
 []


Overfull \hbox (55.22195pt too wide) in paragraph at lines 1034--1035
[][]\T1/lmr/m/it/10 41[][] 
 []


Overfull \hbox (36.88329pt too wide) in paragraph at lines 1035--1036
[]| \T1/lmr/m/it/10 re-
 []


Overfull \hbox (63.6554pt too wide) in paragraph at lines 1035--1036
\T1/lmr/m/it/10 duc-
 []


Overfull \hbox (65.1885pt too wide) in paragraph at lines 1035--1036
\T1/lmr/m/it/10 tion,
 []


Overfull \hbox (55.22195pt too wide) in paragraph at lines 1035--1036
[][]\T1/lmr/m/it/10 46[][] 
 []


Overfull \hbox (36.88329pt too wide) in paragraph at lines 1036--1037
[]| \T1/lmr/m/it/10 re-
 []


Overfull \hbox (55.73338pt too wide) in paragraph at lines 1036--1037
\T1/lmr/m/it/10 si-
 []


Overfull \hbox (66.21075pt too wide) in paragraph at lines 1036--1037
\T1/lmr/m/it/10 dual,
 []


Overfull \hbox (55.22195pt too wide) in paragraph at lines 1036--1037
[][]\T1/lmr/m/it/10 42[][] 
 []


Overfull \hbox (36.88329pt too wide) in paragraph at lines 1037--1038
[]| \T1/lmr/m/it/10 re-
 []


Overfull \hbox (62.12198pt too wide) in paragraph at lines 1037--1038
\T1/lmr/m/it/10 ten-
 []


Overfull \hbox (65.1885pt too wide) in paragraph at lines 1037--1038
\T1/lmr/m/it/10 tion,
 []


Overfull \hbox (55.22195pt too wide) in paragraph at lines 1037--1038
[][]\T1/lmr/m/it/10 46[][] 
 []




Overfull \hbox (42.88869pt too wide) in paragraph at lines 1038--1039
[]| \T1/lmr/m/it/10 sha-
 []


Overfull \hbox (65.57196pt too wide) in paragraph at lines 1038--1039
\T1/lmr/m/it/10 ring,
 []


Overfull \hbox (55.22195pt too wide) in paragraph at lines 1038--1039
[][]\T1/lmr/m/it/10 46[][] 
 []


Overfull \hbox (42.6334pt too wide) in paragraph at lines 1039--1040
[]| \T1/lmr/m/it/10 sub-
 []


Overfull \hbox (60.33328pt too wide) in paragraph at lines 1039--1040
\T1/lmr/m/it/10 jec-
 []


Overfull \hbox (63.65555pt too wide) in paragraph at lines 1039--1040
\T1/lmr/m/it/10 tive,
 []


Overfull \hbox (55.22195pt too wide) in paragraph at lines 1039--1040
[][]\T1/lmr/m/it/10 41[][] 
 []


Overfull \hbox (50.42747pt too wide) in paragraph at lines 1040--1041
[]| \T1/lmr/m/it/10 trans-
 []


Overfull \hbox (59.94997pt too wide) in paragraph at lines 1040--1041
\T1/lmr/m/it/10 fer,
 []


Overfull \hbox (55.22195pt too wide) in paragraph at lines 1040--1041
[][]\T1/lmr/m/it/10 46[][] 
 []


Overfull \hbox (29.95012pt too wide) in paragraph at lines 1041--1042
[]\T1/lmr/m/it/10 RNC,
 []


Overfull \hbox (60.33293pt too wide) in paragraph at lines 1041--1042
[][]\T1/lmr/m/it/10 266[][] 
 []


Overfull \hbox (42.94966pt too wide) in paragraph at lines 1042--1043
[]\T1/lmr/m/it/10 roaming,
 []


Overfull \hbox (60.33293pt too wide) in paragraph at lines 1042--1043
[][]\T1/lmr/m/it/10 178[][] 
 []


Overfull \hbox (52.66104pt too wide) in paragraph at lines 1043--1044
[]\T1/lmr/m/it/10 robustness,
 []


Overfull \hbox (60.33293pt too wide) in paragraph at lines 1043--1044
[][]\T1/lmr/m/it/10 374[][] 
 []


Overfull \hbox (34.2949pt too wide) in paragraph at lines 1044--1045
[]\T1/lmr/m/it/10 ROCA
 []


Overfull \hbox (57.01096pt too wide) in paragraph at lines 1044--1045
\T1/lmr/m/it/10 at-
 []


Overfull \hbox (65.69987pt too wide) in paragraph at lines 1044--1045
\T1/lmr/m/it/10 tack,
 []


Overfull \hbox (60.33293pt too wide) in paragraph at lines 1044--1045
[][]\T1/lmr/m/it/10 469[][] 
 []


Overfull \hbox (24.03865pt too wide) in paragraph at lines 1045--1046
[]\T1/lmr/m/it/10 role,
 []


Overfull \hbox (60.33293pt too wide) in paragraph at lines 1045--1046
[][]\T1/lmr/m/it/10 321[][] 
 []


Overfull \hbox (24.04982pt too wide) in paragraph at lines 1046--1047
[]\T1/lmr/m/it/10 Role
 []


Overfull \hbox (60.72772pt too wide) in paragraph at lines 1046--1047
\T1/lmr/m/it/10 Ba-
 []


Overfull \hbox (58.28885pt too wide) in paragraph at lines 1046--1047
\T1/lmr/m/it/10 sed
 []


Overfull \hbox (60.10011pt too wide) in paragraph at lines 1046--1047
\T1/lmr/m/it/10 Ac-
 []


Overfull \hbox (61.86687pt too wide) in paragraph at lines 1046--1047
\T1/lmr/m/it/10 cess
 []


Overfull \hbox (77.5827pt too wide) in paragraph at lines 1046--1047
\T1/lmr/m/it/10 Control
 []


Overfull \hbox (84.65598pt too wide) in paragraph at lines 1046--1047
\T1/lmr/m/it/10 (RBAC),
 []


Overfull \hbox (60.33293pt too wide) in paragraph at lines 1046--1047
[][]\T1/lmr/m/it/10 321[][] 
 []


Overfull \hbox (24.80525pt too wide) in paragraph at lines 1047--1048
[]\T1/lmr/m/it/10 root,
 []


Overfull \hbox (60.33293pt too wide) in paragraph at lines 1047--1048
[][]\T1/lmr/m/it/10 321[][] 
 []


Overfull \hbox (40.97203pt too wide) in paragraph at lines 1048--1049
[]| \T1/lmr/m/it/10 pri-
 []


Overfull \hbox (56.2444pt too wide) in paragraph at lines 1048--1049
\T1/lmr/m/it/10 vi-
 []


Overfull \hbox (68.00002pt too wide) in paragraph at lines 1048--1049
\T1/lmr/m/it/10 leges,
 []


Overfull \hbox (60.33293pt too wide) in paragraph at lines 1048--1049
[][]\T1/lmr/m/it/10 330[][] 
 []

Missing character: There is no ﬁ ("FB01) in font ec-lmri10!

Overfull \hbox (21.7386pt too wide) in paragraph at lines 1049--1050
[]\T1/lmr/m/it/10 root
 []


Overfull \hbox (61.48329pt too wide) in paragraph at lines 1049--1050
\T1/lmr/m/it/10 cer-
 []


Overfull \hbox (54.96663pt too wide) in paragraph at lines 1049--1050
\T1/lmr/m/it/10 ti-
 []


Overfull \hbox (65.18875pt too wide) in paragraph at lines 1049--1050
\T1/lmr/m/it/10 cate,
 []


Overfull \hbox (63.39958pt too wide) in paragraph at lines 1049--1050
[][]\T1/lmr/m/it/10 141[][],
 []


Overfull \hbox (60.33293pt too wide) in paragraph at lines 1049--1050
[][]\T1/lmr/m/it/10 143[][] 
 []


Overfull \hbox (21.7386pt too wide) in paragraph at lines 1050--1051
[]\T1/lmr/m/it/10 root
 []


Overfull \hbox (66.21115pt too wide) in paragraph at lines 1050--1051
\T1/lmr/m/it/10 keys,
 []


Overfull \hbox (60.33293pt too wide) in paragraph at lines 1050--1051
[][]\T1/lmr/m/it/10 341[][] 
 []




Overfull \hbox (97.84593pt too wide) has occurred while \output is active
\T1/lmr/m/sl/10 BIBLIOGRAPHIE \T1/lmr/m/n/10 615
 []

[615]
Overfull \hbox (21.7386pt too wide) in paragraph at lines 1051--1052
[]\T1/lmr/m/it/10 root
 []


Overfull \hbox (61.4834pt too wide) in paragraph at lines 1051--1052
\T1/lmr/m/it/10 ser-
 []


Overfull \hbox (61.48332pt too wide) in paragraph at lines 1051--1052
\T1/lmr/m/it/10 ver,
 []


Overfull \hbox (60.33293pt too wide) in paragraph at lines 1051--1052
[][]\T1/lmr/m/it/10 168[][] 
 []


Overfull \hbox (35.79414pt too wide) in paragraph at lines 1052--1053
[]\T1/lmr/m/it/10 rootkit,
 []


Overfull \hbox (60.33293pt too wide) in paragraph at lines 1052--1053
[][]\T1/lmr/m/it/10 345[][] 
 []


Overfull \hbox (52.25014pt too wide) in paragraph at lines 1053--1054
[]| \T1/lmr/m/it/10 BIOS,
 []


Overfull \hbox (60.33293pt too wide) in paragraph at lines 1053--1054
[][]\T1/lmr/m/it/10 348[][] 
 []


Overfull \hbox (45.69969pt too wide) in paragraph at lines 1054--1055
[]| \T1/lmr/m/it/10 boot-
 []


Overfull \hbox (59.05554pt too wide) in paragraph at lines 1054--1055
\T1/lmr/m/it/10 kit,
 []


Overfull \hbox (60.33293pt too wide) in paragraph at lines 1054--1055
[][]\T1/lmr/m/it/10 348[][] 
 []


Overfull \hbox (41.99442pt too wide) in paragraph at lines 1055--1056
[]| \T1/lmr/m/it/10 ker-
 []


Overfull \hbox (57.77748pt too wide) in paragraph at lines 1055--1056
\T1/lmr/m/it/10 nel
 []


Overfull \hbox (70.55548pt too wide) in paragraph at lines 1055--1056
\T1/lmr/m/it/10 mode,
 []


Overfull \hbox (60.33293pt too wide) in paragraph at lines 1055--1056
[][]\T1/lmr/m/it/10 348[][] 
 []


Overfull \hbox (43.27232pt too wide) in paragraph at lines 1056--1057
[]| \T1/lmr/m/it/10 user
 []


Overfull \hbox (70.55548pt too wide) in paragraph at lines 1056--1057
\T1/lmr/m/it/10 mode,
 []


Overfull \hbox (60.33293pt too wide) in paragraph at lines 1056--1057
[][]\T1/lmr/m/it/10 345[][] 
 []


Overfull \hbox (29.91615pt too wide) in paragraph at lines 1057--1058
[]\T1/lmr/m/it/10 round
 []


Overfull \hbox (62.12216pt too wide) in paragraph at lines 1057--1058
\T1/lmr/m/it/10 key,
 []


Overfull \hbox (58.2886pt too wide) in paragraph at lines 1057--1058
[][]\T1/lmr/m/it/10 87[][],
 []


Overfull \hbox (60.33293pt too wide) in paragraph at lines 1057--1058
[][]\T1/lmr/m/it/10 351[][] 
 []


Overfull \hbox (34.38873pt too wide) in paragraph at lines 1058--1059
[]\T1/lmr/m/it/10 router,
 []


Overfull \hbox (63.39958pt too wide) in paragraph at lines 1058--1059
[][]\T1/lmr/m/it/10 159[][],
 []


Overfull \hbox (60.33293pt too wide) in paragraph at lines 1058--1059
[][]\T1/lmr/m/it/10 170[][] 
 []


Overfull \hbox (29.81163pt too wide) in paragraph at lines 1059--1060
[]\T1/lmr/m/it/10 RPO,
 []


Overfull \hbox (63.39958pt too wide) in paragraph at lines 1059--1060
[][]\T1/lmr/m/it/10 427[][],
 []


Overfull \hbox (60.33293pt too wide) in paragraph at lines 1059--1060
[][]\T1/lmr/m/it/10 430[][] 
 []


Overfull \hbox (22.65561pt too wide) in paragraph at lines 1060--1061
[]\T1/lmr/m/it/10 RR,
 []


Overfull \hbox (58.2886pt too wide) in paragraph at lines 1060--1061
[][]\T1/lmr/m/it/10 93[][],
 []


Overfull \hbox (60.33293pt too wide) in paragraph at lines 1060--1061
[][]\T1/lmr/m/it/10 189[][] 
 []


Overfull \hbox (28.41661pt too wide) in paragraph at lines 1061--1063
[]\T1/lmr/m/it/10 RSA,
 []


Overfull \hbox (63.39958pt too wide) in paragraph at lines 1061--1063
[][]\T1/lmr/m/it/10 100[][],
 []


Overfull \hbox (63.39958pt too wide) in paragraph at lines 1061--1063
[][]\T1/lmr/m/it/10 125[][],
 []


Overfull \hbox (63.39958pt too wide) in paragraph at lines 1061--1063
[][]\T1/lmr/m/it/10 138[][],
 []


Overfull \hbox (63.39958pt too wide) in paragraph at lines 1061--1063
[][]\T1/lmr/m/it/10 198[][],
 []


Overfull \hbox (60.33293pt too wide) in paragraph at lines 1061--1063
[][]\T1/lmr/m/it/10 508[][] 
 []


Overfull \hbox (39.05551pt too wide) in paragraph at lines 1063--1064
[]| \T1/lmr/m/it/10 key
 []


Overfull \hbox (57.77776pt too wide) in paragraph at lines 1063--1064
\T1/lmr/m/it/10 ge-
 []


Overfull \hbox (58.79974pt too wide) in paragraph at lines 1063--1064
\T1/lmr/m/it/10 ne-
 []


Overfull \hbox (57.39426pt too wide) in paragraph at lines 1063--1064
\T1/lmr/m/it/10 ra-
 []


Overfull \hbox (65.1885pt too wide) in paragraph at lines 1063--1064
\T1/lmr/m/it/10 tion,
 []


Overfull \hbox (63.39958pt too wide) in paragraph at lines 1063--1064
[][]\T1/lmr/m/it/10 101[][],
 []


Overfull \hbox (60.33293pt too wide) in paragraph at lines 1063--1064
[][]\T1/lmr/m/it/10 469[][] 
 []




Overfull \hbox (41.86671pt too wide) in paragraph at lines 1064--1065
[]| \T1/lmr/m/it/10 mo-
 []


Overfull \hbox (59.05539pt too wide) in paragraph at lines 1064--1065
\T1/lmr/m/it/10 du-
 []


Overfull \hbox (60.07779pt too wide) in paragraph at lines 1064--1065
\T1/lmr/m/it/10 lus,
 []


Overfull \hbox (60.33293pt too wide) in paragraph at lines 1064--1065
[][]\T1/lmr/m/it/10 100[][] 
 []


Overfull \hbox (40.97203pt too wide) in paragraph at lines 1065--1066
[]| \T1/lmr/m/it/10 pri-
 []


Overfull \hbox (62.63322pt too wide) in paragraph at lines 1065--1066
\T1/lmr/m/it/10 vate
 []


Overfull \hbox (57.81674pt too wide) in paragraph at lines 1065--1066
\T1/lmr/m/it/10 ex-
 []


Overfull \hbox (76.94371pt too wide) in paragraph at lines 1065--1066
\T1/lmr/m/it/10 ponent,
 []


Overfull \hbox (60.33293pt too wide) in paragraph at lines 1065--1066
[][]\T1/lmr/m/it/10 100[][] 
 []


Overfull \hbox (40.97203pt too wide) in paragraph at lines 1066--1067
[]| \T1/lmr/m/it/10 pri-
 []


Overfull \hbox (62.63322pt too wide) in paragraph at lines 1066--1067
\T1/lmr/m/it/10 vate
 []


Overfull \hbox (62.12216pt too wide) in paragraph at lines 1066--1067
\T1/lmr/m/it/10 key,
 []


Overfull \hbox (60.33293pt too wide) in paragraph at lines 1066--1067
[][]\T1/lmr/m/it/10 100[][] 
 []


Overfull \hbox (39.05539pt too wide) in paragraph at lines 1067--1068
[]| \T1/lmr/m/it/10 pu-
 []


Overfull \hbox (59.82214pt too wide) in paragraph at lines 1067--1068
\T1/lmr/m/it/10 blic
 []


Overfull \hbox (57.81674pt too wide) in paragraph at lines 1067--1068
\T1/lmr/m/it/10 ex-
 []


Overfull \hbox (76.94371pt too wide) in paragraph at lines 1067--1068
\T1/lmr/m/it/10 ponent,
 []


Overfull \hbox (60.33293pt too wide) in paragraph at lines 1067--1068
[][]\T1/lmr/m/it/10 100[][] 
 []


Overfull \hbox (39.05539pt too wide) in paragraph at lines 1068--1069
[]| \T1/lmr/m/it/10 pu-
 []


Overfull \hbox (59.82214pt too wide) in paragraph at lines 1068--1069
\T1/lmr/m/it/10 blic
 []


Overfull \hbox (62.12216pt too wide) in paragraph at lines 1068--1069
\T1/lmr/m/it/10 key,
 []


Overfull \hbox (60.33293pt too wide) in paragraph at lines 1068--1069
[][]\T1/lmr/m/it/10 100[][] 
 []


Overfull \hbox (41.0999pt too wide) in paragraph at lines 1069--1070
[]| \T1/lmr/m/it/10 vul-
 []


Overfull \hbox (58.79974pt too wide) in paragraph at lines 1069--1070
\T1/lmr/m/it/10 ne-
 []


Overfull \hbox (57.39426pt too wide) in paragraph at lines 1069--1070
\T1/lmr/m/it/10 ra-
 []


Overfull \hbox (56.2444pt too wide) in paragraph at lines 1069--1070
\T1/lmr/m/it/10 bi-
 []


Overfull \hbox (54.19987pt too wide) in paragraph at lines 1069--1070
\T1/lmr/m/it/10 li-
 []


Overfull \hbox (63.14453pt too wide) in paragraph at lines 1069--1070
\T1/lmr/m/it/10 ties,
 []


Overfull \hbox (60.33293pt too wide) in paragraph at lines 1069--1070
[][]\T1/lmr/m/it/10 106[][] 
 []


Overfull \hbox (25.34996pt too wide) in paragraph at lines 1070--1071
[]\T1/lmr/m/it/10 RSA
 []


Overfull \hbox (67.7444pt too wide) in paragraph at lines 1070--1071
\T1/lmr/m/it/10 num-
 []


Overfull \hbox (60.9722pt too wide) in paragraph at lines 1070--1071
\T1/lmr/m/it/10 ber,
 []


Overfull \hbox (63.39958pt too wide) in paragraph at lines 1070--1071
[][]\T1/lmr/m/it/10 104[][],
 []


Overfull \hbox (60.33293pt too wide) in paragraph at lines 1070--1071
[][]\T1/lmr/m/it/10 502[][] 
 []


Overfull \hbox (28.41661pt too wide) in paragraph at lines 1071--1072
[]\T1/lmr/m/it/10 RSN,
 []


Overfull \hbox (60.33293pt too wide) in paragraph at lines 1071--1072
[][]\T1/lmr/m/it/10 258[][] 
 []


Overfull \hbox (29.41698pt too wide) in paragraph at lines 1072--1073
[]\T1/lmr/m/it/10 RTO,
 []


Overfull \hbox (63.39958pt too wide) in paragraph at lines 1072--1073
[][]\T1/lmr/m/it/10 427[][],
 []


Overfull \hbox (60.33293pt too wide) in paragraph at lines 1072--1073
[][]\T1/lmr/m/it/10 430[][] 
 []


Overfull \hbox (21.73882pt too wide) in paragraph at lines 1073--1074
[]\T1/lmr/m/it/10 rule
 []


Overfull \hbox (53.17763pt too wide) in paragraph at lines 1073--1074
\T1/lmr/m/it/10 of
 []


Overfull \hbox (62.50523pt too wide) in paragraph at lines 1073--1074
\T1/lmr/m/it/10 pro-
 []


Overfull \hbox (57.26663pt too wide) in paragraph at lines 1073--1074
\T1/lmr/m/it/10 ce-
 []


Overfull \hbox (66.84984pt too wide) in paragraph at lines 1073--1074
\T1/lmr/m/it/10 dure,
 []


Overfull \hbox (60.33293pt too wide) in paragraph at lines 1073--1074
[][]\T1/lmr/m/it/10 155[][] 
 []


Overfull \hbox (47.37259pt too wide) in paragraph at lines 1077--1078
[]\T1/lmr/m/it/10 S/MIME,
 []


Overfull \hbox (63.39958pt too wide) in paragraph at lines 1077--1078
[][]\T1/lmr/m/it/10 198[][],
 []


Overfull \hbox (60.33293pt too wide) in paragraph at lines 1077--1078
[][]\T1/lmr/m/it/10 215[][] 
 []




Overfull \hbox (97.84593pt too wide) has occurred while \output is active
\T1/lmr/m/n/10 616 \T1/lmr/m/sl/10 BIBLIOGRAPHIE
 []

[616]
Overfull \hbox (45.44424pt too wide) in paragraph at lines 1078--1079
[]| \T1/lmr/m/it/10 type,
 []


Overfull \hbox (60.33293pt too wide) in paragraph at lines 1078--1079
[][]\T1/lmr/m/it/10 215[][] 
 []


Overfull \hbox (21.86662pt too wide) in paragraph at lines 1079--1080
[]\T1/lmr/m/it/10 safe
 []


Overfull \hbox (63.01636pt too wide) in paragraph at lines 1079--1080
\T1/lmr/m/it/10 har-
 []


Overfull \hbox (66.84984pt too wide) in paragraph at lines 1079--1080
\T1/lmr/m/it/10 bour,
 []


Overfull \hbox (63.39958pt too wide) in paragraph at lines 1079--1080
[][]\T1/lmr/m/it/10 452[][],
 []


Overfull \hbox (60.33293pt too wide) in paragraph at lines 1079--1080
[][]\T1/lmr/m/it/10 460[][] 
 []


Overfull \hbox (21.86662pt too wide) in paragraph at lines 1080--1081
[]\T1/lmr/m/it/10 safe
 []


Overfull \hbox (54.19987pt too wide) in paragraph at lines 1080--1081
\T1/lmr/m/it/10 li-
 []


Overfull \hbox (70.55533pt too wide) in paragraph at lines 1080--1081
\T1/lmr/m/it/10 brary,
 []


Overfull \hbox (60.33293pt too wide) in paragraph at lines 1080--1081
[][]\T1/lmr/m/it/10 369[][] 
 []


Overfull \hbox (23.14433pt too wide) in paragraph at lines 1081--1082
[]\T1/lmr/m/it/10 salt,
 []


Overfull \hbox (60.33293pt too wide) in paragraph at lines 1081--1082
[][]\T1/lmr/m/it/10 311[][] 
 []


Overfull \hbox (41.83844pt too wide) in paragraph at lines 1082--1083
[]\T1/lmr/m/it/10 sandbox,
 []


Overfull \hbox (60.33293pt too wide) in paragraph at lines 1082--1083
[][]\T1/lmr/m/it/10 345[][] 
 []


Overfull \hbox (39.24463pt too wide) in paragraph at lines 1083--1084
[]\T1/lmr/m/it/10 scheme,
 []


Overfull \hbox (63.39958pt too wide) in paragraph at lines 1083--1084
[][]\T1/lmr/m/it/10 200[][],
 []


Overfull \hbox (63.39958pt too wide) in paragraph at lines 1083--1084
[][]\T1/lmr/m/it/10 201[][],
 []


Overfull \hbox (60.33293pt too wide) in paragraph at lines 1083--1084
[][]\T1/lmr/m/it/10 270[][] 
 []


Overfull \hbox (40.9055pt too wide) in paragraph at lines 1084--1085
[]\T1/lmr/m/it/10 Schrems
 []


Overfull \hbox (55.77762pt too wide) in paragraph at lines 1084--1085
\T1/lmr/m/it/10 II,
 []


Overfull \hbox (60.33293pt too wide) in paragraph at lines 1084--1085
[][]\T1/lmr/m/it/10 461[][] 
 []


Overfull \hbox (34.77206pt too wide) in paragraph at lines 1085--1086
[]\T1/lmr/m/it/10 screen,
 []


Overfull \hbox (60.33293pt too wide) in paragraph at lines 1085--1086
[][]\T1/lmr/m/it/10 481[][] 
 []


Overfull \hbox (40.90527pt too wide) in paragraph at lines 1086--1087
[]\T1/lmr/m/it/10 screened
 []


Overfull \hbox (65.69983pt too wide) in paragraph at lines 1086--1087
\T1/lmr/m/it/10 host,
 []


Overfull \hbox (60.33293pt too wide) in paragraph at lines 1086--1087
[][]\T1/lmr/m/it/10 248[][] 
 []


Overfull \hbox (40.90527pt too wide) in paragraph at lines 1087--1088
[]\T1/lmr/m/it/10 screened
 []


Overfull \hbox (62.6334pt too wide) in paragraph at lines 1087--1088
\T1/lmr/m/it/10 sub-
 []


Overfull \hbox (61.61089pt too wide) in paragraph at lines 1087--1088
\T1/lmr/m/it/10 net,
 []


Overfull \hbox (60.33293pt too wide) in paragraph at lines 1087--1088
[][]\T1/lmr/m/it/10 248[][] 
 []


Overfull \hbox (44.99406pt too wide) in paragraph at lines 1088--1089
[]\T1/lmr/m/it/10 screening
 []


Overfull \hbox (62.76093pt too wide) in paragraph at lines 1088--1089
\T1/lmr/m/it/10 rou-
 []


Overfull \hbox (60.20555pt too wide) in paragraph at lines 1088--1089
\T1/lmr/m/it/10 ter,
 []


Overfull \hbox (60.33293pt too wide) in paragraph at lines 1088--1089
[][]\T1/lmr/m/it/10 245[][] 
 []


Overfull \hbox (32.47217pt too wide) in paragraph at lines 1089--1090
[]\T1/lmr/m/it/10 script,
 []


Overfull \hbox (60.33293pt too wide) in paragraph at lines 1089--1090
[][]\T1/lmr/m/it/10 391[][] 
 []


Overfull \hbox (36.68845pt too wide) in paragraph at lines 1090--1091
[]\T1/lmr/m/it/10 second-
 []


Overfull \hbox (83.97215pt too wide) in paragraph at lines 1090--1091
\T1/lmr/m/it/10 preimage
 []


Overfull \hbox (56.88329pt too wide) in paragraph at lines 1090--1091
\T1/lmr/m/it/10 re-
 []


Overfull \hbox (59.82237pt too wide) in paragraph at lines 1090--1091
\T1/lmr/m/it/10 sis-
 []


Overfull \hbox (70.81075pt too wide) in paragraph at lines 1090--1091
\T1/lmr/m/it/10 tance,
 []


Overfull \hbox (60.33293pt too wide) in paragraph at lines 1090--1091
[][]\T1/lmr/m/it/10 118[][] 
 []


Overfull \hbox (29.40565pt too wide) in paragraph at lines 1091--1092
[]\T1/lmr/m/it/10 secret
 []


Overfull \hbox (62.12216pt too wide) in paragraph at lines 1091--1092
\T1/lmr/m/it/10 key,
 []


Overfull \hbox (63.39958pt too wide) in paragraph at lines 1091--1092
[][]\T1/lmr/m/it/10 125[][],
 []


Overfull \hbox (63.39958pt too wide) in paragraph at lines 1091--1092
[][]\T1/lmr/m/it/10 131[][],
 []


Overfull \hbox (60.33293pt too wide) in paragraph at lines 1091--1092
[][]\T1/lmr/m/it/10 133[][] 
 []




Overfull \hbox (33.4944pt too wide) in paragraph at lines 1092--1093
[]\T1/lmr/m/it/10 sector,
 []


Overfull \hbox (60.33293pt too wide) in paragraph at lines 1092--1093
[][]\T1/lmr/m/it/10 478[][] 
 []


Overfull \hbox (32.9831pt too wide) in paragraph at lines 1093--1094
[]\T1/lmr/m/it/10 Secure
 []


Overfull \hbox (68.13872pt too wide) in paragraph at lines 1093--1094
\T1/lmr/m/it/10 Boot,
 []


Overfull \hbox (60.33293pt too wide) in paragraph at lines 1093--1094
[][]\T1/lmr/m/it/10 354[][] 
 []


Overfull \hbox (32.9831pt too wide) in paragraph at lines 1094--1095
[]\T1/lmr/m/it/10 Secure
 []


Overfull \hbox (59.19438pt too wide) in paragraph at lines 1094--1095
\T1/lmr/m/it/10 Di-
 []


Overfull \hbox (56.2444pt too wide) in paragraph at lines 1094--1095
\T1/lmr/m/it/10 gi-
 []


Overfull \hbox (55.9887pt too wide) in paragraph at lines 1094--1095
\T1/lmr/m/it/10 tal
 []


Overfull \hbox (69.41661pt too wide) in paragraph at lines 1094--1095
\T1/lmr/m/it/10 (SD),
 []


Overfull \hbox (60.33293pt too wide) in paragraph at lines 1094--1095
[][]\T1/lmr/m/it/10 257[][] 
 []


Overfull \hbox (32.9831pt too wide) in paragraph at lines 1095--1096
[]\T1/lmr/m/it/10 Secure
 []


Overfull \hbox (66.74443pt too wide) in paragraph at lines 1095--1096
\T1/lmr/m/it/10 Hash
 []


Overfull \hbox (58.18335pt too wide) in paragraph at lines 1095--1096
\T1/lmr/m/it/10 Al-
 []


Overfull \hbox (58.28873pt too wide) in paragraph at lines 1095--1096
\T1/lmr/m/it/10 go-
 []


Overfull \hbox (68.89452pt too wide) in paragraph at lines 1095--1096
\T1/lmr/m/it/10 rithm
 []


Overfull \hbox (76.7336pt too wide) in paragraph at lines 1095--1096
\T1/lmr/m/it/10 (SHA),
 []


Overfull \hbox (60.33293pt too wide) in paragraph at lines 1095--1096
[][]\T1/lmr/m/it/10 217[][] 
 []


Overfull \hbox (32.9831pt too wide) in paragraph at lines 1096--1097
[]\T1/lmr/m/it/10 Secure
 []


Overfull \hbox (66.21059pt too wide) in paragraph at lines 1096--1097
\T1/lmr/m/it/10 Shell
 []


Overfull \hbox (74.9221pt too wide) in paragraph at lines 1096--1097
\T1/lmr/m/it/10 (SSH),
 []


Overfull \hbox (60.33293pt too wide) in paragraph at lines 1096--1097
[][]\T1/lmr/m/it/10 316[][] 
 []


Overfull \hbox (55.28304pt too wide) in paragraph at lines 1097--1098
[]| \T1/lmr/m/it/10 breach,
 []


Overfull \hbox (60.33293pt too wide) in paragraph at lines 1097--1098
[][]\T1/lmr/m/it/10 416[][] 
 []


Overfull \hbox (39.82202pt too wide) in paragraph at lines 1098--1099
[]| \T1/lmr/m/it/10 fai-
 []


Overfull \hbox (64.29434pt too wide) in paragraph at lines 1098--1099
\T1/lmr/m/it/10 lure,
 []


Overfull \hbox (60.33293pt too wide) in paragraph at lines 1098--1099
[][]\T1/lmr/m/it/10 366[][] 
 []


Overfull \hbox (37.26639pt too wide) in paragraph at lines 1099--1100
[]| \T1/lmr/m/it/10 in-
 []


Overfull \hbox (56.2444pt too wide) in paragraph at lines 1099--1100
\T1/lmr/m/it/10 ci-
 []


Overfull \hbox (66.72186pt too wide) in paragraph at lines 1099--1100
\T1/lmr/m/it/10 dent,
 []


Overfull \hbox (60.33293pt too wide) in paragraph at lines 1099--1100
[][]\T1/lmr/m/it/10 416[][] 
 []


Overfull \hbox (38.28857pt too wide) in paragraph at lines 1100--1101
[]| \T1/lmr/m/it/10 po-
 []


Overfull \hbox (63.14429pt too wide) in paragraph at lines 1100--1101
\T1/lmr/m/it/10 licy,
 []


Overfull \hbox (55.22195pt too wide) in paragraph at lines 1100--1101
[][]\T1/lmr/m/it/10 13[][] 
 []


Overfull \hbox (41.61122pt too wide) in paragraph at lines 1101--1102
[]| \T1/lmr/m/it/10 sys-
 []


Overfull \hbox (56.49998pt too wide) in paragraph at lines 1101--1102
\T1/lmr/m/it/10 te-
 []


Overfull \hbox (61.86671pt too wide) in paragraph at lines 1101--1102
\T1/lmr/m/it/10 ma-
 []


Overfull \hbox (59.05554pt too wide) in paragraph at lines 1101--1102
\T1/lmr/m/it/10 tic,
 []


Overfull \hbox (55.22195pt too wide) in paragraph at lines 1101--1102
[][]\T1/lmr/m/it/10 47[][] 
 []


Overfull \hbox (41.22762pt too wide) in paragraph at lines 1102--1103
[]| \T1/lmr/m/it/10 tar-
 []


Overfull \hbox (60.5889pt too wide) in paragraph at lines 1102--1103
\T1/lmr/m/it/10 get,
 []


Overfull \hbox (58.2886pt too wide) in paragraph at lines 1102--1103
[][]\T1/lmr/m/it/10 11[][],
 []


Overfull \hbox (60.33293pt too wide) in paragraph at lines 1102--1103
[][]\T1/lmr/m/it/10 154[][] 
 []




Overfull \hbox (97.84593pt too wide) has occurred while \output is active
\T1/lmr/m/sl/10 BIBLIOGRAPHIE \T1/lmr/m/n/10 617
 []

[617]
Overfull \hbox (38.60559pt too wide) in paragraph at lines 1103--1105
[]\T1/lmr/m/it/10 security
 []


Overfull \hbox (65.44418pt too wide) in paragraph at lines 1103--1105
\T1/lmr/m/it/10 awa-
 []


Overfull \hbox (56.88329pt too wide) in paragraph at lines 1103--1105
\T1/lmr/m/it/10 re-
 []


Overfull \hbox (66.46663pt too wide) in paragraph at lines 1103--1105
\T1/lmr/m/it/10 ness,
 []


Overfull \hbox (58.2886pt too wide) in paragraph at lines 1103--1105
[][]\T1/lmr/m/it/10 35[][],
 []


Overfull \hbox (63.39958pt too wide) in paragraph at lines 1103--1105
[][]\T1/lmr/m/it/10 434[][],
 []


Overfull \hbox (60.33293pt too wide) in paragraph at lines 1103--1105
[][]\T1/lmr/m/it/10 472[][] 
 []


Overfull \hbox (38.60559pt too wide) in paragraph at lines 1105--1106
[]\T1/lmr/m/it/10 security
 []


Overfull \hbox (58.28873pt too wide) in paragraph at lines 1105--1106
\T1/lmr/m/it/10 de-
 []


Overfull \hbox (64.4222pt too wide) in paragraph at lines 1105--1106
\T1/lmr/m/it/10 vice,
 []


Overfull \hbox (60.33293pt too wide) in paragraph at lines 1105--1106
[][]\T1/lmr/m/it/10 481[][] 
 []


Overfull \hbox (38.60559pt too wide) in paragraph at lines 1106--1107
[]\T1/lmr/m/it/10 security
 []


Overfull \hbox (53.68864pt too wide) in paragraph at lines 1106--1107
\T1/lmr/m/it/10 in
 []


Overfull \hbox (71.32182pt too wide) in paragraph at lines 1106--1107
\T1/lmr/m/it/10 depth,
 []


Overfull \hbox (60.33293pt too wide) in paragraph at lines 1106--1107
[][]\T1/lmr/m/it/10 248[][] 
 []


Overfull \hbox (38.60559pt too wide) in paragraph at lines 1107--1108
[]\T1/lmr/m/it/10 security
 []


Overfull \hbox (58.28857pt too wide) in paragraph at lines 1107--1108
\T1/lmr/m/it/10 pa-
 []


Overfull \hbox (57.39426pt too wide) in paragraph at lines 1107--1108
\T1/lmr/m/it/10 ra-
 []


Overfull \hbox (61.35574pt too wide) in paragraph at lines 1107--1108
\T1/lmr/m/it/10 me-
 []


Overfull \hbox (60.20555pt too wide) in paragraph at lines 1107--1108
\T1/lmr/m/it/10 ter,
 []


Overfull \hbox (60.33293pt too wide) in paragraph at lines 1107--1108
[][]\T1/lmr/m/it/10 225[][] 
 []


Overfull \hbox (38.60559pt too wide) in paragraph at lines 1108--1109
[]\T1/lmr/m/it/10 security
 []


Overfull \hbox (67.48862pt too wide) in paragraph at lines 1108--1109
\T1/lmr/m/it/10 zone,
 []


Overfull \hbox (60.33293pt too wide) in paragraph at lines 1108--1109
[][]\T1/lmr/m/it/10 405[][] 
 []


Overfull \hbox (42.56676pt too wide) in paragraph at lines 1109--1110
[]\T1/lmr/m/it/10 segment,
 []


Overfull \hbox (60.33293pt too wide) in paragraph at lines 1109--1110
[][]\T1/lmr/m/it/10 338[][] 
 []


Overfull \hbox (39.5001pt too wide) in paragraph at lines 1110--1111
[]\T1/lmr/m/it/10 segment
 []


Overfull \hbox (68.25536pt too wide) in paragraph at lines 1110--1111
\T1/lmr/m/it/10 table,
 []


Overfull \hbox (60.33293pt too wide) in paragraph at lines 1110--1111
[][]\T1/lmr/m/it/10 338[][] 
 []

Missing character: There is no ﬃ ("FB03) in font ec-lmri10!

Overfull \hbox (22.88887pt too wide) in paragraph at lines 1111--1112
[]\T1/lmr/m/it/10 self-
 []


Overfull \hbox (71.32202pt too wide) in paragraph at lines 1111--1112
\T1/lmr/m/it/10 ecacy,
 []


Overfull \hbox (55.22195pt too wide) in paragraph at lines 1111--1112
[][]\T1/lmr/m/it/10 33[][] 
 []


Overfull \hbox (45.43843pt too wide) in paragraph at lines 1112--1113
[]\T1/lmr/m/it/10 SELinux,
 []


Overfull \hbox (63.39958pt too wide) in paragraph at lines 1112--1113
[][]\T1/lmr/m/it/10 321[][],
 []


Overfull \hbox (63.39958pt too wide) in paragraph at lines 1112--1113
[][]\T1/lmr/m/it/10 348[][],
 []


Overfull \hbox (60.33293pt too wide) in paragraph at lines 1112--1113
[][]\T1/lmr/m/it/10 471[][] 
 []


Overfull \hbox (37.45534pt too wide) in paragraph at lines 1113--1114
[]\T1/lmr/m/it/10 Semalt,
 []


Overfull \hbox (50.11098pt too wide) in paragraph at lines 1113--1114
[][]\T1/lmr/m/it/10 6[][] 
 []


Overfull \hbox (35.79427pt too wide) in paragraph at lines 1114--1115
[]\T1/lmr/m/it/10 sensor,
 []


Overfull \hbox (50.11098pt too wide) in paragraph at lines 1114--1115
[][]\T1/lmr/m/it/10 3[][] 
 []


Overfull \hbox (52.40485pt too wide) in paragraph at lines 1115--1116
[]\T1/lmr/m/it/10 separation,
 []


Overfull \hbox (60.33293pt too wide) in paragraph at lines 1115--1116
[][]\T1/lmr/m/it/10 321[][] 
 []


Overfull \hbox (20.84453pt too wide) in paragraph at lines 1116--1117
[]\T1/lmr/m/it/10 seq,
 []


Overfull \hbox (60.33293pt too wide) in paragraph at lines 1116--1117
[][]\T1/lmr/m/it/10 163[][] 
 []


Overfull \hbox (42.05544pt too wide) in paragraph at lines 1117--1118
[]\T1/lmr/m/it/10 sequence
 []


Overfull \hbox (67.7444pt too wide) in paragraph at lines 1117--1118
\T1/lmr/m/it/10 num-
 []


Overfull \hbox (60.9722pt too wide) in paragraph at lines 1117--1118
\T1/lmr/m/it/10 ber,
 []


Overfull \hbox (60.33293pt too wide) in paragraph at lines 1117--1118
[][]\T1/lmr/m/it/10 163[][] 
 []




Overfull \hbox (34.38898pt too wide) in paragraph at lines 1118--1119
[]\T1/lmr/m/it/10 server,
 []


Overfull \hbox (50.11098pt too wide) in paragraph at lines 1118--1119
[][]\T1/lmr/m/it/10 2[][] 
 []


Overfull \hbox (31.32233pt too wide) in paragraph at lines 1119--1120
[]\T1/lmr/m/it/10 server
 []


Overfull \hbox (72.47217pt too wide) in paragraph at lines 1119--1120
\T1/lmr/m/it/10 script,
 []


Overfull \hbox (60.33293pt too wide) in paragraph at lines 1119--1120
[][]\T1/lmr/m/it/10 202[][] 
 []


Overfull \hbox (37.32785pt too wide) in paragraph at lines 1120--1121
[]\T1/lmr/m/it/10 service,
 []


Overfull \hbox (60.33293pt too wide) in paragraph at lines 1120--1121
[][]\T1/lmr/m/it/10 153[][] 
 []


Overfull \hbox (45.9556pt too wide) in paragraph at lines 1121--1122
[]| \T1/lmr/m/it/10 com-
 []


Overfull \hbox (64.9721pt too wide) in paragraph at lines 1121--1122
\T1/lmr/m/it/10 plex,
 []


Overfull \hbox (50.11098pt too wide) in paragraph at lines 1121--1122
[][]\T1/lmr/m/it/10 2[][] 
 []


Overfull \hbox (74.83234pt too wide) in paragraph at lines 1122--1123
[]| \T1/lmr/m/it/10 connection-
 []


Overfull \hbox (83.20503pt too wide) in paragraph at lines 1122--1123
\T1/lmr/m/it/10 oriented,
 []


Overfull \hbox (60.33293pt too wide) in paragraph at lines 1122--1123
[][]\T1/lmr/m/it/10 154[][] 
 []


Overfull \hbox (57.71048pt too wide) in paragraph at lines 1123--1124
[]| \T1/lmr/m/it/10 connec-
 []


Overfull \hbox (65.6996pt too wide) in paragraph at lines 1123--1124
\T1/lmr/m/it/10 tion-
 []


Overfull \hbox (63.40012pt too wide) in paragraph at lines 1123--1124
\T1/lmr/m/it/10 less,
 []


Overfull \hbox (60.33293pt too wide) in paragraph at lines 1123--1124
[][]\T1/lmr/m/it/10 154[][] 
 []


Overfull \hbox (38.03325pt too wide) in paragraph at lines 1124--1125
[]| \T1/lmr/m/it/10 cy-
 []


Overfull \hbox (61.48329pt too wide) in paragraph at lines 1124--1125
\T1/lmr/m/it/10 ber-
 []


Overfull \hbox (60.46106pt too wide) in paragraph at lines 1124--1125
\T1/lmr/m/it/10 cri-
 []


Overfull \hbox (59.82239pt too wide) in paragraph at lines 1124--1125
\T1/lmr/m/it/10 mi-
 []


Overfull \hbox (61.3551pt too wide) in paragraph at lines 1124--1125
\T1/lmr/m/it/10 nal,
 []


Overfull \hbox (50.11098pt too wide) in paragraph at lines 1124--1125
[][]\T1/lmr/m/it/10 9[][] 
 []


Overfull \hbox (50.42758pt too wide) in paragraph at lines 1125--1126
[]| \T1/lmr/m/it/10 error-
 []


Overfull \hbox (63.52773pt too wide) in paragraph at lines 1125--1126
\T1/lmr/m/it/10 free,
 []


Overfull \hbox (60.33293pt too wide) in paragraph at lines 1125--1126
[][]\T1/lmr/m/it/10 154[][] 
 []


Overfull \hbox (37.26674pt too wide) in paragraph at lines 1126--1127
[]| \T1/lmr/m/it/10 se-
 []


Overfull \hbox (66.33887pt too wide) in paragraph at lines 1126--1127
\T1/lmr/m/it/10 cure,
 []


Overfull \hbox (60.33293pt too wide) in paragraph at lines 1126--1127
[][]\T1/lmr/m/it/10 153[][] 
 []


Overfull \hbox (37.26674pt too wide) in paragraph at lines 1127--1128
[]| \T1/lmr/m/it/10 se-
 []


Overfull \hbox (73.87756pt too wide) in paragraph at lines 1127--1128
\T1/lmr/m/it/10 quence
 []


Overfull \hbox (61.99426pt too wide) in paragraph at lines 1127--1128
\T1/lmr/m/it/10 pre-
 []


Overfull \hbox (61.4834pt too wide) in paragraph at lines 1127--1128
\T1/lmr/m/it/10 ser-
 []


Overfull \hbox (65.9553pt too wide) in paragraph at lines 1127--1128
\T1/lmr/m/it/10 ving,
 []


Overfull \hbox (60.33293pt too wide) in paragraph at lines 1127--1128
[][]\T1/lmr/m/it/10 153[][] 
 []


Overfull \hbox (48.27763pt too wide) in paragraph at lines 1128--1129
[]| \T1/lmr/m/it/10 SMS,
 []


Overfull \hbox (60.33293pt too wide) in paragraph at lines 1128--1129
[][]\T1/lmr/m/it/10 177[][] 
 []


Overfull \hbox (57.07236pt too wide) in paragraph at lines 1129--1130
[]| \T1/lmr/m/it/10 stream-
 []


Overfull \hbox (83.20503pt too wide) in paragraph at lines 1129--1130
\T1/lmr/m/it/10 oriented,
 []


Overfull \hbox (60.33293pt too wide) in paragraph at lines 1129--1130
[][]\T1/lmr/m/it/10 155[][] 
 []


Overfull \hbox (34.2612pt too wide) in paragraph at lines 1130--1131
[]\T1/lmr/m/it/10 service
 []


Overfull \hbox (57.81674pt too wide) in paragraph at lines 1130--1131
\T1/lmr/m/it/10 ex-
 []


Overfull \hbox (62.12198pt too wide) in paragraph at lines 1130--1131
\T1/lmr/m/it/10 ten-
 []


Overfull \hbox (65.95526pt too wide) in paragraph at lines 1130--1131
\T1/lmr/m/it/10 sion,
 []


Overfull \hbox (60.33293pt too wide) in paragraph at lines 1130--1131
[][]\T1/lmr/m/it/10 188[][] 
 []




Overfull \hbox (97.84593pt too wide) has occurred while \output is active
\T1/lmr/m/n/10 618 \T1/lmr/m/sl/10 BIBLIOGRAPHIE
 []

[618]
Overfull \hbox (36.05003pt too wide) in paragraph at lines 1131--1132
[]\T1/lmr/m/it/10 servlet,
 []


Overfull \hbox (60.33293pt too wide) in paragraph at lines 1131--1132
[][]\T1/lmr/m/it/10 408[][] 
 []


Overfull \hbox (35.6666pt too wide) in paragraph at lines 1132--1134
[]\T1/lmr/m/it/10 session
 []


Overfull \hbox (62.12216pt too wide) in paragraph at lines 1132--1134
\T1/lmr/m/it/10 key,
 []


Overfull \hbox (63.39958pt too wide) in paragraph at lines 1132--1134
[][]\T1/lmr/m/it/10 152[][],
 []


Overfull \hbox (63.39958pt too wide) in paragraph at lines 1132--1134
[][]\T1/lmr/m/it/10 215[][],
 []


Overfull \hbox (63.39958pt too wide) in paragraph at lines 1132--1134
[][]\T1/lmr/m/it/10 217[][],
 []


Overfull \hbox (63.39958pt too wide) in paragraph at lines 1132--1134
[][]\T1/lmr/m/it/10 265[][],
 []


Overfull \hbox (60.33293pt too wide) in paragraph at lines 1132--1134
[][]\T1/lmr/m/it/10 317[][] 
 []


Overfull \hbox (51.67172pt too wide) in paragraph at lines 1134--1135
[]\T1/lmr/m/it/10 SessionID,
 []


Overfull \hbox (60.33293pt too wide) in paragraph at lines 1134--1135
[][]\T1/lmr/m/it/10 401[][] 
 []


Overfull \hbox (35.86105pt too wide) in paragraph at lines 1135--1136
[]| \T1/lmr/m/it/10 ri-
 []


Overfull \hbox (62.88895pt too wide) in paragraph at lines 1135--1136
\T1/lmr/m/it/10 sici,
 []


Overfull \hbox (60.33293pt too wide) in paragraph at lines 1135--1136
[][]\T1/lmr/m/it/10 401[][] 
 []


Overfull \hbox (20.07788pt too wide) in paragraph at lines 1136--1137
[]\T1/lmr/m/it/10 set,
 []


Overfull \hbox (60.33293pt too wide) in paragraph at lines 1136--1137
[][]\T1/lmr/m/it/10 493[][] 
 []


Overfull \hbox (41.99426pt too wide) in paragraph at lines 1137--1138
[]| \T1/lmr/m/it/10 car-
 []


Overfull \hbox (56.75537pt too wide) in paragraph at lines 1137--1138
\T1/lmr/m/it/10 di-
 []


Overfull \hbox (59.31071pt too wide) in paragraph at lines 1137--1138
\T1/lmr/m/it/10 na-
 []


Overfull \hbox (61.86652pt too wide) in paragraph at lines 1137--1138
\T1/lmr/m/it/10 lity,
 []


Overfull \hbox (60.33293pt too wide) in paragraph at lines 1137--1138
[][]\T1/lmr/m/it/10 497[][] 
 []


Overfull \hbox (60.52145pt too wide) in paragraph at lines 1138--1139
[]| \T1/lmr/m/it/10 contain-
 []


Overfull \hbox (69.78888pt too wide) in paragraph at lines 1138--1139
\T1/lmr/m/it/10 ment,
 []


Overfull \hbox (60.33293pt too wide) in paragraph at lines 1138--1139
[][]\T1/lmr/m/it/10 497[][] 
 []

Missing character: There is no ﬀ ("FB00) in font ec-lmri10!

Overfull \hbox (41.35538pt too wide) in paragraph at lines 1139--1140
[]| \T1/lmr/m/it/10 die-
 []


Overfull \hbox (70.68307pt too wide) in paragraph at lines 1139--1140
\T1/lmr/m/it/10 rence,
 []


Overfull \hbox (60.33293pt too wide) in paragraph at lines 1139--1140
[][]\T1/lmr/m/it/10 497[][] 
 []


Overfull \hbox (37.26639pt too wide) in paragraph at lines 1140--1141
[]| \T1/lmr/m/it/10 in-
 []


Overfull \hbox (60.71664pt too wide) in paragraph at lines 1140--1141
\T1/lmr/m/it/10 ter-
 []


Overfull \hbox (61.35562pt too wide) in paragraph at lines 1140--1141
\T1/lmr/m/it/10 sec-
 []


Overfull \hbox (65.1885pt too wide) in paragraph at lines 1140--1141
\T1/lmr/m/it/10 tion,
 []


Overfull \hbox (60.33293pt too wide) in paragraph at lines 1140--1141
[][]\T1/lmr/m/it/10 497[][] 
 []


Overfull \hbox (49.53374pt too wide) in paragraph at lines 1141--1142
[]| \T1/lmr/m/it/10 mem-
 []


Overfull \hbox (61.48329pt too wide) in paragraph at lines 1141--1142
\T1/lmr/m/it/10 ber-
 []


Overfull \hbox (65.44424pt too wide) in paragraph at lines 1141--1142
\T1/lmr/m/it/10 ship,
 []


Overfull \hbox (60.33293pt too wide) in paragraph at lines 1141--1142
[][]\T1/lmr/m/it/10 497[][] 
 []


Overfull \hbox (42.6334pt too wide) in paragraph at lines 1142--1143
[]| \T1/lmr/m/it/10 sub-
 []


Overfull \hbox (60.07788pt too wide) in paragraph at lines 1142--1143
\T1/lmr/m/it/10 set,
 []


Overfull \hbox (60.33293pt too wide) in paragraph at lines 1142--1143
[][]\T1/lmr/m/it/10 497[][] 
 []


Overfull \hbox (52.85493pt too wide) in paragraph at lines 1143--1144
[]| \T1/lmr/m/it/10 union,
 []


Overfull \hbox (60.33293pt too wide) in paragraph at lines 1143--1144
[][]\T1/lmr/m/it/10 497[][] 
 []


Overfull \hbox (18.54424pt too wide) in paragraph at lines 1144--1145
[]\T1/lmr/m/it/10 Set
 []


Overfull \hbox (70.49692pt too wide) in paragraph at lines 1144--1145
\T1/lmr/m/it/10 Grou-
 []


Overfull \hbox (61.35526pt too wide) in paragraph at lines 1144--1145
\T1/lmr/m/it/10 pid,
 []


Overfull \hbox (60.33293pt too wide) in paragraph at lines 1144--1145
[][]\T1/lmr/m/it/10 332[][] 
 []




Overfull \hbox (18.54424pt too wide) in paragraph at lines 1145--1146
[]\T1/lmr/m/it/10 Set
 []


Overfull \hbox (64.1891pt too wide) in paragraph at lines 1145--1146
\T1/lmr/m/it/10 Use-
 []


Overfull \hbox (60.46094pt too wide) in paragraph at lines 1145--1146
\T1/lmr/m/it/10 rid,
 []


Overfull \hbox (60.33293pt too wide) in paragraph at lines 1145--1146
[][]\T1/lmr/m/it/10 332[][] 
 []


Overfull \hbox (32.85551pt too wide) in paragraph at lines 1146--1147
[]\T1/lmr/m/it/10 setgid,
 []


Overfull \hbox (60.33293pt too wide) in paragraph at lines 1146--1147
[][]\T1/lmr/m/it/10 332[][] 
 []


Overfull \hbox (33.62218pt too wide) in paragraph at lines 1147--1148
[]\T1/lmr/m/it/10 setuid,
 []


Overfull \hbox (60.33293pt too wide) in paragraph at lines 1147--1148
[][]\T1/lmr/m/it/10 332[][] 
 []


Overfull \hbox (29.06671pt too wide) in paragraph at lines 1148--1149
[]\T1/lmr/m/it/10 SHA-
 []


Overfull \hbox (53.17763pt too wide) in paragraph at lines 1148--1149
\T1/lmr/m/it/10 1,
 []


Overfull \hbox (58.2886pt too wide) in paragraph at lines 1148--1149
[][]\T1/lmr/m/it/10 63[][],
 []


Overfull \hbox (63.39958pt too wide) in paragraph at lines 1148--1149
[][]\T1/lmr/m/it/10 123[][],
 []


Overfull \hbox (60.33293pt too wide) in paragraph at lines 1148--1149
[][]\T1/lmr/m/it/10 124[][] 
 []


Overfull \hbox (29.06671pt too wide) in paragraph at lines 1149--1150
[]\T1/lmr/m/it/10 SHA-
 []


Overfull \hbox (53.17763pt too wide) in paragraph at lines 1149--1150
\T1/lmr/m/it/10 2,
 []


Overfull \hbox (58.2886pt too wide) in paragraph at lines 1149--1150
[][]\T1/lmr/m/it/10 63[][],
 []


Overfull \hbox (63.39958pt too wide) in paragraph at lines 1149--1150
[][]\T1/lmr/m/it/10 123[][],
 []


Overfull \hbox (60.33293pt too wide) in paragraph at lines 1149--1150
[][]\T1/lmr/m/it/10 397[][] 
 []


Overfull \hbox (29.06671pt too wide) in paragraph at lines 1150--1151
[]\T1/lmr/m/it/10 SHA-
 []


Overfull \hbox (53.17763pt too wide) in paragraph at lines 1150--1151
\T1/lmr/m/it/10 3,
 []


Overfull \hbox (58.2886pt too wide) in paragraph at lines 1150--1151
[][]\T1/lmr/m/it/10 63[][],
 []


Overfull \hbox (60.33293pt too wide) in paragraph at lines 1150--1151
[][]\T1/lmr/m/it/10 123[][] 
 []


Overfull \hbox (32.21634pt too wide) in paragraph at lines 1151--1152
[]\T1/lmr/m/it/10 shared
 []


Overfull \hbox (61.35574pt too wide) in paragraph at lines 1151--1152
\T1/lmr/m/it/10 me-
 []


Overfull \hbox (69.78894pt too wide) in paragraph at lines 1151--1152
\T1/lmr/m/it/10 dium,
 []


Overfull \hbox (63.39958pt too wide) in paragraph at lines 1151--1152
[][]\T1/lmr/m/it/10 157[][],
 []


Overfull \hbox (60.33293pt too wide) in paragraph at lines 1151--1152
[][]\T1/lmr/m/it/10 173[][] 
 []


Overfull \hbox (49.5331pt too wide) in paragraph at lines 1152--1153
[]| \T1/lmr/m/it/10 cable-
 []


Overfull \hbox (70.55536pt too wide) in paragraph at lines 1152--1153
\T1/lmr/m/it/10 based,
 []


Overfull \hbox (60.33293pt too wide) in paragraph at lines 1152--1153
[][]\T1/lmr/m/it/10 172[][] 
 []


Overfull \hbox (38.28888pt too wide) in paragraph at lines 1153--1154
[]| \T1/lmr/m/it/10 wi-
 []


Overfull \hbox (56.88329pt too wide) in paragraph at lines 1153--1154
\T1/lmr/m/it/10 re-
 []


Overfull \hbox (63.40012pt too wide) in paragraph at lines 1153--1154
\T1/lmr/m/it/10 less,
 []


Overfull \hbox (60.33293pt too wide) in paragraph at lines 1153--1154
[][]\T1/lmr/m/it/10 175[][] 
 []

Missing character: There is no ﬀ ("FB00) in font ec-lmri10!

Overfull \hbox (21.86662pt too wide) in paragraph at lines 1154--1155
[]\T1/lmr/m/it/10 side
 []


Overfull \hbox (64.67778pt too wide) in paragraph at lines 1154--1155
\T1/lmr/m/it/10 eect,
 []


Overfull \hbox (60.33293pt too wide) in paragraph at lines 1154--1155
[][]\T1/lmr/m/it/10 403[][] 
 []


Overfull \hbox (44.61086pt too wide) in paragraph at lines 1155--1156
[]\T1/lmr/m/it/10 sidetabel,
 []


Overfull \hbox (60.33293pt too wide) in paragraph at lines 1155--1156
[][]\T1/lmr/m/it/10 340[][] 
 []


Overfull \hbox (47.54971pt too wide) in paragraph at lines 1156--1157
[]\T1/lmr/m/it/10 signature,
 []


Overfull \hbox (63.39958pt too wide) in paragraph at lines 1156--1157
[][]\T1/lmr/m/it/10 252[][],
 []


Overfull \hbox (60.33293pt too wide) in paragraph at lines 1156--1157
[][]\T1/lmr/m/it/10 379[][] 
 []


Overfull \hbox (44.48306pt too wide) in paragraph at lines 1157--1158
[]\T1/lmr/m/it/10 signature
 []


Overfull \hbox (57.7776pt too wide) in paragraph at lines 1157--1158
\T1/lmr/m/it/10 ba-
 []


Overfull \hbox (58.28885pt too wide) in paragraph at lines 1157--1158
\T1/lmr/m/it/10 sed
 []


Overfull \hbox (64.42169pt too wide) in paragraph at lines 1157--1158
\T1/lmr/m/it/10 ana-
 []


Overfull \hbox (55.98872pt too wide) in paragraph at lines 1157--1158
\T1/lmr/m/it/10 ly-
 []


Overfull \hbox (59.31128pt too wide) in paragraph at lines 1157--1158
\T1/lmr/m/it/10 sis,
 []


Overfull \hbox (60.33293pt too wide) in paragraph at lines 1157--1158
[][]\T1/lmr/m/it/10 252[][] 
 []




Overfull \hbox (97.84593pt too wide) has occurred while \output is active
\T1/lmr/m/sl/10 BIBLIOGRAPHIE \T1/lmr/m/n/10 619
 []

[619]
Overfull \hbox (23.44447pt too wide) in paragraph at lines 1158--1159
[]\T1/lmr/m/it/10 SIM
 []


Overfull \hbox (66.08302pt too wide) in paragraph at lines 1158--1159
\T1/lmr/m/it/10 card,
 []


Overfull \hbox (63.39958pt too wide) in paragraph at lines 1158--1159
[][]\T1/lmr/m/it/10 178[][],
 []


Overfull \hbox (60.33293pt too wide) in paragraph at lines 1158--1159
[][]\T1/lmr/m/it/10 262[][] 
 []


Overfull \hbox (29.53313pt too wide) in paragraph at lines 1159--1160
[]\T1/lmr/m/it/10 single
 []


Overfull \hbox (65.95538pt too wide) in paragraph at lines 1159--1160
\T1/lmr/m/it/10 sign-
 []


Overfull \hbox (55.73297pt too wide) in paragraph at lines 1159--1160
\T1/lmr/m/it/10 on
 []


Overfull \hbox (75.15562pt too wide) in paragraph at lines 1159--1160
\T1/lmr/m/it/10 (SSO),
 []


Overfull \hbox (60.33293pt too wide) in paragraph at lines 1159--1160
[][]\T1/lmr/m/it/10 152[][] 
 []


Overfull \hbox (33.64401pt too wide) in paragraph at lines 1160--1161
[]\T1/lmr/m/it/10 SKCS,
 []


Overfull \hbox (55.22195pt too wide) in paragraph at lines 1160--1161
[][]\T1/lmr/m/it/10 68[][] 
 []


Overfull \hbox (47.54945pt too wide) in paragraph at lines 1161--1162
[]\T1/lmr/m/it/10 Slowloris,
 []


Overfull \hbox (60.33293pt too wide) in paragraph at lines 1161--1162
[][]\T1/lmr/m/it/10 272[][] 
 []


Overfull \hbox (50.99988pt too wide) in paragraph at lines 1162--1164
[]\T1/lmr/m/it/10 smartcard,
 []


Overfull \hbox (58.2886pt too wide) in paragraph at lines 1162--1164
[][]\T1/lmr/m/it/10 67[][],
 []


Overfull \hbox (63.39958pt too wide) in paragraph at lines 1162--1164
[][]\T1/lmr/m/it/10 147[][],
 []


Overfull \hbox (63.39958pt too wide) in paragraph at lines 1162--1164
[][]\T1/lmr/m/it/10 178[][],
 []


Overfull \hbox (63.39958pt too wide) in paragraph at lines 1162--1164
[][]\T1/lmr/m/it/10 303[][],
 []


Overfull \hbox (60.33293pt too wide) in paragraph at lines 1162--1164
[][]\T1/lmr/m/it/10 351[][] 
 []


Overfull \hbox (36.75537pt too wide) in paragraph at lines 1164--1165
[]| \T1/lmr/m/it/10 fo-
 []


Overfull \hbox (62.50528pt too wide) in paragraph at lines 1164--1165
\T1/lmr/m/it/10 ren-
 []


Overfull \hbox (63.91129pt too wide) in paragraph at lines 1164--1165
\T1/lmr/m/it/10 sics,
 []


Overfull \hbox (60.33293pt too wide) in paragraph at lines 1164--1165
[][]\T1/lmr/m/it/10 423[][] 
 []


Overfull \hbox (53.66663pt too wide) in paragraph at lines 1165--1166
[]| \T1/lmr/m/it/10 UICC,
 []


Overfull \hbox (63.39958pt too wide) in paragraph at lines 1165--1166
[][]\T1/lmr/m/it/10 266[][],
 []


Overfull \hbox (60.33293pt too wide) in paragraph at lines 1165--1166
[][]\T1/lmr/m/it/10 424[][] 
 []


Overfull \hbox (36.59464pt too wide) in paragraph at lines 1166--1167
[]\T1/lmr/m/it/10 SMTP,
 []


Overfull \hbox (60.33293pt too wide) in paragraph at lines 1166--1167
[][]\T1/lmr/m/it/10 187[][] 
 []


Overfull \hbox (45.9556pt too wide) in paragraph at lines 1167--1168
[]| \T1/lmr/m/it/10 com-
 []


Overfull \hbox (72.0886pt too wide) in paragraph at lines 1167--1168
\T1/lmr/m/it/10 mand,
 []


Overfull \hbox (60.33293pt too wide) in paragraph at lines 1167--1168
[][]\T1/lmr/m/it/10 187[][] 
 []


Overfull \hbox (37.39441pt too wide) in paragraph at lines 1168--1169
[]| \T1/lmr/m/it/10 er-
 []


Overfull \hbox (58.03317pt too wide) in paragraph at lines 1168--1169
\T1/lmr/m/it/10 ror
 []


Overfull \hbox (66.46637pt too wide) in paragraph at lines 1168--1169
\T1/lmr/m/it/10 code,
 []


Overfull \hbox (60.33293pt too wide) in paragraph at lines 1168--1169
[][]\T1/lmr/m/it/10 285[][] 
 []


Overfull \hbox (42.88858pt too wide) in paragraph at lines 1169--1170
[]| \T1/lmr/m/it/10 hea-
 []


Overfull \hbox (58.92764pt too wide) in paragraph at lines 1169--1170
\T1/lmr/m/it/10 der
 []


Overfull \hbox (63.91078pt too wide) in paragraph at lines 1169--1170
\T1/lmr/m/it/10 line,
 []


Overfull \hbox (63.39958pt too wide) in paragraph at lines 1169--1170
[][]\T1/lmr/m/it/10 192[][],
 []


Overfull \hbox (60.33293pt too wide) in paragraph at lines 1169--1170
[][]\T1/lmr/m/it/10 285[][] 
 []


Overfull \hbox (47.48885pt too wide) in paragraph at lines 1170--1171
[]| \T1/lmr/m/it/10 mail-
 []


Overfull \hbox (61.9055pt too wide) in paragraph at lines 1170--1171
\T1/lmr/m/it/10 box,
 []


Overfull \hbox (63.39958pt too wide) in paragraph at lines 1170--1171
[][]\T1/lmr/m/it/10 103[][],
 []


Overfull \hbox (60.33293pt too wide) in paragraph at lines 1170--1171
[][]\T1/lmr/m/it/10 187[][] 
 []




Overfull \hbox (64.63371pt too wide) in paragraph at lines 1171--1172
[]| \T1/lmr/m/it/10 Message-
 []


Overfull \hbox (59.47212pt too wide) in paragraph at lines 1171--1172
\T1/lmr/m/it/10 ID,
 []


Overfull \hbox (60.33293pt too wide) in paragraph at lines 1171--1172
[][]\T1/lmr/m/it/10 192[][] 
 []


Overfull \hbox (42.88858pt too wide) in paragraph at lines 1172--1173
[]| \T1/lmr/m/it/10 ope-
 []


Overfull \hbox (57.39426pt too wide) in paragraph at lines 1172--1173
\T1/lmr/m/it/10 ra-
 []


Overfull \hbox (65.1885pt too wide) in paragraph at lines 1172--1173
\T1/lmr/m/it/10 tion,
 []


Overfull \hbox (60.33293pt too wide) in paragraph at lines 1172--1173
[][]\T1/lmr/m/it/10 188[][] 
 []


Overfull \hbox (40.97227pt too wide) in paragraph at lines 1173--1174
[]| \T1/lmr/m/it/10 res-
 []


Overfull \hbox (72.08847pt too wide) in paragraph at lines 1173--1174
\T1/lmr/m/it/10 ponse,
 []


Overfull \hbox (60.33293pt too wide) in paragraph at lines 1173--1174
[][]\T1/lmr/m/it/10 187[][] 
 []


Overfull \hbox (48.12794pt too wide) in paragraph at lines 1174--1175
[]| \T1/lmr/m/it/10 risks,
 []


Overfull \hbox (60.33293pt too wide) in paragraph at lines 1174--1175
[][]\T1/lmr/m/it/10 188[][] 
 []


Overfull \hbox (37.26674pt too wide) in paragraph at lines 1175--1176
[]| \T1/lmr/m/it/10 se-
 []


Overfull \hbox (58.54442pt too wide) in paragraph at lines 1175--1176
\T1/lmr/m/it/10 cu-
 []


Overfull \hbox (63.5277pt too wide) in paragraph at lines 1175--1176
\T1/lmr/m/it/10 rity,
 []


Overfull \hbox (60.33293pt too wide) in paragraph at lines 1175--1176
[][]\T1/lmr/m/it/10 280[][] 
 []


Overfull \hbox (41.4834pt too wide) in paragraph at lines 1176--1177
[]| \T1/lmr/m/it/10 ser-
 []


Overfull \hbox (61.35555pt too wide) in paragraph at lines 1176--1177
\T1/lmr/m/it/10 vice
 []


Overfull \hbox (57.81674pt too wide) in paragraph at lines 1176--1177
\T1/lmr/m/it/10 ex-
 []


Overfull \hbox (62.12198pt too wide) in paragraph at lines 1176--1177
\T1/lmr/m/it/10 ten-
 []


Overfull \hbox (65.95526pt too wide) in paragraph at lines 1176--1177
\T1/lmr/m/it/10 sion,
 []


Overfull \hbox (60.33293pt too wide) in paragraph at lines 1176--1177
[][]\T1/lmr/m/it/10 120[][] 
 []

Missing character: There is no ﬁ ("FB01) in font ec-lmri10!

Overfull \hbox (56.68832pt too wide) in paragraph at lines 1177--1178
[]| \T1/lmr/m/it/10 spoong,
 []


Overfull \hbox (63.39958pt too wide) in paragraph at lines 1177--1178
[][]\T1/lmr/m/it/10 190[][],
 []


Overfull \hbox (60.33293pt too wide) in paragraph at lines 1177--1178
[][]\T1/lmr/m/it/10 283[][] 
 []


Overfull \hbox (40.71649pt too wide) in paragraph at lines 1178--1179
[]| \T1/lmr/m/it/10 tra-
 []


Overfull \hbox (70.55531pt too wide) in paragraph at lines 1178--1179
\T1/lmr/m/it/10 cking,
 []


Overfull \hbox (60.33293pt too wide) in paragraph at lines 1178--1179
[][]\T1/lmr/m/it/10 192[][] 
 []


Overfull \hbox (31.44997pt too wide) in paragraph at lines 1179--1180
[]\T1/lmr/m/it/10 Smurf
 []


Overfull \hbox (57.01096pt too wide) in paragraph at lines 1179--1180
\T1/lmr/m/it/10 at-
 []


Overfull \hbox (65.69987pt too wide) in paragraph at lines 1179--1180
\T1/lmr/m/it/10 tack,
 []


Overfull \hbox (60.33293pt too wide) in paragraph at lines 1179--1180
[][]\T1/lmr/m/it/10 275[][] 
 []


Overfull \hbox (45.63277pt too wide) in paragraph at lines 1180--1181
[]\T1/lmr/m/it/10 snapshot,
 []


Overfull \hbox (60.33293pt too wide) in paragraph at lines 1180--1181
[][]\T1/lmr/m/it/10 431[][] 
 []

Missing character: There is no ﬀ ("FB00) in font ec-lmri10!

Overfull \hbox (29.66095pt too wide) in paragraph at lines 1181--1182
[]\T1/lmr/m/it/10 snier,
 []


Overfull \hbox (63.39958pt too wide) in paragraph at lines 1181--1182
[][]\T1/lmr/m/it/10 159[][],
 []


Overfull \hbox (63.39958pt too wide) in paragraph at lines 1181--1182
[][]\T1/lmr/m/it/10 172[][],
 []


Overfull \hbox (60.33293pt too wide) in paragraph at lines 1181--1182
[][]\T1/lmr/m/it/10 214[][] 
 []


Overfull \hbox (36.87262pt too wide) in paragraph at lines 1182--1183
[]\T1/lmr/m/it/10 SNMP,
 []


Overfull \hbox (60.33293pt too wide) in paragraph at lines 1182--1183
[][]\T1/lmr/m/it/10 287[][] 
 []


Overfull \hbox (37.26674pt too wide) in paragraph at lines 1183--1184
[]| \T1/lmr/m/it/10 se-
 []


Overfull \hbox (58.54442pt too wide) in paragraph at lines 1183--1184
\T1/lmr/m/it/10 cu-
 []


Overfull \hbox (63.5277pt too wide) in paragraph at lines 1183--1184
\T1/lmr/m/it/10 rity,
 []


Overfull \hbox (60.33293pt too wide) in paragraph at lines 1183--1184
[][]\T1/lmr/m/it/10 287[][] 
 []




Overfull \hbox (97.84593pt too wide) has occurred while \output is active
\T1/lmr/m/n/10 620 \T1/lmr/m/sl/10 BIBLIOGRAPHIE
 []

[620]
Overfull \hbox (29.02196pt too wide) in paragraph at lines 1184--1186
[]\T1/lmr/m/it/10 social
 []


Overfull \hbox (58.79974pt too wide) in paragraph at lines 1184--1186
\T1/lmr/m/it/10 en-
 []


Overfull \hbox (56.2444pt too wide) in paragraph at lines 1184--1186
\T1/lmr/m/it/10 gi-
 []


Overfull \hbox (62.88863pt too wide) in paragraph at lines 1184--1186
\T1/lmr/m/it/10 nee-
 []


Overfull \hbox (65.57196pt too wide) in paragraph at lines 1184--1186
\T1/lmr/m/it/10 ring,
 []


Overfull \hbox (58.2886pt too wide) in paragraph at lines 1184--1186
[][]\T1/lmr/m/it/10 20[][],
 []


Overfull \hbox (63.39958pt too wide) in paragraph at lines 1184--1186
[][]\T1/lmr/m/it/10 308[][],
 []


Overfull \hbox (60.33293pt too wide) in paragraph at lines 1184--1186
[][]\T1/lmr/m/it/10 377[][] 
 []


Overfull \hbox (29.02196pt too wide) in paragraph at lines 1186--1187
[]\T1/lmr/m/it/10 social
 []


Overfull \hbox (61.35574pt too wide) in paragraph at lines 1186--1187
\T1/lmr/m/it/10 me-
 []


Overfull \hbox (61.35526pt too wide) in paragraph at lines 1186--1187
\T1/lmr/m/it/10 dia,
 []


Overfull \hbox (58.2886pt too wide) in paragraph at lines 1186--1187
[][]\T1/lmr/m/it/10 28[][],
 []


Overfull \hbox (60.33293pt too wide) in paragraph at lines 1186--1187
[][]\T1/lmr/m/it/10 460[][] 
 []

Missing character: There is no ﬁ ("FB01) in font ec-lmri10!

Overfull \hbox (20.58885pt too wide) in paragraph at lines 1187--1188
[]\T1/lmr/m/it/10 soft
 []


Overfull \hbox (61.48329pt too wide) in paragraph at lines 1187--1188
\T1/lmr/m/it/10 cer-
 []


Overfull \hbox (54.96663pt too wide) in paragraph at lines 1187--1188
\T1/lmr/m/it/10 ti-
 []


Overfull \hbox (65.18875pt too wide) in paragraph at lines 1187--1188
\T1/lmr/m/it/10 cate,
 []


Overfull \hbox (60.33293pt too wide) in paragraph at lines 1187--1188
[][]\T1/lmr/m/it/10 147[][] 
 []


Overfull \hbox (43.7165pt too wide) in paragraph at lines 1188--1189
[]\T1/lmr/m/it/10 software,
 []


Overfull \hbox (60.33293pt too wide) in paragraph at lines 1188--1189
[][]\T1/lmr/m/it/10 484[][] 
 []


Overfull \hbox (38.7997pt too wide) in paragraph at lines 1189--1190
[]| \T1/lmr/m/it/10 ap-
 []


Overfull \hbox (59.31085pt too wide) in paragraph at lines 1189--1190
\T1/lmr/m/it/10 pli-
 []


Overfull \hbox (57.7776pt too wide) in paragraph at lines 1189--1190
\T1/lmr/m/it/10 ca-
 []


Overfull \hbox (65.1885pt too wide) in paragraph at lines 1189--1190
\T1/lmr/m/it/10 tion,
 []


Overfull \hbox (60.33293pt too wide) in paragraph at lines 1189--1190
[][]\T1/lmr/m/it/10 492[][] 
 []


Overfull \hbox (37.26639pt too wide) in paragraph at lines 1190--1191
[]| \T1/lmr/m/it/10 in-
 []


Overfull \hbox (60.33328pt too wide) in paragraph at lines 1190--1191
\T1/lmr/m/it/10 jec-
 []


Overfull \hbox (65.1885pt too wide) in paragraph at lines 1190--1191
\T1/lmr/m/it/10 tion,
 []


Overfull \hbox (60.33293pt too wide) in paragraph at lines 1190--1191
[][]\T1/lmr/m/it/10 371[][] 
 []


Overfull \hbox (42.88858pt too wide) in paragraph at lines 1191--1192
[]| \T1/lmr/m/it/10 ope-
 []


Overfull \hbox (57.39426pt too wide) in paragraph at lines 1191--1192
\T1/lmr/m/it/10 ra-
 []


Overfull \hbox (61.61089pt too wide) in paragraph at lines 1191--1192
\T1/lmr/m/it/10 ting
 []


Overfull \hbox (61.61122pt too wide) in paragraph at lines 1191--1192
\T1/lmr/m/it/10 sys-
 []


Overfull \hbox (64.16689pt too wide) in paragraph at lines 1191--1192
\T1/lmr/m/it/10 tem,
 []


Overfull \hbox (60.33293pt too wide) in paragraph at lines 1191--1192
[][]\T1/lmr/m/it/10 487[][] 
 []


Overfull \hbox (41.61122pt too wide) in paragraph at lines 1192--1193
[]| \T1/lmr/m/it/10 sys-
 []


Overfull \hbox (61.10023pt too wide) in paragraph at lines 1192--1193
\T1/lmr/m/it/10 tem
 []


Overfull \hbox (60.3333pt too wide) in paragraph at lines 1192--1193
\T1/lmr/m/it/10 uti-
 []


Overfull \hbox (61.86652pt too wide) in paragraph at lines 1192--1193
\T1/lmr/m/it/10 lity,
 []


Overfull \hbox (60.33293pt too wide) in paragraph at lines 1192--1193
[][]\T1/lmr/m/it/10 492[][] 
 []


Overfull \hbox (43.40012pt too wide) in paragraph at lines 1193--1194
[]| \T1/lmr/m/it/10 test,
 []


Overfull \hbox (60.33293pt too wide) in paragraph at lines 1193--1194
[][]\T1/lmr/m/it/10 372[][] 
 []


Overfull \hbox (41.0999pt too wide) in paragraph at lines 1194--1195
[]| \T1/lmr/m/it/10 vul-
 []


Overfull \hbox (58.79974pt too wide) in paragraph at lines 1194--1195
\T1/lmr/m/it/10 ne-
 []


Overfull \hbox (57.39426pt too wide) in paragraph at lines 1194--1195
\T1/lmr/m/it/10 ra-
 []


Overfull \hbox (56.2444pt too wide) in paragraph at lines 1194--1195
\T1/lmr/m/it/10 bi-
 []


Overfull \hbox (61.86652pt too wide) in paragraph at lines 1194--1195
\T1/lmr/m/it/10 lity,
 []


Overfull \hbox (63.39958pt too wide) in paragraph at lines 1194--1195
[][]\T1/lmr/m/it/10 369[][],
 []


Overfull \hbox (60.33293pt too wide) in paragraph at lines 1194--1195
[][]\T1/lmr/m/it/10 378[][] 
 []




Overfull \hbox (30.2996pt too wide) in paragraph at lines 1195--1196
[]\T1/lmr/m/it/10 sound
 []


Overfull \hbox (66.08302pt too wide) in paragraph at lines 1195--1196
\T1/lmr/m/it/10 card,
 []


Overfull \hbox (60.33293pt too wide) in paragraph at lines 1195--1196
[][]\T1/lmr/m/it/10 481[][] 
 []


Overfull \hbox (26.97781pt too wide) in paragraph at lines 1196--1197
[]\T1/lmr/m/it/10 spam
 []


Overfull \hbox (66.97775pt too wide) in paragraph at lines 1196--1197
\T1/lmr/m/it/10 mail,
 []


Overfull \hbox (60.33293pt too wide) in paragraph at lines 1196--1197
[][]\T1/lmr/m/it/10 190[][] 
 []


Overfull \hbox (65.94923pt too wide) in paragraph at lines 1197--1198
[]\T1/lmr/m/it/10 spearphishing,
 []


Overfull \hbox (55.22195pt too wide) in paragraph at lines 1197--1198
[][]\T1/lmr/m/it/10 29[][] 
 []


Overfull \hbox (33.11084pt too wide) in paragraph at lines 1198--1199
[]\T1/lmr/m/it/10 special
 []


Overfull \hbox (61.99426pt too wide) in paragraph at lines 1198--1199
\T1/lmr/m/it/10 per-
 []


Overfull \hbox (63.91138pt too wide) in paragraph at lines 1198--1199
\T1/lmr/m/it/10 mis-
 []


Overfull \hbox (70.04425pt too wide) in paragraph at lines 1198--1199
\T1/lmr/m/it/10 sions,
 []


Overfull \hbox (60.33293pt too wide) in paragraph at lines 1198--1199
[][]\T1/lmr/m/it/10 333[][] 
 []


Overfull \hbox (27.00012pt too wide) in paragraph at lines 1199--1200
[]\T1/lmr/m/it/10 SPF,
 []


Overfull \hbox (60.33293pt too wide) in paragraph at lines 1199--1200
[][]\T1/lmr/m/it/10 283[][] 
 []


Overfull \hbox (41.35574pt too wide) in paragraph at lines 1200--1201
[]| \T1/lmr/m/it/10 me-
 []


Overfull \hbox (63.3997pt too wide) in paragraph at lines 1200--1201
\T1/lmr/m/it/10 cha-
 []


Overfull \hbox (69.02228pt too wide) in paragraph at lines 1200--1201
\T1/lmr/m/it/10 nism,
 []


Overfull \hbox (60.33293pt too wide) in paragraph at lines 1200--1201
[][]\T1/lmr/m/it/10 282[][] 
 []


Overfull \hbox (38.28857pt too wide) in paragraph at lines 1201--1202
[]| \T1/lmr/m/it/10 po-
 []


Overfull \hbox (63.14429pt too wide) in paragraph at lines 1201--1202
\T1/lmr/m/it/10 licy,
 []


Overfull \hbox (60.33293pt too wide) in paragraph at lines 1201--1202
[][]\T1/lmr/m/it/10 284[][] 
 []

Missing character: There is no ﬁ ("FB01) in font ec-lmri10!

Overfull \hbox (43.6554pt too wide) in paragraph at lines 1202--1203
[]| \T1/lmr/m/it/10 qua-
 []


Overfull \hbox (62.50545pt too wide) in paragraph at lines 1202--1203
\T1/lmr/m/it/10 lier,
 []


Overfull \hbox (60.33293pt too wide) in paragraph at lines 1202--1203
[][]\T1/lmr/m/it/10 284[][] 
 []

Missing character: There is no ﬁ ("FB01) in font ec-lmri10!

Overfull \hbox (36.68832pt too wide) in paragraph at lines 1203--1204
[]\T1/lmr/m/it/10 spoong,
 []


Overfull \hbox (60.33293pt too wide) in paragraph at lines 1203--1204
[][]\T1/lmr/m/it/10 283[][] 
 []


Overfull \hbox (48.67212pt too wide) in paragraph at lines 1204--1205
[]| \T1/lmr/m/it/10 DNS,
 []


Overfull \hbox (60.33293pt too wide) in paragraph at lines 1204--1205
[][]\T1/lmr/m/it/10 278[][] 
 []


Overfull \hbox (33.17775pt too wide) in paragraph at lines 1205--1206
[]| \T1/lmr/m/it/10 e-
 []


Overfull \hbox (66.97775pt too wide) in paragraph at lines 1205--1206
\T1/lmr/m/it/10 mail,
 []


Overfull \hbox (58.2886pt too wide) in paragraph at lines 1205--1206
[][]\T1/lmr/m/it/10 30[][],
 []


Overfull \hbox (60.33293pt too wide) in paragraph at lines 1205--1206
[][]\T1/lmr/m/it/10 190[][] 
 []


Overfull \hbox (54.82813pt too wide) in paragraph at lines 1206--1207
[]| \T1/lmr/m/it/10 ICMP,
 []


Overfull \hbox (60.33293pt too wide) in paragraph at lines 1206--1207
[][]\T1/lmr/m/it/10 275[][] 
 []


Overfull \hbox (38.70563pt too wide) in paragraph at lines 1207--1208
[]| \T1/lmr/m/it/10 IP,
 []


Overfull \hbox (63.39958pt too wide) in paragraph at lines 1207--1208
[][]\T1/lmr/m/it/10 211[][],
 []


Overfull \hbox (60.33293pt too wide) in paragraph at lines 1207--1208
[][]\T1/lmr/m/it/10 231[][] 
 []


Overfull \hbox (46.0945pt too wide) in paragraph at lines 1208--1209
[]| \T1/lmr/m/it/10 TCP
 []


Overfull \hbox (68.55562pt too wide) in paragraph at lines 1208--1209
\T1/lmr/m/it/10 SYN,
 []


Overfull \hbox (60.33293pt too wide) in paragraph at lines 1208--1209
[][]\T1/lmr/m/it/10 273[][] 
 []


Overfull \hbox (42.18312pt too wide) in paragraph at lines 1209--1210
[]\T1/lmr/m/it/10 spyware,
 []


Overfull \hbox (63.39958pt too wide) in paragraph at lines 1209--1210
[][]\T1/lmr/m/it/10 375[][],
 []


Overfull \hbox (63.39958pt too wide) in paragraph at lines 1209--1210
[][]\T1/lmr/m/it/10 401[][],
 []


Overfull \hbox (60.33293pt too wide) in paragraph at lines 1209--1210
[][]\T1/lmr/m/it/10 469[][] 
 []




Overfull \hbox (97.84593pt too wide) has occurred while \output is active
\T1/lmr/m/sl/10 BIBLIOGRAPHIE \T1/lmr/m/n/10 621
 []

[621]
Overfull \hbox (36.04993pt too wide) in paragraph at lines 1210--1211
[]\T1/lmr/m/it/10 square-
 []


Overfull \hbox (64.42169pt too wide) in paragraph at lines 1210--1211
\T1/lmr/m/it/10 and-
 []


Overfull \hbox (80.01099pt too wide) in paragraph at lines 1210--1211
\T1/lmr/m/it/10 multiply
 []


Overfull \hbox (61.35574pt too wide) in paragraph at lines 1210--1211
\T1/lmr/m/it/10 me-
 []


Overfull \hbox (66.2107pt too wide) in paragraph at lines 1210--1211
\T1/lmr/m/it/10 thod,
 []


Overfull \hbox (60.33293pt too wide) in paragraph at lines 1210--1211
[][]\T1/lmr/m/it/10 104[][] 
 []


Overfull \hbox (16.24399pt too wide) in paragraph at lines 1211--1212
[]\T1/lmr/m/it/10 SS
 []


Overfull \hbox (66.46637pt too wide) in paragraph at lines 1211--1212
\T1/lmr/m/it/10 code,
 []


Overfull \hbox (60.33293pt too wide) in paragraph at lines 1211--1212
[][]\T1/lmr/m/it/10 270[][] 
 []


Overfull \hbox (26.86063pt too wide) in paragraph at lines 1212--1213
[]\T1/lmr/m/it/10 SSD,
 []


Overfull \hbox (60.33293pt too wide) in paragraph at lines 1212--1213
[][]\T1/lmr/m/it/10 480[][] 
 []


Overfull \hbox (45.061pt too wide) in paragraph at lines 1213--1214
[]| \T1/lmr/m/it/10 wear
 []


Overfull \hbox (55.73323pt too wide) in paragraph at lines 1213--1214
\T1/lmr/m/it/10 le-
 []


Overfull \hbox (60.33324pt too wide) in paragraph at lines 1213--1214
\T1/lmr/m/it/10 vel-
 []


Overfull \hbox (63.91078pt too wide) in paragraph at lines 1213--1214
\T1/lmr/m/it/10 ling,
 []


Overfull \hbox (60.33293pt too wide) in paragraph at lines 1213--1214
[][]\T1/lmr/m/it/10 480[][] 
 []


Overfull \hbox (30.71611pt too wide) in paragraph at lines 1214--1215
[]\T1/lmr/m/it/10 SSID,
 []


Overfull \hbox (55.22195pt too wide) in paragraph at lines 1214--1215
[][]\T1/lmr/m/it/10 96[][] 
 []


Overfull \hbox (25.58263pt too wide) in paragraph at lines 1215--1216
[]\T1/lmr/m/it/10 SSL,
 []


Overfull \hbox (63.39958pt too wide) in paragraph at lines 1215--1216
[][]\T1/lmr/m/it/10 119[][],
 []


Overfull \hbox (63.39958pt too wide) in paragraph at lines 1215--1216
[][]\T1/lmr/m/it/10 221[][],
 []


Overfull \hbox (60.33293pt too wide) in paragraph at lines 1215--1216
[][]\T1/lmr/m/it/10 406[][] 
 []


Overfull \hbox (46.7445pt too wide) in paragraph at lines 1216--1217
[]| \T1/lmr/m/it/10 Alert
 []


Overfull \hbox (62.50523pt too wide) in paragraph at lines 1216--1217
\T1/lmr/m/it/10 pro-
 []


Overfull \hbox (57.01096pt too wide) in paragraph at lines 1216--1217
\T1/lmr/m/it/10 to-
 []


Overfull \hbox (59.82199pt too wide) in paragraph at lines 1216--1217
\T1/lmr/m/it/10 col,
 []


Overfull \hbox (60.33293pt too wide) in paragraph at lines 1216--1217
[][]\T1/lmr/m/it/10 119[][] 
 []


Overfull \hbox (57.19946pt too wide) in paragraph at lines 1217--1218
[]| \T1/lmr/m/it/10 Change
 []


Overfull \hbox (58.7999pt too wide) in paragraph at lines 1217--1218
\T1/lmr/m/it/10 Ci-
 []


Overfull \hbox (64.03862pt too wide) in paragraph at lines 1217--1218
\T1/lmr/m/it/10 pher
 []


Overfull \hbox (63.91074pt too wide) in paragraph at lines 1217--1218
\T1/lmr/m/it/10 Spec
 []


Overfull \hbox (62.50523pt too wide) in paragraph at lines 1217--1218
\T1/lmr/m/it/10 pro-
 []


Overfull \hbox (57.01096pt too wide) in paragraph at lines 1217--1218
\T1/lmr/m/it/10 to-
 []


Overfull \hbox (59.82199pt too wide) in paragraph at lines 1217--1218
\T1/lmr/m/it/10 col,
 []


Overfull \hbox (60.33293pt too wide) in paragraph at lines 1217--1218
[][]\T1/lmr/m/it/10 119[][] 
 []


Overfull \hbox (51.85518pt too wide) in paragraph at lines 1218--1219
[]| \T1/lmr/m/it/10 Hand-
 []


Overfull \hbox (68.51096pt too wide) in paragraph at lines 1218--1219
\T1/lmr/m/it/10 shake
 []


Overfull \hbox (62.50523pt too wide) in paragraph at lines 1218--1219
\T1/lmr/m/it/10 pro-
 []


Overfull \hbox (57.01096pt too wide) in paragraph at lines 1218--1219
\T1/lmr/m/it/10 to-
 []


Overfull \hbox (59.82199pt too wide) in paragraph at lines 1218--1219
\T1/lmr/m/it/10 col,
 []


Overfull \hbox (60.33293pt too wide) in paragraph at lines 1218--1219
[][]\T1/lmr/m/it/10 119[][] 
 []


Overfull \hbox (39.9611pt too wide) in paragraph at lines 1219--1220
[]| \T1/lmr/m/it/10 Re-
 []


Overfull \hbox (63.01637pt too wide) in paragraph at lines 1219--1220
\T1/lmr/m/it/10 cord
 []


Overfull \hbox (62.50523pt too wide) in paragraph at lines 1219--1220
\T1/lmr/m/it/10 pro-
 []


Overfull \hbox (57.01096pt too wide) in paragraph at lines 1219--1220
\T1/lmr/m/it/10 to-
 []


Overfull \hbox (59.82199pt too wide) in paragraph at lines 1219--1220
\T1/lmr/m/it/10 col,
 []


Overfull \hbox (60.33293pt too wide) in paragraph at lines 1219--1220
[][]\T1/lmr/m/it/10 119[][] 
 []




Overfull \hbox (37.26674pt too wide) in paragraph at lines 1220--1221
[]| \T1/lmr/m/it/10 se-
 []


Overfull \hbox (58.54442pt too wide) in paragraph at lines 1220--1221
\T1/lmr/m/it/10 cu-
 []


Overfull \hbox (62.50531pt too wide) in paragraph at lines 1220--1221
\T1/lmr/m/it/10 ring
 []


Overfull \hbox (58.7997pt too wide) in paragraph at lines 1220--1221
\T1/lmr/m/it/10 ap-
 []


Overfull \hbox (59.31085pt too wide) in paragraph at lines 1220--1221
\T1/lmr/m/it/10 pli-
 []


Overfull \hbox (57.7776pt too wide) in paragraph at lines 1220--1221
\T1/lmr/m/it/10 ca-
 []


Overfull \hbox (62.12186pt too wide) in paragraph at lines 1220--1221
\T1/lmr/m/it/10 tion
 []


Overfull \hbox (62.50523pt too wide) in paragraph at lines 1220--1221
\T1/lmr/m/it/10 pro-
 []


Overfull \hbox (57.01096pt too wide) in paragraph at lines 1220--1221
\T1/lmr/m/it/10 to-
 []


Overfull \hbox (63.91098pt too wide) in paragraph at lines 1220--1221
\T1/lmr/m/it/10 cols,
 []


Overfull \hbox (60.33293pt too wide) in paragraph at lines 1220--1221
[][]\T1/lmr/m/it/10 230[][] 
 []


Overfull \hbox (37.26674pt too wide) in paragraph at lines 1221--1222
[]| \T1/lmr/m/it/10 se-
 []


Overfull \hbox (58.54442pt too wide) in paragraph at lines 1221--1222
\T1/lmr/m/it/10 cu-
 []


Overfull \hbox (60.46104pt too wide) in paragraph at lines 1221--1222
\T1/lmr/m/it/10 rity
 []


Overfull \hbox (58.28857pt too wide) in paragraph at lines 1221--1222
\T1/lmr/m/it/10 pa-
 []


Overfull \hbox (57.39426pt too wide) in paragraph at lines 1221--1222
\T1/lmr/m/it/10 ra-
 []


Overfull \hbox (61.35574pt too wide) in paragraph at lines 1221--1222
\T1/lmr/m/it/10 me-
 []


Overfull \hbox (57.1389pt too wide) in paragraph at lines 1221--1222
\T1/lmr/m/it/10 ter
 []


Overfull \hbox (60.07788pt too wide) in paragraph at lines 1221--1222
\T1/lmr/m/it/10 set,
 []


Overfull \hbox (60.33293pt too wide) in paragraph at lines 1221--1222
[][]\T1/lmr/m/it/10 225[][] 
 []


Overfull \hbox (29.78886pt too wide) in paragraph at lines 1222--1223
[]\T1/lmr/m/it/10 stack,
 []


Overfull \hbox (60.33293pt too wide) in paragraph at lines 1222--1223
[][]\T1/lmr/m/it/10 367[][] 
 []

Missing character: There is no ﬂ ("FB02) in font ec-lmri10!

Overfull \hbox (26.72221pt too wide) in paragraph at lines 1223--1224
[]\T1/lmr/m/it/10 stack
 []


Overfull \hbox (62.88873pt too wide) in paragraph at lines 1223--1224
\T1/lmr/m/it/10 ove-
 []


Overfull \hbox (63.52765pt too wide) in paragraph at lines 1223--1224
\T1/lmr/m/it/10 row,
 []


Overfull \hbox (60.33293pt too wide) in paragraph at lines 1223--1224
[][]\T1/lmr/m/it/10 367[][] 
 []


Overfull \hbox (43.71567pt too wide) in paragraph at lines 1224--1225
[]\T1/lmr/m/it/10 Standard
 []


Overfull \hbox (83.20497pt too wide) in paragraph at lines 1224--1225
\T1/lmr/m/it/10 Contrac-
 []


Overfull \hbox (61.35536pt too wide) in paragraph at lines 1224--1225
\T1/lmr/m/it/10 tual
 []


Overfull \hbox (73.87762pt too wide) in paragraph at lines 1224--1225
\T1/lmr/m/it/10 Clause
 []


Overfull \hbox (76.17763pt too wide) in paragraph at lines 1224--1225
\T1/lmr/m/it/10 (SCC),
 []


Overfull \hbox (60.33293pt too wide) in paragraph at lines 1224--1225
[][]\T1/lmr/m/it/10 461[][] 
 []


Overfull \hbox (37.71068pt too wide) in paragraph at lines 1225--1226
[]\T1/lmr/m/it/10 standby
 []


Overfull \hbox (68.5111pt too wide) in paragraph at lines 1225--1226
\T1/lmr/m/it/10 state,
 []


Overfull \hbox (60.33293pt too wide) in paragraph at lines 1225--1226
[][]\T1/lmr/m/it/10 351[][] 
 []


Overfull \hbox (36.68819pt too wide) in paragraph at lines 1226--1227
[]\T1/lmr/m/it/10 Stanley
 []


Overfull \hbox (63.16687pt too wide) in paragraph at lines 1226--1227
\T1/lmr/m/it/10 Mil-
 []


Overfull \hbox (69.66116pt too wide) in paragraph at lines 1226--1227
\T1/lmr/m/it/10 gram,
 []


Overfull \hbox (55.22195pt too wide) in paragraph at lines 1226--1227
[][]\T1/lmr/m/it/10 23[][] 
 []


Overfull \hbox (60.24377pt too wide) in paragraph at lines 1227--1228
[]\T1/lmr/m/it/10 STARTTLS,
 []


Overfull \hbox (60.33293pt too wide) in paragraph at lines 1227--1228
[][]\T1/lmr/m/it/10 230[][] 
 []


Overfull \hbox (25.44444pt too wide) in paragraph at lines 1228--1229
[]\T1/lmr/m/it/10 state
 []


Overfull \hbox (61.86671pt too wide) in paragraph at lines 1228--1229
\T1/lmr/m/it/10 ma-
 []


Overfull \hbox (71.06628pt too wide) in paragraph at lines 1228--1229
\T1/lmr/m/it/10 chine,
 []


Overfull \hbox (60.33293pt too wide) in paragraph at lines 1228--1229
[][]\T1/lmr/m/it/10 120[][] 
 []




Overfull \hbox (97.84593pt too wide) has occurred while \output is active
\T1/lmr/m/n/10 622 \T1/lmr/m/sl/10 BIBLIOGRAPHIE
 []

[622]
Overfull \hbox (28.5111pt too wide) in paragraph at lines 1229--1230
[]\T1/lmr/m/it/10 static
 []


Overfull \hbox (64.42169pt too wide) in paragraph at lines 1229--1230
\T1/lmr/m/it/10 ana-
 []


Overfull \hbox (55.98872pt too wide) in paragraph at lines 1229--1230
\T1/lmr/m/it/10 ly-
 []


Overfull \hbox (59.31128pt too wide) in paragraph at lines 1229--1230
\T1/lmr/m/it/10 sis,
 []


Overfull \hbox (63.39958pt too wide) in paragraph at lines 1229--1230
[][]\T1/lmr/m/it/10 374[][],
 []


Overfull \hbox (60.33293pt too wide) in paragraph at lines 1229--1230
[][]\T1/lmr/m/it/10 375[][] 
 []


Overfull \hbox (47.04936pt too wide) in paragraph at lines 1230--1231
[]\T1/lmr/m/it/10 StingRay,
 []


Overfull \hbox (60.33293pt too wide) in paragraph at lines 1230--1231
[][]\T1/lmr/m/it/10 268[][] 
 []


Overfull \hbox (35.53873pt too wide) in paragraph at lines 1231--1232
[]\T1/lmr/m/it/10 storage
 []


Overfull \hbox (65.4442pt too wide) in paragraph at lines 1231--1232
\T1/lmr/m/it/10 unit,
 []


Overfull \hbox (60.33293pt too wide) in paragraph at lines 1231--1232
[][]\T1/lmr/m/it/10 476[][] 
 []


Overfull \hbox (33.49461pt too wide) in paragraph at lines 1232--1233
[]\T1/lmr/m/it/10 stream
 []


Overfull \hbox (56.2444pt too wide) in paragraph at lines 1232--1233
\T1/lmr/m/it/10 ci-
 []


Overfull \hbox (67.10527pt too wide) in paragraph at lines 1232--1233
\T1/lmr/m/it/10 pher,
 []


Overfull \hbox (55.22195pt too wide) in paragraph at lines 1232--1233
[][]\T1/lmr/m/it/10 42[][] 
 []


Overfull \hbox (46.32759pt too wide) in paragraph at lines 1233--1234
[]\T1/lmr/m/it/10 STRIDE,
 []


Overfull \hbox (55.22195pt too wide) in paragraph at lines 1233--1234
[][]\T1/lmr/m/it/10 53[][] 
 []


Overfull \hbox (40.56078pt too wide) in paragraph at lines 1234--1235
[]\T1/lmr/m/it/10 Stuxnet,
 []


Overfull \hbox (53.17763pt too wide) in paragraph at lines 1234--1235
[][]\T1/lmr/m/it/10 6[][],
 []


Overfull \hbox (60.33293pt too wide) in paragraph at lines 1234--1235
[][]\T1/lmr/m/it/10 345[][] 
 []


Overfull \hbox (32.34451pt too wide) in paragraph at lines 1235--1236
[]\T1/lmr/m/it/10 stylus,
 []


Overfull \hbox (60.33293pt too wide) in paragraph at lines 1235--1236
[][]\T1/lmr/m/it/10 481[][] 
 []


Overfull \hbox (37.20009pt too wide) in paragraph at lines 1236--1237
[]\T1/lmr/m/it/10 subject,
 []


Overfull \hbox (63.39958pt too wide) in paragraph at lines 1236--1237
[][]\T1/lmr/m/it/10 321[][],
 []


Overfull \hbox (60.33293pt too wide) in paragraph at lines 1236--1237
[][]\T1/lmr/m/it/10 335[][] 
 []


Overfull \hbox (49.46652pt too wide) in paragraph at lines 1237--1238
[]\T1/lmr/m/it/10 Subscriber
 []


Overfull \hbox (67.7662pt too wide) in paragraph at lines 1237--1238
\T1/lmr/m/it/10 Iden-
 []


Overfull \hbox (59.56662pt too wide) in paragraph at lines 1237--1238
\T1/lmr/m/it/10 tity
 []


Overfull \hbox (62.65572pt too wide) in paragraph at lines 1237--1238
\T1/lmr/m/it/10 Mo-
 []


Overfull \hbox (65.69978pt too wide) in paragraph at lines 1237--1238
\T1/lmr/m/it/10 dule,
 []


Overfull \hbox (60.33293pt too wide) in paragraph at lines 1237--1238
[][]\T1/lmr/m/it/10 178[][] 
 []


Overfull \hbox (55.3443pt too wide) in paragraph at lines 1238--1239
[]\T1/lmr/m/it/10 substitution
 []


Overfull \hbox (56.2444pt too wide) in paragraph at lines 1238--1239
\T1/lmr/m/it/10 ci-
 []


Overfull \hbox (67.10527pt too wide) in paragraph at lines 1238--1239
\T1/lmr/m/it/10 pher,
 []


Overfull \hbox (55.22195pt too wide) in paragraph at lines 1238--1239
[][]\T1/lmr/m/it/10 67[][] 
 []


Overfull \hbox (25.95543pt too wide) in paragraph at lines 1239--1240
[]\T1/lmr/m/it/10 swap
 []


Overfull \hbox (66.08302pt too wide) in paragraph at lines 1239--1240
\T1/lmr/m/it/10 area,
 []


Overfull \hbox (63.39958pt too wide) in paragraph at lines 1239--1240
[][]\T1/lmr/m/it/10 340[][],
 []


Overfull \hbox (60.33293pt too wide) in paragraph at lines 1239--1240
[][]\T1/lmr/m/it/10 349[][] 
 []


Overfull \hbox (34.9pt too wide) in paragraph at lines 1240--1241
[]\T1/lmr/m/it/10 switch,
 []


Overfull \hbox (63.39958pt too wide) in paragraph at lines 1240--1241
[][]\T1/lmr/m/it/10 175[][],
 []


Overfull \hbox (60.33293pt too wide) in paragraph at lines 1240--1241
[][]\T1/lmr/m/it/10 214[][] 
 []


Overfull \hbox (50.10603pt too wide) in paragraph at lines 1241--1242
[]\T1/lmr/m/it/10 symmetric
 []


Overfull \hbox (73.49461pt too wide) in paragraph at lines 1241--1242
\T1/lmr/m/it/10 stream
 []


Overfull \hbox (56.2444pt too wide) in paragraph at lines 1241--1242
\T1/lmr/m/it/10 ci-
 []


Overfull \hbox (67.10527pt too wide) in paragraph at lines 1241--1242
\T1/lmr/m/it/10 pher,
 []


Overfull \hbox (55.22195pt too wide) in paragraph at lines 1241--1242
[][]\T1/lmr/m/it/10 42[][] 
 []




Overfull \hbox (38.79974pt too wide) in paragraph at lines 1242--1243
[]| \T1/lmr/m/it/10 eS-
 []


Overfull \hbox (72.47227pt too wide) in paragraph at lines 1242--1243
\T1/lmr/m/it/10 tream,
 []


Overfull \hbox (55.22195pt too wide) in paragraph at lines 1242--1243
[][]\T1/lmr/m/it/10 96[][] 
 []


Overfull \hbox (47.37204pt too wide) in paragraph at lines 1243--1244
[]| \T1/lmr/m/it/10 RC4,
 []


Overfull \hbox (55.22195pt too wide) in paragraph at lines 1243--1244
[][]\T1/lmr/m/it/10 93[][] 
 []


Overfull \hbox (25.48897pt too wide) in paragraph at lines 1244--1245
[]\T1/lmr/m/it/10 SYN
 []


Overfull \hbox (69.53297pt too wide) in paragraph at lines 1244--1245
\T1/lmr/m/it/10 spoof,
 []


Overfull \hbox (60.33293pt too wide) in paragraph at lines 1244--1245
[][]\T1/lmr/m/it/10 273[][] 
 []

Missing character: There is no ﬂ ("FB02) in font ec-lmri10!

Overfull \hbox (25.48897pt too wide) in paragraph at lines 1245--1246
[]\T1/lmr/m/it/10 SYN
 []


Overfull \hbox (62.37733pt too wide) in paragraph at lines 1245--1246
\T1/lmr/m/it/10 ood,
 []


Overfull \hbox (60.33293pt too wide) in paragraph at lines 1245--1246
[][]\T1/lmr/m/it/10 273[][] 
 []


Overfull \hbox (35.66672pt too wide) in paragraph at lines 1246--1247
[]\T1/lmr/m/it/10 System
 []


Overfull \hbox (53.17763pt too wide) in paragraph at lines 1246--1247
\T1/lmr/m/it/10 1,
 []


Overfull \hbox (55.22195pt too wide) in paragraph at lines 1246--1247
[][]\T1/lmr/m/it/10 25[][] 
 []


Overfull \hbox (35.66672pt too wide) in paragraph at lines 1247--1248
[]\T1/lmr/m/it/10 System
 []


Overfull \hbox (53.17763pt too wide) in paragraph at lines 1247--1248
\T1/lmr/m/it/10 2,
 []


Overfull \hbox (55.22195pt too wide) in paragraph at lines 1247--1248
[][]\T1/lmr/m/it/10 25[][] 
 []


Overfull \hbox (34.13371pt too wide) in paragraph at lines 1248--1249
[]\T1/lmr/m/it/10 system
 []


Overfull \hbox (60.84436pt too wide) in paragraph at lines 1248--1249
\T1/lmr/m/it/10 his-
 []


Overfull \hbox (65.57202pt too wide) in paragraph at lines 1248--1249
\T1/lmr/m/it/10 tory,
 []


Overfull \hbox (60.33293pt too wide) in paragraph at lines 1248--1249
[][]\T1/lmr/m/it/10 420[][] 
 []


Overfull \hbox (34.13371pt too wide) in paragraph at lines 1249--1250
[]\T1/lmr/m/it/10 system
 []


Overfull \hbox (53.17763pt too wide) in paragraph at lines 1249--1250
\T1/lmr/m/it/10 of
 []


Overfull \hbox (61.61122pt too wide) in paragraph at lines 1249--1250
\T1/lmr/m/it/10 sys-
 []


Overfull \hbox (68.25587pt too wide) in paragraph at lines 1249--1250
\T1/lmr/m/it/10 tems,
 []


Overfull \hbox (50.11098pt too wide) in paragraph at lines 1249--1250
[][]\T1/lmr/m/it/10 2[][] 
 []


Overfull \hbox (34.13371pt too wide) in paragraph at lines 1250--1251
[]\T1/lmr/m/it/10 system
 []


Overfull \hbox (62.50523pt too wide) in paragraph at lines 1250--1251
\T1/lmr/m/it/10 pro-
 []


Overfull \hbox (69.66116pt too wide) in paragraph at lines 1250--1251
\T1/lmr/m/it/10 gram,
 []


Overfull \hbox (63.39958pt too wide) in paragraph at lines 1250--1251
[][]\T1/lmr/m/it/10 485[][],
 []


Overfull \hbox (60.33293pt too wide) in paragraph at lines 1250--1251
[][]\T1/lmr/m/it/10 492[][] 
 []


Overfull \hbox (34.13371pt too wide) in paragraph at lines 1251--1252
[]\T1/lmr/m/it/10 system
 []


Overfull \hbox (68.5111pt too wide) in paragraph at lines 1251--1252
\T1/lmr/m/it/10 state,
 []


Overfull \hbox (60.33293pt too wide) in paragraph at lines 1251--1252
[][]\T1/lmr/m/it/10 420[][] 
 []


Overfull \hbox (38.28873pt too wide) in paragraph at lines 1252--1253
[]| \T1/lmr/m/it/10 vo-
 []


Overfull \hbox (56.2442pt too wide) in paragraph at lines 1252--1253
\T1/lmr/m/it/10 la-
 []


Overfull \hbox (61.61102pt too wide) in paragraph at lines 1252--1253
\T1/lmr/m/it/10 tile,
 []


Overfull \hbox (60.33293pt too wide) in paragraph at lines 1252--1253
[][]\T1/lmr/m/it/10 421[][] 
 []


Overfull \hbox (34.13371pt too wide) in paragraph at lines 1253--1254
[]\T1/lmr/m/it/10 system
 []


Overfull \hbox (60.3333pt too wide) in paragraph at lines 1253--1254
\T1/lmr/m/it/10 uti-
 []


Overfull \hbox (61.86652pt too wide) in paragraph at lines 1253--1254
\T1/lmr/m/it/10 lity,
 []


Overfull \hbox (60.33293pt too wide) in paragraph at lines 1253--1254
[][]\T1/lmr/m/it/10 492[][] 
 []


Overfull \hbox (21.09987pt too wide) in paragraph at lines 1257--1258
[]\T1/lmr/m/it/10 tag,
 []


Overfull \hbox (55.22195pt too wide) in paragraph at lines 1257--1258
[][]\T1/lmr/m/it/10 58[][] 
 []




Overfull \hbox (97.84593pt too wide) has occurred while \output is active
\T1/lmr/m/sl/10 BIBLIOGRAPHIE \T1/lmr/m/n/10 623
 []

[623]
Overfull \hbox (25.69983pt too wide) in paragraph at lines 1258--1259
[]\T1/lmr/m/it/10 Take
 []


Overfull \hbox (62.88924pt too wide) in paragraph at lines 1258--1259
\T1/lmr/m/it/10 Ow-
 []


Overfull \hbox (63.0164pt too wide) in paragraph at lines 1258--1259
\T1/lmr/m/it/10 ner-
 []


Overfull \hbox (65.44424pt too wide) in paragraph at lines 1258--1259
\T1/lmr/m/it/10 ship,
 []


Overfull \hbox (60.33293pt too wide) in paragraph at lines 1258--1259
[][]\T1/lmr/m/it/10 335[][] 
 []


Overfull \hbox (45.31638pt too wide) in paragraph at lines 1259--1260
[]| \T1/lmr/m/it/10 port,
 []


Overfull \hbox (60.33293pt too wide) in paragraph at lines 1259--1260
[][]\T1/lmr/m/it/10 161[][] 
 []

Missing character: There is no ﬂ ("FB02) in font ec-lmri10!

Overfull \hbox (37.77763pt too wide) in paragraph at lines 1260--1261
[]| \T1/lmr/m/it/10 ag,
 []


Overfull \hbox (60.33293pt too wide) in paragraph at lines 1260--1261
[][]\T1/lmr/m/it/10 163[][] 
 []


Overfull \hbox (45.63266pt too wide) in paragraph at lines 1261--1262
[]\T1/lmr/m/it/10 telephone
 []


Overfull \hbox (61.86671pt too wide) in paragraph at lines 1261--1262
\T1/lmr/m/it/10 mo-
 []


Overfull \hbox (65.95563pt too wide) in paragraph at lines 1261--1262
\T1/lmr/m/it/10 dem,
 []


Overfull \hbox (60.33293pt too wide) in paragraph at lines 1261--1262
[][]\T1/lmr/m/it/10 484[][] 
 []


Overfull \hbox (44.86656pt too wide) in paragraph at lines 1262--1263
[]\T1/lmr/m/it/10 template,
 []


Overfull \hbox (60.33293pt too wide) in paragraph at lines 1262--1263
[][]\T1/lmr/m/it/10 307[][] 
 []


Overfull \hbox (45.24966pt too wide) in paragraph at lines 1263--1264
[]\T1/lmr/m/it/10 Temporal
 []


Overfull \hbox (61.63338pt too wide) in paragraph at lines 1263--1264
\T1/lmr/m/it/10 Key
 []


Overfull \hbox (58.05522pt too wide) in paragraph at lines 1263--1264
\T1/lmr/m/it/10 In-
 []


Overfull \hbox (56.49998pt too wide) in paragraph at lines 1263--1264
\T1/lmr/m/it/10 te-
 []


Overfull \hbox (65.06105pt too wide) in paragraph at lines 1263--1264
\T1/lmr/m/it/10 grity
 []


Overfull \hbox (64.17775pt too wide) in paragraph at lines 1263--1264
\T1/lmr/m/it/10 Pro-
 []


Overfull \hbox (57.01096pt too wide) in paragraph at lines 1263--1264
\T1/lmr/m/it/10 to-
 []


Overfull \hbox (56.75534pt too wide) in paragraph at lines 1263--1264
\T1/lmr/m/it/10 col 
 []


Overfull \hbox (50.04422pt too wide) in paragraph at lines 1264--1265
[]| \T1/lmr/m/it/10 black-
 []


Overfull \hbox (61.9055pt too wide) in paragraph at lines 1264--1265
\T1/lmr/m/it/10 box,
 []


Overfull \hbox (60.33293pt too wide) in paragraph at lines 1264--1265
[][]\T1/lmr/m/it/10 373[][] 
 []


Overfull \hbox (44.67795pt too wide) in paragraph at lines 1265--1266
[]| \T1/lmr/m/it/10 fuzz,
 []


Overfull \hbox (60.33293pt too wide) in paragraph at lines 1265--1266
[][]\T1/lmr/m/it/10 373[][] 
 []


Overfull \hbox (37.7776pt too wide) in paragraph at lines 1266--1267
[]| \T1/lmr/m/it/10 pe-
 []


Overfull \hbox (58.79974pt too wide) in paragraph at lines 1266--1267
\T1/lmr/m/it/10 ne-
 []


Overfull \hbox (60.71649pt too wide) in paragraph at lines 1266--1267
\T1/lmr/m/it/10 tra-
 []


Overfull \hbox (65.1885pt too wide) in paragraph at lines 1266--1267
\T1/lmr/m/it/10 tion,
 []


Overfull \hbox (60.33293pt too wide) in paragraph at lines 1266--1267
[][]\T1/lmr/m/it/10 373[][] 
 []


Overfull \hbox (43.39986pt too wide) in paragraph at lines 1267--1268
[]| \T1/lmr/m/it/10 whi-
 []


Overfull \hbox (56.49998pt too wide) in paragraph at lines 1267--1268
\T1/lmr/m/it/10 te-
 []


Overfull \hbox (61.9055pt too wide) in paragraph at lines 1267--1268
\T1/lmr/m/it/10 box,
 []


Overfull \hbox (60.33293pt too wide) in paragraph at lines 1267--1268
[][]\T1/lmr/m/it/10 373[][] 
 []


Overfull \hbox (37.23877pt too wide) in paragraph at lines 1268--1269
[]\T1/lmr/m/it/10 texting,
 []


Overfull \hbox (60.33293pt too wide) in paragraph at lines 1268--1269
[][]\T1/lmr/m/it/10 522[][] 
 []


Overfull \hbox (30.11365pt too wide) in paragraph at lines 1269--1270
[]\T1/lmr/m/it/10 TGT,
 []


Overfull \hbox (60.33293pt too wide) in paragraph at lines 1269--1270
[][]\T1/lmr/m/it/10 317[][] 
 []


Overfull \hbox (21.86649pt too wide) in paragraph at lines 1270--1271
[]\T1/lmr/m/it/10 The
 []


Overfull \hbox (71.57736pt too wide) in paragraph at lines 1270--1271
\T1/lmr/m/it/10 Sleuth
 []


Overfull \hbox (58.56676pt too wide) in paragraph at lines 1270--1271
\T1/lmr/m/it/10 Kit
 []


Overfull \hbox (76.71112pt too wide) in paragraph at lines 1270--1271
\T1/lmr/m/it/10 (TSK),
 []


Overfull \hbox (60.33293pt too wide) in paragraph at lines 1270--1271
[][]\T1/lmr/m/it/10 423[][] 
 []




Overfull \hbox (32.7275pt too wide) in paragraph at lines 1271--1272
[]\T1/lmr/m/it/10 threat,
 []


Overfull \hbox (55.22195pt too wide) in paragraph at lines 1271--1272
[][]\T1/lmr/m/it/10 41[][] 
 []


Overfull \hbox (43.65517pt too wide) in paragraph at lines 1272--1273
[]| \T1/lmr/m/it/10 data
 []


Overfull \hbox (56.88329pt too wide) in paragraph at lines 1272--1273
\T1/lmr/m/it/10 re-
 []


Overfull \hbox (56.2442pt too wide) in paragraph at lines 1272--1273
\T1/lmr/m/it/10 la-
 []


Overfull \hbox (60.58875pt too wide) in paragraph at lines 1272--1273
\T1/lmr/m/it/10 ted,
 []


Overfull \hbox (55.22195pt too wide) in paragraph at lines 1272--1273
[][]\T1/lmr/m/it/10 45[][] 
 []


Overfull \hbox (47.61621pt too wide) in paragraph at lines 1273--1274
[]| \T1/lmr/m/it/10 hard-
 []


Overfull \hbox (65.061pt too wide) in paragraph at lines 1273--1274
\T1/lmr/m/it/10 ware
 []


Overfull \hbox (56.88329pt too wide) in paragraph at lines 1273--1274
\T1/lmr/m/it/10 re-
 []


Overfull \hbox (56.2442pt too wide) in paragraph at lines 1273--1274
\T1/lmr/m/it/10 la-
 []


Overfull \hbox (60.58875pt too wide) in paragraph at lines 1273--1274
\T1/lmr/m/it/10 ted,
 []


Overfull \hbox (55.22195pt too wide) in paragraph at lines 1273--1274
[][]\T1/lmr/m/it/10 44[][] 
 []


Overfull \hbox (33.68864pt too wide) in paragraph at lines 1274--1275
[]| \T1/lmr/m/it/10 in
 []


Overfull \hbox (56.01099pt too wide) in paragraph at lines 1274--1275
\T1/lmr/m/it/10 IT
 []


Overfull \hbox (61.61122pt too wide) in paragraph at lines 1274--1275
\T1/lmr/m/it/10 sys-
 []


Overfull \hbox (64.16689pt too wide) in paragraph at lines 1274--1275
\T1/lmr/m/it/10 tem,
 []


Overfull \hbox (55.22195pt too wide) in paragraph at lines 1274--1275
[][]\T1/lmr/m/it/10 44[][] 
 []


Overfull \hbox (34.19987pt too wide) in paragraph at lines 1275--1276
[]| \T1/lmr/m/it/10 li-
 []


Overfull \hbox (57.77776pt too wide) in paragraph at lines 1275--1276
\T1/lmr/m/it/10 ve-
 []


Overfull \hbox (65.061pt too wide) in paragraph at lines 1275--1276
\T1/lmr/m/it/10 ware
 []


Overfull \hbox (56.88329pt too wide) in paragraph at lines 1275--1276
\T1/lmr/m/it/10 re-
 []


Overfull \hbox (56.2442pt too wide) in paragraph at lines 1275--1276
\T1/lmr/m/it/10 la-
 []


Overfull \hbox (60.58875pt too wide) in paragraph at lines 1275--1276
\T1/lmr/m/it/10 ted,
 []


Overfull \hbox (55.22195pt too wide) in paragraph at lines 1275--1276
[][]\T1/lmr/m/it/10 45[][] 
 []


Overfull \hbox (44.1666pt too wide) in paragraph at lines 1276--1277
[]| \T1/lmr/m/it/10 soft-
 []


Overfull \hbox (65.061pt too wide) in paragraph at lines 1276--1277
\T1/lmr/m/it/10 ware
 []


Overfull \hbox (56.88329pt too wide) in paragraph at lines 1276--1277
\T1/lmr/m/it/10 re-
 []


Overfull \hbox (56.2442pt too wide) in paragraph at lines 1276--1277
\T1/lmr/m/it/10 la-
 []


Overfull \hbox (60.58875pt too wide) in paragraph at lines 1276--1277
\T1/lmr/m/it/10 ted,
 []


Overfull \hbox (55.22195pt too wide) in paragraph at lines 1276--1277
[][]\T1/lmr/m/it/10 44[][] 
 []


Overfull \hbox (29.66084pt too wide) in paragraph at lines 1277--1278
[]\T1/lmr/m/it/10 threat
 []


Overfull \hbox (64.42169pt too wide) in paragraph at lines 1277--1278
\T1/lmr/m/it/10 ana-
 []


Overfull \hbox (55.98872pt too wide) in paragraph at lines 1277--1278
\T1/lmr/m/it/10 ly-
 []


Overfull \hbox (59.31128pt too wide) in paragraph at lines 1277--1278
\T1/lmr/m/it/10 sis,
 []


Overfull \hbox (58.2886pt too wide) in paragraph at lines 1277--1278
[][]\T1/lmr/m/it/10 30[][],
 []


Overfull \hbox (60.33293pt too wide) in paragraph at lines 1277--1278
[][]\T1/lmr/m/it/10 427[][] 
 []

Missing character: There is no ﬁ ("FB01) in font ec-lmri10!

Overfull \hbox (29.66084pt too wide) in paragraph at lines 1278--1279
[]\T1/lmr/m/it/10 threat
 []


Overfull \hbox (69.14963pt too wide) in paragraph at lines 1278--1279
\T1/lmr/m/it/10 prole,
 []


Overfull \hbox (55.22195pt too wide) in paragraph at lines 1278--1279
[][]\T1/lmr/m/it/10 53[][] 
 []


Overfull \hbox (29.66084pt too wide) in paragraph at lines 1279--1280
[]\T1/lmr/m/it/10 threat
 []


Overfull \hbox (63.78331pt too wide) in paragraph at lines 1279--1280
\T1/lmr/m/it/10 tree,
 []


Overfull \hbox (55.22195pt too wide) in paragraph at lines 1279--1280
[][]\T1/lmr/m/it/10 54[][] 
 []


Overfull \hbox (32.3444pt too wide) in paragraph at lines 1280--1281
[]\T1/lmr/m/it/10 Ticket
 []


Overfull \hbox (70.75224pt too wide) in paragraph at lines 1280--1281
\T1/lmr/m/it/10 Gran-
 []


Overfull \hbox (61.61089pt too wide) in paragraph at lines 1280--1281
\T1/lmr/m/it/10 ting
 []


Overfull \hbox (63.0164pt too wide) in paragraph at lines 1280--1281
\T1/lmr/m/it/10 Ser-
 []


Overfull \hbox (58.41667pt too wide) in paragraph at lines 1280--1281
\T1/lmr/m/it/10 ver
 []


Overfull \hbox (76.75812pt too wide) in paragraph at lines 1280--1281
\T1/lmr/m/it/10 (TGS),
 []


Overfull \hbox (60.33293pt too wide) in paragraph at lines 1280--1281
[][]\T1/lmr/m/it/10 317[][] 
 []




Overfull \hbox (97.84593pt too wide) has occurred while \output is active
\T1/lmr/m/n/10 624 \T1/lmr/m/sl/10 BIBLIOGRAPHIE
 []

[624]
Overfull \hbox (35.66678pt too wide) in paragraph at lines 1281--1282
[]\T1/lmr/m/it/10 tickets,
 []


Overfull \hbox (60.33293pt too wide) in paragraph at lines 1281--1282
[][]\T1/lmr/m/it/10 317[][] 
 []


Overfull \hbox (28.89429pt too wide) in paragraph at lines 1282--1283
[]\T1/lmr/m/it/10 tiered
 []


Overfull \hbox (57.90538pt too wide) in paragraph at lines 1282--1283
\T1/lmr/m/it/10 ar-
 []


Overfull \hbox (61.35538pt too wide) in paragraph at lines 1282--1283
\T1/lmr/m/it/10 chi-
 []


Overfull \hbox (60.58887pt too wide) in paragraph at lines 1282--1283
\T1/lmr/m/it/10 tec-
 []


Overfull \hbox (65.0611pt too wide) in paragraph at lines 1282--1283
\T1/lmr/m/it/10 ture,
 []


Overfull \hbox (60.33293pt too wide) in paragraph at lines 1282--1283
[][]\T1/lmr/m/it/10 265[][] 
 []


Overfull \hbox (24.16689pt too wide) in paragraph at lines 1283--1284
[]\T1/lmr/m/it/10 time
 []


Overfull \hbox (73.87782pt too wide) in paragraph at lines 1283--1284
\T1/lmr/m/it/10 stamp,
 []


Overfull \hbox (60.33293pt too wide) in paragraph at lines 1283--1284
[][]\T1/lmr/m/it/10 117[][] 
 []


Overfull \hbox (37.45564pt too wide) in paragraph at lines 1284--1285
[]\T1/lmr/m/it/10 timeout
 []


Overfull \hbox (67.23354pt too wide) in paragraph at lines 1284--1285
\T1/lmr/m/it/10 time,
 []


Overfull \hbox (60.33293pt too wide) in paragraph at lines 1284--1285
[][]\T1/lmr/m/it/10 273[][] 
 []


Overfull \hbox (33.55013pt too wide) in paragraph at lines 1285--1286
[]\T1/lmr/m/it/10 TKIP,
 []


Overfull \hbox (60.33293pt too wide) in paragraph at lines 1285--1286
[][]\T1/lmr/m/it/10 258[][] 
 []


Overfull \hbox (27.11613pt too wide) in paragraph at lines 1286--1288
[]\T1/lmr/m/it/10 TLS,
 []


Overfull \hbox (58.2886pt too wide) in paragraph at lines 1286--1288
[][]\T1/lmr/m/it/10 96[][],
 []


Overfull \hbox (63.39958pt too wide) in paragraph at lines 1286--1288
[][]\T1/lmr/m/it/10 119[][],
 []


Overfull \hbox (63.39958pt too wide) in paragraph at lines 1286--1288
[][]\T1/lmr/m/it/10 221[][],
 []


Overfull \hbox (60.33293pt too wide) in paragraph at lines 1286--1288
[][]\T1/lmr/m/it/10 406[][] 
 []


Overfull \hbox (52.74998pt too wide) in paragraph at lines 1288--1289
[]| \T1/lmr/m/it/10 Heart-
 []


Overfull \hbox (68.51088pt too wide) in paragraph at lines 1288--1289
\T1/lmr/m/it/10 bleed,
 []


Overfull \hbox (60.33293pt too wide) in paragraph at lines 1288--1289
[][]\T1/lmr/m/it/10 370[][] 
 []

Missing character: There is no ﬂ ("FB02) in font ec-lmri10!

Overfull \hbox (56.38951pt too wide) in paragraph at lines 1289--1290
[]\T1/lmr/m/it/10 TOCTTOU
 []


Overfull \hbox (59.82211pt too wide) in paragraph at lines 1289--1290
\T1/lmr/m/it/10 aw,
 []


Overfull \hbox (60.33293pt too wide) in paragraph at lines 1289--1290
[][]\T1/lmr/m/it/10 371[][] 
 []


Overfull \hbox (23.78313pt too wide) in paragraph at lines 1290--1291
[]\T1/lmr/m/it/10 Tor,
 []


Overfull \hbox (63.39958pt too wide) in paragraph at lines 1290--1291
[][]\T1/lmr/m/it/10 222[][],
 []


Overfull \hbox (60.33293pt too wide) in paragraph at lines 1290--1291
[][]\T1/lmr/m/it/10 461[][] 
 []


Overfull \hbox (28.51086pt too wide) in paragraph at lines 1291--1292
[]\T1/lmr/m/it/10 touch
 []


Overfull \hbox (62.88873pt too wide) in paragraph at lines 1291--1292
\T1/lmr/m/it/10 sen-
 []


Overfull \hbox (55.73338pt too wide) in paragraph at lines 1291--1292
\T1/lmr/m/it/10 si-
 []


Overfull \hbox (63.65555pt too wide) in paragraph at lines 1291--1292
\T1/lmr/m/it/10 tive,
 []


Overfull \hbox (60.33293pt too wide) in paragraph at lines 1291--1292
[][]\T1/lmr/m/it/10 481[][] 
 []


Overfull \hbox (42.69406pt too wide) in paragraph at lines 1292--1293
[]\T1/lmr/m/it/10 tracking,
 []


Overfull \hbox (60.33293pt too wide) in paragraph at lines 1292--1293
[][]\T1/lmr/m/it/10 461[][] 
 []


Overfull \hbox (56.74922pt too wide) in paragraph at lines 1293--1294
[]\T1/lmr/m/it/10 transaction,
 []


Overfull \hbox (60.33293pt too wide) in paragraph at lines 1293--1294
[][]\T1/lmr/m/it/10 462[][] 
 []


Overfull \hbox (53.81033pt too wide) in paragraph at lines 1294--1295
[]\T1/lmr/m/it/10 transparent
 []


Overfull \hbox (58.79974pt too wide) in paragraph at lines 1294--1295
\T1/lmr/m/it/10 en-
 []


Overfull \hbox (67.36089pt too wide) in paragraph at lines 1294--1295
\T1/lmr/m/it/10 cryp-
 []


Overfull \hbox (65.1885pt too wide) in paragraph at lines 1294--1295
\T1/lmr/m/it/10 tion,
 []


Overfull \hbox (60.33293pt too wide) in paragraph at lines 1294--1295
[][]\T1/lmr/m/it/10 349[][] 
 []




Overfull \hbox (47.16606pt too wide) in paragraph at lines 1295--1296
[]\T1/lmr/m/it/10 Transport
 []


Overfull \hbox (69.40527pt too wide) in paragraph at lines 1295--1296
\T1/lmr/m/it/10 layer,
 []


Overfull \hbox (60.33293pt too wide) in paragraph at lines 1295--1296
[][]\T1/lmr/m/it/10 157[][] 
 []


Overfull \hbox (60.83806pt too wide) in paragraph at lines 1296--1297
[]\T1/lmr/m/it/10 transposition
 []


Overfull \hbox (56.2444pt too wide) in paragraph at lines 1296--1297
\T1/lmr/m/it/10 ci-
 []


Overfull \hbox (67.10527pt too wide) in paragraph at lines 1296--1297
\T1/lmr/m/it/10 pher,
 []


Overfull \hbox (55.22195pt too wide) in paragraph at lines 1296--1297
[][]\T1/lmr/m/it/10 39[][] 
 []


Overfull \hbox (40.77707pt too wide) in paragraph at lines 1297--1298
[]\T1/lmr/m/it/10 trapdoor
 []


Overfull \hbox (67.23306pt too wide) in paragraph at lines 1297--1298
\T1/lmr/m/it/10 func-
 []


Overfull \hbox (65.1885pt too wide) in paragraph at lines 1297--1298
\T1/lmr/m/it/10 tion,
 []


Overfull \hbox (55.22195pt too wide) in paragraph at lines 1297--1298
[][]\T1/lmr/m/it/10 96[][] 
 []


Overfull \hbox (40.26671pt too wide) in paragraph at lines 1298--1299
[]\T1/lmr/m/it/10 trigram,
 []


Overfull \hbox (55.22195pt too wide) in paragraph at lines 1298--1299
[][]\T1/lmr/m/it/10 71[][] 
 []


Overfull \hbox (34.51636pt too wide) in paragraph at lines 1299--1300
[]\T1/lmr/m/it/10 Triple-
 []


Overfull \hbox (64.95547pt too wide) in paragraph at lines 1299--1300
\T1/lmr/m/it/10 DES
 []


Overfull \hbox (81.31108pt too wide) in paragraph at lines 1299--1300
\T1/lmr/m/it/10 (3DES),
 []


Overfull \hbox (58.2886pt too wide) in paragraph at lines 1299--1300
[][]\T1/lmr/m/it/10 83[][],
 []


Overfull \hbox (60.33293pt too wide) in paragraph at lines 1299--1300
[][]\T1/lmr/m/it/10 217[][] 
 []


Overfull \hbox (30.93837pt too wide) in paragraph at lines 1300--1301
[]\T1/lmr/m/it/10 trojan
 []


Overfull \hbox (71.19426pt too wide) in paragraph at lines 1300--1301
\T1/lmr/m/it/10 horse,
 []


Overfull \hbox (58.2886pt too wide) in paragraph at lines 1300--1301
[][]\T1/lmr/m/it/10 30[][],
 []


Overfull \hbox (60.33293pt too wide) in paragraph at lines 1300--1301
[][]\T1/lmr/m/it/10 375[][] 
 []


Overfull \hbox (53.2997pt too wide) in paragraph at lines 1301--1302
[]\T1/lmr/m/it/10 TrueCrypt,
 []


Overfull \hbox (60.33293pt too wide) in paragraph at lines 1301--1302
[][]\T1/lmr/m/it/10 349[][] 
 []


Overfull \hbox (28.38344pt too wide) in paragraph at lines 1302--1303
[]\T1/lmr/m/it/10 trust,
 []


Overfull \hbox (60.33293pt too wide) in paragraph at lines 1302--1303
[][]\T1/lmr/m/it/10 104[][] 
 []


Overfull \hbox (25.31679pt too wide) in paragraph at lines 1303--1304
[]\T1/lmr/m/it/10 trust
 []


Overfull \hbox (61.86671pt too wide) in paragraph at lines 1303--1304
\T1/lmr/m/it/10 mo-
 []


Overfull \hbox (60.33311pt too wide) in paragraph at lines 1303--1304
\T1/lmr/m/it/10 del,
 []


Overfull \hbox (60.33293pt too wide) in paragraph at lines 1303--1304
[][]\T1/lmr/m/it/10 141[][] 
 []


Overfull \hbox (41.35538pt too wide) in paragraph at lines 1304--1305
[]| \T1/lmr/m/it/10 hie-
 []


Overfull \hbox (61.61092pt too wide) in paragraph at lines 1304--1305
\T1/lmr/m/it/10 rar-
 []


Overfull \hbox (61.35538pt too wide) in paragraph at lines 1304--1305
\T1/lmr/m/it/10 chi-
 []


Overfull \hbox (59.82199pt too wide) in paragraph at lines 1304--1305
\T1/lmr/m/it/10 cal,
 []


Overfull \hbox (60.33293pt too wide) in paragraph at lines 1304--1305
[][]\T1/lmr/m/it/10 141[][] 
 []


Overfull \hbox (72.916pt too wide) in paragraph at lines 1305--1306
[]| \T1/lmr/m/it/10 reputation-
 []


Overfull \hbox (70.55536pt too wide) in paragraph at lines 1305--1306
\T1/lmr/m/it/10 based,
 []


Overfull \hbox (60.33293pt too wide) in paragraph at lines 1305--1306
[][]\T1/lmr/m/it/10 141[][] 
 []


Overfull \hbox (44.42224pt too wide) in paragraph at lines 1306--1307
[]| \T1/lmr/m/it/10 web-
 []


Overfull \hbox (56.75537pt too wide) in paragraph at lines 1306--1307
\T1/lmr/m/it/10 of-
 []


Overfull \hbox (68.38344pt too wide) in paragraph at lines 1306--1307
\T1/lmr/m/it/10 trust,
 []


Overfull \hbox (60.33293pt too wide) in paragraph at lines 1306--1307
[][]\T1/lmr/m/it/10 141[][] 
 []


Overfull \hbox (37.58325pt too wide) in paragraph at lines 1307--1308
[]\T1/lmr/m/it/10 Trusted
 []


Overfull \hbox (66.34993pt too wide) in paragraph at lines 1307--1308
\T1/lmr/m/it/10 Plat-
 []


Overfull \hbox (65.57228pt too wide) in paragraph at lines 1307--1308
\T1/lmr/m/it/10 form
 []


Overfull \hbox (62.65572pt too wide) in paragraph at lines 1307--1308
\T1/lmr/m/it/10 Mo-
 []


Overfull \hbox (62.63313pt too wide) in paragraph at lines 1307--1308
\T1/lmr/m/it/10 dule
 []


Overfull \hbox (79.15062pt too wide) in paragraph at lines 1307--1308
\T1/lmr/m/it/10 (TPM),
 []


Overfull \hbox (60.33293pt too wide) in paragraph at lines 1307--1308
[][]\T1/lmr/m/it/10 351[][] 
 []




Overfull \hbox (97.84593pt too wide) has occurred while \output is active
\T1/lmr/m/sl/10 BIBLIOGRAPHIE \T1/lmr/m/n/10 625
 []

[625]
Overfull \hbox (60.86089pt too wide) in paragraph at lines 1308--1309
[]\T1/lmr/m/it/10 TrustedBSD,
 []


Overfull \hbox (60.33293pt too wide) in paragraph at lines 1308--1309
[][]\T1/lmr/m/it/10 321[][] 
 []


Overfull \hbox (27.62764pt too wide) in paragraph at lines 1309--1310
[]\T1/lmr/m/it/10 TSP,
 []


Overfull \hbox (60.33293pt too wide) in paragraph at lines 1309--1310
[][]\T1/lmr/m/it/10 145[][] 
 []


Overfull \hbox (48.44368pt too wide) in paragraph at lines 1310--1311
[]\T1/lmr/m/it/10 tunneling,
 []


Overfull \hbox (60.33293pt too wide) in paragraph at lines 1310--1311
[][]\T1/lmr/m/it/10 220[][] 
 []


Overfull \hbox (22.3776pt too wide) in paragraph at lines 1311--1312
[]\T1/lmr/m/it/10 type
 []


Overfull \hbox (77.58273pt too wide) in paragraph at lines 1311--1312
\T1/lmr/m/it/10 control,
 []


Overfull \hbox (60.33293pt too wide) in paragraph at lines 1311--1312
[][]\T1/lmr/m/it/10 392[][] 
 []


Overfull \hbox (29.83362pt too wide) in paragraph at lines 1315--1316
[]\T1/lmr/m/it/10 UDP,
 []


Overfull \hbox (63.39958pt too wide) in paragraph at lines 1315--1316
[][]\T1/lmr/m/it/10 168[][],
 []


Overfull \hbox (60.33293pt too wide) in paragraph at lines 1315--1316
[][]\T1/lmr/m/it/10 280[][] 
 []


Overfull \hbox (45.31638pt too wide) in paragraph at lines 1316--1317
[]| \T1/lmr/m/it/10 port,
 []


Overfull \hbox (60.33293pt too wide) in paragraph at lines 1316--1317
[][]\T1/lmr/m/it/10 161[][] 
 []


Overfull \hbox (32.6671pt too wide) in paragraph at lines 1317--1318
[]\T1/lmr/m/it/10 UEFI,
 []


Overfull \hbox (63.39958pt too wide) in paragraph at lines 1317--1318
[][]\T1/lmr/m/it/10 356[][],
 []


Overfull \hbox (60.33293pt too wide) in paragraph at lines 1317--1318
[][]\T1/lmr/m/it/10 488[][] 
 []


Overfull \hbox (42.12195pt too wide) in paragraph at lines 1318--1319
[]| \T1/lmr/m/it/10 boot
 []


Overfull \hbox (60.84406pt too wide) in paragraph at lines 1318--1319
\T1/lmr/m/it/10 loa-
 []


Overfull \hbox (61.9943pt too wide) in paragraph at lines 1318--1319
\T1/lmr/m/it/10 der,
 []


Overfull \hbox (60.33293pt too wide) in paragraph at lines 1318--1319
[][]\T1/lmr/m/it/10 356[][] 
 []


Overfull \hbox (42.12195pt too wide) in paragraph at lines 1319--1320
[]| \T1/lmr/m/it/10 boot
 []


Overfull \hbox (61.86671pt too wide) in paragraph at lines 1319--1320
\T1/lmr/m/it/10 ma-
 []


Overfull \hbox (59.31071pt too wide) in paragraph at lines 1319--1320
\T1/lmr/m/it/10 na-
 []


Overfull \hbox (61.48332pt too wide) in paragraph at lines 1319--1320
\T1/lmr/m/it/10 ger,
 []


Overfull \hbox (60.33293pt too wide) in paragraph at lines 1319--1320
[][]\T1/lmr/m/it/10 356[][] 
 []


Overfull \hbox (50.22813pt too wide) in paragraph at lines 1320--1321
[]| \T1/lmr/m/it/10 KEK,
 []


Overfull \hbox (60.33293pt too wide) in paragraph at lines 1320--1321
[][]\T1/lmr/m/it/10 356[][] 
 []


Overfull \hbox (42.53914pt too wide) in paragraph at lines 1321--1322
[]| \T1/lmr/m/it/10 PK,
 []


Overfull \hbox (60.33293pt too wide) in paragraph at lines 1321--1322
[][]\T1/lmr/m/it/10 356[][] 
 []


Overfull \hbox (48.38344pt too wide) in paragraph at lines 1322--1323
[]| \T1/lmr/m/it/10 trust,
 []


Overfull \hbox (60.33293pt too wide) in paragraph at lines 1322--1323
[][]\T1/lmr/m/it/10 356[][] 
 []


Overfull \hbox (37.24463pt too wide) in paragraph at lines 1323--1324
[]\T1/lmr/m/it/10 UMTS,
 []


Overfull \hbox (60.33293pt too wide) in paragraph at lines 1323--1324
[][]\T1/lmr/m/it/10 177[][] 
 []


Overfull \hbox (50.62262pt too wide) in paragraph at lines 1324--1325
[]| \T1/lmr/m/it/10 AKA,
 []


Overfull \hbox (60.33293pt too wide) in paragraph at lines 1324--1325
[][]\T1/lmr/m/it/10 129[][] 
 []


Overfull \hbox (39.05539pt too wide) in paragraph at lines 1325--1326
[]| \T1/lmr/m/it/10 au-
 []


Overfull \hbox (67.23296pt too wide) in paragraph at lines 1325--1326
\T1/lmr/m/it/10 then-
 []


Overfull \hbox (54.96663pt too wide) in paragraph at lines 1325--1326
\T1/lmr/m/it/10 ti-
 []


Overfull \hbox (57.7776pt too wide) in paragraph at lines 1325--1326
\T1/lmr/m/it/10 ca-
 []


Overfull \hbox (62.12186pt too wide) in paragraph at lines 1325--1326
\T1/lmr/m/it/10 tion
 []


Overfull \hbox (61.86664pt too wide) in paragraph at lines 1325--1326
\T1/lmr/m/it/10 vec-
 []


Overfull \hbox (60.71652pt too wide) in paragraph at lines 1325--1326
\T1/lmr/m/it/10 tor,
 []


Overfull \hbox (60.33293pt too wide) in paragraph at lines 1325--1326
[][]\T1/lmr/m/it/10 266[][] 
 []




Overfull \hbox (37.26674pt too wide) in paragraph at lines 1326--1327
[]| \T1/lmr/m/it/10 se-
 []


Overfull \hbox (58.54442pt too wide) in paragraph at lines 1326--1327
\T1/lmr/m/it/10 cu-
 []


Overfull \hbox (63.5277pt too wide) in paragraph at lines 1326--1327
\T1/lmr/m/it/10 rity,
 []


Overfull \hbox (60.33293pt too wide) in paragraph at lines 1326--1327
[][]\T1/lmr/m/it/10 266[][] 
 []


Overfull \hbox (26.6501pt too wide) in paragraph at lines 1327--1328
[]\T1/lmr/m/it/10 URI,
 []


Overfull \hbox (63.39958pt too wide) in paragraph at lines 1327--1328
[][]\T1/lmr/m/it/10 199[][],
 []


Overfull \hbox (60.33293pt too wide) in paragraph at lines 1327--1328
[][]\T1/lmr/m/it/10 391[][] 
 []


Overfull \hbox (46.46655pt too wide) in paragraph at lines 1328--1329
[]| \T1/lmr/m/it/10 pass-
 []


Overfull \hbox (68.63863pt too wide) in paragraph at lines 1328--1329
\T1/lmr/m/it/10 word,
 []


Overfull \hbox (60.33293pt too wide) in paragraph at lines 1328--1329
[][]\T1/lmr/m/it/10 200[][] 
 []


Overfull \hbox (46.2107pt too wide) in paragraph at lines 1329--1330
[]| \T1/lmr/m/it/10 path,
 []


Overfull \hbox (60.33293pt too wide) in paragraph at lines 1329--1330
[][]\T1/lmr/m/it/10 201[][] 
 []


Overfull \hbox (42.24973pt too wide) in paragraph at lines 1330--1331
[]| \T1/lmr/m/it/10 port
 []


Overfull \hbox (67.7444pt too wide) in paragraph at lines 1330--1331
\T1/lmr/m/it/10 num-
 []


Overfull \hbox (60.9722pt too wide) in paragraph at lines 1330--1331
\T1/lmr/m/it/10 ber,
 []


Overfull \hbox (60.33293pt too wide) in paragraph at lines 1330--1331
[][]\T1/lmr/m/it/10 200[][] 
 []


Overfull \hbox (51.70549pt too wide) in paragraph at lines 1331--1332
[]| \T1/lmr/m/it/10 query,
 []


Overfull \hbox (60.33293pt too wide) in paragraph at lines 1331--1332
[][]\T1/lmr/m/it/10 201[][] 
 []


Overfull \hbox (59.24463pt too wide) in paragraph at lines 1332--1333
[]| \T1/lmr/m/it/10 scheme,
 []


Overfull \hbox (63.39958pt too wide) in paragraph at lines 1332--1333
[][]\T1/lmr/m/it/10 200[][],
 []


Overfull \hbox (63.39958pt too wide) in paragraph at lines 1332--1333
[][]\T1/lmr/m/it/10 201[][],
 []


Overfull \hbox (60.33293pt too wide) in paragraph at lines 1332--1333
[][]\T1/lmr/m/it/10 270[][] 
 []


Overfull \hbox (42.6334pt too wide) in paragraph at lines 1333--1334
[]| \T1/lmr/m/it/10 use-
 []


Overfull \hbox (60.46094pt too wide) in paragraph at lines 1333--1334
\T1/lmr/m/it/10 rid,
 []


Overfull \hbox (60.33293pt too wide) in paragraph at lines 1333--1334
[][]\T1/lmr/m/it/10 200[][] 
 []


Overfull \hbox (44.09981pt too wide) in paragraph at lines 1334--1335
[]\T1/lmr/m/it/10 usability,
 []


Overfull \hbox (60.33293pt too wide) in paragraph at lines 1334--1335
[][]\T1/lmr/m/it/10 220[][] 
 []


Overfull \hbox (28.16113pt too wide) in paragraph at lines 1335--1336
[]\T1/lmr/m/it/10 USB,
 []


Overfull \hbox (60.33293pt too wide) in paragraph at lines 1335--1336
[][]\T1/lmr/m/it/10 483[][] 
 []


Overfull \hbox (43.1443pt too wide) in paragraph at lines 1336--1337
[]| \T1/lmr/m/it/10 hub,
 []


Overfull \hbox (60.33293pt too wide) in paragraph at lines 1336--1337
[][]\T1/lmr/m/it/10 483[][] 
 []


Overfull \hbox (42.12216pt too wide) in paragraph at lines 1337--1338
[]| \T1/lmr/m/it/10 key,
 []


Overfull \hbox (60.33293pt too wide) in paragraph at lines 1337--1338
[][]\T1/lmr/m/it/10 480[][] 
 []


Overfull \hbox (45.31638pt too wide) in paragraph at lines 1338--1339
[]| \T1/lmr/m/it/10 port,
 []


Overfull \hbox (60.33293pt too wide) in paragraph at lines 1338--1339
[][]\T1/lmr/m/it/10 479[][] 
 []


Overfull \hbox (23.27232pt too wide) in paragraph at lines 1339--1340
[]\T1/lmr/m/it/10 user
 []


Overfull \hbox (77.58273pt too wide) in paragraph at lines 1339--1340
\T1/lmr/m/it/10 control,
 []


Overfull \hbox (60.33293pt too wide) in paragraph at lines 1339--1340
[][]\T1/lmr/m/it/10 488[][] 
 []


Overfull \hbox (23.27232pt too wide) in paragraph at lines 1340--1341
[]\T1/lmr/m/it/10 user
 []


Overfull \hbox (57.26639pt too wide) in paragraph at lines 1340--1341
\T1/lmr/m/it/10 in-
 []


Overfull \hbox (60.71664pt too wide) in paragraph at lines 1340--1341
\T1/lmr/m/it/10 ter-
 []


Overfull \hbox (64.93317pt too wide) in paragraph at lines 1340--1341
\T1/lmr/m/it/10 face,
 []


Overfull \hbox (60.33293pt too wide) in paragraph at lines 1340--1341
[][]\T1/lmr/m/it/10 488[][] 
 []




Overfull \hbox (97.84593pt too wide) has occurred while \output is active
\T1/lmr/m/n/10 626 \T1/lmr/m/sl/10 BIBLIOGRAPHIE
 []

[626]
Overfull \hbox (30.55542pt too wide) in paragraph at lines 1341--1342
[]\T1/lmr/m/it/10 utility
 []


Overfull \hbox (62.50523pt too wide) in paragraph at lines 1341--1342
\T1/lmr/m/it/10 pro-
 []


Overfull \hbox (69.66116pt too wide) in paragraph at lines 1341--1342
\T1/lmr/m/it/10 gram,
 []


Overfull \hbox (60.33293pt too wide) in paragraph at lines 1341--1342
[][]\T1/lmr/m/it/10 492[][] 
 []


Overfull \hbox (22.88866pt too wide) in paragraph at lines 1345--1346
[]\T1/lmr/m/it/10 vein
 []


Overfull \hbox (61.61081pt too wide) in paragraph at lines 1345--1346
\T1/lmr/m/it/10 pat-
 []


Overfull \hbox (65.82755pt too wide) in paragraph at lines 1345--1346
\T1/lmr/m/it/10 tern,
 []


Overfull \hbox (60.33293pt too wide) in paragraph at lines 1345--1346
[][]\T1/lmr/m/it/10 307[][] 
 []


Overfull \hbox (42.84433pt too wide) in paragraph at lines 1346--1347
[]\T1/lmr/m/it/10 Vigenère
 []


Overfull \hbox (56.2444pt too wide) in paragraph at lines 1346--1347
\T1/lmr/m/it/10 ci-
 []


Overfull \hbox (67.10527pt too wide) in paragraph at lines 1346--1347
\T1/lmr/m/it/10 pher,
 []


Overfull \hbox (55.22195pt too wide) in paragraph at lines 1346--1347
[][]\T1/lmr/m/it/10 74[][] 
 []


Overfull \hbox (38.79974pt too wide) in paragraph at lines 1347--1348
[]| \T1/lmr/m/it/10 en-
 []


Overfull \hbox (57.7776pt too wide) in paragraph at lines 1347--1348
\T1/lmr/m/it/10 co-
 []


Overfull \hbox (63.39963pt too wide) in paragraph at lines 1347--1348
\T1/lmr/m/it/10 ding
 []


Overfull \hbox (68.25536pt too wide) in paragraph at lines 1347--1348
\T1/lmr/m/it/10 table,
 []


Overfull \hbox (55.22195pt too wide) in paragraph at lines 1347--1348
[][]\T1/lmr/m/it/10 39[][] 
 []


Overfull \hbox (33.23868pt too wide) in paragraph at lines 1348--1349
[]\T1/lmr/m/it/10 virtual
 []


Overfull \hbox (61.35574pt too wide) in paragraph at lines 1348--1349
\T1/lmr/m/it/10 me-
 []


Overfull \hbox (70.42778pt too wide) in paragraph at lines 1348--1349
\T1/lmr/m/it/10 mory,
 []


Overfull \hbox (60.33293pt too wide) in paragraph at lines 1348--1349
[][]\T1/lmr/m/it/10 340[][] 
 []


Overfull \hbox (29.40562pt too wide) in paragraph at lines 1349--1350
[]\T1/lmr/m/it/10 virus,
 []


Overfull \hbox (60.33293pt too wide) in paragraph at lines 1349--1350
[][]\T1/lmr/m/it/10 375[][] 
 []


Overfull \hbox (37.01096pt too wide) in paragraph at lines 1350--1351
[]| \T1/lmr/m/it/10 at-
 []


Overfull \hbox (65.69987pt too wide) in paragraph at lines 1350--1351
\T1/lmr/m/it/10 tack,
 []


Overfull \hbox (60.33293pt too wide) in paragraph at lines 1350--1351
[][]\T1/lmr/m/it/10 374[][] 
 []


Overfull \hbox (46.46637pt too wide) in paragraph at lines 1351--1352
[]| \T1/lmr/m/it/10 code,
 []


Overfull \hbox (60.33293pt too wide) in paragraph at lines 1351--1352
[][]\T1/lmr/m/it/10 377[][] 
 []


Overfull \hbox (80.45496pt too wide) in paragraph at lines 1352--1353
[]| \T1/lmr/m/it/10 concealment,
 []


Overfull \hbox (60.33293pt too wide) in paragraph at lines 1352--1353
[][]\T1/lmr/m/it/10 376[][] 
 []


Overfull \hbox (42.41675pt too wide) in paragraph at lines 1353--1354
[]| \T1/lmr/m/it/10 exe-
 []


Overfull \hbox (58.54442pt too wide) in paragraph at lines 1353--1354
\T1/lmr/m/it/10 cu-
 []


Overfull \hbox (65.1885pt too wide) in paragraph at lines 1353--1354
\T1/lmr/m/it/10 tion,
 []


Overfull \hbox (60.33293pt too wide) in paragraph at lines 1353--1354
[][]\T1/lmr/m/it/10 376[][] 
 []


Overfull \hbox (41.35518pt too wide) in paragraph at lines 1354--1355
[]| \T1/lmr/m/it/10 pla-
 []


Overfull \hbox (57.26663pt too wide) in paragraph at lines 1354--1355
\T1/lmr/m/it/10 ce-
 []


Overfull \hbox (69.78888pt too wide) in paragraph at lines 1354--1355
\T1/lmr/m/it/10 ment,
 []


Overfull \hbox (63.39958pt too wide) in paragraph at lines 1354--1355
[][]\T1/lmr/m/it/10 376[][],
 []


Overfull \hbox (60.33293pt too wide) in paragraph at lines 1354--1355
[][]\T1/lmr/m/it/10 377[][] 
 []


Overfull \hbox (34.92229pt too wide) in paragraph at lines 1355--1356
[]\T1/lmr/m/it/10 Visitor
 []


Overfull \hbox (59.44958pt too wide) in paragraph at lines 1355--1356
\T1/lmr/m/it/10 Lo-
 []


Overfull \hbox (57.7776pt too wide) in paragraph at lines 1355--1356
\T1/lmr/m/it/10 ca-
 []


Overfull \hbox (62.12186pt too wide) in paragraph at lines 1355--1356
\T1/lmr/m/it/10 tion
 []


Overfull \hbox (59.9611pt too wide) in paragraph at lines 1355--1356
\T1/lmr/m/it/10 Re-
 []


Overfull \hbox (60.33339pt too wide) in paragraph at lines 1355--1356
\T1/lmr/m/it/10 gis-
 []


Overfull \hbox (57.1389pt too wide) in paragraph at lines 1355--1356
\T1/lmr/m/it/10 ter
 []


Overfull \hbox (77.24458pt too wide) in paragraph at lines 1355--1356
\T1/lmr/m/it/10 (VLR),
 []


Overfull \hbox (60.33293pt too wide) in paragraph at lines 1355--1356
[][]\T1/lmr/m/it/10 178[][] 
 []




Overfull \hbox (24.46713pt too wide) in paragraph at lines 1356--1357
[]\T1/lmr/m/it/10 VM,
 []


Overfull \hbox (63.39958pt too wide) in paragraph at lines 1356--1357
[][]\T1/lmr/m/it/10 345[][],
 []


Overfull \hbox (60.33293pt too wide) in paragraph at lines 1356--1357
[][]\T1/lmr/m/it/10 421[][] 
 []


Overfull \hbox (50.04456pt too wide) in paragraph at lines 1357--1358
[]| \T1/lmr/m/it/10 guest,
 []


Overfull \hbox (60.33293pt too wide) in paragraph at lines 1357--1358
[][]\T1/lmr/m/it/10 345[][] 
 []


Overfull \hbox (45.69983pt too wide) in paragraph at lines 1358--1359
[]| \T1/lmr/m/it/10 host,
 []


Overfull \hbox (60.33293pt too wide) in paragraph at lines 1358--1359
[][]\T1/lmr/m/it/10 345[][] 
 []


Overfull \hbox (47.69966pt too wide) in paragraph at lines 1359--1360
[]\T1/lmr/m/it/10 Volatility,
 []


Overfull \hbox (60.33293pt too wide) in paragraph at lines 1359--1360
[][]\T1/lmr/m/it/10 423[][] 
 []


Overfull \hbox (20.33298pt too wide) in paragraph at lines 1360--1361
[]\T1/lmr/m/it/10 von
 []


Overfull \hbox (65.9779pt too wide) in paragraph at lines 1360--1361
\T1/lmr/m/it/10 Neu-
 []


Overfull \hbox (69.53296pt too wide) in paragraph at lines 1360--1361
\T1/lmr/m/it/10 mann
 []


Overfull \hbox (57.90538pt too wide) in paragraph at lines 1360--1361
\T1/lmr/m/it/10 ar-
 []


Overfull \hbox (61.35538pt too wide) in paragraph at lines 1360--1361
\T1/lmr/m/it/10 chi-
 []


Overfull \hbox (60.58887pt too wide) in paragraph at lines 1360--1361
\T1/lmr/m/it/10 tec-
 []


Overfull \hbox (65.0611pt too wide) in paragraph at lines 1360--1361
\T1/lmr/m/it/10 ture,
 []


Overfull \hbox (60.33293pt too wide) in paragraph at lines 1360--1361
[][]\T1/lmr/m/it/10 477[][] 
 []


Overfull \hbox (29.71712pt too wide) in paragraph at lines 1361--1362
[]\T1/lmr/m/it/10 VPN,
 []


Overfull \hbox (60.33293pt too wide) in paragraph at lines 1361--1362
[][]\T1/lmr/m/it/10 220[][] 
 []


Overfull \hbox (61.09384pt too wide) in paragraph at lines 1362--1363
[]\T1/lmr/m/it/10 vulnerability,
 []


Overfull \hbox (55.22195pt too wide) in paragraph at lines 1362--1363
[][]\T1/lmr/m/it/10 41[][] 
 []


Overfull \hbox (42.63321pt too wide) in paragraph at lines 1363--1364
[]| \T1/lmr/m/it/10 psy-
 []


Overfull \hbox (63.3997pt too wide) in paragraph at lines 1363--1364
\T1/lmr/m/it/10 cho-
 []


Overfull \hbox (56.2442pt too wide) in paragraph at lines 1363--1364
\T1/lmr/m/it/10 lo-
 []


Overfull \hbox (56.2444pt too wide) in paragraph at lines 1363--1364
\T1/lmr/m/it/10 gi-
 []


Overfull \hbox (59.82199pt too wide) in paragraph at lines 1363--1364
\T1/lmr/m/it/10 cal,
 []


Overfull \hbox (55.22195pt too wide) in paragraph at lines 1363--1364
[][]\T1/lmr/m/it/10 41[][] 
 []


Overfull \hbox (45.69984pt too wide) in paragraph at lines 1364--1365
[]| \T1/lmr/m/it/10 tech-
 []


Overfull \hbox (57.26639pt too wide) in paragraph at lines 1364--1365
\T1/lmr/m/it/10 ni-
 []


Overfull \hbox (59.82199pt too wide) in paragraph at lines 1364--1365
\T1/lmr/m/it/10 cal,
 []


Overfull \hbox (55.22195pt too wide) in paragraph at lines 1364--1365
[][]\T1/lmr/m/it/10 41[][] 
 []


Overfull \hbox (59.30498pt too wide) in paragraph at lines 1368--1369
[]\T1/lmr/m/it/10 walkthrough,
 []


Overfull \hbox (60.33293pt too wide) in paragraph at lines 1368--1369
[][]\T1/lmr/m/it/10 433[][] 
 []


Overfull \hbox (31.90039pt too wide) in paragraph at lines 1369--1370
[]\T1/lmr/m/it/10 WAN,
 []


Overfull \hbox (63.39958pt too wide) in paragraph at lines 1369--1370
[][]\T1/lmr/m/it/10 150[][],
 []


Overfull \hbox (60.33293pt too wide) in paragraph at lines 1369--1370
[][]\T1/lmr/m/it/10 175[][] 
 []


Overfull \hbox (54.98257pt too wide) in paragraph at lines 1370--1371
[]\T1/lmr/m/it/10 WannaCry,
 []


Overfull \hbox (60.33293pt too wide) in paragraph at lines 1370--1371
[][]\T1/lmr/m/it/10 353[][] 
 []


Overfull \hbox (29.15012pt too wide) in paragraph at lines 1371--1372
[]\T1/lmr/m/it/10 warm
 []


Overfull \hbox (63.14453pt too wide) in paragraph at lines 1371--1372
\T1/lmr/m/it/10 site,
 []


Overfull \hbox (63.39958pt too wide) in paragraph at lines 1371--1372
[][]\T1/lmr/m/it/10 432[][],
 []


Overfull \hbox (60.33293pt too wide) in paragraph at lines 1371--1372
[][]\T1/lmr/m/it/10 433[][] 
 []




Overfull \hbox (97.84593pt too wide) has occurred while \output is active
\T1/lmr/m/sl/10 BIBLIOGRAPHIE \T1/lmr/m/n/10 627
 []

[627]
Overfull \hbox (46.91098pt too wide) in paragraph at lines 1372--1373
[]\T1/lmr/m/it/10 weakness,
 []


Overfull \hbox (55.22195pt too wide) in paragraph at lines 1372--1373
[][]\T1/lmr/m/it/10 41[][] 
 []


Overfull \hbox (25.061pt too wide) in paragraph at lines 1373--1374
[]\T1/lmr/m/it/10 wear
 []


Overfull \hbox (55.73323pt too wide) in paragraph at lines 1373--1374
\T1/lmr/m/it/10 le-
 []


Overfull \hbox (60.33324pt too wide) in paragraph at lines 1373--1374
\T1/lmr/m/it/10 vel-
 []


Overfull \hbox (63.91078pt too wide) in paragraph at lines 1373--1374
\T1/lmr/m/it/10 ling,
 []


Overfull \hbox (60.33293pt too wide) in paragraph at lines 1373--1374
[][]\T1/lmr/m/it/10 480[][] 
 []


Overfull \hbox (27.00008pt too wide) in paragraph at lines 1374--1375
[]\T1/lmr/m/it/10 Web-
 []


Overfull \hbox (56.75537pt too wide) in paragraph at lines 1374--1375
\T1/lmr/m/it/10 of-
 []


Overfull \hbox (68.38344pt too wide) in paragraph at lines 1374--1375
\T1/lmr/m/it/10 trust,
 []


Overfull \hbox (60.33293pt too wide) in paragraph at lines 1374--1375
[][]\T1/lmr/m/it/10 141[][] 
 []


Overfull \hbox (44.48343pt too wide) in paragraph at lines 1375--1376
[]\T1/lmr/m/it/10 webform,
 []


Overfull \hbox (63.39958pt too wide) in paragraph at lines 1375--1376
[][]\T1/lmr/m/it/10 393[][],
 []


Overfull \hbox (60.33293pt too wide) in paragraph at lines 1375--1376
[][]\T1/lmr/m/it/10 402[][] 
 []


Overfull \hbox (50.20573pt too wide) in paragraph at lines 1376--1377
[]| \T1/lmr/m/it/10 BUT-
 []


Overfull \hbox (67.256pt too wide) in paragraph at lines 1376--1377
\T1/lmr/m/it/10 TON
 []


Overfull \hbox (60.33324pt too wide) in paragraph at lines 1376--1377
\T1/lmr/m/it/10 ele-
 []


Overfull \hbox (69.78888pt too wide) in paragraph at lines 1376--1377
\T1/lmr/m/it/10 ment,
 []


Overfull \hbox (60.33293pt too wide) in paragraph at lines 1376--1377
[][]\T1/lmr/m/it/10 402[][] 
 []


Overfull \hbox (51.57762pt too wide) in paragraph at lines 1377--1378
[]| \T1/lmr/m/it/10 check-
 []


Overfull \hbox (61.9055pt too wide) in paragraph at lines 1377--1378
\T1/lmr/m/it/10 box,
 []


Overfull \hbox (60.33293pt too wide) in paragraph at lines 1377--1378
[][]\T1/lmr/m/it/10 403[][] 
 []

Missing character: There is no ﬁ ("FB01) in font ec-lmri10!

Overfull \hbox (41.86635pt too wide) in paragraph at lines 1378--1379
[]| \T1/lmr/m/it/10 hid-
 []


Overfull \hbox (60.33298pt too wide) in paragraph at lines 1378--1379
\T1/lmr/m/it/10 den
 []


Overfull \hbox (60.33311pt too wide) in paragraph at lines 1378--1379
\T1/lmr/m/it/10 eld,
 []


Overfull \hbox (60.33293pt too wide) in paragraph at lines 1378--1379
[][]\T1/lmr/m/it/10 403[][] 
 []


Overfull \hbox (39.86671pt too wide) in paragraph at lines 1379--1380
[]| \T1/lmr/m/it/10 IN-
 []


Overfull \hbox (66.37248pt too wide) in paragraph at lines 1379--1380
\T1/lmr/m/it/10 PUT
 []


Overfull \hbox (60.33324pt too wide) in paragraph at lines 1379--1380
\T1/lmr/m/it/10 ele-
 []


Overfull \hbox (69.78888pt too wide) in paragraph at lines 1379--1380
\T1/lmr/m/it/10 ment,
 []


Overfull \hbox (60.33293pt too wide) in paragraph at lines 1379--1380
[][]\T1/lmr/m/it/10 402[][] 
 []


Overfull \hbox (51.83331pt too wide) in paragraph at lines 1380--1381
[]| \T1/lmr/m/it/10 menu,
 []


Overfull \hbox (60.33293pt too wide) in paragraph at lines 1380--1381
[][]\T1/lmr/m/it/10 403[][] 
 []


Overfull \hbox (46.46655pt too wide) in paragraph at lines 1381--1382
[]| \T1/lmr/m/it/10 pass-
 []


Overfull \hbox (68.63863pt too wide) in paragraph at lines 1381--1382
\T1/lmr/m/it/10 word,
 []


Overfull \hbox (60.33293pt too wide) in paragraph at lines 1381--1382
[][]\T1/lmr/m/it/10 400[][] 
 []


Overfull \hbox (37.39426pt too wide) in paragraph at lines 1382--1383
[]| \T1/lmr/m/it/10 ra-
 []


Overfull \hbox (58.2886pt too wide) in paragraph at lines 1382--1383
\T1/lmr/m/it/10 dio
 []


Overfull \hbox (61.86665pt too wide) in paragraph at lines 1382--1383
\T1/lmr/m/it/10 but-
 []


Overfull \hbox (62.12186pt too wide) in paragraph at lines 1382--1383
\T1/lmr/m/it/10 ton,
 []


Overfull \hbox (60.33293pt too wide) in paragraph at lines 1382--1383
[][]\T1/lmr/m/it/10 403[][] 
 []


Overfull \hbox (36.88329pt too wide) in paragraph at lines 1383--1384
[]| \T1/lmr/m/it/10 re-
 []


Overfull \hbox (60.07788pt too wide) in paragraph at lines 1383--1384
\T1/lmr/m/it/10 set,
 []


Overfull \hbox (60.33293pt too wide) in paragraph at lines 1383--1384
[][]\T1/lmr/m/it/10 402[][] 
 []




Overfull \hbox (48.12794pt too wide) in paragraph at lines 1384--1385
[]| \T1/lmr/m/it/10 risks,
 []


Overfull \hbox (60.33293pt too wide) in paragraph at lines 1384--1385
[][]\T1/lmr/m/it/10 403[][] 
 []


Overfull \hbox (40.98323pt too wide) in paragraph at lines 1385--1386
[]| \T1/lmr/m/it/10 SE-
 []


Overfull \hbox (72.36649pt too wide) in paragraph at lines 1385--1386
\T1/lmr/m/it/10 LECT
 []


Overfull \hbox (60.33324pt too wide) in paragraph at lines 1385--1386
\T1/lmr/m/it/10 ele-
 []


Overfull \hbox (69.78888pt too wide) in paragraph at lines 1385--1386
\T1/lmr/m/it/10 ment,
 []


Overfull \hbox (60.33293pt too wide) in paragraph at lines 1385--1386
[][]\T1/lmr/m/it/10 403[][] 
 []


Overfull \hbox (42.6334pt too wide) in paragraph at lines 1386--1387
[]| \T1/lmr/m/it/10 sub-
 []


Overfull \hbox (62.63353pt too wide) in paragraph at lines 1386--1387
\T1/lmr/m/it/10 mit,
 []


Overfull \hbox (60.33293pt too wide) in paragraph at lines 1386--1387
[][]\T1/lmr/m/it/10 402[][] 
 []


Overfull \hbox (49.95023pt too wide) in paragraph at lines 1387--1388
[]| \T1/lmr/m/it/10 TEX-
 []


Overfull \hbox (62.40007pt too wide) in paragraph at lines 1387--1388
\T1/lmr/m/it/10 TA-
 []


Overfull \hbox (66.51146pt too wide) in paragraph at lines 1387--1388
\T1/lmr/m/it/10 REA
 []


Overfull \hbox (60.33324pt too wide) in paragraph at lines 1387--1388
\T1/lmr/m/it/10 ele-
 []


Overfull \hbox (69.78888pt too wide) in paragraph at lines 1387--1388
\T1/lmr/m/it/10 ment,
 []


Overfull \hbox (60.33293pt too wide) in paragraph at lines 1387--1388
[][]\T1/lmr/m/it/10 403[][] 
 []


Overfull \hbox (41.0999pt too wide) in paragraph at lines 1388--1389
[]| \T1/lmr/m/it/10 vul-
 []


Overfull \hbox (58.79974pt too wide) in paragraph at lines 1388--1389
\T1/lmr/m/it/10 ne-
 []


Overfull \hbox (57.39426pt too wide) in paragraph at lines 1388--1389
\T1/lmr/m/it/10 ra-
 []


Overfull \hbox (56.2444pt too wide) in paragraph at lines 1388--1389
\T1/lmr/m/it/10 bi-
 []


Overfull \hbox (61.86652pt too wide) in paragraph at lines 1388--1389
\T1/lmr/m/it/10 lity,
 []


Overfull \hbox (60.33293pt too wide) in paragraph at lines 1388--1389
[][]\T1/lmr/m/it/10 405[][] 
 []

Missing character: There is no ﬁ ("FB01) in font ec-lmri10!

Overfull \hbox (35.22214pt too wide) in paragraph at lines 1389--1390
[]| \T1/lmr/m/it/10 le,
 []


Overfull \hbox (60.33293pt too wide) in paragraph at lines 1389--1390
[][]\T1/lmr/m/it/10 403[][] 
 []


Overfull \hbox (31.62262pt too wide) in paragraph at lines 1390--1391
[]\T1/lmr/m/it/10 WEP,
 []


Overfull \hbox (55.22195pt too wide) in paragraph at lines 1390--1391
[][]\T1/lmr/m/it/10 94[][] 
 []


Overfull \hbox (32.08873pt too wide) in paragraph at lines 1391--1392
[]\T1/lmr/m/it/10 whois,
 []


Overfull \hbox (60.33293pt too wide) in paragraph at lines 1391--1392
[][]\T1/lmr/m/it/10 161[][] 
 []


Overfull \hbox (30.71692pt too wide) in paragraph at lines 1392--1393
[]\T1/lmr/m/it/10 WiFi,
 []


Overfull \hbox (60.33293pt too wide) in paragraph at lines 1392--1393
[][]\T1/lmr/m/it/10 175[][] 
 []


Overfull \hbox (40.10011pt too wide) in paragraph at lines 1393--1394
[]| \T1/lmr/m/it/10 Ac-
 []


Overfull \hbox (61.86687pt too wide) in paragraph at lines 1393--1394
\T1/lmr/m/it/10 cess
 []


Overfull \hbox (68.90535pt too wide) in paragraph at lines 1393--1394
\T1/lmr/m/it/10 Point
 []


Overfull \hbox (70.46161pt too wide) in paragraph at lines 1393--1394
\T1/lmr/m/it/10 (AP),
 []


Overfull \hbox (55.22195pt too wide) in paragraph at lines 1393--1394
[][]\T1/lmr/m/it/10 96[][] 
 []


Overfull \hbox (46.34964pt too wide) in paragraph at lines 1394--1395
[]| \T1/lmr/m/it/10 BSS,
 []


Overfull \hbox (55.22195pt too wide) in paragraph at lines 1394--1395
[][]\T1/lmr/m/it/10 96[][] 
 []


Overfull \hbox (46.09413pt too wide) in paragraph at lines 1395--1396
[]| \T1/lmr/m/it/10 ESS,
 []


Overfull \hbox (60.33293pt too wide) in paragraph at lines 1395--1396
[][]\T1/lmr/m/it/10 175[][] 
 []


Overfull \hbox (48.41661pt too wide) in paragraph at lines 1396--1397
[]| \T1/lmr/m/it/10 RSN,
 []


Overfull \hbox (60.33293pt too wide) in paragraph at lines 1396--1397
[][]\T1/lmr/m/it/10 258[][] 
 []


Overfull \hbox (50.71611pt too wide) in paragraph at lines 1397--1398
[]| \T1/lmr/m/it/10 SSID,
 []


Overfull \hbox (55.22195pt too wide) in paragraph at lines 1397--1398
[][]\T1/lmr/m/it/10 96[][] 
 []


Overfull \hbox (51.50595pt too wide) in paragraph at lines 1398--1399
[]| \T1/lmr/m/it/10 WPA,
 []


Overfull \hbox (60.33293pt too wide) in paragraph at lines 1398--1399
[][]\T1/lmr/m/it/10 258[][] 
 []


Overfull \hbox (56.61693pt too wide) in paragraph at lines 1399--1400
[]| \T1/lmr/m/it/10 WPA2,
 []


Overfull \hbox (60.33293pt too wide) in paragraph at lines 1399--1400
[][]\T1/lmr/m/it/10 258[][] 
 []




Overfull \hbox (97.84593pt too wide) has occurred while \output is active
\T1/lmr/m/n/10 628 \T1/lmr/m/sl/10 BIBLIOGRAPHIE
 []

[628]
Overfull \hbox (44.95625pt too wide) in paragraph at lines 1400--1401
[]\T1/lmr/m/it/10 WiMAX,
 []


Overfull \hbox (60.33293pt too wide) in paragraph at lines 1400--1401
[][]\T1/lmr/m/it/10 179[][] 
 []


Overfull \hbox (46.74413pt too wide) in paragraph at lines 1401--1402
[]| \T1/lmr/m/it/10 VSS,
 []


Overfull \hbox (60.33293pt too wide) in paragraph at lines 1401--1402
[][]\T1/lmr/m/it/10 432[][] 
 []


Overfull \hbox (42.28363pt too wide) in paragraph at lines 1402--1403
[]| \T1/lmr/m/it/10 XP,
 []


Overfull \hbox (63.39958pt too wide) in paragraph at lines 1402--1403
[][]\T1/lmr/m/it/10 348[][],
 []


Overfull \hbox (60.33293pt too wide) in paragraph at lines 1402--1403
[][]\T1/lmr/m/it/10 469[][] 
 []


Overfull \hbox (38.35014pt too wide) in paragraph at lines 1403--1404
[]\T1/lmr/m/it/10 wireless
 []


Overfull \hbox (62.12198pt too wide) in paragraph at lines 1403--1404
\T1/lmr/m/it/10 net-
 []


Overfull \hbox (68.63878pt too wide) in paragraph at lines 1403--1404
\T1/lmr/m/it/10 work,
 []


Overfull \hbox (60.33293pt too wide) in paragraph at lines 1403--1404
[][]\T1/lmr/m/it/10 175[][] 
 []


Overfull \hbox (37.26674pt too wide) in paragraph at lines 1404--1405
[]| \T1/lmr/m/it/10 se-
 []


Overfull \hbox (58.54442pt too wide) in paragraph at lines 1404--1405
\T1/lmr/m/it/10 cu-
 []


Overfull \hbox (63.5277pt too wide) in paragraph at lines 1404--1405
\T1/lmr/m/it/10 rity,
 []


Overfull \hbox (60.33293pt too wide) in paragraph at lines 1404--1405
[][]\T1/lmr/m/it/10 254[][] 
 []


Overfull \hbox (32.21677pt too wide) in paragraph at lines 1405--1406
[]\T1/lmr/m/it/10 worm,
 []


Overfull \hbox (60.33293pt too wide) in paragraph at lines 1405--1406
[][]\T1/lmr/m/it/10 375[][] 
 []


Overfull \hbox (37.01096pt too wide) in paragraph at lines 1406--1407
[]| \T1/lmr/m/it/10 at-
 []


Overfull \hbox (65.69987pt too wide) in paragraph at lines 1406--1407
\T1/lmr/m/it/10 tack,
 []


Overfull \hbox (60.33293pt too wide) in paragraph at lines 1406--1407
[][]\T1/lmr/m/it/10 376[][] 
 []


Overfull \hbox (43.14407pt too wide) in paragraph at lines 1407--1408
[]| \T1/lmr/m/it/10 pay-
 []


Overfull \hbox (65.44394pt too wide) in paragraph at lines 1407--1408
\T1/lmr/m/it/10 load,
 []


Overfull \hbox (60.33293pt too wide) in paragraph at lines 1407--1408
[][]\T1/lmr/m/it/10 377[][] 
 []


Overfull \hbox (42.50523pt too wide) in paragraph at lines 1408--1409
[]| \T1/lmr/m/it/10 pro-
 []


Overfull \hbox (58.28857pt too wide) in paragraph at lines 1408--1409
\T1/lmr/m/it/10 pa-
 []


Overfull \hbox (58.28873pt too wide) in paragraph at lines 1408--1409
\T1/lmr/m/it/10 ga-
 []


Overfull \hbox (60.71652pt too wide) in paragraph at lines 1408--1409
\T1/lmr/m/it/10 tor,
 []


Overfull \hbox (60.33293pt too wide) in paragraph at lines 1408--1409
[][]\T1/lmr/m/it/10 377[][] 
 []


Overfull \hbox (31.50595pt too wide) in paragraph at lines 1409--1410
[]\T1/lmr/m/it/10 WPA,
 []


Overfull \hbox (60.33293pt too wide) in paragraph at lines 1409--1410
[][]\T1/lmr/m/it/10 258[][] 
 []


Overfull \hbox (36.61693pt too wide) in paragraph at lines 1410--1411
[]\T1/lmr/m/it/10 WPA2,
 []


Overfull \hbox (60.33293pt too wide) in paragraph at lines 1410--1411
[][]\T1/lmr/m/it/10 258[][] 
 []


Overfull \hbox (16.01123pt too wide) in paragraph at lines 1414--1415
[]\T1/lmr/m/it/10 X-
 []


Overfull \hbox (57.77771pt too wide) in paragraph at lines 1414--1415
\T1/lmr/m/it/10 as-
 []


Overfull \hbox (53.68872pt too wide) in paragraph at lines 1414--1415
\T1/lmr/m/it/10 a-
 []


Overfull \hbox (77.32785pt too wide) in paragraph at lines 1414--1415
\T1/lmr/m/it/10 service,
 []


Overfull \hbox (50.11098pt too wide) in paragraph at lines 1414--1415
[][]\T1/lmr/m/it/10 9[][] 
 []


Overfull \hbox (30.83307pt too wide) in paragraph at lines 1415--1416
[]\T1/lmr/m/it/10 X.500
 []


Overfull \hbox (59.19438pt too wide) in paragraph at lines 1415--1416
\T1/lmr/m/it/10 Di-
 []


Overfull \hbox (60.97217pt too wide) in paragraph at lines 1415--1416
\T1/lmr/m/it/10 rec-
 []


Overfull \hbox (65.57202pt too wide) in paragraph at lines 1415--1416
\T1/lmr/m/it/10 tory,
 []


Overfull \hbox (63.39958pt too wide) in paragraph at lines 1415--1416
[][]\T1/lmr/m/it/10 141[][],
 []


Overfull \hbox (60.33293pt too wide) in paragraph at lines 1415--1416
[][]\T1/lmr/m/it/10 385[][] 
 []


Overfull \hbox (30.83307pt too wide) in paragraph at lines 1416--1417
[]\T1/lmr/m/it/10 X.500
 []


Overfull \hbox (71.57762pt too wide) in paragraph at lines 1416--1417
\T1/lmr/m/it/10 name,
 []


Overfull \hbox (63.39958pt too wide) in paragraph at lines 1416--1417
[][]\T1/lmr/m/it/10 139[][],
 []


Overfull \hbox (60.33293pt too wide) in paragraph at lines 1416--1417
[][]\T1/lmr/m/it/10 388[][] 
 []



Missing character: There is no ﬁ ("FB01) in font ec-lmri10!

Overfull \hbox (40.54405pt too wide) in paragraph at lines 1417--1418
[]\T1/lmr/m/it/10 X.509v3
 []


Overfull \hbox (61.48329pt too wide) in paragraph at lines 1417--1418
\T1/lmr/m/it/10 cer-
 []


Overfull \hbox (54.96663pt too wide) in paragraph at lines 1417--1418
\T1/lmr/m/it/10 ti-
 []


Overfull \hbox (65.18875pt too wide) in paragraph at lines 1417--1418
\T1/lmr/m/it/10 cate,
 []


Overfull \hbox (60.33293pt too wide) in paragraph at lines 1417--1418
[][]\T1/lmr/m/it/10 138[][] 
 []


Overfull \hbox (27.1394pt too wide) in paragraph at lines 1418--1419
[]\T1/lmr/m/it/10 XOR
 []


Overfull \hbox (67.23306pt too wide) in paragraph at lines 1418--1419
\T1/lmr/m/it/10 func-
 []


Overfull \hbox (65.1885pt too wide) in paragraph at lines 1418--1419
\T1/lmr/m/it/10 tion,
 []


Overfull \hbox (58.2886pt too wide) in paragraph at lines 1418--1419
[][]\T1/lmr/m/it/10 42[][],
 []


Overfull \hbox (58.2886pt too wide) in paragraph at lines 1418--1419
[][]\T1/lmr/m/it/10 80[][],
 []


Overfull \hbox (55.22195pt too wide) in paragraph at lines 1418--1419
[][]\T1/lmr/m/it/10 81[][] 
 []


Overfull \hbox (26.74413pt too wide) in paragraph at lines 1419--1420
[]\T1/lmr/m/it/10 XSS,
 []


Overfull \hbox (60.33293pt too wide) in paragraph at lines 1419--1420
[][]\T1/lmr/m/it/10 406[][] 
 []


Overfull \hbox (26.08325pt too wide) in paragraph at lines 1423--1424
[]\T1/lmr/m/it/10 zero-
 []


Overfull \hbox (60.07745pt too wide) in paragraph at lines 1423--1424
\T1/lmr/m/it/10 day
 []


Overfull \hbox (57.01096pt too wide) in paragraph at lines 1423--1424
\T1/lmr/m/it/10 at-
 []


Overfull \hbox (65.69987pt too wide) in paragraph at lines 1423--1424
\T1/lmr/m/it/10 tack,
 []


Overfull \hbox (60.33293pt too wide) in paragraph at lines 1423--1424
[][]\T1/lmr/m/it/10 354[][] 
 []


Overfull \hbox (26.34961pt too wide) in paragraph at lines 1424--1425
[]\T1/lmr/m/it/10 ZFS,
 []


Overfull \hbox (60.33293pt too wide) in paragraph at lines 1424--1425
[][]\T1/lmr/m/it/10 432[][] 
 []


Overfull \hbox (37.71127pt too wide) in paragraph at lines 1425--1426
[]\T1/lmr/m/it/10 zombie,
 []


Overfull \hbox (60.33293pt too wide) in paragraph at lines 1425--1426
[][]\T1/lmr/m/it/10 277[][] 
 []


Overfull \hbox (24.42197pt too wide) in paragraph at lines 1426--1427
[]\T1/lmr/m/it/10 zone
 []


Overfull \hbox (70.42747pt too wide) in paragraph at lines 1426--1427
\T1/lmr/m/it/10 trans-
 []


Overfull \hbox (59.94997pt too wide) in paragraph at lines 1426--1427
\T1/lmr/m/it/10 fer,
 []


Overfull \hbox (58.2886pt too wide) in paragraph at lines 1426--1427
[][]\T1/lmr/m/it/10 93[][],
 []


Overfull \hbox (60.33293pt too wide) in paragraph at lines 1426--1427
[][]\T1/lmr/m/it/10 283[][] 
 []


Overfull \hbox (26.46596pt too wide) in paragraph at lines 1427--1428
[]\T1/lmr/m/it/10 Zone
 []


Overfull \hbox (65.46652pt too wide) in paragraph at lines 1427--1428
\T1/lmr/m/it/10 Wal-
 []


Overfull \hbox (65.9553pt too wide) in paragraph at lines 1427--1428
\T1/lmr/m/it/10 king,
 []


Overfull \hbox (60.33293pt too wide) in paragraph at lines 1427--1428
[][]\T1/lmr/m/it/10 283[][] 
 []

Missing character: There is no ﬁ ("FB01) in font ec-lmri10!

Overfull \hbox (12.15549pt too wide) in paragraph at lines 1431--1432
[]\T1/lmr/m/it/10 le
 []


Overfull \hbox (62.37772pt too wide) in paragraph at lines 1431--1432
\T1/lmr/m/it/10 des-
 []


Overfull \hbox (65.57204pt too wide) in paragraph at lines 1431--1432
\T1/lmr/m/it/10 crip-
 []


Overfull \hbox (60.71652pt too wide) in paragraph at lines 1431--1432
\T1/lmr/m/it/10 tor,
 []


Overfull \hbox (60.33293pt too wide) in paragraph at lines 1431--1432
[][]\T1/lmr/m/it/10 371[][] 
 []


Overfull \hbox (48.82777pt too wide) in paragraph at lines 1432--1433
[]| \T1/lmr/m/it/10 Unix,
 []


Overfull \hbox (60.33293pt too wide) in paragraph at lines 1432--1433
[][]\T1/lmr/m/it/10 331[][] 
 []


Overfull \hbox (47.25537pt too wide) in paragraph at lines 1433--1434
[]| \T1/lmr/m/it/10 Win-
 []


Overfull \hbox (69.02208pt too wide) in paragraph at lines 1433--1434
\T1/lmr/m/it/10 dows,
 []


Overfull \hbox (60.33293pt too wide) in paragraph at lines 1433--1434
[][]\T1/lmr/m/it/10 333[][] 
 []




Overfull \hbox (97.84593pt too wide) has occurred while \output is active
\T1/lmr/m/sl/10 BIBLIOGRAPHIE \T1/lmr/m/n/10 629
 []

[629]
Missing character: There is no ﬁ ("FB01) in font ec-lmri10!

Overfull \hbox (12.15549pt too wide) in paragraph at lines 1434--1435
[]\T1/lmr/m/it/10 le
 []


Overfull \hbox (61.61122pt too wide) in paragraph at lines 1434--1435
\T1/lmr/m/it/10 sys-
 []


Overfull \hbox (64.16689pt too wide) in paragraph at lines 1434--1435
\T1/lmr/m/it/10 tem,
 []


Overfull \hbox (63.39958pt too wide) in paragraph at lines 1434--1435
[][]\T1/lmr/m/it/10 329[][],
 []


Overfull \hbox (60.33293pt too wide) in paragraph at lines 1434--1435
[][]\T1/lmr/m/it/10 488[][] 
 []

Missing character: There is no ﬁ ("FB01) in font ec-lmri10!

Overfull \hbox (24.03867pt too wide) in paragraph at lines 1435--1436
[]\T1/lmr/m/it/10 nger
 []


Overfull \hbox (61.61081pt too wide) in paragraph at lines 1435--1436
\T1/lmr/m/it/10 pat-
 []


Overfull \hbox (65.82755pt too wide) in paragraph at lines 1435--1436
\T1/lmr/m/it/10 tern,
 []


Overfull \hbox (60.33293pt too wide) in paragraph at lines 1435--1436
[][]\T1/lmr/m/it/10 306[][] 
 []

Missing character: There is no ﬁ ("FB01) in font ec-lmri10!

Overfull \hbox (48.44383pt too wide) in paragraph at lines 1436--1437
[]\T1/lmr/m/it/10 ngerprint,
 []


Overfull \hbox (60.33293pt too wide) in paragraph at lines 1436--1437
[][]\T1/lmr/m/it/10 304[][] 
 []

Missing character: There is no ﬁ ("FB01) in font ec-lmri10!

Overfull \hbox (45.37718pt too wide) in paragraph at lines 1437--1438
[]\T1/lmr/m/it/10 ngerprint
 []


Overfull \hbox (61.48314pt too wide) in paragraph at lines 1437--1438
\T1/lmr/m/it/10 rea-
 []


Overfull \hbox (61.9943pt too wide) in paragraph at lines 1437--1438
\T1/lmr/m/it/10 der,
 []


Overfull \hbox (60.33293pt too wide) in paragraph at lines 1437--1438
[][]\T1/lmr/m/it/10 483[][] 
 []


Overfull \hbox (43.39958pt too wide) in paragraph at lines 1438--1439
[]| \T1/lmr/m/it/10 140,
 []


Overfull \hbox (60.33293pt too wide) in paragraph at lines 1438--1439
[][]\T1/lmr/m/it/10 469[][] 
 []


Overfull \hbox (43.39958pt too wide) in paragraph at lines 1439--1440
[]| \T1/lmr/m/it/10 197,
 []


Overfull \hbox (55.22195pt too wide) in paragraph at lines 1439--1440
[][]\T1/lmr/m/it/10 87[][] 
 []


Overfull \hbox (46.25598pt too wide) in paragraph at lines 1440--1441
[]| \T1/lmr/m/it/10 PUB
 []


Overfull \hbox (58.2886pt too wide) in paragraph at lines 1440--1441
\T1/lmr/m/it/10 46,
 []


Overfull \hbox (55.22195pt too wide) in paragraph at lines 1440--1441
[][]\T1/lmr/m/it/10 81[][] 
 []

Missing character: There is no ﬁ ("FB01) in font ec-lmri10!

Overfull \hbox (34.00526pt too wide) in paragraph at lines 1441--1442
[]\T1/lmr/m/it/10 rewall,
 []


Overfull \hbox (63.39958pt too wide) in paragraph at lines 1441--1442
[][]\T1/lmr/m/it/10 170[][],
 []


Overfull \hbox (60.33293pt too wide) in paragraph at lines 1441--1442
[][]\T1/lmr/m/it/10 242[][] 
 []


Overfull \hbox (38.7997pt too wide) in paragraph at lines 1442--1443
[]| \T1/lmr/m/it/10 ap-
 []


Overfull \hbox (59.31085pt too wide) in paragraph at lines 1442--1443
\T1/lmr/m/it/10 pli-
 []


Overfull \hbox (57.7776pt too wide) in paragraph at lines 1442--1443
\T1/lmr/m/it/10 ca-
 []


Overfull \hbox (62.12186pt too wide) in paragraph at lines 1442--1443
\T1/lmr/m/it/10 tion
 []


Overfull \hbox (71.48863pt too wide) in paragraph at lines 1442--1443
\T1/lmr/m/it/10 proxy,
 []


Overfull \hbox (60.33293pt too wide) in paragraph at lines 1442--1443
[][]\T1/lmr/m/it/10 243[][] 
 []

Missing character: There is no ﬁ ("FB01) in font ec-lmri10!

Overfull \hbox (38.28857pt too wide) in paragraph at lines 1443--1444
[]| \T1/lmr/m/it/10 pa-
 []


Overfull \hbox (62.12225pt too wide) in paragraph at lines 1443--1444
\T1/lmr/m/it/10 cket
 []


Overfull \hbox (59.69438pt too wide) in paragraph at lines 1443--1444
\T1/lmr/m/it/10 lter
 []


Overfull \hbox (69.5561pt too wide) in paragraph at lines 1443--1444
\T1/lmr/m/it/10 (PF),
 []


Overfull \hbox (60.33293pt too wide) in paragraph at lines 1443--1444
[][]\T1/lmr/m/it/10 242[][] 
 []


Overfull \hbox (41.99426pt too wide) in paragraph at lines 1444--1445
[]| \T1/lmr/m/it/10 per-
 []


Overfull \hbox (57.77771pt too wide) in paragraph at lines 1444--1445
\T1/lmr/m/it/10 so-
 []


Overfull \hbox (61.3551pt too wide) in paragraph at lines 1444--1445
\T1/lmr/m/it/10 nal,
 []


Overfull \hbox (60.33293pt too wide) in paragraph at lines 1444--1445
[][]\T1/lmr/m/it/10 250[][] 
 []


Overfull \hbox (41.35518pt too wide) in paragraph at lines 1445--1446
[]| \T1/lmr/m/it/10 pla-
 []


Overfull \hbox (57.26663pt too wide) in paragraph at lines 1445--1446
\T1/lmr/m/it/10 ce-
 []


Overfull \hbox (69.78888pt too wide) in paragraph at lines 1445--1446
\T1/lmr/m/it/10 ment,
 []


Overfull \hbox (60.33293pt too wide) in paragraph at lines 1445--1446
[][]\T1/lmr/m/it/10 245[][] 
 []


Overfull \hbox (36.88329pt too wide) in paragraph at lines 1446--1447
[]| \T1/lmr/m/it/10 re-
 []


Overfull \hbox (55.73338pt too wide) in paragraph at lines 1446--1447
\T1/lmr/m/it/10 si-
 []


Overfull \hbox (63.1441pt too wide) in paragraph at lines 1446--1447
\T1/lmr/m/it/10 dual
 []


Overfull \hbox (68.12794pt too wide) in paragraph at lines 1446--1447
\T1/lmr/m/it/10 risks,
 []


Overfull \hbox (60.33293pt too wide) in paragraph at lines 1446--1447
[][]\T1/lmr/m/it/10 250[][] 
 []




Overfull \hbox (42.63295pt too wide) in paragraph at lines 1447--1448
[]| \T1/lmr/m/it/10 Sta-
 []


Overfull \hbox (56.49998pt too wide) in paragraph at lines 1447--1448
\T1/lmr/m/it/10 te-
 []


Overfull \hbox (55.9888pt too wide) in paragraph at lines 1447--1448
\T1/lmr/m/it/10 ful
 []


Overfull \hbox (60.47221pt too wide) in paragraph at lines 1447--1448
\T1/lmr/m/it/10 Pa-
 []


Overfull \hbox (62.12225pt too wide) in paragraph at lines 1447--1448
\T1/lmr/m/it/10 cket
 []


Overfull \hbox (62.14421pt too wide) in paragraph at lines 1447--1448
\T1/lmr/m/it/10 Ins-
 []


Overfull \hbox (61.86649pt too wide) in paragraph at lines 1447--1448
\T1/lmr/m/it/10 pec-
 []


Overfull \hbox (62.12186pt too wide) in paragraph at lines 1447--1448
\T1/lmr/m/it/10 tion
 []


Overfull \hbox (72.5056pt too wide) in paragraph at lines 1447--1448
\T1/lmr/m/it/10 (SPI),
 []


Overfull \hbox (60.33293pt too wide) in paragraph at lines 1447--1448
[][]\T1/lmr/m/it/10 243[][] 
 []


Overfull \hbox (40.20552pt too wide) in paragraph at lines 1448--1449
[]| \T1/lmr/m/it/10 tre-
 []


Overfull \hbox (70.29977pt too wide) in paragraph at lines 1448--1449
\T1/lmr/m/it/10 benet,
 []


Overfull \hbox (60.33293pt too wide) in paragraph at lines 1448--1449
[][]\T1/lmr/m/it/10 248[][] 
 []

Missing character: There is no ﬁ ("FB01) in font ec-lmri10!

Overfull \hbox (40.52231pt too wide) in paragraph at lines 1449--1450
[]\T1/lmr/m/it/10 rmware,
 []


Overfull \hbox (63.39958pt too wide) in paragraph at lines 1449--1450
[][]\T1/lmr/m/it/10 354[][],
 []


Overfull \hbox (60.33293pt too wide) in paragraph at lines 1449--1450
[][]\T1/lmr/m/it/10 488[][] 
 []


Overfull \hbox (52.25014pt too wide) in paragraph at lines 1450--1451
[]| \T1/lmr/m/it/10 BIOS,
 []


Overfull \hbox (60.33293pt too wide) in paragraph at lines 1450--1451
[][]\T1/lmr/m/it/10 488[][] 
 []


Overfull \hbox (49.16115pt too wide) in paragraph at lines 1451--1452
[]| \T1/lmr/m/it/10 TCP,
 []


Overfull \hbox (60.33293pt too wide) in paragraph at lines 1451--1452
[][]\T1/lmr/m/it/10 163[][] 
 []

Missing character: There is no ﬂ ("FB02) in font ec-lmri10!

Overfull \hbox (19.31094pt too wide) in paragraph at lines 1452--1453
[]\T1/lmr/m/it/10 ash
 []


Overfull \hbox (69.66095pt too wide) in paragraph at lines 1452--1453
\T1/lmr/m/it/10 drive,
 []


Overfull \hbox (60.33293pt too wide) in paragraph at lines 1452--1453
[][]\T1/lmr/m/it/10 480[][] 
 []

Missing character: There is no ﬂ ("FB02) in font ec-lmri10!

Overfull \hbox (21.09987pt too wide) in paragraph at lines 1453--1454
[]\T1/lmr/m/it/10 ight
 []


Overfull \hbox (70.55548pt too wide) in paragraph at lines 1453--1454
\T1/lmr/m/it/10 mode,
 []


Overfull \hbox (60.33293pt too wide) in paragraph at lines 1453--1454
[][]\T1/lmr/m/it/10 424[][] 
 []




Overfull \hbox (97.84593pt too wide) has occurred while \output is active
\T1/lmr/m/n/10 630 \T1/lmr/m/sl/10 BIBLIOGRAPHIE
 []

[630]) (./cybersec_final.aux)
 ***********
LaTeX2e <2025-06-01> patch level 1
L3 programming layer <2025-09-02>
 ***********


LaTeX Font Warning: Some font shapes were not available, defaults substituted.

Package rerunfilecheck Info: File `cybersec_final.out' has not changed.
(rerunfilecheck)             Checksum: 1D97E923DB6B97C3062C0CF9451A09E5;40232.
 )
(\end occurred inside a group at level 1)

### simple group (level 1) entered at line 4211 ({)
### bottom level 
Here is how much of TeX's memory you used:
 35333 strings out of 468389
 829138 string characters out of 5440620
 1048815 words of memory out of 5000000
 63183 multiletter control sequences out of 15000+600000
 711903 words of font info for 110 fonts, out of 8000000 for 9000
 1348 hyphenation exceptions out of 8191
 98i,18n,117p,1777b,1045s stack positions out of 10000i,1000n,20000p,200000b,200000s

Output written on cybersec_final.xdv (638 pages, 2450316 bytes).
