This is XeTeX, Version 3.141592653-2.6-0.999997 (TeX Live 2025) (preloaded format=xelatex 2025.9.28)  6 OCT 2025 13:08
entering extended mode
 restricted \write18 enabled.
 %&-line parsing enabled.
**../../files/assembly/outputs/assembly_final.tex
(../../files/assembly/outputs/assembly_final.tex
LaTeX2e <2025-06-01> patch level 1
L3 programming layer <2025-09-02>
(/usr/local/texlive/2025/texmf-dist/tex/latex/base/book.cls
Document Class: book 2025/01/22 v1.4n Standard LaTeX document class
(/usr/local/texlive/2025/texmf-dist/tex/latex/base/bk10.clo
File: bk10.clo 2025/01/22 v1.4n Standard LaTeX file (size option)
)
\c@part=\count271
\c@chapter=\count272
\c@section=\count273
\c@subsection=\count274
\c@subsubsection=\count275
\c@paragraph=\count276
\c@subparagraph=\count277
\c@figure=\count278
\c@table=\count279
\abovecaptionskip=\skip49
\belowcaptionskip=\skip50
\bibindent=\dimen148
)
(/usr/local/texlive/2025/texmf-dist/tex/xelatex/ucharclasses/ucharclasses.sty
Package: ucharclasses 2022/10/20 v2.6.0 Unicode block character classes for XeL
aTeX

(/usr/local/texlive/2025/texmf-dist/tex/generic/iftex/ifxetex.sty
Package: ifxetex 2019/10/25 v0.7 ifxetex legacy package. Use iftex instead.

(/usr/local/texlive/2025/texmf-dist/tex/generic/iftex/iftex.sty
Package: iftex 2024/12/12 v1.0g TeX engine tests
))
\AegeanNumbersClass=\XeTeXcharclass1
\AlphabeticPresentationFormsClass=\XeTeXcharclass2
\AncientGreekMusicalNotationClass=\XeTeXcharclass3
\AncientGreekNumbersClass=\XeTeXcharclass4
\AncientSymbolsClass=\XeTeXcharclass5
\ArabicClass=\XeTeXcharclass6
\ArabicPresentationFormsAClass=\XeTeXcharclass7
\ArabicPresentationFormsBClass=\XeTeXcharclass8
\ArabicSupplementClass=\XeTeXcharclass9
\ArmenianClass=\XeTeXcharclass10
\ArrowsClass=\XeTeXcharclass11
\BalineseClass=\XeTeXcharclass12
\BasicLatinClass=\XeTeXcharclass13
\BengaliClass=\XeTeXcharclass14
\BlockElementsClass=\XeTeXcharclass15
\BopomofoClass=\XeTeXcharclass16
\BopomofoExtendedClass=\XeTeXcharclass17
\BoxDrawingClass=\XeTeXcharclass18
\BraillePatternsClass=\XeTeXcharclass19
\BugineseClass=\XeTeXcharclass20
\BuhidClass=\XeTeXcharclass21
\ByzantineMusicalSymbolsClass=\XeTeXcharclass22
\ChamClass=\XeTeXcharclass23
\CherokeeClass=\XeTeXcharclass24
\CJKCompatibilityClass=\XeTeXcharclass25
\CJKCompatibilityFormsClass=\XeTeXcharclass26
\CJKCompatibilityIdeographsClass=\XeTeXcharclass27
\CJKCompatibilityIdeographsSupplementClass=\XeTeXcharclass28
\CJKRadicalsSupplementClass=\XeTeXcharclass29
\CJKStrokesClass=\XeTeXcharclass30
\CJKSymbolsAndPunctuationClass=\XeTeXcharclass31
\CJKUnifiedIdeographsClass=\XeTeXcharclass32
\CJKUnifiedIdeographsExtensionAClass=\XeTeXcharclass33
\CJKUnifiedIdeographsExtensionBClass=\XeTeXcharclass34
\CombiningDiacriticalMarksClass=\XeTeXcharclass35
\CombiningDiacriticalMarksForSymbolsClass=\XeTeXcharclass36
\CombiningDiacriticalMarksSupplementClass=\XeTeXcharclass37
\CombiningHalfMarksClass=\XeTeXcharclass38
\ControlPicturesClass=\XeTeXcharclass39
\CopticClass=\XeTeXcharclass40
\CountingRodNumeralsClass=\XeTeXcharclass41
\CuneiformClass=\XeTeXcharclass42
\CuneiformNumbersAndPunctuationClass=\XeTeXcharclass43
\CurrencySymbolsClass=\XeTeXcharclass44
\CypriotSyllabaryClass=\XeTeXcharclass45
\CyrillicClass=\XeTeXcharclass46
\CyrillicExtendedAClass=\XeTeXcharclass47
\CyrillicExtendedBClass=\XeTeXcharclass48
\CyrillicSupplementClass=\XeTeXcharclass49
\DeseretClass=\XeTeXcharclass50
\DevanagariDanDaClass=\XeTeXcharclass51
\DevanagariMarksClass=\XeTeXcharclass52
\DevanagariPostDanDaClass=\XeTeXcharclass53
\DevanagariPostMarksClass=\XeTeXcharclass54
\DevanagariPreMarksClass=\XeTeXcharclass55
\DingbatsClass=\XeTeXcharclass56
\DominoTilesClass=\XeTeXcharclass57
\EnclosedAlphanumericsClass=\XeTeXcharclass58
\EnclosedCJKLettersAndMonthsClass=\XeTeXcharclass59
\EthiopicClass=\XeTeXcharclass60
\EthiopicExtendedClass=\XeTeXcharclass61
\EthiopicSupplementClass=\XeTeXcharclass62
\GeneralPunctuationClass=\XeTeXcharclass63
\GeometricShapesClass=\XeTeXcharclass64
\GeorgianClass=\XeTeXcharclass65
\GeorgianSupplementClass=\XeTeXcharclass66
\GlagoliticClass=\XeTeXcharclass67
\GreekAndCopticClass=\XeTeXcharclass68
\GreekExtendedClass=\XeTeXcharclass69
\GujaratiClass=\XeTeXcharclass70
\GurmukhiClass=\XeTeXcharclass71
\HalfwidthAndFullwidthFormsClass=\XeTeXcharclass72
\HangulCompatibilityJamoClass=\XeTeXcharclass73
\HangulJamoClass=\XeTeXcharclass74
\HangulSyllablesClass=\XeTeXcharclass75
\HanunooClass=\XeTeXcharclass76
\HebrewClass=\XeTeXcharclass77
\HiraganaClass=\XeTeXcharclass78
\IdeographicDescriptionCharactersClass=\XeTeXcharclass79
\IPAExtensionsClass=\XeTeXcharclass80
\KanbunClass=\XeTeXcharclass81
\KangxiRadicalsClass=\XeTeXcharclass82
\KannadaClass=\XeTeXcharclass83
\KatakanaClass=\XeTeXcharclass84
\KatakanaPhoneticExtensionsClass=\XeTeXcharclass85
\KayahLiClass=\XeTeXcharclass86
\KhmerClass=\XeTeXcharclass87
\KhmerSymbolsClass=\XeTeXcharclass88
\LaoClass=\XeTeXcharclass89
\LatinExtendedAdditionalClass=\XeTeXcharclass90
\LatinExtendedAClass=\XeTeXcharclass91
\LatinExtendedBClass=\XeTeXcharclass92
\LatinExtendedCClass=\XeTeXcharclass93
\LatinExtendedDClass=\XeTeXcharclass94
\LatinSupplementClass=\XeTeXcharclass95
\LepchaClass=\XeTeXcharclass96
\LetterlikeSymbolsClass=\XeTeXcharclass97
\LimbuClass=\XeTeXcharclass98
\LinearBIdeogramsClass=\XeTeXcharclass99
\LinearBSyllabaryClass=\XeTeXcharclass100
\MahjongTilesClass=\XeTeXcharclass101
\MalayalamClass=\XeTeXcharclass102
\MathematicalAlphanumericSymbolsClass=\XeTeXcharclass103
\MathematicalOperatorsClass=\XeTeXcharclass104
\MiscellaneousMathematicalSymbolsAClass=\XeTeXcharclass105
\MiscellaneousMathematicalSymbolsBClass=\XeTeXcharclass106
\MiscellaneousSymbolsClass=\XeTeXcharclass107
\MiscellaneousSymbolsAndArrowsClass=\XeTeXcharclass108
\MiscellaneousTechnicalClass=\XeTeXcharclass109
\ModifierToneLettersClass=\XeTeXcharclass110
\MongolianClass=\XeTeXcharclass111
\MusicalSymbolsClass=\XeTeXcharclass112
\MyanmarClass=\XeTeXcharclass113
\NewTaiLueClass=\XeTeXcharclass114
\NKoClass=\XeTeXcharclass115
\NumberFormsClass=\XeTeXcharclass116
\OghamClass=\XeTeXcharclass117
\OlChikiClass=\XeTeXcharclass118
\OldPersianClass=\XeTeXcharclass119
\OpticalCharacterRecognitionClass=\XeTeXcharclass120
\OriyaClass=\XeTeXcharclass121
\OsmanyaClass=\XeTeXcharclass122
\PhagsPaClass=\XeTeXcharclass123
\PhoenicianClass=\XeTeXcharclass124
\PhoneticExtensionsClass=\XeTeXcharclass125
\PhoneticExtensionsSupplementClass=\XeTeXcharclass126
\PrivateUseAreaClass=\XeTeXcharclass127
\RejangClass=\XeTeXcharclass128
\RunicClass=\XeTeXcharclass129
\SaurashtraClass=\XeTeXcharclass130
\ShavianClass=\XeTeXcharclass131
\SinhalaClass=\XeTeXcharclass132
\SmallFormVariantsClass=\XeTeXcharclass133
\SpacingModifierLettersClass=\XeTeXcharclass134
\SundaneseClass=\XeTeXcharclass135
\SuperscriptsAndSubscriptsClass=\XeTeXcharclass136
\SupplementalArrowsAClass=\XeTeXcharclass137
\SupplementalArrowsBClass=\XeTeXcharclass138
\SupplementalMathematicalOperatorsClass=\XeTeXcharclass139
\SupplementalPunctuationClass=\XeTeXcharclass140
\SylotiNagriClass=\XeTeXcharclass141
\SyriacClass=\XeTeXcharclass142
\TagalogClass=\XeTeXcharclass143
\TagbanwaClass=\XeTeXcharclass144
\TagsClass=\XeTeXcharclass145
\TaiLeClass=\XeTeXcharclass146
\TaiXuanJingSymbolsClass=\XeTeXcharclass147
\TamilClass=\XeTeXcharclass148
\TeluguClass=\XeTeXcharclass149
\ThaanaClass=\XeTeXcharclass150
\ThaiClass=\XeTeXcharclass151
\TibetanClass=\XeTeXcharclass152
\TifinaghClass=\XeTeXcharclass153
\UgariticClass=\XeTeXcharclass154
\UnifiedCanadianAboriginalSyllabicsClass=\XeTeXcharclass155
\VaiClass=\XeTeXcharclass156
\VerticalFormsClass=\XeTeXcharclass157
\YiRadicalsClass=\XeTeXcharclass158
\YiSyllablesClass=\XeTeXcharclass159
\YijingHexagramSymbolsClass=\XeTeXcharclass160
\AvestanClass=\XeTeXcharclass161
\BamumClass=\XeTeXcharclass162
\CJKUnifiedIdeographsExtensionCClass=\XeTeXcharclass163
\CommonIndicNumberFormsClass=\XeTeXcharclass164
\DevanagariExtendedClass=\XeTeXcharclass165
\EgyptianHieroglyphsClass=\XeTeXcharclass166
\EnclosedAlphanumericSupplementClass=\XeTeXcharclass167
\EnclosedIdeographicSupplementClass=\XeTeXcharclass168
\HangulJamoExtendedAClass=\XeTeXcharclass169
\HangulJamoExtendedBClass=\XeTeXcharclass170
\ImperialAramaicClass=\XeTeXcharclass171
\InscriptionalPahlaviClass=\XeTeXcharclass172
\InscriptionalParthianClass=\XeTeXcharclass173
\JavaneseClass=\XeTeXcharclass174
\KaithiClass=\XeTeXcharclass175
\LisuClass=\XeTeXcharclass176
\MeeteiMayekClass=\XeTeXcharclass177
\MyanmarExtendedAClass=\XeTeXcharclass178
\RumiNumeralSymbolsClass=\XeTeXcharclass179
\SamaritanClass=\XeTeXcharclass180
\TaiThamClass=\XeTeXcharclass181
\TaiVietClass=\XeTeXcharclass182
\UnifiedCanadianAboriginalSyllabicsExtendedClass=\XeTeXcharclass183
\VedicExtensionsClass=\XeTeXcharclass184
\AlchemicalSymbolsClass=\XeTeXcharclass185
\BamumSupplementClass=\XeTeXcharclass186
\BatakClass=\XeTeXcharclass187
\BrahmiClass=\XeTeXcharclass188
\CJKUnifiedIdeographsExtensionDClass=\XeTeXcharclass189
\EmoticonsClass=\XeTeXcharclass190
\EthiopicExtendedAClass=\XeTeXcharclass191
\KanaSupplementClass=\XeTeXcharclass192
\MandaicClass=\XeTeXcharclass193
\MiscellaneousSymbolsAndPictographsClass=\XeTeXcharclass194
\PlayingCardsClass=\XeTeXcharclass195
\TransportAndMapSymbolsClass=\XeTeXcharclass196
\ArabicExtendedAClass=\XeTeXcharclass197
\ArabicMathematicalAlphabeticSymbolsClass=\XeTeXcharclass198
\ChakmaClass=\XeTeXcharclass199
\MeeteiMayekExtensionsClass=\XeTeXcharclass200
\MeroiticCursiveClass=\XeTeXcharclass201
\MeroiticHieroglyphsClass=\XeTeXcharclass202
\MiaoClass=\XeTeXcharclass203
\SharadaClass=\XeTeXcharclass204
\SoraSompengClass=\XeTeXcharclass205
\SundaneseSupplementClass=\XeTeXcharclass206
\TakriClass=\XeTeXcharclass207
\BassaVahClass=\XeTeXcharclass208
\CaucasianAlbanianClass=\XeTeXcharclass209
\CombiningDiacriticalMarksExtendedClass=\XeTeXcharclass210
\CopticEpactNumbersClass=\XeTeXcharclass211
\ElbasanClass=\XeTeXcharclass212
\GeometricShapesExtendedClass=\XeTeXcharclass213
\GranthaClass=\XeTeXcharclass214
\KhojkiClass=\XeTeXcharclass215
\KhudawadiClass=\XeTeXcharclass216
\LatinExtendedEClass=\XeTeXcharclass217
\LinearAClass=\XeTeXcharclass218
\MahajaniClass=\XeTeXcharclass219
\MendeKikakuiClass=\XeTeXcharclass220
\ModiClass=\XeTeXcharclass221
\MroClass=\XeTeXcharclass222
\MyanmarExtendedBClass=\XeTeXcharclass223
\OrnamentalDingbatsClass=\XeTeXcharclass224
\PahawhHmongClass=\XeTeXcharclass225
\PauCinHauClass=\XeTeXcharclass226
\SiddhamClass=\XeTeXcharclass227
\SinhalaArchaicNumbersClass=\XeTeXcharclass228
\SupplementalArrowsCClass=\XeTeXcharclass229
\TirhutaClass=\XeTeXcharclass230
\WarangCitiClass=\XeTeXcharclass231
\CherokeeSupplementClass=\XeTeXcharclass232
\CJKUnifiedIdeographsExtensionEClass=\XeTeXcharclass233
\SupplementalSymbolsAndPictographsClass=\XeTeXcharclass234
\CyrillicExtendedCClass=\XeTeXcharclass235
\GlagoliticSupplementClass=\XeTeXcharclass236
\IdeographicSymbolsAndPunctuationClass=\XeTeXcharclass237
\MongolianSupplementClass=\XeTeXcharclass238
\CJKUnifiedIdeographsExtensionFClass=\XeTeXcharclass239
\KanaExtendedAClass=\XeTeXcharclass240
\SyriacSupplementClass=\XeTeXcharclass241
\GeorgianExtendedClass=\XeTeXcharclass242
\SmallKanaExtensionClass=\XeTeXcharclass243
\SymbolsAndPictographsExtendedAClass=\XeTeXcharclass244
\CJKUnifiedIdeographsExtensionGClass=\XeTeXcharclass245
\ArabicExtendedBClass=\XeTeXcharclass246
\EthiopicExtendedBClass=\XeTeXcharclass247
\KanaExtendedBClass=\XeTeXcharclass248
\LatinExtendedFClass=\XeTeXcharclass249
\LatinExtendedGClass=\XeTeXcharclass250
\UnifiedCanadianAboriginalSyllabicsExtendedAClass=\XeTeXcharclass251
\ArabicExtendedCClass=\XeTeXcharclass252
\CJKUnifiedIdeographsExtensionHClass=\XeTeXcharclass253
\CyrillicExtendedDClass=\XeTeXcharclass254
\DevanagariExtendedAClass=\XeTeXcharclass255
\CarianClass=\XeTeXcharclass256
\GothicClass=\XeTeXcharclass257
\KharoshthiClass=\XeTeXcharclass258
\LycianClass=\XeTeXcharclass259
\LydianClass=\XeTeXcharclass260
\OldItalicClass=\XeTeXcharclass261
\PhaistosDiscClass=\XeTeXcharclass262
\SupplementaryPrivateUseAreaAClass=\XeTeXcharclass263
\SupplementaryPrivateUseAreaBClass=\XeTeXcharclass264
\OldSouthArabianClass=\XeTeXcharclass265
\OldTurkicClass=\XeTeXcharclass266
\DuployanClass=\XeTeXcharclass267
\ManichaeanClass=\XeTeXcharclass268
\NabataeanClass=\XeTeXcharclass269
\OldNorthArabianClass=\XeTeXcharclass270
\OldPermicClass=\XeTeXcharclass271
\PalmyreneClass=\XeTeXcharclass272
\PsalterPahlaviClass=\XeTeXcharclass273
\ShorthandFormatControlsClass=\XeTeXcharclass274
\AhomClass=\XeTeXcharclass275
\AnatolianHieroglyphsClass=\XeTeXcharclass276
\EarlyDynasticCuneiformClass=\XeTeXcharclass277
\HatranClass=\XeTeXcharclass278
\MultaniClass=\XeTeXcharclass279
\OldHungarianClass=\XeTeXcharclass280
\SuttonSignWritingClass=\XeTeXcharclass281
\AdlamClass=\XeTeXcharclass282
\BhaiksukiClass=\XeTeXcharclass283
\MarchenClass=\XeTeXcharclass284
\NewaClass=\XeTeXcharclass285
\OsageClass=\XeTeXcharclass286
\TangutClass=\XeTeXcharclass287
\TangutComponentsClass=\XeTeXcharclass288
\MasaramGondiClass=\XeTeXcharclass289
\NushuClass=\XeTeXcharclass290
\SoyomboClass=\XeTeXcharclass291
\ZanabazarSquareClass=\XeTeXcharclass292
\ChessSymbolsClass=\XeTeXcharclass293
\DograClass=\XeTeXcharclass294
\GunjalaGondiClass=\XeTeXcharclass295
\HanifiRohingyaClass=\XeTeXcharclass296
\IndicSiyaqNumbersClass=\XeTeXcharclass297
\MakasarClass=\XeTeXcharclass298
\MayanNumeralsClass=\XeTeXcharclass299
\MedefaidrinClass=\XeTeXcharclass300
\OldSogdianClass=\XeTeXcharclass301
\SogdianClass=\XeTeXcharclass302
\EgyptianHieroglyphFormatControlsClass=\XeTeXcharclass303
\ElymaicClass=\XeTeXcharclass304
\NandinagariClass=\XeTeXcharclass305
\NyiakengPuachueHmongClass=\XeTeXcharclass306
\OttomanSiyaqNumbersClass=\XeTeXcharclass307
\TamilSupplementClass=\XeTeXcharclass308
\WanchoClass=\XeTeXcharclass309
\ChorasmianClass=\XeTeXcharclass310
\DivesAkuruClass=\XeTeXcharclass311
\KhitanSmallScriptClass=\XeTeXcharclass312
\LisuSupplementClass=\XeTeXcharclass313
\SymbolsForLegacyComputingClass=\XeTeXcharclass314
\TangutSupplementClass=\XeTeXcharclass315
\YezidiClass=\XeTeXcharclass316
\CyproMinoanClass=\XeTeXcharclass317
\OldUighurClass=\XeTeXcharclass318
\TangsaClass=\XeTeXcharclass319
\TotoClass=\XeTeXcharclass320
\VithkuqiClass=\XeTeXcharclass321
\ZnamennyMusicalNotationClass=\XeTeXcharclass322
\KaktovikNumeralsClass=\XeTeXcharclass323
\KawiClass=\XeTeXcharclass324
\NagMundariClass=\XeTeXcharclass325
)
(/usr/local/texlive/2025/texmf-dist/tex/latex/amsmath/amsmath.sty
Package: amsmath 2025/06/16 v2.17y AMS math features
\@mathmargin=\skip51

For additional information on amsmath, use the `?' option.
(/usr/local/texlive/2025/texmf-dist/tex/latex/amsmath/amstext.sty
Package: amstext 2024/11/17 v2.01 AMS text

(/usr/local/texlive/2025/texmf-dist/tex/latex/amsmath/amsgen.sty
File: amsgen.sty 1999/11/30 v2.0 generic functions
\@emptytoks=\toks17
\ex@=\dimen149
))
(/usr/local/texlive/2025/texmf-dist/tex/latex/amsmath/amsbsy.sty
Package: amsbsy 1999/11/29 v1.2d Bold Symbols
\pmbraise@=\dimen150
)
(/usr/local/texlive/2025/texmf-dist/tex/latex/amsmath/amsopn.sty
Package: amsopn 2022/04/08 v2.04 operator names
)
\inf@bad=\count280
LaTeX Info: Redefining \frac on input line 233.
\uproot@=\count281
\leftroot@=\count282
LaTeX Info: Redefining \overline on input line 398.
LaTeX Info: Redefining \colon on input line 409.
\classnum@=\count283
\DOTSCASE@=\count284
LaTeX Info: Redefining \ldots on input line 495.
LaTeX Info: Redefining \dots on input line 498.
LaTeX Info: Redefining \cdots on input line 619.
\Mathstrutbox@=\box53
\strutbox@=\box54
LaTeX Info: Redefining \big on input line 721.
LaTeX Info: Redefining \Big on input line 722.
LaTeX Info: Redefining \bigg on input line 723.
LaTeX Info: Redefining \Bigg on input line 724.
\big@size=\dimen151
LaTeX Font Info:    Redeclaring font encoding OML on input line 742.
LaTeX Font Info:    Redeclaring font encoding OMS on input line 743.
\macc@depth=\count285
LaTeX Info: Redefining \bmod on input line 904.
LaTeX Info: Redefining \pmod on input line 909.
LaTeX Info: Redefining \smash on input line 939.
LaTeX Info: Redefining \relbar on input line 969.
LaTeX Info: Redefining \Relbar on input line 970.
\c@MaxMatrixCols=\count286
\dotsspace@=\muskip17
\c@parentequation=\count287
\dspbrk@lvl=\count288
\tag@help=\toks18
\row@=\count289
\column@=\count290
\maxfields@=\count291
\andhelp@=\toks19
\eqnshift@=\dimen152
\alignsep@=\dimen153
\tagshift@=\dimen154
\tagwidth@=\dimen155
\totwidth@=\dimen156
\lineht@=\dimen157
\@envbody=\toks20
\multlinegap=\skip52
\multlinetaggap=\skip53
\mathdisplay@stack=\toks21
LaTeX Info: Redefining \[ on input line 2949.
LaTeX Info: Redefining \] on input line 2950.
)
(/usr/local/texlive/2025/texmf-dist/tex/latex/amsfonts/amsfonts.sty
Package: amsfonts 2013/01/14 v3.01 Basic AMSFonts support
\symAMSa=\mathgroup4
\symAMSb=\mathgroup5
LaTeX Font Info:    Redeclaring math symbol \hbar on input line 98.
LaTeX Font Info:    Overwriting math alphabet `\mathfrak' in version `bold'
(Font)                  U/euf/m/n --> U/euf/b/n on input line 106.
)
(/usr/local/texlive/2025/texmf-dist/tex/latex/amsfonts/amssymb.sty
Package: amssymb 2013/01/14 v3.01 AMS font symbols
)
(/usr/local/texlive/2025/texmf-dist/tex/latex/mhchem/mhchem.sty
Package: mhchem 2024/01/29 v4.10 for typesetting chemical formulae

(/usr/local/texlive/2025/texmf-dist/tex/latex/l3kernel/expl3.sty
Package: expl3 2025-09-02 L3 programming layer (loader) 

(/usr/local/texlive/2025/texmf-dist/tex/latex/l3backend/l3backend-xetex.def
File: l3backend-xetex.def 2025-06-09 L3 backend support: XeTeX
\g__graphics_track_int=\count292
\g__pdfannot_backend_int=\count293
\g__pdfannot_backend_link_int=\count294
))
(/usr/local/texlive/2025/texmf-dist/tex/latex/l3packages/l3keys2e/l3keys2e.sty
Package: l3keys2e 2024-08-16 LaTeX2e option processing using LaTeX3 keys
) (/usr/local/texlive/2025/texmf-dist/tex/latex/tools/calc.sty
Package: calc 2025/03/01 v4.3b Infix arithmetic (KKT,FJ)
\calc@Acount=\count295
\calc@Bcount=\count296
\calc@Adimen=\dimen158
\calc@Bdimen=\dimen159
\calc@Askip=\skip54
\calc@Bskip=\skip55
LaTeX Info: Redefining \setlength on input line 86.
LaTeX Info: Redefining \addtolength on input line 87.
\calc@Ccount=\count297
\calc@Cskip=\skip56
)
(/usr/local/texlive/2025/texmf-dist/tex/latex/chemgreek/chemgreek.sty
(/usr/local/texlive/2025/texmf-dist/tex/latex/l3packages/xparse/xparse.sty
Package: xparse 2024-08-16 L3 Experimental document command parser
)
Package: chemgreek 2020/01/16 v1.1a interface for upright Greek letters for use
 in chemistry (CN)
\l__chemgreek_tmpa_int=\count298
\g__chemgreek_tmpa_int=\count299
)
(/usr/local/texlive/2025/texmf-dist/tex/latex/graphics/graphics.sty
Package: graphics 2024/08/06 v1.4g Standard LaTeX Graphics (DPC,SPQR)

(/usr/local/texlive/2025/texmf-dist/tex/latex/graphics/trig.sty
Package: trig 2023/12/02 v1.11 sin cos tan (DPC)
)
(/usr/local/texlive/2025/texmf-dist/tex/latex/graphics-cfg/graphics.cfg
File: graphics.cfg 2016/06/04 v1.11 sample graphics configuration
)
Package graphics Info: Driver file: xetex.def on input line 106.

(/usr/local/texlive/2025/texmf-dist/tex/latex/graphics-def/xetex.def
File: xetex.def 2022/09/22 v5.0n Graphics/color driver for xetex
))
\l__mhchem_ce_distanceFromLastComma_int=\count300
\__mhchem_arrow_extPgfLength_skip=\skip57
\mhchem@minispace@tmp=\skip58
\mhchem@minibackspace@tmp=\skip59
\mhchem@bondwidth=\skip60
\mhchem@bondheight=\skip61
\mhchem@smallbondwidth@tmpA=\skip62
\mhchem@smallbondwidth@tmpB=\skip63
\mhchem@smallbondwidth=\skip64
\mhchem@bondtmp@minussidebearingleft=\skip65
\mhchem@bondtmp@minussidebearingright=\skip66
\l__mhchem_option_version_int=\count301
\mhchem@option@minusmathsidebearingleft=\dimen160
\mhchem@option@minusmathsidebearingright=\dimen161
\mhchem@option@minustextsidebearingleft=\dimen162
\mhchem@option@minustextsidebearingright=\dimen163
)
(/usr/local/texlive/2025/texmf-dist/tex/latex/stmaryrd/stmaryrd.sty
Package: stmaryrd 1994/03/03 St Mary's Road symbol package
\symstmry=\mathgroup6
LaTeX Font Info:    Overwriting symbol font `stmry' in version `bold'
(Font)                  U/stmry/m/n --> U/stmry/b/n on input line 89.
)
(/usr/local/texlive/2025/texmf-dist/tex/latex/hyperref/hyperref.sty
Package: hyperref 2025-07-12 v7.01o Hypertext links for LaTeX

(/usr/local/texlive/2025/texmf-dist/tex/latex/graphics/keyval.sty
Package: keyval 2022/05/29 v1.15 key=value parser (DPC)
\KV@toks@=\toks22
)
(/usr/local/texlive/2025/texmf-dist/tex/latex/kvsetkeys/kvsetkeys.sty
Package: kvsetkeys 2022-10-05 v1.19 Key value parser (HO)
)
(/usr/local/texlive/2025/texmf-dist/tex/generic/kvdefinekeys/kvdefinekeys.sty
Package: kvdefinekeys 2019-12-19 v1.6 Define keys (HO)
)
(/usr/local/texlive/2025/texmf-dist/tex/generic/pdfescape/pdfescape.sty
Package: pdfescape 2019/12/09 v1.15 Implements pdfTeX's escape features (HO)

(/usr/local/texlive/2025/texmf-dist/tex/generic/ltxcmds/ltxcmds.sty
Package: ltxcmds 2023-12-04 v1.26 LaTeX kernel commands for general use (HO)
)
(/usr/local/texlive/2025/texmf-dist/tex/generic/pdftexcmds/pdftexcmds.sty
Package: pdftexcmds 2020-06-27 v0.33 Utility functions of pdfTeX for LuaTeX (HO
)

(/usr/local/texlive/2025/texmf-dist/tex/generic/infwarerr/infwarerr.sty
Package: infwarerr 2019/12/03 v1.5 Providing info/warning/error messages (HO)
)
Package pdftexcmds Info: \pdf@primitive is available.
Package pdftexcmds Info: \pdf@ifprimitive is available.
Package pdftexcmds Info: \pdfdraftmode not found.
))
(/usr/local/texlive/2025/texmf-dist/tex/latex/hycolor/hycolor.sty
Package: hycolor 2020-01-27 v1.10 Color options for hyperref/bookmark (HO)
)
(/usr/local/texlive/2025/texmf-dist/tex/latex/hyperref/nameref.sty
Package: nameref 2025-06-21 v2.57 Cross-referencing by name of section

(/usr/local/texlive/2025/texmf-dist/tex/latex/refcount/refcount.sty
Package: refcount 2019/12/15 v3.6 Data extraction from label references (HO)
)
(/usr/local/texlive/2025/texmf-dist/tex/generic/gettitlestring/gettitlestring.s
ty
Package: gettitlestring 2019/12/15 v1.6 Cleanup title references (HO)
 (/usr/local/texlive/2025/texmf-dist/tex/latex/kvoptions/kvoptions.sty
Package: kvoptions 2022-06-15 v3.15 Key value format for package options (HO)
))
\c@section@level=\count302
)
(/usr/local/texlive/2025/texmf-dist/tex/latex/etoolbox/etoolbox.sty
Package: etoolbox 2025/02/11 v2.5l e-TeX tools for LaTeX (JAW)
\etb@tempcnta=\count303
)
(/usr/local/texlive/2025/texmf-dist/tex/generic/stringenc/stringenc.sty
Package: stringenc 2019/11/29 v1.12 Convert strings between diff. encodings (HO
)
)
\@linkdim=\dimen164
\Hy@linkcounter=\count304
\Hy@pagecounter=\count305

(/usr/local/texlive/2025/texmf-dist/tex/latex/hyperref/pd1enc.def
File: pd1enc.def 2025-07-12 v7.01o Hyperref: PDFDocEncoding definition (HO)
)
(/usr/local/texlive/2025/texmf-dist/tex/generic/intcalc/intcalc.sty
Package: intcalc 2019/12/15 v1.3 Expandable calculations with integers (HO)
)
\Hy@SavedSpaceFactor=\count306

(/usr/local/texlive/2025/texmf-dist/tex/latex/hyperref/puenc.def
File: puenc.def 2025-07-12 v7.01o Hyperref: PDF Unicode definition (HO)
)
Package hyperref Info: Hyper figures OFF on input line 4195.
Package hyperref Info: Link nesting OFF on input line 4200.
Package hyperref Info: Hyper index ON on input line 4203.
Package hyperref Info: Plain pages OFF on input line 4210.
Package hyperref Info: Backreferencing OFF on input line 4215.
Package hyperref Info: Implicit mode ON; LaTeX internals redefined.
Package hyperref Info: Bookmarks ON on input line 4462.
\c@Hy@tempcnt=\count307

(/usr/local/texlive/2025/texmf-dist/tex/latex/url/url.sty
\Urlmuskip=\muskip18
Package: url 2013/09/16  ver 3.4  Verb mode for urls, etc.
)
LaTeX Info: Redefining \url on input line 4801.
\XeTeXLinkMargin=\dimen165

(/usr/local/texlive/2025/texmf-dist/tex/generic/bitset/bitset.sty
Package: bitset 2019/12/09 v1.3 Handle bit-vector datatype (HO)

(/usr/local/texlive/2025/texmf-dist/tex/generic/bigintcalc/bigintcalc.sty
Package: bigintcalc 2019/12/15 v1.5 Expandable calculations on big integers (HO
)
))
\Fld@menulength=\count308
\Field@Width=\dimen166
\Fld@charsize=\dimen167
Package hyperref Info: Hyper figures OFF on input line 6078.
Package hyperref Info: Link nesting OFF on input line 6083.
Package hyperref Info: Hyper index ON on input line 6086.
Package hyperref Info: backreferencing OFF on input line 6093.
Package hyperref Info: Link coloring OFF on input line 6098.
Package hyperref Info: Link coloring with OCG OFF on input line 6103.
Package hyperref Info: PDF/A mode OFF on input line 6108.
\Hy@abspage=\count309
\c@Item=\count310
\c@Hfootnote=\count311
)
Package hyperref Info: Driver (autodetected): hxetex.

(/usr/local/texlive/2025/texmf-dist/tex/latex/hyperref/hxetex.def
File: hxetex.def 2025-07-12 v7.01o Hyperref driver for XeTeX
\pdfm@box=\box55
\c@Hy@AnnotLevel=\count312
\HyField@AnnotCount=\count313
\Fld@listcount=\count314
\c@bookmark@seq@number=\count315

(/usr/local/texlive/2025/texmf-dist/tex/latex/rerunfilecheck/rerunfilecheck.sty
Package: rerunfilecheck 2025-06-21 v1.11 Rerun checks for auxiliary files (HO)

(/usr/local/texlive/2025/texmf-dist/tex/generic/uniquecounter/uniquecounter.sty
Package: uniquecounter 2019/12/15 v1.4 Provide unlimited unique counter (HO)
)
Package uniquecounter Info: New unique counter `rerunfilecheck' on input line 2
84.
)
\Hy@SectionHShift=\skip67
)
Package hyperref Info: Option `colorlinks' set `true' on input line 9.
 (/usr/local/texlive/2025/texmf-dist/tex/latex/graphics/graphicx.sty
Package: graphicx 2024/12/31 v1.2e Enhanced LaTeX Graphics (DPC,SPQR)
\Gin@req@height=\dimen168
\Gin@req@width=\dimen169
)
(/usr/local/texlive/2025/texmf-dist/tex/latex/adjustbox/adjustbox.sty
Package: adjustbox 2025/02/26 v1.3c Adjusting TeX boxes (trim, clip, ...)

(/usr/local/texlive/2025/texmf-dist/tex/latex/xkeyval/xkeyval.sty
Package: xkeyval 2022/06/16 v2.9 package option processing (HA)

(/usr/local/texlive/2025/texmf-dist/tex/generic/xkeyval/xkeyval.tex
(/usr/local/texlive/2025/texmf-dist/tex/generic/xkeyval/xkvutils.tex
\XKV@toks=\toks23
\XKV@tempa@toks=\toks24
)
\XKV@depth=\count316
File: xkeyval.tex 2014/12/03 v2.7a key=value parser (HA)
))
(/usr/local/texlive/2025/texmf-dist/tex/latex/adjustbox/adjcalc.sty
Package: adjcalc 2012/05/16 v1.1 Provides advanced setlength with multiple back
-ends (calc, etex, pgfmath)
)
(/usr/local/texlive/2025/texmf-dist/tex/latex/adjustbox/trimclip.sty
Package: trimclip 2025/02/21 v1.2a Trim and clip general TeX material

(/usr/local/texlive/2025/texmf-dist/tex/latex/collectbox/collectbox.sty
Package: collectbox 2022/10/17 v0.4c Collect macro arguments as boxes
\collectedbox=\box56
)
\tc@llx=\dimen170
\tc@lly=\dimen171
\tc@urx=\dimen172
\tc@ury=\dimen173
Package trimclip Info: Using driver 'tc-xetex.def'.

(/usr/local/texlive/2025/texmf-dist/tex/latex/adjustbox/tc-xetex.def
File: tc-xetex.def 2019/01/04 v2.2 Clipping driver for xetex
))
\adjbox@Width=\dimen174
\adjbox@Height=\dimen175
\adjbox@Depth=\dimen176
\adjbox@Totalheight=\dimen177
\adjbox@pwidth=\dimen178
\adjbox@pheight=\dimen179
\adjbox@pdepth=\dimen180
\adjbox@ptotalheight=\dimen181

(/usr/local/texlive/2025/texmf-dist/tex/latex/ifoddpage/ifoddpage.sty
Package: ifoddpage 2022/10/18 v1.2 Conditionals for odd/even page detection
\c@checkoddpage=\count317
)
(/usr/local/texlive/2025/texmf-dist/tex/latex/varwidth/varwidth.sty
Package: varwidth 2009/03/30 ver 0.92;  Variable-width minipages
\@vwid@box=\box57
\sift@deathcycles=\count318
\@vwid@loff=\dimen182
\@vwid@roff=\dimen183
)
==> First Aid for varwidth.sty applied!
) (/usr/local/texlive/2025/texmf-dist/tex/generic/soul/soul.sty
Package: soul 2023-06-14 v3.1 Permit use of UTF-8 characters in soul (HO)

(/usr/local/texlive/2025/texmf-dist/tex/generic/soul/soul-ori.sty
Package: soul-ori 2023-06-14 v3.1 letterspacing/underlining (mf)
\SOUL@word=\toks25
\SOUL@lasttoken=\toks26
\SOUL@syllable=\toks27
\SOUL@cmds=\toks28
\SOUL@buffer=\toks29
\SOUL@token=\toks30
\SOUL@syllgoal=\dimen184
\SOUL@syllwidth=\dimen185
\SOUL@charkern=\dimen186
\SOUL@hyphkern=\dimen187
\SOUL@dimen=\dimen188
\SOUL@dimeni=\dimen189
\SOUL@minus=\count319
\SOUL@comma=\count320
\SOUL@apo=\count321
\SOUL@grave=\count322
\SOUL@spaceskip=\skip68
\SOUL@ttwidth=\dimen190
\SOUL@uldp=\dimen191
\SOUL@ulht=\dimen192
)
(/usr/local/texlive/2025/texmf-dist/tex/generic/etexcmds/etexcmds.sty
Package: etexcmds 2019/12/15 v1.7 Avoid name clashes with e-TeX commands (HO)
))
(/usr/local/texlive/2025/texmf-dist/tex/latex/graphics/color.sty
Package: color 2025/01/14 v1.3e Standard LaTeX Color (DPC)

(/usr/local/texlive/2025/texmf-dist/tex/latex/graphics-cfg/color.cfg
File: color.cfg 2016/01/02 v1.6 sample color configuration
)
Package color Info: Driver file: xetex.def on input line 149.

(/usr/local/texlive/2025/texmf-dist/tex/latex/graphics/mathcolor.ltx))
(/usr/local/texlive/2025/texmf-dist/tex/latex/multirow/multirow.sty
Package: multirow 2024/11/12 v2.9 Span multiple rows of a table
\multirow@colwidth=\skip69
\multirow@cntb=\count323
\multirow@dima=\skip70
\bigstrutjot=\dimen193
)
(/usr/local/texlive/2025/texmf-dist/tex/xelatex/xecjk/xeCJK.sty
Package: xeCJK 2022/08/05 v3.9.1 Typesetting CJK scripts with XeLaTeX

(/usr/local/texlive/2025/texmf-dist/tex/latex/ctex/ctexhook.sty
Package: ctexhook 2022/07/14 v2.5.10 Document and package hooks (CTEX)
)
(/usr/local/texlive/2025/texmf-dist/tex/latex/l3packages/xtemplate/xtemplate.st
y
Package: xtemplate 2024-08-16 L3 Experimental prototype document functions
)
\l__xeCJK_tmp_int=\count324
\l__xeCJK_tmp_box=\box58
\l__xeCJK_tmp_dim=\dimen194
\l__xeCJK_tmp_skip=\skip71
\g__xeCJK_space_factor_int=\count325
\l__xeCJK_begin_int=\count326
\l__xeCJK_end_int=\count327
\c__xeCJK_CJK_class_int=\XeTeXcharclass326
\c__xeCJK_FullLeft_class_int=\XeTeXcharclass327
\c__xeCJK_FullRight_class_int=\XeTeXcharclass328
\c__xeCJK_HalfLeft_class_int=\XeTeXcharclass329
\c__xeCJK_HalfRight_class_int=\XeTeXcharclass330
\c__xeCJK_NormalSpace_class_int=\XeTeXcharclass331
\c__xeCJK_CM_class_int=\XeTeXcharclass332
\c__xeCJK_HangulJamo_class_int=\XeTeXcharclass333
\l__xeCJK_last_skip=\skip72
\c__xeCJK_none_node=\count328
\g__xeCJK_node_int=\count329
\c__xeCJK_CJK_node_dim=\dimen195
\c__xeCJK_CJK-space_node_dim=\dimen196
\c__xeCJK_default_node_dim=\dimen197
\c__xeCJK_CJK-widow_node_dim=\dimen198
\c__xeCJK_normalspace_node_dim=\dimen199
\c__xeCJK_default-space_node_skip=\skip73
\l__xeCJK_ccglue_skip=\skip74
\l__xeCJK_ecglue_skip=\skip75
\l__xeCJK_punct_kern_skip=\skip76
\l__xeCJK_indent_box=\box59
\l__xeCJK_last_penalty_int=\count330
\l__xeCJK_last_bound_dim=\dimen256
\l__xeCJK_last_kern_dim=\dimen257
\l__xeCJK_widow_penalty_int=\count331

LaTeX template Info: Declaring template type 'xeCJK/punctuation' taking 0
(template)           argument(s) on line 2396.

\l__xeCJK_fixed_punct_width_dim=\dimen258
\l__xeCJK_mixed_punct_width_dim=\dimen259
\l__xeCJK_middle_punct_width_dim=\dimen260
\l__xeCJK_fixed_margin_width_dim=\dimen261
\l__xeCJK_mixed_margin_width_dim=\dimen262
\l__xeCJK_middle_margin_width_dim=\dimen263
\l__xeCJK_bound_punct_width_dim=\dimen264
\l__xeCJK_bound_margin_width_dim=\dimen265
\l__xeCJK_margin_minimum_dim=\dimen266
\l__xeCJK_kerning_total_width_dim=\dimen267
\l__xeCJK_same_align_margin_dim=\dimen268
\l__xeCJK_different_align_margin_dim=\dimen269
\l__xeCJK_kerning_margin_width_dim=\dimen270
\l__xeCJK_kerning_margin_minimum_dim=\dimen271
\l__xeCJK_bound_dim=\dimen272
\l__xeCJK_reverse_bound_dim=\dimen273
\l__xeCJK_margin_dim=\dimen274
\l__xeCJK_minimum_bound_dim=\dimen275
\l__xeCJK_kerning_margin_dim=\dimen276
\g__xeCJK_family_int=\count332
\l__xeCJK_fam_int=\count333
\g__xeCJK_fam_allocation_int=\count334
\l__xeCJK_verb_case_int=\count335
\l__xeCJK_verb_exspace_skip=\skip77
 (/usr/local/texlive/2025/texmf-dist/tex/latex/fontspec/fontspec.sty
Package: fontspec 2024/05/11 v2.9e Font selection for XeLaTeX and LuaLaTeX

(/usr/local/texlive/2025/texmf-dist/tex/latex/fontspec/fontspec-xetex.sty
Package: fontspec-xetex 2024/05/11 v2.9e Font selection for XeLaTeX and LuaLaTe
X
\l__fontspec_script_int=\count336
\l__fontspec_language_int=\count337
\l__fontspec_strnum_int=\count338
\l__fontspec_tmp_int=\count339
\l__fontspec_tmpa_int=\count340
\l__fontspec_tmpb_int=\count341
\l__fontspec_tmpc_int=\count342
\l__fontspec_em_int=\count343
\l__fontspec_emdef_int=\count344
\l__fontspec_strong_int=\count345
\l__fontspec_strongdef_int=\count346
\l__fontspec_tmpa_dim=\dimen277
\l__fontspec_tmpb_dim=\dimen278
\l__fontspec_tmpc_dim=\dimen279

(/usr/local/texlive/2025/texmf-dist/tex/latex/base/fontenc.sty
Package: fontenc 2024/12/21 v2.1c Standard LaTeX package
)
(/usr/local/texlive/2025/texmf-dist/tex/latex/fontspec/fontspec.cfg)))
(/usr/local/texlive/2025/texmf-dist/tex/xelatex/xecjk/xeCJK.cfg
File: xeCJK.cfg 2022/08/05 v3.9.1 Configuration file for xeCJK package
))
(/usr/local/texlive/2025/texmf-dist/tex/latex/polyglossia/polyglossia.sty
Package: polyglossia 2025/09/22 v2.8 Modern multilingual typesetting with XeLaT
eX and LuaLaTeX
\l_xpg_alias_keyvals_int=\count347

(/usr/local/texlive/2025/texmf-dist/tex/latex/polyglossia/gloss-latex.ldf
File: gloss-latex.ldf polyglossia: module for default language
))
(/usr/local/texlive/2025/texmf-dist/tex/latex/newunicodechar/newunicodechar.sty
Package: newunicodechar 2018/04/08 v1.2 Defining Unicode characters
) (/usr/local/texlive/2025/texmf-dist/tex/latex/base/makeidx.sty
Package: makeidx 2021/10/04 v1.0m Standard LaTeX package
)
\@indexfile=\write3
\openout3 = `assembly_final.idx'.


Writing index file assembly_final.idx

Package fontspec Info: 
(fontspec)             Script 'CJK' not explicitly supported within font
(fontspec)             'STSong'. Check the typeset output, and if it is okay
(fontspec)             then ignore this warning. Otherwise a different font
(fontspec)             should be chosen.


Package fontspec Info: 
(fontspec)             Could not resolve font "STSong/BI" (it probably doesn't
(fontspec)             exist).


Package fontspec Info: 
(fontspec)             Could not resolve font "STSong/B" (it probably doesn't
(fontspec)             exist).


Package fontspec Info: 
(fontspec)             Could not resolve font "STSong/I" (it probably doesn't
(fontspec)             exist).


Package fontspec Info: 
(fontspec)             Font family 'STSong(0)' created for font 'STSong' with
(fontspec)             options [Script={CJK}].
(fontspec)              
(fontspec)              This font family consists of the following NFSS
(fontspec)             series/shapes:
(fontspec)              
(fontspec)             - 'normal' (m/n) with NFSS spec.:
(fontspec)             <->"STSong/OT:script=hani;language=dflt;"

(/usr/local/texlive/2025/texmf-dist/tex/latex/polyglossia/gloss-english.ldf
File: gloss-english.ldf polyglossia: module for English
)

Package polyglossia Info: Default language is english


(/usr/local/texlive/2025/texmf-dist/tex/latex/polyglossia/gloss-dutch.ldf
File: gloss-dutch.ldf polyglossia: module for Dutch

(/usr/local/texlive/2025/texmf-dist/tex/latex/polyglossia/babelsh.def
File: babelsh.def 2022/06/21 Babel common definitions for shorthands
 Taken verbatim from babel files (2022/06/06 v3.76)
)
Package babel Info: Making " an active character on input line 35.
)
(/usr/local/texlive/2025/texmf-dist/tex/latex/polyglossia/gloss-thai.ldf
File: gloss-thai.ldf polyglossia: module for Thai
)
(/usr/local/texlive/2025/texmf-dist/tex/latex/polyglossia/gloss-hebrew.ldf
File: gloss-hebrew.ldf polyglossia: module for Hebrew

(/usr/local/texlive/2025/texmf-dist/tex/latex/bidi/bidi.sty
Package: bidi 2025/09/26 v25.09.26 (Release Iran) Bidirectional typesetting in 
plain TeX and LaTeX

****************************************************
* 
* bidi package (Bidirectional typesetting with
* plain TeX and LaTeX formats in XeTeX and LuaTeX engines)
* 
* Description: A convenient interface for
* typesetting bidirectional texts in plain TeX
* and LaTeX. The package includes adaptations
* for use with many other commonly-used packages.
* 
* Copyright (c) 2007--2025 Vafa Khalighi
* Copyright (c) 2018--2020 bidi-tex GitHub organization
* 
* v25.09.26 (Release Iran), 2025/09/26
* 
* License: LaTeX Project Public License, version
* 1.3c or higher (your choice)
* 
* Location on CTAN: /macros/unicodetex/generic/bidi
* 
* Issue tracker: https://github.com/xepersian/bidi/issues
* 
* Primary author of bidi package: Vafa Khalighi.
* 
****************************************************
(/usr/local/texlive/2025/texmf-dist/tex/latex/bidi/biditools.sty
Package: biditools 2025/02/02 v2.7 Programming tools for bidi package
\@bidi@envbody=\toks31
\@bidi@emptytoks=\toks32
\bidi@poscount=\count348
\bidi@tempcountb=\count349
\bidi@temptoksa=\toks33
\bidi@temptoksb=\toks34
\bidi@dummies=\count350
\bidi@are@these@correct=\toks35
\bidi@toks@lista=\toks36
\bidi@toks@listb=\toks37
\bidi@stack@length=\count351
\bidi@empty@stack=\toks38
\bidi@looprepeat@depth=\count352
)
(/usr/local/texlive/2025/texmf-dist/tex/latex/zref/zref-abspage.sty
Package: zref-abspage 2025-06-08 v2.36 Module abspage for zref (HO)

(/usr/local/texlive/2025/texmf-dist/tex/latex/zref/zref-base.sty
Package: zref-base 2025-06-08 v2.36 Module base for zref (HO)

(/usr/local/texlive/2025/texmf-dist/tex/latex/auxhook/auxhook.sty
Package: auxhook 2019-12-17 v1.6 Hooks for auxiliary files (HO)
)
Package zref Info: New property list: main on input line 767.
Package zref Info: New property: default on input line 768.
Package zref Info: New property: page on input line 769.
)
\c@abspage=\count353
Package zref Info: New property: abspage on input line 67.
)
\@bidi@copyins@=\insert252
\bidi@typesethour=\count354
\bidi@typesetminute=\count355

(/usr/local/texlive/2025/texmf-dist/tex/latex/bidi/latex-xetex-bidi.def
File: latex-xetex-bidi.def 2025/09/20 v1.5.3 bidi adaptations for `latex.ltx' f
or XeTeX engine
\bidi@n@everypar=\toks39
LaTeX Info: Redefining \centerline on input line 316.
LaTeX Info: Redefining \leftline on input line 325.
LaTeX Info: Redefining \rightline on input line 326.
LaTeX Info: Redefining \underline on input line 334.
\bidi@column@check@number=\count356

(/usr/local/texlive/2025/texmf-dist/tex/latex/bidi/footnote-xetex-bidi.def
File: footnote-xetex-bidi.def 2025/09/26 v1.5 bidi footnote macros for XeTeX en
gine
\c@footdir@label=\count357
\footdir@toks=\toks40
)
(/usr/local/texlive/2025/texmf-dist/tex/latex/bidi/amsmath-xetex-bidi.def
File: amsmath-xetex-bidi.def 2020/05/16 v1.2 bidi adaptations for amsmath packa
ge for XeTeX engine
)
(/usr/local/texlive/2025/texmf-dist/tex/latex/bidi/amstext-xetex-bidi.def
File: amstext-xetex-bidi.def 2016/09/12 v0.2 bidi adaptations for amstext packa
ge for XeTeX engine
)
(/usr/local/texlive/2025/texmf-dist/tex/latex/bidi/color-xetex-bidi.def
File: color-xetex-bidi.def 2013/04/08 v0.2 bidi adaptations for color package f
or XeTeX engine
LaTeX Info: Redefining \color on input line 49.
)
(/usr/local/texlive/2025/texmf-dist/tex/latex/bidi/graphicx-xetex-bidi.def
File: graphicx-xetex-bidi.def 2017/06/17 v0.5 bidi adaptations for graphicx pac
kage for XeTeX engine
)
(/usr/local/texlive/2025/texmf-dist/tex/latex/bidi/hyperref-xetex-bidi.def
File: hyperref-xetex-bidi.def 2025/01/05 v1.4 bidi adaptations for hyperref pac
kage for XeTeX engine
)
(/usr/local/texlive/2025/texmf-dist/tex/latex/bidi/soul-xetex-bidi.def
File: soul-xetex-bidi.def 2015/10/16 v0.1 bidi adaptations for soul package for
 XeTeX engine
)
(/usr/local/texlive/2025/texmf-dist/tex/latex/bidi/tc-xetex-xetex-bidi.def
File: tc-xetex-xetex-bidi.def 2014/07/08 v0.1 bidi adaptations for Clipping dri
ver for XeTeX engine
))
\bidi@digits=\count358
\bidi@digits@charclass=\XeTeXcharclass334
\bidi@sepmark@charclass=\XeTeXcharclass335
)
(/usr/local/texlive/2025/texmf-dist/tex/latex/polyglossia/hebrewcal.sty
Package: hebrewcal 2022/07/18 v2.8 Hebrew calendar for polyglossia (adapted fro
m hebcal.sty in Babel)

(/usr/local/texlive/2025/texmf-dist/tex/latex/polyglossia/cal-util.def
\c@tmpA=\count359
\c@tmpB=\count360
\c@tmpC=\count361
\c@tmpD=\count362
\c@tmpE=\count363
\c@tmpF=\count364
)
\hebrewday=\count365
\hebrewmonth=\count366
\hebrewyear=\count367
\@common=\count368
)
(/usr/local/texlive/2025/texmf-dist/tex/latex/polyglossia/babel-hebrewalph.def
File: babel-hebrewalph.def 2023/06/01 Expandable definitions for Hebrew numeral
s
)) (/usr/local/texlive/2025/texmf-dist/tex/latex/polyglossia/gloss-hindi.ldf
File: gloss-hindi.ldf polyglossia: module for Hindi

(/usr/local/texlive/2025/texmf-dist/tex/latex/polyglossia/devanagaridigits.sty
Package: devanagaridigits 2010/04/01 v0.1 Formatting of Devanagari digits
))

Package fontspec Info: 
(fontspec)             Could not resolve font "Thonburi/I" (it probably
(fontspec)             doesn't exist).


Package fontspec Info: 
(fontspec)             Font family 'Thonburi(0)' created for font 'Thonburi'
(fontspec)             with options [].
(fontspec)              
(fontspec)              This font family consists of the following NFSS
(fontspec)             series/shapes:
(fontspec)              
(fontspec)             - 'normal' (m/n) with NFSS spec.: <->"Thonburi/AAT"
(fontspec)             - 'bold' (b/n) with NFSS spec.: <->"Thonburi/B/AAT"
(fontspec)             - 'bold italic' (b/it) with NFSS spec.:
(fontspec)             <->"Thonburi/BI/AAT"


Package fontspec Info: 
(fontspec)             Could not resolve font "Arial Hebrew/I" (it probably
(fontspec)             doesn't exist).


Package fontspec Info: 
(fontspec)             Font family 'ArialHebrew(0)' created for font 'Arial
(fontspec)             Hebrew' with options [].
(fontspec)              
(fontspec)              This font family consists of the following NFSS
(fontspec)             series/shapes:
(fontspec)              
(fontspec)             - 'normal' (m/n) with NFSS spec.: <->"Arial
(fontspec)             Hebrew/OT:language=dflt;"
(fontspec)             - 'bold' (b/n) with NFSS spec.: <->"Arial
(fontspec)             Hebrew/B/OT:language=dflt;"
(fontspec)             - 'bold italic' (b/it) with NFSS spec.: <->"Arial
(fontspec)             Hebrew/BI/OT:language=dflt;"


Package fontspec Info: 
(fontspec)             Could not resolve font "Kohinoor Devanagari/I" (it
(fontspec)             probably doesn't exist).


Package fontspec Info: 
(fontspec)             Font family 'KohinoorDevanagari(0)' created for font
(fontspec)             'Kohinoor Devanagari' with options [].
(fontspec)              
(fontspec)              This font family consists of the following NFSS
(fontspec)             series/shapes:
(fontspec)              
(fontspec)             - 'normal' (m/n) with NFSS spec.: <->"Kohinoor
(fontspec)             Devanagari/OT:script=DFLT;language=dflt;"
(fontspec)             - 'bold' (b/n) with NFSS spec.: <->"Kohinoor
(fontspec)             Devanagari/B/OT:script=DFLT;language=dflt;"
(fontspec)             - 'bold italic' (b/it) with NFSS spec.: <->"Kohinoor
(fontspec)             Devanagari/BI/OT:script=DFLT;language=dflt;"


Package fontspec Info: 
(fontspec)             Font family 'Georgia(0)' created for font 'Georgia'
(fontspec)             with options [].
(fontspec)              
(fontspec)              This font family consists of the following NFSS
(fontspec)             series/shapes:
(fontspec)              
(fontspec)             - 'normal' (m/n) with NFSS spec.:
(fontspec)             <->"Georgia/OT:script=latn;language=dflt;"
(fontspec)             - 'bold' (b/n) with NFSS spec.:
(fontspec)             <->"Georgia/B/OT:script=latn;language=dflt;"
(fontspec)             - 'italic' (m/it) with NFSS spec.:
(fontspec)             <->"Georgia/I/OT:script=latn;language=dflt;"
(fontspec)             - 'bold italic' (b/it) with NFSS spec.:
(fontspec)             <->"Georgia/BI/OT:script=latn;language=dflt;"

 (/usr/local/texlive/2025/texmf-dist/tex/latex/bidi/book-xetex-bidi.def
File: book-xetex-bidi.def 2025/09/04 v1.3 bidi adaptations for standard book cl
ass for XeTeX engine
)
(/Users/aliasgar/Desktop/Ali Asgar/Stony Brook/Advanced Project/local/files/ass
embly/outputs/assembly_final.aux)
\openout1 = `assembly_final.aux'.

LaTeX Font Info:    Checking defaults for OML/cmm/m/it on input line 90.
LaTeX Font Info:    ... okay on input line 90.
LaTeX Font Info:    Checking defaults for OMS/cmsy/m/n on input line 90.
LaTeX Font Info:    ... okay on input line 90.
LaTeX Font Info:    Checking defaults for OT1/cmr/m/n on input line 90.
LaTeX Font Info:    ... okay on input line 90.
LaTeX Font Info:    Checking defaults for T1/cmr/m/n on input line 90.
LaTeX Font Info:    ... okay on input line 90.
LaTeX Font Info:    Checking defaults for TS1/cmr/m/n on input line 90.
LaTeX Font Info:    ... okay on input line 90.
LaTeX Font Info:    Checking defaults for TU/lmr/m/n on input line 90.
LaTeX Font Info:    ... okay on input line 90.
LaTeX Font Info:    Checking defaults for OMX/cmex/m/n on input line 90.
LaTeX Font Info:    ... okay on input line 90.
LaTeX Font Info:    Checking defaults for U/cmr/m/n on input line 90.
LaTeX Font Info:    ... okay on input line 90.
LaTeX Font Info:    Checking defaults for PD1/pdf/m/n on input line 90.
LaTeX Font Info:    ... okay on input line 90.
LaTeX Font Info:    Checking defaults for PU/pdf/m/n on input line 90.
LaTeX Font Info:    ... okay on input line 90.

Package chemgreek Info: Activating mapping `fontspec' on line 90.

Package hyperref Info: Link coloring ON on input line 90.

(/Users/aliasgar/Desktop/Ali Asgar/Stony Brook/Advanced Project/local/files/ass
embly/outputs/assembly_final.out)
(/Users/aliasgar/Desktop/Ali Asgar/Stony Brook/Advanced Project/local/files/ass
embly/outputs/assembly_final.out)
\@outlinefile=\write4
\openout4 = `assembly_final.out'.


Package fontspec Info: 
(fontspec)             Adjusting the maths setup (use [no-math] to avoid
(fontspec)             this).

\symlegacymaths=\mathgroup7
LaTeX Font Info:    Overwriting symbol font `legacymaths' in version `bold'
(Font)                  OT1/cmr/m/n --> OT1/cmr/bx/n on input line 90.
LaTeX Font Info:    Redeclaring math accent \acute on input line 90.
LaTeX Font Info:    Redeclaring math accent \grave on input line 90.
LaTeX Font Info:    Redeclaring math accent \ddot on input line 90.
LaTeX Font Info:    Redeclaring math accent \tilde on input line 90.
LaTeX Font Info:    Redeclaring math accent \bar on input line 90.
LaTeX Font Info:    Redeclaring math accent \breve on input line 90.
LaTeX Font Info:    Redeclaring math accent \check on input line 90.
LaTeX Font Info:    Redeclaring math accent \hat on input line 90.
LaTeX Font Info:    Redeclaring math accent \dot on input line 90.
LaTeX Font Info:    Redeclaring math accent \mathring on input line 90.
LaTeX Font Info:    Redeclaring math symbol \Gamma on input line 90.
LaTeX Font Info:    Redeclaring math symbol \Delta on input line 90.
LaTeX Font Info:    Redeclaring math symbol \Theta on input line 90.
LaTeX Font Info:    Redeclaring math symbol \Lambda on input line 90.
LaTeX Font Info:    Redeclaring math symbol \Xi on input line 90.
LaTeX Font Info:    Redeclaring math symbol \Pi on input line 90.
LaTeX Font Info:    Redeclaring math symbol \Sigma on input line 90.
LaTeX Font Info:    Redeclaring math symbol \Upsilon on input line 90.
LaTeX Font Info:    Redeclaring math symbol \Phi on input line 90.
LaTeX Font Info:    Redeclaring math symbol \Psi on input line 90.
LaTeX Font Info:    Redeclaring math symbol \Omega on input line 90.
LaTeX Font Info:    Redeclaring math symbol \mathdollar on input line 90.
LaTeX Font Info:    Redeclaring symbol font `operators' on input line 90.
LaTeX Font Info:    Encoding `OT1' has changed to `TU' for symbol font
(Font)              `operators' in the math version `normal' on input line 90.
LaTeX Font Info:    Overwriting symbol font `operators' in version `normal'
(Font)                  OT1/cmr/m/n --> TU/lmr/m/n on input line 90.
LaTeX Font Info:    Encoding `OT1' has changed to `TU' for symbol font
(Font)              `operators' in the math version `bold' on input line 90.
LaTeX Font Info:    Overwriting symbol font `operators' in version `bold'
(Font)                  OT1/cmr/bx/n --> TU/lmr/m/n on input line 90.
LaTeX Font Info:    Overwriting symbol font `operators' in version `normal'
(Font)                  TU/lmr/m/n --> TU/lmr/m/n on input line 90.
LaTeX Font Info:    Overwriting math alphabet `\mathit' in version `normal'
(Font)                  OT1/cmr/m/it --> TU/lmr/m/it on input line 90.
LaTeX Font Info:    Overwriting math alphabet `\mathbf' in version `normal'
(Font)                  OT1/cmr/bx/n --> TU/lmr/b/n on input line 90.
LaTeX Font Info:    Overwriting math alphabet `\mathsf' in version `normal'
(Font)                  OT1/cmss/m/n --> TU/lmss/m/n on input line 90.
LaTeX Font Info:    Overwriting math alphabet `\mathtt' in version `normal'
(Font)                  OT1/cmtt/m/n --> TU/lmtt/m/n on input line 90.
LaTeX Font Info:    Overwriting symbol font `operators' in version `bold'
(Font)                  TU/lmr/m/n --> TU/lmr/b/n on input line 90.
LaTeX Font Info:    Overwriting math alphabet `\mathit' in version `bold'
(Font)                  OT1/cmr/bx/it --> TU/lmr/b/it on input line 90.
LaTeX Font Info:    Overwriting math alphabet `\mathsf' in version `bold'
(Font)                  OT1/cmss/bx/n --> TU/lmss/b/n on input line 90.
LaTeX Font Info:    Overwriting math alphabet `\mathtt' in version `bold'
(Font)                  OT1/cmtt/m/n --> TU/lmtt/b/n on input line 90.
LaTeX Font Info:    Font shape `TU/Georgia(0)/bx/n' in size <17.28> not availab
le
(Font)              Font shape `TU/Georgia(0)/b/n' tried instead on input line 
92.
LaTeX Font Info:    Trying to load font information for U+msa on input line 92.


(/usr/local/texlive/2025/texmf-dist/tex/latex/amsfonts/umsa.fd
File: umsa.fd 2013/01/14 v3.01 AMS symbols A
)
LaTeX Font Info:    Trying to load font information for U+msb on input line 92.


(/usr/local/texlive/2025/texmf-dist/tex/latex/amsfonts/umsb.fd
File: umsb.fd 2013/01/14 v3.01 AMS symbols B
)
LaTeX Font Info:    Trying to load font information for U+stmry on input line 9
2.

(/usr/local/texlive/2025/texmf-dist/tex/latex/stmaryrd/Ustmry.fd)

[1


]

[2

]
LaTeX Font Info:    Font shape `TU/Georgia(0)/bx/n' in size <24.88> not availab
le
(Font)              Font shape `TU/Georgia(0)/b/n' tried instead on input line 
92.

(/Users/aliasgar/Desktop/Ali Asgar/Stony Brook/Advanced Project/local/files/ass
embly/outputs/assembly_final.toc)
\tf@toc=\write5
\openout5 = `assembly_final.toc'.

LaTeX Font Info:    Font shape `TU/Georgia(0)/bx/n' in size <14.4> not availabl
e
(Font)              Font shape `TU/Georgia(0)/b/n' tried instead on input line 
99.

Overfull \hbox (3.26732pt too wide) in paragraph at lines 108--115
[]\TU/Georgia(0)/m/n/10 Iain Stewart © , Department of Computer Science, Durham
 University, Durham,[]
 []


Underfull \hbox (badness 10000) in paragraph at lines 108--115
[][]
 []



[3]
Overfull \hbox (2.37796pt too wide) in paragraph at lines 120--121
[][]\TU/Georgia(0)/m/n/10 More information about this series at [][][]http://ww
w.springer.com/series/7592[][][] []
 []


Overfull \hbox (6.75647pt too wide) in paragraph at lines 130--141
[]\TU/Georgia(0)/m/n/10 This work is subject to copyright. All rights are reser
ved by the Publisher, whether[]
 []



LaTeX Font Info:    Font shape `TU/Georgia(0)/m/sl' in size <10> not available
(Font)              Font shape `TU/Georgia(0)/m/it' tried instead on input line
 141.
[4]
Underfull \hbox (badness 10000) in paragraph at lines 158--159
[][]
 []



[5]

! LaTeX Error: Lonely \item--perhaps a missing list environment.

See the LaTeX manual or LaTeX Companion for explanation.
Type  H <return>  for immediate help.
 ...                                              
                                                  
l.161 \item k
             nowledge into the nature of computer systems, organization, and...

Try typing  <return>  to proceed.
If that doesn't work, type  X <return>  to quit.


Underfull \hbox (badness 10000) detected at line 161
[][]
 []


! LaTeX Error: Lonely \item--perhaps a missing list environment.

See the LaTeX manual or LaTeX Companion for explanation.
Type  H <return>  for immediate help.
 ...                                              
                                                  
l.162   \item H
               aving knowledge of low-level programming concepts helps one u...

Try typing  <return>  to proceed.
If that doesn't work, type  X <return>  to quit.


Underfull \hbox (badness 10000) detected at line 162
[][]
 []


! LaTeX Error: \begin{document} ended by \end{itemize}.

See the LaTeX manual or LaTeX Companion for explanation.
Type  H <return>  for immediate help.
 ...                                              
                                                  
l.163 \end{itemize}
                   
Your command was ignored.
Type  I <command> <return>  to replace it with another command,
or  <return>  to continue without it.

! Extra \endgroup.
\end  ...end#1\endcsname \@checkend {#1}\endgroup 
                                                  \UseHook {env/#1/after}\bi...
l.163 \end{itemize}
                   
Things are pretty mixed up, but I think the worst is over.


Overfull \hbox (5.98395pt too wide) in paragraph at lines 165--165
[][]\TU/Georgia(0)/b/n/14.4 Comparison to Computer Organization and[]
 []



[6]

[7]
Overfull \hbox (10.54402pt too wide) in paragraph at lines 200--201
[]\TU/Georgia(0)/m/n/10 guage, such as if-then, if-then-else, nested if structu
res, and the case (switch)[]
 []


Overfull \hbox (1.1433pt too wide) in paragraph at lines 205--206
[][]\TU/Georgia(0)/m/n/10 Chapter 9 discusses strings, string instructions, arr
ays of strings, and com-[]
 []



[8]

[9]

[10]

[11]

[12]
LaTeX Font Info:    Font shape `TU/Georgia(0)/bx/n' in size <12> not available
(Font)              Font shape `TU/Georgia(0)/b/n' tried instead on input line 
389.


[13]

! LaTeX Error: File `2025_03_24_ebe50cc223a6fbc49eecg-018' not found.

See the LaTeX manual or LaTeX Companion for explanation.
Type  H <return>  for immediate help.
 ...                                              
                                                  
l.397 ...th]{2025_03_24_ebe50cc223a6fbc49eecg-018}
                                                  
I could not locate the file with any of these extensions:
.pdf,.PDF,.ai,.AI,.png,.PNG,.jpg,.JPG,.jpeg,.JPEG,.jp2,.JP2,.jpf,.JPF,.bmp,.BMP
,.ps,.PS,.eps,.EPS,.mps,.MPS
Try typing  <return>  to proceed.
If that doesn't work, type  X <return>  to quit.


Overfull \hbox (1.98517pt too wide) in paragraph at lines 401--402
[]\TU/Georgia(0)/m/n/10 guage, but the one used in this text is MASM (Microsoft
 Assembler). The method[]
 []



[14]

Package xeCJK Warning: Unknown CJK family `\CJKttdefault' is being ignored.
(xeCJK)                
(xeCJK)                Try to use `\setCJKmonofont[<...>]{<...>}' to define
(xeCJK)                it.



[15]

[16]

[17]

[18]

[19]

! LaTeX Error: File `2025_03_24_ebe50cc223a6fbc49eecg-024(1)' not found.

See the LaTeX manual or LaTeX Companion for explanation.
Type  H <return>  for immediate help.
 ...                                              
                                                  
l.577 ...{2025_03_24_ebe50cc223a6fbc49eecg-024(1)}
                                                  
I could not locate the file with any of these extensions:
.pdf,.PDF,.ai,.AI,.png,.PNG,.jpg,.JPG,.jpeg,.JPEG,.jp2,.JP2,.jpf,.JPF,.bmp,.BMP
,.ps,.PS,.eps,.EPS,.mps,.MPS
Try typing  <return>  to proceed.
If that doesn't work, type  X <return>  to quit.


! LaTeX Error: File `2025_03_24_ebe50cc223a6fbc49eecg-024' not found.

See the LaTeX manual or LaTeX Companion for explanation.
Type  H <return>  for immediate help.
 ...                                              
                                                  
l.588 ...th]{2025_03_24_ebe50cc223a6fbc49eecg-024}
                                                  
I could not locate the file with any of these extensions:
.pdf,.PDF,.ai,.AI,.png,.PNG,.jpg,.JPG,.jpeg,.JPEG,.jp2,.JP2,.jpf,.JPF,.bmp,.BMP
,.ps,.PS,.eps,.EPS,.mps,.MPS
Try typing  <return>  to proceed.
If that doesn't work, type  X <return>  to quit.



[20]
Overfull \hbox (116.59676pt too wide) in paragraph at lines 601--630
 [][][] 
 []


Underfull \vbox (badness 10000) has occurred while \output is active []



[21]

! LaTeX Error: File `2025_03_24_ebe50cc223a6fbc49eecg-026' not found.

See the LaTeX manual or LaTeX Companion for explanation.
Type  H <return>  for immediate help.
 ...                                              
                                                  
l.649 ...er]{2025_03_24_ebe50cc223a6fbc49eecg-026}
                                                  
I could not locate the file with any of these extensions:
.pdf,.PDF,.ai,.AI,.png,.PNG,.jpg,.JPG,.jpeg,.JPEG,.jp2,.JP2,.jpf,.JPF,.bmp,.BMP
,.ps,.PS,.eps,.EPS,.mps,.MPS
Try typing  <return>  to proceed.
If that doesn't work, type  X <return>  to quit.



[22]

[23]

[24]

[25]

[26]
Overfull \hbox (1.48898pt too wide) in paragraph at lines 782--783
[][]\TU/Georgia(0)/m/n/10 Assuming that the variables have been declared proper
ly, indicate whether[]
 []



[27]

[28]

[29]

[30]

[31]

[32]

[33]

[34]

[35]
Overfull \hbox (2.3485pt too wide) in paragraph at lines 1108--1108
[][]\TU/Georgia(0)/b/n/12 Exercises (Items Marked with an * Have Solutions[]
 []



[36]

[37]

[38]

[39]

! LaTeX Error: File `2025_03_24_ebe50cc223a6fbc49eecg-046' not found.

See the LaTeX manual or LaTeX Companion for explanation.
Type  H <return>  for immediate help.
 ...                                              
                                                  
l.1307 ...h]{2025_03_24_ebe50cc223a6fbc49eecg-046}
                                                  
I could not locate the file with any of these extensions:
.pdf,.PDF,.ai,.AI,.png,.PNG,.jpg,.JPG,.jpeg,.JPEG,.jp2,.JP2,.jpf,.JPF,.bmp,.BMP
,.ps,.PS,.eps,.EPS,.mps,.MPS
Try typing  <return>  to proceed.
If that doesn't work, type  X <return>  to quit.



[40]

[41]

[42]

! LaTeX Error: File `2025_03_24_ebe50cc223a6fbc49eecg-049' not found.

See the LaTeX manual or LaTeX Companion for explanation.
Type  H <return>  for immediate help.
 ...                                              
                                                  
l.1403 ...h]{2025_03_24_ebe50cc223a6fbc49eecg-049}
                                                  
I could not locate the file with any of these extensions:
.pdf,.PDF,.ai,.AI,.png,.PNG,.jpg,.JPG,.jpeg,.JPEG,.jp2,.JP2,.jpf,.JPF,.bmp,.BMP
,.ps,.PS,.eps,.EPS,.mps,.MPS
Try typing  <return>  to proceed.
If that doesn't work, type  X <return>  to quit.



[43]
! Misplaced \noalign.
\hline ->\noalign 
                  {\ifnum 0=`}\fi \hrule \@height \arrayrulewidth \futurelet...
l.1459 \hline
             
I expect to see \noalign only after the \cr of
an alignment. Proceed, and I'll ignore this case.

! Misplaced alignment tab character &.
l.1460 cbw &
             Convert byte to word & Extends the sign from al to ax \\
I can't figure out why you would want to use a tab mark
here. If you just want an ampersand, the remedy is
simple: Just type `I\&' now. But if some right brace
up above has ended a previous alignment prematurely,
you're probably due for more error messages, and you
might try typing `S' now just to see what is salvageable.

! Misplaced alignment tab character &.
l.1460 cbw & Convert byte to word &
                                    Extends the sign from al to ax \\
I can't figure out why you would want to use a tab mark
here. If you just want an ampersand, the remedy is
simple: Just type `I\&' now. But if some right brace
up above has ended a previous alignment prematurely,
you're probably due for more error messages, and you
might try typing `S' now just to see what is salvageable.

! Misplaced \noalign.
\hline ->\noalign 
                  {\ifnum 0=`}\fi \hrule \@height \arrayrulewidth \futurelet...
l.1461 \hline
             
I expect to see \noalign only after the \cr of
an alignment. Proceed, and I'll ignore this case.


Underfull \hbox (badness 10000) in paragraph at lines 1460--1461
[][]
 []

! Misplaced alignment tab character &.
l.1462 cwd &
             Convert word to double & Extends sign from ax to eax \\
I can't figure out why you would want to use a tab mark
here. If you just want an ampersand, the remedy is
simple: Just type `I\&' now. But if some right brace
up above has ended a previous alignment prematurely,
you're probably due for more error messages, and you
might try typing `S' now just to see what is salvageable.

! Misplaced alignment tab character &.
l.1462 cwd & Convert word to double &
                                      Extends sign from ax to eax \\
I can't figure out why you would want to use a tab mark
here. If you just want an ampersand, the remedy is
simple: Just type `I\&' now. But if some right brace
up above has ended a previous alignment prematurely,
you're probably due for more error messages, and you
might try typing `S' now just to see what is salvageable.

! Misplaced \noalign.
\hline ->\noalign 
                  {\ifnum 0=`}\fi \hrule \@height \arrayrulewidth \futurelet...
l.1463 \hline
             
I expect to see \noalign only after the \cr of
an alignment. Proceed, and I'll ignore this case.


Underfull \hbox (badness 10000) in paragraph at lines 1462--1463
[][]
 []

! Misplaced alignment tab character &.
l.1464 cdq &
             Convert double to quad word & Extends sign from eax to edx : ea...
I can't figure out why you would want to use a tab mark
here. If you just want an ampersand, the remedy is
simple: Just type `I\&' now. But if some right brace
up above has ended a previous alignment prematurely,
you're probably due for more error messages, and you
might try typing `S' now just to see what is salvageable.

! Misplaced alignment tab character &.
l.1464 cdq & Convert double to quad word &
                                           Extends sign from eax to edx : ea...
I can't figure out why you would want to use a tab mark
here. If you just want an ampersand, the remedy is
simple: Just type `I\&' now. But if some right brace
up above has ended a previous alignment prematurely,
you're probably due for more error messages, and you
might try typing `S' now just to see what is salvageable.

! Misplaced \noalign.
\hline ->\noalign 
                  {\ifnum 0=`}\fi \hrule \@height \arrayrulewidth \futurelet...
l.1465 \hline
             
I expect to see \noalign only after the \cr of
an alignment. Proceed, and I'll ignore this case.


Underfull \hbox (badness 10000) in paragraph at lines 1464--1465
[][]
 []

! Misplaced \crcr.
\endtabular ->\crcr 
                    \egroup \if@RTLtab \egroup \endR \egroup \fi \egroup $\i...
l.1466 \end{tabular}
                    
I can't figure out why you would want to use a tab mark
or \cr or \span just now. If something like a right brace
up above has ended a previous alignment prematurely,
you're probably due for more error messages, and you
might try typing `S' now just to see what is salvageable.

! Too many }'s.
\endtabular ->\crcr \egroup 
                            \if@RTLtab \egroup \endR \egroup \fi \egroup $\i...
l.1466 \end{tabular}
                    
You've closed more groups than you opened.
Such booboos are generally harmless, so keep going.

! Too many }'s.
\endtabular ... \egroup \endR \egroup \fi \egroup 
                                                  $\if@RTLtab \endR \fi \egr...
l.1466 \end{tabular}
                    
You've closed more groups than you opened.
Such booboos are generally harmless, so keep going.

! Extra }, or forgotten $.
\endtabular ...roup $\if@RTLtab \endR \fi \egroup 
                                                  
l.1466 \end{tabular}
                    
I've deleted a group-closing symbol because it seems to be
spurious, as in `$x}$'. But perhaps the } is legitimate and
you forgot something else, as in `\hbox{$x}'. In such cases
the way to recover is to insert both the forgotten and the
deleted material, e.g., by typing `I$}'.


! LaTeX Error: \begin{document} ended by \end{tabular}.

See the LaTeX manual or LaTeX Companion for explanation.
Type  H <return>  for immediate help.
 ...                                              
                                                  
l.1466 \end{tabular}
                    
Your command was ignored.
Type  I <command> <return>  to replace it with another command,
or  <return>  to continue without it.

! Missing $ inserted.
<inserted text> 
                $
l.1466 \end{tabular}
                    
I've inserted something that you may have forgotten.
(See the <inserted text> above.)
With luck, this will get me unwedged. But if you
really didn't forget anything, try typing `2' now; then
my insertion and my current dilemma will both disappear.

! Extra \endgroup.
<recently read> \endgroup 
                          
l.1466 \end{tabular}
                    
Things are pretty mixed up, but I think the worst is over.


! LaTeX Error: \begin{document} ended by \end{center}.

See the LaTeX manual or LaTeX Companion for explanation.
Type  H <return>  for immediate help.
 ...                                              
                                                  
l.1467 \end{center}
                   
Your command was ignored.
Type  I <command> <return>  to replace it with another command,
or  <return>  to continue without it.

! Extra \endgroup.
\end  ...end#1\endcsname \@checkend {#1}\endgroup 
                                                  \UseHook {env/#1/after}\bi...
l.1467 \end{center}
                   
Things are pretty mixed up, but I think the worst is over.



[44]

! LaTeX Error: File `2025_03_24_ebe50cc223a6fbc49eecg-051' not found.

See the LaTeX manual or LaTeX Companion for explanation.
Type  H <return>  for immediate help.
 ...                                              
                                                  
l.1483 ...h]{2025_03_24_ebe50cc223a6fbc49eecg-051}
                                                  
I could not locate the file with any of these extensions:
.pdf,.PDF,.ai,.AI,.png,.PNG,.jpg,.JPG,.jpeg,.JPEG,.jp2,.JP2,.jpf,.JPF,.bmp,.BMP
,.ps,.PS,.eps,.EPS,.mps,.MPS
Try typing  <return>  to proceed.
If that doesn't work, type  X <return>  to quit.


! LaTeX Error: File `2025_03_24_ebe50cc223a6fbc49eecg-052' not found.

See the LaTeX manual or LaTeX Companion for explanation.
Type  H <return>  for immediate help.
 ...                                              
                                                  
l.1493 ...h]{2025_03_24_ebe50cc223a6fbc49eecg-052}
                                                  
I could not locate the file with any of these extensions:
.pdf,.PDF,.ai,.AI,.png,.PNG,.jpg,.JPG,.jpeg,.JPEG,.jp2,.JP2,.jpf,.JPF,.bmp,.BMP
,.ps,.PS,.eps,.EPS,.mps,.MPS
Try typing  <return>  to proceed.
If that doesn't work, type  X <return>  to quit.


Overfull \hbox (14.9735pt too wide) in paragraph at lines 1499--1499
[][]\TU/Georgia(0)/b/n/12 Implementing Unary Operators: Increment, Decre-[]
 []



[45]

[46]

! LaTeX Error: File `2025_03_24_ebe50cc223a6fbc49eecg-054' not found.

See the LaTeX manual or LaTeX Companion for explanation.
Type  H <return>  for immediate help.
 ...                                              
                                                  
l.1558 ...h]{2025_03_24_ebe50cc223a6fbc49eecg-054}
                                                  
I could not locate the file with any of these extensions:
.pdf,.PDF,.ai,.AI,.png,.PNG,.jpg,.JPG,.jpeg,.JPEG,.jp2,.JP2,.jpf,.JPF,.bmp,.BMP
,.ps,.PS,.eps,.EPS,.mps,.MPS
Try typing  <return>  to proceed.
If that doesn't work, type  X <return>  to quit.


Overfull \hbox (0.4164pt too wide) in paragraph at lines 1583--1584
[][]\TU/Georgia(0)/m/n/10 As shown before with increment and decrement, one cou
ld accomplish nega-[]
 []



[47]

[48]

[49]

[50]
Overfull \hbox (0.56429pt too wide) in paragraph at lines 1728--1728
[][]\TU/Georgia(0)/b/n/12 Complete Program: Implementing I/O and Arith-[]
 []



[51]

[52]
Overfull \hbox (0.18396pt too wide) in paragraph at lines 1788--1789
[][]\TU/Georgia(0)/m/n/10 Follow the order of operations when implementing arit
hmetic statements: []
 []


Overfull \hbox (2.3485pt too wide) in paragraph at lines 1798--1798
[][]\TU/Georgia(0)/b/n/12 Exercises (Items Marked with an * Have Solutions[]
 []



[53]

[54]
Overfull \hbox (0.169pt too wide) in paragraph at lines 1887--1888
[]\TU/Georgia(0)/m/n/10 high-level control structures, they cannot be used to c
ontrol the high-level struc-[]
 []



[55]
Overfull \hbox (4.16835pt too wide) in paragraph at lines 1910--1911
[]\TU/Georgia(0)/m/n/10 which indicates that these words are not actual executa
ble instructions but rather[]
 []



[56]
Overfull \hbox (101.60652pt too wide) in paragraph at lines 1936--1953
 [][][] 
 []



[57]
Overfull \hbox (82.63385pt too wide) in paragraph at lines 2019--2031
 [][][][] 
 []



[58]

[59]
Overfull \hbox (1.15703pt too wide) in paragraph at lines 2057--2058
[][]\TU/Georgia(0)/m/n/10 A few other remarks are necessary concerning the abov
e code segment. First,[]
 []



[60]
! Misplaced alignment tab character &.
l.2112 then03: &
                 \begin{tabular}{l}
I can't figure out why you would want to use a tab mark
here. If you just want an ampersand, the remedy is
simple: Just type `I\&' now. But if some right brace
up above has ended a previous alignment prematurely,
you're probably due for more error messages, and you
might try typing `S' now just to see what is salvageable.

! Misplaced \crcr.
\endtabular ->\crcr 
                    \egroup \if@RTLtab \egroup \endR \egroup \fi \egroup $\i...
l.2123 \end{tabular}
                    
I can't figure out why you would want to use a tab mark
or \cr or \span just now. If something like a right brace
up above has ended a previous alignment prematurely,
you're probably due for more error messages, and you
might try typing `S' now just to see what is salvageable.

! Too many }'s.
\endtabular ->\crcr \egroup 
                            \if@RTLtab \egroup \endR \egroup \fi \egroup $\i...
l.2123 \end{tabular}
                    
You've closed more groups than you opened.
Such booboos are generally harmless, so keep going.

! Too many }'s.
\endtabular ... \egroup \endR \egroup \fi \egroup 
                                                  $\if@RTLtab \endR \fi \egr...
l.2123 \end{tabular}
                    
You've closed more groups than you opened.
Such booboos are generally harmless, so keep going.

! Extra }, or forgotten $.
\endtabular ...roup $\if@RTLtab \endR \fi \egroup 
                                                  
l.2123 \end{tabular}
                    
I've deleted a group-closing symbol because it seems to be
spurious, as in `$x}$'. But perhaps the } is legitimate and
you forgot something else, as in `\hbox{$x}'. In such cases
the way to recover is to insert both the forgotten and the
deleted material, e.g., by typing `I$}'.


! LaTeX Error: \begin{document} ended by \end{tabular}.

See the LaTeX manual or LaTeX Companion for explanation.
Type  H <return>  for immediate help.
 ...                                              
                                                  
l.2123 \end{tabular}
                    
Your command was ignored.
Type  I <command> <return>  to replace it with another command,
or  <return>  to continue without it.

! Missing $ inserted.
<inserted text> 
                $
l.2123 \end{tabular}
                    
I've inserted something that you may have forgotten.
(See the <inserted text> above.)
With luck, this will get me unwedged. But if you
really didn't forget anything, try typing `2' now; then
my insertion and my current dilemma will both disappear.

! Extra \endgroup.
<recently read> \endgroup 
                          
l.2123 \end{tabular}
                    
Things are pretty mixed up, but I think the worst is over.


Underfull \hbox (badness 10000) in paragraph at lines 2112--2124
[][]
 []



[61]

! LaTeX Error: \begin{document} ended by \end{center}.

See the LaTeX manual or LaTeX Companion for explanation.
Type  H <return>  for immediate help.
 ...                                              
                                                  
l.2124 \end{center}
                   
Your command was ignored.
Type  I <command> <return>  to replace it with another command,
or  <return>  to continue without it.

! Extra \endgroup.
\end  ...end#1\endcsname \@checkend {#1}\endgroup 
                                                  \UseHook {env/#1/after}\bi...
l.2124 \end{center}
                   
Things are pretty mixed up, but I think the worst is over.


! LaTeX Error: File `2025_03_24_ebe50cc223a6fbc49eecg-071' not found.

See the LaTeX manual or LaTeX Companion for explanation.
Type  H <return>  for immediate help.
 ...                                              
                                                  
l.2155 ...h]{2025_03_24_ebe50cc223a6fbc49eecg-071}
                                                  
I could not locate the file with any of these extensions:
.pdf,.PDF,.ai,.AI,.png,.PNG,.jpg,.JPG,.jpeg,.JPEG,.jp2,.JP2,.jpf,.JPF,.bmp,.BMP
,.ps,.PS,.eps,.EPS,.mps,.MPS
Try typing  <return>  to proceed.
If that doesn't work, type  X <return>  to quit.



[62]
Overfull \hbox (1.9496pt too wide) in paragraph at lines 2176--2177
[][]\TU/Georgia(0)/m/n/10 Given the previous discussion of the nested if-then-e
lse-if structure, it should[]
 []



[63]

! LaTeX Error: File `2025_03_24_ebe50cc223a6fbc49eecg-072' not found.

See the LaTeX manual or LaTeX Companion for explanation.
Type  H <return>  for immediate help.
 ...                                              
                                                  
l.2197 ...h]{2025_03_24_ebe50cc223a6fbc49eecg-072}
                                                  
I could not locate the file with any of these extensions:
.pdf,.PDF,.ai,.AI,.png,.PNG,.jpg,.JPG,.jpeg,.JPEG,.jp2,.JP2,.jpf,.JPF,.bmp,.BMP
,.ps,.PS,.eps,.EPS,.mps,.MPS
Try typing  <return>  to proceed.
If that doesn't work, type  X <return>  to quit.


! LaTeX Error: File `2025_03_24_ebe50cc223a6fbc49eecg-073' not found.

See the LaTeX manual or LaTeX Companion for explanation.
Type  H <return>  for immediate help.
 ...                                              
                                                  
l.2210 ...h]{2025_03_24_ebe50cc223a6fbc49eecg-073}
                                                  
I could not locate the file with any of these extensions:
.pdf,.PDF,.ai,.AI,.png,.PNG,.jpg,.JPG,.jpeg,.JPEG,.jp2,.JP2,.jpf,.JPF,.bmp,.BMP
,.ps,.PS,.eps,.EPS,.mps,.MPS
Try typing  <return>  to proceed.
If that doesn't work, type  X <return>  to quit.



[64]

[65]
Overfull \hbox (26.5987pt too wide) in paragraph at lines 2265--2279
 [][][] 
 []



[66]

[67]

[68]

[69]

[70]

[71]

[72]
Overfull \hbox (76.42719pt too wide) in paragraph at lines 2492--2507
 [][][] 
 []



[73]
Overfull \hbox (18.34866pt too wide) in paragraph at lines 2546--2561
 [][][] 
 []



[74]

[75]
Overfull \hbox (0.81384pt too wide) in paragraph at lines 2629--2630
[][]\TU/Georgia(0)/m/n/10 Nested if-then-else-if structures are usually preferr
ed over if-then-if struc-[]
 []



[76]

[77]

[78]

[79]

[80]
Underfull \vbox (badness 1226) has occurred while \output is active []



[81]

[82]

[83]

[84]

[85]

[86]

[87]

[88]

[89]

[90]

[91]
Overfull \hbox (13.9481pt too wide) in paragraph at lines 3169--3169
[][]\TU/Georgia(0)/b/n/12 Complete Program: Implementing the Power Func-[]
 []



[92]

[93]

[94]
Overfull \hbox (2.3485pt too wide) in paragraph at lines 3275--3275
[][]\TU/Georgia(0)/b/n/12 Exercises (Items Marked with an * Have Solutions[]
 []



[95]

[96]

[97]
Overfull \hbox (3.95026pt too wide) in paragraph at lines 3392--3393
[]\TU/Georgia(0)/m/n/10 compare the contents of variables or registers but chec
k the individual bits within[]
 []



[98]
! Misplaced alignment tab character &.
l.3410 ...100 in binary, the above is a bit-wise &
                                                   operation between flag an...
I can't figure out why you would want to use a tab mark
here. If you just want an ampersand, the remedy is
simple: Just type `I\&' now. But if some right brace
up above has ended a previous alignment prematurely,
you're probably due for more error messages, and you
might try typing `S' now just to see what is salvageable.


Overfull \hbox (20.51764pt too wide) in paragraph at lines 3410--3411
[]\TU/Georgia(0)/m/n/10 but rather assuming that flag equals 01101110 in binary
 and maskit equals 00000100[]
 []

! Misplaced alignment tab character &.
l.3432 ...inary, then the result of the bit-wise &
                                                   operator would be 0000000...
I can't figure out why you would want to use a tab mark
here. If you just want an ampersand, the remedy is
simple: Just type `I\&' now. But if some right brace
up above has ended a previous alignment prematurely,
you're probably due for more error messages, and you
might try typing `S' now just to see what is salvageable.



[99]
LaTeX Font Info:    Font shape `TU/Georgia(0)/bx/n' in size <10> not available
(Font)              Font shape `TU/Georgia(0)/b/n' tried instead on input line 
3458.

Overfull \hbox (36.87701pt too wide) in paragraph at lines 3456--3467
 [][][][] 
 []



[100]

[101]

[102]

[103]

! LaTeX Error: File `2025\_03\_24\_ebe50cc223a6fbc49eecg-116' not found.

See the LaTeX manual or LaTeX Companion for explanation.
Type  H <return>  for immediate help.
 ...                                              
                                                  
l.3580 ...2025\_03\_24\_ebe50cc223a6fbc49eecg-116}
                                                  
I could not locate the file with any of these extensions:
.pdf,.PDF,.ai,.AI,.png,.PNG,.jpg,.JPG,.jpeg,.JPEG,.jp2,.JP2,.jpf,.JPF,.bmp,.BMP
,.ps,.PS,.eps,.EPS,.mps,.MPS
Try typing  <return>  to proceed.
If that doesn't work, type  X <return>  to quit.


! LaTeX Error: File `2025_03_24_ebe50cc223a6fbc49eecg-116(1)' not found.

See the LaTeX manual or LaTeX Companion for explanation.
Type  H <return>  for immediate help.
 ...                                              
                                                  
l.3594 ...2025_03_24_ebe50cc223a6fbc49eecg-116(1)}
                                                  
I could not locate the file with any of these extensions:
.pdf,.PDF,.ai,.AI,.png,.PNG,.jpg,.JPG,.jpeg,.JPEG,.jp2,.JP2,.jpf,.JPF,.bmp,.BMP
,.ps,.PS,.eps,.EPS,.mps,.MPS
Try typing  <return>  to proceed.
If that doesn't work, type  X <return>  to quit.


! LaTeX Error: File `2025_03_24_ebe50cc223a6fbc49eecg-117' not found.

See the LaTeX manual or LaTeX Companion for explanation.
Type  H <return>  for immediate help.
 ...                                              
                                                  
l.3600 ...r]{2025_03_24_ebe50cc223a6fbc49eecg-117}
                                                  
I could not locate the file with any of these extensions:
.pdf,.PDF,.ai,.AI,.png,.PNG,.jpg,.JPG,.jpeg,.JPEG,.jp2,.JP2,.jpf,.JPF,.bmp,.BMP
,.ps,.PS,.eps,.EPS,.mps,.MPS
Try typing  <return>  to proceed.
If that doesn't work, type  X <return>  to quit.



[104]

[105]

[106]

! LaTeX Error: File `2025_03_24_ebe50cc223a6fbc49eecg-120(1)' not found.

See the LaTeX manual or LaTeX Companion for explanation.
Type  H <return>  for immediate help.
 ...                                              
                                                  
l.3669 ...2025_03_24_ebe50cc223a6fbc49eecg-120(1)}
                                                  
I could not locate the file with any of these extensions:
.pdf,.PDF,.ai,.AI,.png,.PNG,.jpg,.JPG,.jpeg,.JPEG,.jp2,.JP2,.jpf,.JPF,.bmp,.BMP
,.ps,.PS,.eps,.EPS,.mps,.MPS
Try typing  <return>  to proceed.
If that doesn't work, type  X <return>  to quit.


! LaTeX Error: File `2025_03_24_ebe50cc223a6fbc49eecg-120' not found.

See the LaTeX manual or LaTeX Companion for explanation.
Type  H <return>  for immediate help.
 ...                                              
                                                  
l.3675 ...r]{2025_03_24_ebe50cc223a6fbc49eecg-120}
                                                  
I could not locate the file with any of these extensions:
.pdf,.PDF,.ai,.AI,.png,.PNG,.jpg,.JPG,.jpeg,.JPEG,.jp2,.JP2,.jpf,.JPF,.bmp,.BMP
,.ps,.PS,.eps,.EPS,.mps,.MPS
Try typing  <return>  to proceed.
If that doesn't work, type  X <return>  to quit.



[107]
Overfull \hbox (3.66998pt too wide) in paragraph at lines 3693--3694
[][]\TU/Georgia(0)/m/n/10 Assuming 32-bit words and using the sal instruction, 
it could be implemented[]
 []



[108]

[109]

! LaTeX Error: File `2025_03_24_ebe50cc223a6fbc49eecg-123' not found.

See the LaTeX manual or LaTeX Companion for explanation.
Type  H <return>  for immediate help.
 ...                                              
                                                  
l.3765 ...h]{2025_03_24_ebe50cc223a6fbc49eecg-123}
                                                  
I could not locate the file with any of these extensions:
.pdf,.PDF,.ai,.AI,.png,.PNG,.jpg,.JPG,.jpeg,.JPEG,.jp2,.JP2,.jpf,.JPF,.bmp,.BMP
,.ps,.PS,.eps,.EPS,.mps,.MPS
Try typing  <return>  to proceed.
If that doesn't work, type  X <return>  to quit.


! LaTeX Error: File `2025_03_24_ebe50cc223a6fbc49eecg-124' not found.

See the LaTeX manual or LaTeX Companion for explanation.
Type  H <return>  for immediate help.
 ...                                              
                                                  
l.3771 ...h]{2025_03_24_ebe50cc223a6fbc49eecg-124}
                                                  
I could not locate the file with any of these extensions:
.pdf,.PDF,.ai,.AI,.png,.PNG,.jpg,.JPG,.jpeg,.JPEG,.jp2,.JP2,.jpf,.JPF,.bmp,.BMP
,.ps,.PS,.eps,.EPS,.mps,.MPS
Try typing  <return>  to proceed.
If that doesn't work, type  X <return>  to quit.



[110]

[111]

[112]

! LaTeX Error: File `2025_03_24_ebe50cc223a6fbc49eecg-126' not found.

See the LaTeX manual or LaTeX Companion for explanation.
Type  H <return>  for immediate help.
 ...                                              
                                                  
l.3848 ...h]{2025_03_24_ebe50cc223a6fbc49eecg-126}
                                                  
I could not locate the file with any of these extensions:
.pdf,.PDF,.ai,.AI,.png,.PNG,.jpg,.JPG,.jpeg,.JPEG,.jp2,.JP2,.jpf,.JPF,.bmp,.BMP
,.ps,.PS,.eps,.EPS,.mps,.MPS
Try typing  <return>  to proceed.
If that doesn't work, type  X <return>  to quit.


Overfull \hbox (3.04771pt too wide) in paragraph at lines 3858--3858
[][]\TU/Georgia(0)/b/n/12 Swapping Using Registers, the Stack, and the xchg[]
 []


Overfull \hbox (9.39754pt too wide) in paragraph at lines 3859--3860
[]\TU/Georgia(0)/m/n/10 As another example of using the stack, assume that two 
values need to be swapped,[]
 []



[113]

[114]
Overfull \hbox (0.21295pt too wide) in paragraph at lines 3929--3930
[][]\TU/Georgia(0)/m/n/10 With respect to register usage when swapping to memor
y locations, the stack[]
 []


! LaTeX Error: File `2025_03_24_ebe50cc223a6fbc49eecg-130' not found.

See the LaTeX manual or LaTeX Companion for explanation.
Type  H <return>  for immediate help.
 ...                                              
                                                  
l.3936 ...r]{2025_03_24_ebe50cc223a6fbc49eecg-130}
                                                  
I could not locate the file with any of these extensions:
.pdf,.PDF,.ai,.AI,.png,.PNG,.jpg,.JPG,.jpeg,.JPEG,.jp2,.JP2,.jpf,.JPF,.bmp,.BMP
,.ps,.PS,.eps,.EPS,.mps,.MPS
Try typing  <return>  to proceed.
If that doesn't work, type  X <return>  to quit.


Overfull \hbox (42.18169pt too wide) in paragraph at lines 3945--3959
 [][][][] 
 []



[115]

! LaTeX Error: File `2025_03_24_ebe50cc223a6fbc49eecg-131' not found.

See the LaTeX manual or LaTeX Companion for explanation.
Type  H <return>  for immediate help.
 ...                                              
                                                  
l.3967 ...r]{2025_03_24_ebe50cc223a6fbc49eecg-131}
                                                  
I could not locate the file with any of these extensions:
.pdf,.PDF,.ai,.AI,.png,.PNG,.jpg,.JPG,.jpeg,.JPEG,.jp2,.JP2,.jpf,.JPF,.bmp,.BMP
,.ps,.PS,.eps,.EPS,.mps,.MPS
Try typing  <return>  to proceed.
If that doesn't work, type  X <return>  to quit.



[116]
Underfull \vbox (badness 10000) has occurred while \output is active []



[117]

[118]
Overfull \hbox (2.3485pt too wide) in paragraph at lines 4058--4058
[][]\TU/Georgia(0)/b/n/12 Exercises (Items Marked with an * Have Solutions[]
 []


Overfull \hbox (3.85635pt too wide) in paragraph at lines 4070--4075
[][]\TU/Georgia(0)/m/n/10 Given the following C arithmetic instructions, implem
ent them using arith-[]
 []



[119]
Underfull \vbox (badness 3312) has occurred while \output is active []



[120]

[121]

[122]

[123]
Overfull \hbox (13.9481pt too wide) in paragraph at lines 4218--4218
[][]\TU/Georgia(0)/b/n/12 Complete Program: Implementing the Power Func-[]
 []



[124]

[125]

[126]

[127]

[128]

[129]

[130]

! LaTeX Error: File `2025_03_24_ebe50cc223a6fbc49eecg-147' not found.

See the LaTeX manual or LaTeX Companion for explanation.
Type  H <return>  for immediate help.
 ...                                              
                                                  
l.4421 ...r]{2025_03_24_ebe50cc223a6fbc49eecg-147}
                                                  
I could not locate the file with any of these extensions:
.pdf,.PDF,.ai,.AI,.png,.PNG,.jpg,.JPG,.jpeg,.JPEG,.jp2,.JP2,.jpf,.JPF,.bmp,.BMP
,.ps,.PS,.eps,.EPS,.mps,.MPS
Try typing  <return>  to proceed.
If that doesn't work, type  X <return>  to quit.


Overfull \hbox (0.3627pt too wide) in paragraph at lines 4437--4438
[]\TU/Georgia(0)/m/n/10 more paper when printing out the listing of the program
, the possibility of avoid-[]
 []



[131]

[132]

[133]

[134]

[135]

! LaTeX Error: File `2025_03_24_ebe50cc223a6fbc49eecg-153' not found.

See the LaTeX manual or LaTeX Companion for explanation.
Type  H <return>  for immediate help.
 ...                                              
                                                  
l.4586 ...r]{2025_03_24_ebe50cc223a6fbc49eecg-153}
                                                  
I could not locate the file with any of these extensions:
.pdf,.PDF,.ai,.AI,.png,.PNG,.jpg,.JPG,.jpeg,.JPEG,.jp2,.JP2,.jpf,.JPF,.bmp,.BMP
,.ps,.PS,.eps,.EPS,.mps,.MPS
Try typing  <return>  to proceed.
If that doesn't work, type  X <return>  to quit.


Overfull \hbox (2.63026pt too wide) in paragraph at lines 4589--4590
[][]\TU/Georgia(0)/m/n/10 The above code segment does save a little memory unde
r some circumstances[]
 []



[136]

[137]

[138]

[139]
Overfull \hbox (0.10826pt too wide) in paragraph at lines 4745--4745
[][]\TU/Georgia(0)/b/n/12 Power Function Macro Using Conditional Assem-[]
 []



[140]

[141]

[142]
Overfull \hbox (67.7725pt too wide) in paragraph at lines 4843--4857
 [][][] 
 []



[143]
Overfull \hbox (20.07272pt too wide) in paragraph at lines 4883--4894
 [][][] 
 []



[144]

[145]

[146]

[147]

[148]

[149]
Overfull \hbox (2.3485pt too wide) in paragraph at lines 5078--5078
[][]\TU/Georgia(0)/b/n/12 Exercises (Items Marked with an * Have Solutions[]
 []



[150]
Overfull \hbox (1.54921pt too wide) in paragraph at lines 5130--5131
[]\TU/Georgia(0)/m/n/10 specific situations, trying to address memory locations
 by another variable name[]
 []



[151]

[152]
Overfull \hbox (1.48248pt too wide) in paragraph at lines 5191--5192
[]\TU/Georgia(0)/m/n/10 example, assume that the last element of the previously
 declared numary needed[]
 []


! LaTeX Error: File `2025_03_24_ebe50cc223a6fbc49eecg-174' not found.

See the LaTeX manual or LaTeX Companion for explanation.
Type  H <return>  for immediate help.
 ...                                              
                                                  
l.5202 ...r]{2025_03_24_ebe50cc223a6fbc49eecg-174}
                                                  
I could not locate the file with any of these extensions:
.pdf,.PDF,.ai,.AI,.png,.PNG,.jpg,.JPG,.jpeg,.JPEG,.jp2,.JP2,.jpf,.JPF,.bmp,.BMP
,.ps,.PS,.eps,.EPS,.mps,.MPS
Try typing  <return>  to proceed.
If that doesn't work, type  X <return>  to quit.



[153]

[154]

! LaTeX Error: File `2025_03_24_ebe50cc223a6fbc49eecg-175' not found.

See the LaTeX manual or LaTeX Companion for explanation.
Type  H <return>  for immediate help.
 ...                                              
                                                  
l.5249 ...h]{2025_03_24_ebe50cc223a6fbc49eecg-175}
                                                  
I could not locate the file with any of these extensions:
.pdf,.PDF,.ai,.AI,.png,.PNG,.jpg,.JPG,.jpeg,.JPEG,.jp2,.JP2,.jpf,.JPF,.bmp,.BMP
,.ps,.PS,.eps,.EPS,.mps,.MPS
Try typing  <return>  to proceed.
If that doesn't work, type  X <return>  to quit.



[155]

[156]

[157]

[158]

! LaTeX Error: File `2025_03_24_ebe50cc223a6fbc49eecg-180' not found.

See the LaTeX manual or LaTeX Companion for explanation.
Type  H <return>  for immediate help.
 ...                                              
                                                  
l.5404 ...h]{2025_03_24_ebe50cc223a6fbc49eecg-180}
                                                  
I could not locate the file with any of these extensions:
.pdf,.PDF,.ai,.AI,.png,.PNG,.jpg,.JPG,.jpeg,.JPEG,.jp2,.JP2,.jpf,.JPF,.bmp,.BMP
,.ps,.PS,.eps,.EPS,.mps,.MPS
Try typing  <return>  to proceed.
If that doesn't work, type  X <return>  to quit.


! LaTeX Error: File `2025_03_24_ebe50cc223a6fbc49eecg-181' not found.

See the LaTeX manual or LaTeX Companion for explanation.
Type  H <return>  for immediate help.
 ...                                              
                                                  
l.5410 ...h]{2025_03_24_ebe50cc223a6fbc49eecg-181}
                                                  
I could not locate the file with any of these extensions:
.pdf,.PDF,.ai,.AI,.png,.PNG,.jpg,.JPG,.jpeg,.JPEG,.jp2,.JP2,.jpf,.JPF,.bmp,.BMP
,.ps,.PS,.eps,.EPS,.mps,.MPS
Try typing  <return>  to proceed.
If that doesn't work, type  X <return>  to quit.



[159]

[160]

! LaTeX Error: File `2025_03_24_ebe50cc223a6fbc49eecg-183' not found.

See the LaTeX manual or LaTeX Companion for explanation.
Type  H <return>  for immediate help.
 ...                                              
                                                  
l.5452 ...r]{2025_03_24_ebe50cc223a6fbc49eecg-183}
                                                  
I could not locate the file with any of these extensions:
.pdf,.PDF,.ai,.AI,.png,.PNG,.jpg,.JPG,.jpeg,.JPEG,.jp2,.JP2,.jpf,.JPF,.bmp,.BMP
,.ps,.PS,.eps,.EPS,.mps,.MPS
Try typing  <return>  to proceed.
If that doesn't work, type  X <return>  to quit.



[161]

[162]

! LaTeX Error: File `2025_03_24_ebe50cc223a6fbc49eecg-184' not found.

See the LaTeX manual or LaTeX Companion for explanation.
Type  H <return>  for immediate help.
 ...                                              
                                                  
l.5508 ...r]{2025_03_24_ebe50cc223a6fbc49eecg-184}
                                                  
I could not locate the file with any of these extensions:
.pdf,.PDF,.ai,.AI,.png,.PNG,.jpg,.JPG,.jpeg,.JPEG,.jp2,.JP2,.jpf,.JPF,.bmp,.BMP
,.ps,.PS,.eps,.EPS,.mps,.MPS
Try typing  <return>  to proceed.
If that doesn't work, type  X <return>  to quit.



[163]

[164]

[165]

[166]

[167]

[168]

[169]

[170]

[171]

[172]

[173]

! LaTeX Error: File `2025_03_24_ebe50cc223a6fbc49eecg-193' not found.

See the LaTeX manual or LaTeX Companion for explanation.
Type  H <return>  for immediate help.
 ...                                              
                                                  
l.5916 ...h]{2025_03_24_ebe50cc223a6fbc49eecg-193}
                                                  
I could not locate the file with any of these extensions:
.pdf,.PDF,.ai,.AI,.png,.PNG,.jpg,.JPG,.jpeg,.JPEG,.jp2,.JP2,.jpf,.JPF,.bmp,.BMP
,.ps,.PS,.eps,.EPS,.mps,.MPS
Try typing  <return>  to proceed.
If that doesn't work, type  X <return>  to quit.


! LaTeX Error: File `2025_03_24_ebe50cc223a6fbc49eecg-194' not found.

See the LaTeX manual or LaTeX Companion for explanation.
Type  H <return>  for immediate help.
 ...                                              
                                                  
l.5922 ...h]{2025_03_24_ebe50cc223a6fbc49eecg-194}
                                                  
I could not locate the file with any of these extensions:
.pdf,.PDF,.ai,.AI,.png,.PNG,.jpg,.JPG,.jpeg,.JPEG,.jp2,.JP2,.jpf,.JPF,.bmp,.BMP
,.ps,.PS,.eps,.EPS,.mps,.MPS
Try typing  <return>  to proceed.
If that doesn't work, type  X <return>  to quit.



[174]

[175]

[176]
Overfull \hbox (0.8526pt too wide) in paragraph at lines 6042--6043
[][]\TU/Georgia(0)/m/n/10 The lengthof operator returns how many elements are i
n an array, whereas[]
 []


Overfull \hbox (2.3485pt too wide) in paragraph at lines 6045--6045
[][]\TU/Georgia(0)/b/n/12 Exercises (Items Marked with an * Have Solutions[]
 []



[177]
Underfull \hbox (badness 10000) in paragraph at lines 6100--6106
[][]
 []



[178]

[179]

! LaTeX Error: File `2025_03_24_ebe50cc223a6fbc49eecg-201' not found.

See the LaTeX manual or LaTeX Companion for explanation.
Type  H <return>  for immediate help.
 ...                                              
                                                  
l.6161 ...h]{2025_03_24_ebe50cc223a6fbc49eecg-201}
                                                  
I could not locate the file with any of these extensions:
.pdf,.PDF,.ai,.AI,.png,.PNG,.jpg,.JPG,.jpeg,.JPEG,.jp2,.JP2,.jpf,.JPF,.bmp,.BMP
,.ps,.PS,.eps,.EPS,.mps,.MPS
Try typing  <return>  to proceed.
If that doesn't work, type  X <return>  to quit.



[180]

[181]

[182]

[183]
Overfull \hbox (30.9442pt too wide) in paragraph at lines 6301--6301
[][]\TU/Georgia(0)/b/n/12 String Instructions: Scanning (scasb), Storing (stosb
),[]
 []


! LaTeX Error: File `2025_03_24_ebe50cc223a6fbc49eecg-206' not found.

See the LaTeX manual or LaTeX Companion for explanation.
Type  H <return>  for immediate help.
 ...                                              
                                                  
l.6316 ...h]{2025_03_24_ebe50cc223a6fbc49eecg-206}
                                                  
I could not locate the file with any of these extensions:
.pdf,.PDF,.ai,.AI,.png,.PNG,.jpg,.JPG,.jpeg,.JPEG,.jp2,.JP2,.jpf,.JPF,.bmp,.BMP
,.ps,.PS,.eps,.EPS,.mps,.MPS
Try typing  <return>  to proceed.
If that doesn't work, type  X <return>  to quit.



[184]

[185]
Overfull \hbox (5.2591pt too wide) in paragraph at lines 6383--6388
 [][][][] 
 []



[186]
Overfull \hbox (1.03674pt too wide) in paragraph at lines 6449--6450
[][]\TU/Georgia(0)/m/n/10 First, upon completion of the segment, ecx would be 0
. Assuming that name1[]
 []



[187]

! LaTeX Error: File `2025_03_24_ebe50cc223a6fbc49eecg-210' not found.

See the LaTeX manual or LaTeX Companion for explanation.
Type  H <return>  for immediate help.
 ...                                              
                                                  
l.6457 ...h]{2025_03_24_ebe50cc223a6fbc49eecg-210}
                                                  
I could not locate the file with any of these extensions:
.pdf,.PDF,.ai,.AI,.png,.PNG,.jpg,.JPG,.jpeg,.JPEG,.jp2,.JP2,.jpf,.JPF,.bmp,.BMP
,.ps,.PS,.eps,.EPS,.mps,.MPS
Try typing  <return>  to proceed.
If that doesn't work, type  X <return>  to quit.


! LaTeX Error: File `2025_03_24_ebe50cc223a6fbc49eecg-211' not found.

See the LaTeX manual or LaTeX Companion for explanation.
Type  H <return>  for immediate help.
 ...                                              
                                                  
l.6481 ...h]{2025_03_24_ebe50cc223a6fbc49eecg-211}
                                                  
I could not locate the file with any of these extensions:
.pdf,.PDF,.ai,.AI,.png,.PNG,.jpg,.JPG,.jpeg,.JPEG,.jp2,.JP2,.jpf,.JPF,.bmp,.BMP
,.ps,.PS,.eps,.EPS,.mps,.MPS
Try typing  <return>  to proceed.
If that doesn't work, type  X <return>  to quit.


! LaTeX Error: File `2025_03_24_ebe50cc223a6fbc49eecg-211(1)' not found.

See the LaTeX manual or LaTeX Companion for explanation.
Type  H <return>  for immediate help.
 ...                                              
                                                  
l.6499 ...2025_03_24_ebe50cc223a6fbc49eecg-211(1)}
                                                  
I could not locate the file with any of these extensions:
.pdf,.PDF,.ai,.AI,.png,.PNG,.jpg,.JPG,.jpeg,.JPEG,.jp2,.JP2,.jpf,.JPF,.bmp,.BMP
,.ps,.PS,.eps,.EPS,.mps,.MPS
Try typing  <return>  to proceed.
If that doesn't work, type  X <return>  to quit.



[188]

! LaTeX Error: File `2025_03_24_ebe50cc223a6fbc49eecg-212' not found.

See the LaTeX manual or LaTeX Companion for explanation.
Type  H <return>  for immediate help.
 ...                                              
                                                  
l.6517 ...h]{2025_03_24_ebe50cc223a6fbc49eecg-212}
                                                  
I could not locate the file with any of these extensions:
.pdf,.PDF,.ai,.AI,.png,.PNG,.jpg,.JPG,.jpeg,.JPEG,.jp2,.JP2,.jpf,.JPF,.bmp,.BMP
,.ps,.PS,.eps,.EPS,.mps,.MPS
Try typing  <return>  to proceed.
If that doesn't work, type  X <return>  to quit.



[189]

[190]

! LaTeX Error: File `2025_03_24_ebe50cc223a6fbc49eecg-214' not found.

See the LaTeX manual or LaTeX Companion for explanation.
Type  H <return>  for immediate help.
 ...                                              
                                                  
l.6583 ...h]{2025_03_24_ebe50cc223a6fbc49eecg-214}
                                                  
I could not locate the file with any of these extensions:
.pdf,.PDF,.ai,.AI,.png,.PNG,.jpg,.JPG,.jpeg,.JPEG,.jp2,.JP2,.jpf,.JPF,.bmp,.BMP
,.ps,.PS,.eps,.EPS,.mps,.MPS
Try typing  <return>  to proceed.
If that doesn't work, type  X <return>  to quit.



[191]
Overfull \hbox (2.99498pt too wide) in paragraph at lines 6616--6616
[][]\TU/Georgia(0)/b/n/12 Complete Program: Searching an Array of Strings []
 []



[192]

[193]
Overfull \hbox (2.3485pt too wide) in paragraph at lines 6693--6693
[][]\TU/Georgia(0)/b/n/12 Exercises (Items Marked with an * Have Solutions[]
 []



[194]
Overfull \hbox (11.20741pt too wide) in paragraph at lines 6729--6730
[][]\TU/Georgia(0)/m/n/10 Using the esi and edi registers and a.repeat-untilcxz
 loop, determine whether[]
 []



[195]

! LaTeX Error: File `2025_03_24_ebe50cc223a6fbc49eecg-221' not found.

See the LaTeX manual or LaTeX Companion for explanation.
Type  H <return>  for immediate help.
 ...                                              
                                                  
l.6751 ...h]{2025_03_24_ebe50cc223a6fbc49eecg-221}
                                                  
I could not locate the file with any of these extensions:
.pdf,.PDF,.ai,.AI,.png,.PNG,.jpg,.JPG,.jpeg,.JPEG,.jp2,.JP2,.jpf,.JPF,.bmp,.BMP
,.ps,.PS,.eps,.EPS,.mps,.MPS
Try typing  <return>  to proceed.
If that doesn't work, type  X <return>  to quit.


Overfull \hbox (1.7174pt too wide) in paragraph at lines 6766--6770
[]\TU/Georgia(0)/m/n/10 floating-point data begin with the letter f. Initially,
 this may seem a little strange,[]
 []


! LaTeX Error: File `2025_03_24_ebe50cc223a6fbc49eecg-222' not found.

See the LaTeX manual or LaTeX Companion for explanation.
Type  H <return>  for immediate help.
 ...                                              
                                                  
l.6779 ...r]{2025_03_24_ebe50cc223a6fbc49eecg-222}
                                                  
I could not locate the file with any of these extensions:
.pdf,.PDF,.ai,.AI,.png,.PNG,.jpg,.JPG,.jpeg,.JPEG,.jp2,.JP2,.jpf,.JPF,.bmp,.BMP
,.ps,.PS,.eps,.EPS,.mps,.MPS
Try typing  <return>  to proceed.
If that doesn't work, type  X <return>  to quit.



[196]

! LaTeX Error: File `2025_03_24_ebe50cc223a6fbc49eecg-222(1)' not found.

See the LaTeX manual or LaTeX Companion for explanation.
Type  H <return>  for immediate help.
 ...                                              
                                                  
l.6792 ...2025_03_24_ebe50cc223a6fbc49eecg-222(1)}
                                                  
I could not locate the file with any of these extensions:
.pdf,.PDF,.ai,.AI,.png,.PNG,.jpg,.JPG,.jpeg,.JPEG,.jp2,.JP2,.jpf,.JPF,.bmp,.BMP
,.ps,.PS,.eps,.EPS,.mps,.MPS
Try typing  <return>  to proceed.
If that doesn't work, type  X <return>  to quit.


! LaTeX Error: File `2025_03_24_ebe50cc223a6fbc49eecg-223' not found.

See the LaTeX manual or LaTeX Companion for explanation.
Type  H <return>  for immediate help.
 ...                                              
                                                  
l.6808 ...r]{2025_03_24_ebe50cc223a6fbc49eecg-223}
                                                  
I could not locate the file with any of these extensions:
.pdf,.PDF,.ai,.AI,.png,.PNG,.jpg,.JPG,.jpeg,.JPEG,.jp2,.JP2,.jpf,.JPF,.bmp,.BMP
,.ps,.PS,.eps,.EPS,.mps,.MPS
Try typing  <return>  to proceed.
If that doesn't work, type  X <return>  to quit.


! LaTeX Error: File `2025_03_24_ebe50cc223a6fbc49eecg-224(1)' not found.

See the LaTeX manual or LaTeX Companion for explanation.
Type  H <return>  for immediate help.
 ...                                              
                                                  
l.6823 ...2025_03_24_ebe50cc223a6fbc49eecg-224(1)}
                                                  
I could not locate the file with any of these extensions:
.pdf,.PDF,.ai,.AI,.png,.PNG,.jpg,.JPG,.jpeg,.JPEG,.jp2,.JP2,.jpf,.JPF,.bmp,.BMP
,.ps,.PS,.eps,.EPS,.mps,.MPS
Try typing  <return>  to proceed.
If that doesn't work, type  X <return>  to quit.


! LaTeX Error: File `2025_03_24_ebe50cc223a6fbc49eecg-224' not found.

See the LaTeX manual or LaTeX Companion for explanation.
Type  H <return>  for immediate help.
 ...                                              
                                                  
l.6832 ...r]{2025_03_24_ebe50cc223a6fbc49eecg-224}
                                                  
I could not locate the file with any of these extensions:
.pdf,.PDF,.ai,.AI,.png,.PNG,.jpg,.JPG,.jpeg,.JPEG,.jp2,.JP2,.jpf,.JPF,.bmp,.BMP
,.ps,.PS,.eps,.EPS,.mps,.MPS
Try typing  <return>  to proceed.
If that doesn't work, type  X <return>  to quit.



[197]

[198]

[199]

! LaTeX Error: File `2025_03_24_ebe50cc223a6fbc49eecg-227(1)' not found.

See the LaTeX manual or LaTeX Companion for explanation.
Type  H <return>  for immediate help.
 ...                                              
                                                  
l.6937 ...2025_03_24_ebe50cc223a6fbc49eecg-227(1)}
                                                  
I could not locate the file with any of these extensions:
.pdf,.PDF,.ai,.AI,.png,.PNG,.jpg,.JPG,.jpeg,.JPEG,.jp2,.JP2,.jpf,.JPF,.bmp,.BMP
,.ps,.PS,.eps,.EPS,.mps,.MPS
Try typing  <return>  to proceed.
If that doesn't work, type  X <return>  to quit.


! LaTeX Error: File `2025_03_24_ebe50cc223a6fbc49eecg-227' not found.

See the LaTeX manual or LaTeX Companion for explanation.
Type  H <return>  for immediate help.
 ...                                              
                                                  
l.6944 ...h]{2025_03_24_ebe50cc223a6fbc49eecg-227}
                                                  
I could not locate the file with any of these extensions:
.pdf,.PDF,.ai,.AI,.png,.PNG,.jpg,.JPG,.jpeg,.JPEG,.jp2,.JP2,.jpf,.JPF,.bmp,.BMP
,.ps,.PS,.eps,.EPS,.mps,.MPS
Try typing  <return>  to proceed.
If that doesn't work, type  X <return>  to quit.


! LaTeX Error: File `2025_03_24_ebe50cc223a6fbc49eecg-228(1)' not found.

See the LaTeX manual or LaTeX Companion for explanation.
Type  H <return>  for immediate help.
 ...                                              
                                                  
l.6953 ...2025_03_24_ebe50cc223a6fbc49eecg-228(1)}
                                                  
I could not locate the file with any of these extensions:
.pdf,.PDF,.ai,.AI,.png,.PNG,.jpg,.JPG,.jpeg,.JPEG,.jp2,.JP2,.jpf,.JPF,.bmp,.BMP
,.ps,.PS,.eps,.EPS,.mps,.MPS
Try typing  <return>  to proceed.
If that doesn't work, type  X <return>  to quit.


! LaTeX Error: File `2025_03_24_ebe50cc223a6fbc49eecg-228' not found.

See the LaTeX manual or LaTeX Companion for explanation.
Type  H <return>  for immediate help.
 ...                                              
                                                  
l.6960 ...h]{2025_03_24_ebe50cc223a6fbc49eecg-228}
                                                  
I could not locate the file with any of these extensions:
.pdf,.PDF,.ai,.AI,.png,.PNG,.jpg,.JPG,.jpeg,.JPEG,.jp2,.JP2,.jpf,.JPF,.bmp,.BMP
,.ps,.PS,.eps,.EPS,.mps,.MPS
Try typing  <return>  to proceed.
If that doesn't work, type  X <return>  to quit.


! LaTeX Error: File `2025_03_24_ebe50cc223a6fbc49eecg-229' not found.

See the LaTeX manual or LaTeX Companion for explanation.
Type  H <return>  for immediate help.
 ...                                              
                                                  
l.6966 ...h]{2025_03_24_ebe50cc223a6fbc49eecg-229}
                                                  
I could not locate the file with any of these extensions:
.pdf,.PDF,.ai,.AI,.png,.PNG,.jpg,.JPG,.jpeg,.JPEG,.jp2,.JP2,.jpf,.JPF,.bmp,.BMP
,.ps,.PS,.eps,.EPS,.mps,.MPS
Try typing  <return>  to proceed.
If that doesn't work, type  X <return>  to quit.



[200]

[201]

[202]

[203]

[204]

[205]

[206]

[207]

[208]

! LaTeX Error: File `2025_03_24_ebe50cc223a6fbc49eecg-238' not found.

See the LaTeX manual or LaTeX Companion for explanation.
Type  H <return>  for immediate help.
 ...                                              
                                                  
l.7307 ...r]{2025_03_24_ebe50cc223a6fbc49eecg-238}
                                                  
I could not locate the file with any of these extensions:
.pdf,.PDF,.ai,.AI,.png,.PNG,.jpg,.JPG,.jpeg,.JPEG,.jp2,.JP2,.jpf,.JPF,.bmp,.BMP
,.ps,.PS,.eps,.EPS,.mps,.MPS
Try typing  <return>  to proceed.
If that doesn't work, type  X <return>  to quit.



[209]

[210]

[211]

[212]

[213]

[214]
Underfull \vbox (badness 3009) has occurred while \output is active []



[215]
Overfull \hbox (9.72794pt too wide) in paragraph at lines 7580--7581
[][]\TU/Georgia(0)/m/n/10 Just like with integers, use an & prior to the variab
le when inputting floating-[]
 []



[216]
Overfull \hbox (0.30821pt too wide) in paragraph at lines 7638--7639
[][]\TU/Georgia(0)/m/n/10 Change the complete program in Sect. 10.9 to implemen
t a do-while struc-[]
 []



[217]
Overfull \hbox (91.88911pt too wide) in paragraph at lines 7655--7671
 [][][][] 
 []


! LaTeX Error: File `2025\_03\_24\_ebe50cc223a6fbc49eecg-249' not found.

See the LaTeX manual or LaTeX Companion for explanation.
Type  H <return>  for immediate help.
 ...                                              
                                                  
l.7677 ...2025\_03\_24\_ebe50cc223a6fbc49eecg-249}
                                                  
I could not locate the file with any of these extensions:
.pdf,.PDF,.ai,.AI,.png,.PNG,.jpg,.JPG,.jpeg,.JPEG,.jp2,.JP2,.jpf,.JPF,.bmp,.BMP
,.ps,.PS,.eps,.EPS,.mps,.MPS
Try typing  <return>  to proceed.
If that doesn't work, type  X <return>  to quit.



[218]

[219]

[220]
Overfull \hbox (147.07385pt too wide) in paragraph at lines 7788--7807
 [][][][] 
 []


Overfull \hbox (3.89806pt too wide) in paragraph at lines 7809--7810
[]\TU/Georgia(0)/m/n/10 there are also eight new numbered 64-bit registers avai
lable. They are $\OML/cmm/m/it/10 r\OT1/cmr/m/n/10 8$ \TU/Georgia(0)/m/n/10 thr
ough[]
 []



[221]
Overfull \hbox (2.23607pt too wide) in paragraph at lines 7830--7831
[][]\TU/Georgia(0)/m/n/10 In the program itself, note that the following statem
ents are no longer needed[]
 []



[222]

[223]
! Undefined control sequence.
l.7908 ... and their formatting along with the "\n
                                                  \n" to a second printf sta...
The control sequence at the end of the top line
of your error message was never \def'ed. If you have
misspelled it (e.g., `\hobx'), type `I' and the correct
spelling (e.g., `I\hbox'). Otherwise just continue,
and I'll forget about whatever was undefined.

! Undefined control sequence.
l.7908 ...nd their formatting along with the "\n\n
                                                  " to a second printf state...
The control sequence at the end of the top line
of your error message was never \def'ed. If you have
misspelled it (e.g., `\hobx'), type `I' and the correct
spelling (e.g., `I\hbox'). Otherwise just continue,
and I'll forget about whatever was undefined.



[224]

[225]

[226]

! LaTeX Error: File `2025_03_24_ebe50cc223a6fbc49eecg-259' not found.

See the LaTeX manual or LaTeX Companion for explanation.
Type  H <return>  for immediate help.
 ...                                              
                                                  
l.8033 ...r]{2025_03_24_ebe50cc223a6fbc49eecg-259}
                                                  
I could not locate the file with any of these extensions:
.pdf,.PDF,.ai,.AI,.png,.PNG,.jpg,.JPG,.jpeg,.JPEG,.jp2,.JP2,.jpf,.JPF,.bmp,.BMP
,.ps,.PS,.eps,.EPS,.mps,.MPS
Try typing  <return>  to proceed.
If that doesn't work, type  X <return>  to quit.



[227]

! LaTeX Error: File `2025_03_24_ebe50cc223a6fbc49eecg-259(1)' not found.

See the LaTeX manual or LaTeX Companion for explanation.
Type  H <return>  for immediate help.
 ...                                              
                                                  
l.8054 ...2025_03_24_ebe50cc223a6fbc49eecg-259(1)}
                                                  
I could not locate the file with any of these extensions:
.pdf,.PDF,.ai,.AI,.png,.PNG,.jpg,.JPG,.jpeg,.JPEG,.jp2,.JP2,.jpf,.JPF,.bmp,.BMP
,.ps,.PS,.eps,.EPS,.mps,.MPS
Try typing  <return>  to proceed.
If that doesn't work, type  X <return>  to quit.


! LaTeX Error: File `2025_03_24_ebe50cc223a6fbc49eecg-260(1)' not found.

See the LaTeX manual or LaTeX Companion for explanation.
Type  H <return>  for immediate help.
 ...                                              
                                                  
l.8094 ...2025_03_24_ebe50cc223a6fbc49eecg-260(1)}
                                                  
I could not locate the file with any of these extensions:
.pdf,.PDF,.ai,.AI,.png,.PNG,.jpg,.JPG,.jpeg,.JPEG,.jp2,.JP2,.jpf,.JPF,.bmp,.BMP
,.ps,.PS,.eps,.EPS,.mps,.MPS
Try typing  <return>  to proceed.
If that doesn't work, type  X <return>  to quit.


LaTeX Warning: `h' float specifier changed to `ht'.



[228]

! LaTeX Error: File `2025_03_24_ebe50cc223a6fbc49eecg-260' not found.

See the LaTeX manual or LaTeX Companion for explanation.
Type  H <return>  for immediate help.
 ...                                              
                                                  
l.8104 ...r]{2025_03_24_ebe50cc223a6fbc49eecg-260}
                                                  
I could not locate the file with any of these extensions:
.pdf,.PDF,.ai,.AI,.png,.PNG,.jpg,.JPG,.jpeg,.JPEG,.jp2,.JP2,.jpf,.JPF,.bmp,.BMP
,.ps,.PS,.eps,.EPS,.mps,.MPS
Try typing  <return>  to proceed.
If that doesn't work, type  X <return>  to quit.



[229]

[230]

[231]

[232]

[233]

[234]

[235]

[236]

[237]

[238]

[239]
Overfull \hbox (14.0924pt too wide) in paragraph at lines 8497--8504
[]\TU/Georgia(0)/m/n/10 long long num1 $\OT1/cmr/m/n/10 = 1$\TU/Georgia(0)/m/n/
10 , num2 $\OT1/cmr/m/n/10 = 2$\TU/Georgia(0)/m/n/10 , num3 $\OT1/cmr/m/n/10 = 
3$\TU/Georgia(0)/m/n/10 , num4 $\OT1/cmr/m/n/10 = 4$\TU/Georgia(0)/m/n/10 ; pri
ntf("\n%lld%s%lld",[]
 []


Overfull \hbox (3.66696pt too wide) in paragraph at lines 8497--8504
[]\TU/Georgia(0)/m/n/10 num1," < ", num2); printf("%s%lld%s," < ", num3," < ");
 printf("%lld\n\n",[]
 []



[240]

! LaTeX Error: File `2025_03_24_ebe50cc223a6fbc49eecg-275' not found.

See the LaTeX manual or LaTeX Companion for explanation.
Type  H <return>  for immediate help.
 ...                                              
                                                  
l.8528 ...r]{2025_03_24_ebe50cc223a6fbc49eecg-275}
                                                  
I could not locate the file with any of these extensions:
.pdf,.PDF,.ai,.AI,.png,.PNG,.jpg,.JPG,.jpeg,.JPEG,.jp2,.JP2,.jpf,.JPF,.bmp,.BMP
,.ps,.PS,.eps,.EPS,.mps,.MPS
Try typing  <return>  to proceed.
If that doesn't work, type  X <return>  to quit.



[241]

[242]

! LaTeX Error: File `2025_03_24_ebe50cc223a6fbc49eecg-277' not found.

See the LaTeX manual or LaTeX Companion for explanation.
Type  H <return>  for immediate help.
 ...                                              
                                                  
l.8627 ...h]{2025_03_24_ebe50cc223a6fbc49eecg-277}
                                                  
I could not locate the file with any of these extensions:
.pdf,.PDF,.ai,.AI,.png,.PNG,.jpg,.JPG,.jpeg,.JPEG,.jp2,.JP2,.jpf,.JPF,.bmp,.BMP
,.ps,.PS,.eps,.EPS,.mps,.MPS
Try typing  <return>  to proceed.
If that doesn't work, type  X <return>  to quit.



[243]

[244]

[245]

[246]

! LaTeX Error: File `2025_03_24_ebe50cc223a6fbc49eecg-281' not found.

See the LaTeX manual or LaTeX Companion for explanation.
Type  H <return>  for immediate help.
 ...                                              
                                                  
l.8846 ...r]{2025_03_24_ebe50cc223a6fbc49eecg-281}
                                                  
I could not locate the file with any of these extensions:
.pdf,.PDF,.ai,.AI,.png,.PNG,.jpg,.JPG,.jpeg,.JPEG,.jp2,.JP2,.jpf,.JPF,.bmp,.BMP
,.ps,.PS,.eps,.EPS,.mps,.MPS
Try typing  <return>  to proceed.
If that doesn't work, type  X <return>  to quit.



[247]

! LaTeX Error: File `2025_03_24_ebe50cc223a6fbc49eecg-282' not found.

See the LaTeX manual or LaTeX Companion for explanation.
Type  H <return>  for immediate help.
 ...                                              
                  