This is XeTeX, Version 3.141592653-2.6-0.999997 (TeX Live 2025) (preloaded format=xelatex 2025.3.8)  13 OCT 2025 14:06
entering extended mode
 restricted \write18 enabled.
 file:line:error style messages enabled.
 %&-line parsing enabled.
**data-science_final.tex
(./data-science_final.tex
LaTeX2e <2024-11-01> patch level 2
L3 programming layer <2025-01-18>
(/usr/local/texlive/2025basic/texmf-dist/tex/latex/base/book.cls
Document Class: book 2024/06/29 v1.4n Standard LaTeX document class
(/usr/local/texlive/2025basic/texmf-dist/tex/latex/base/bk10.clo
File: bk10.clo 2024/06/29 v1.4n Standard LaTeX file (size option)
)
\c@part=\count192
\c@chapter=\count193
\c@section=\count194
\c@subsection=\count195
\c@subsubsection=\count196
\c@paragraph=\count197
\c@subparagraph=\count198
\c@figure=\count199
\c@table=\count266
\abovecaptionskip=\skip49
\belowcaptionskip=\skip50
\bibindent=\dimen141
)
(/usr/local/texlive/2025basic/texmf-dist/tex/xelatex/ucharclasses/ucharclasses.
sty
Package: ucharclasses 2022/10/20 v2.6.0 Unicode block character classes for XeL
aTeX
 (/usr/local/texlive/2025basic/texmf-dist/tex/generic/iftex/ifxetex.sty
Package: ifxetex 2019/10/25 v0.7 ifxetex legacy package. Use iftex instead.

(/usr/local/texlive/2025basic/texmf-dist/tex/generic/iftex/iftex.sty
Package: iftex 2024/12/12 v1.0g TeX engine tests
))
\AegeanNumbersClass=\XeTeXcharclass1
\AlphabeticPresentationFormsClass=\XeTeXcharclass2
\AncientGreekMusicalNotationClass=\XeTeXcharclass3
\AncientGreekNumbersClass=\XeTeXcharclass4
\AncientSymbolsClass=\XeTeXcharclass5
\ArabicClass=\XeTeXcharclass6
\ArabicPresentationFormsAClass=\XeTeXcharclass7
\ArabicPresentationFormsBClass=\XeTeXcharclass8
\ArabicSupplementClass=\XeTeXcharclass9
\ArmenianClass=\XeTeXcharclass10
\ArrowsClass=\XeTeXcharclass11
\BalineseClass=\XeTeXcharclass12
\BasicLatinClass=\XeTeXcharclass13
\BengaliClass=\XeTeXcharclass14
\BlockElementsClass=\XeTeXcharclass15
\BopomofoClass=\XeTeXcharclass16
\BopomofoExtendedClass=\XeTeXcharclass17
\BoxDrawingClass=\XeTeXcharclass18
\BraillePatternsClass=\XeTeXcharclass19
\BugineseClass=\XeTeXcharclass20
\BuhidClass=\XeTeXcharclass21
\ByzantineMusicalSymbolsClass=\XeTeXcharclass22
\ChamClass=\XeTeXcharclass23
\CherokeeClass=\XeTeXcharclass24
\CJKCompatibilityClass=\XeTeXcharclass25
\CJKCompatibilityFormsClass=\XeTeXcharclass26
\CJKCompatibilityIdeographsClass=\XeTeXcharclass27
\CJKCompatibilityIdeographsSupplementClass=\XeTeXcharclass28
\CJKRadicalsSupplementClass=\XeTeXcharclass29
\CJKStrokesClass=\XeTeXcharclass30
\CJKSymbolsAndPunctuationClass=\XeTeXcharclass31
\CJKUnifiedIdeographsClass=\XeTeXcharclass32
\CJKUnifiedIdeographsExtensionAClass=\XeTeXcharclass33
\CJKUnifiedIdeographsExtensionBClass=\XeTeXcharclass34
\CombiningDiacriticalMarksClass=\XeTeXcharclass35
\CombiningDiacriticalMarksForSymbolsClass=\XeTeXcharclass36
\CombiningDiacriticalMarksSupplementClass=\XeTeXcharclass37
\CombiningHalfMarksClass=\XeTeXcharclass38
\ControlPicturesClass=\XeTeXcharclass39
\CopticClass=\XeTeXcharclass40
\CountingRodNumeralsClass=\XeTeXcharclass41
\CuneiformClass=\XeTeXcharclass42
\CuneiformNumbersAndPunctuationClass=\XeTeXcharclass43
\CurrencySymbolsClass=\XeTeXcharclass44
\CypriotSyllabaryClass=\XeTeXcharclass45
\CyrillicClass=\XeTeXcharclass46
\CyrillicExtendedAClass=\XeTeXcharclass47
\CyrillicExtendedBClass=\XeTeXcharclass48
\CyrillicSupplementClass=\XeTeXcharclass49
\DeseretClass=\XeTeXcharclass50
\DevanagariDanDaClass=\XeTeXcharclass51
\DevanagariMarksClass=\XeTeXcharclass52
\DevanagariPostDanDaClass=\XeTeXcharclass53
\DevanagariPostMarksClass=\XeTeXcharclass54
\DevanagariPreMarksClass=\XeTeXcharclass55
\DingbatsClass=\XeTeXcharclass56
\DominoTilesClass=\XeTeXcharclass57
\EnclosedAlphanumericsClass=\XeTeXcharclass58
\EnclosedCJKLettersAndMonthsClass=\XeTeXcharclass59
\EthiopicClass=\XeTeXcharclass60
\EthiopicExtendedClass=\XeTeXcharclass61
\EthiopicSupplementClass=\XeTeXcharclass62
\GeneralPunctuationClass=\XeTeXcharclass63
\GeometricShapesClass=\XeTeXcharclass64
\GeorgianClass=\XeTeXcharclass65
\GeorgianSupplementClass=\XeTeXcharclass66
\GlagoliticClass=\XeTeXcharclass67
\GreekAndCopticClass=\XeTeXcharclass68
\GreekExtendedClass=\XeTeXcharclass69
\GujaratiClass=\XeTeXcharclass70
\GurmukhiClass=\XeTeXcharclass71
\HalfwidthAndFullwidthFormsClass=\XeTeXcharclass72
\HangulCompatibilityJamoClass=\XeTeXcharclass73
\HangulJamoClass=\XeTeXcharclass74
\HangulSyllablesClass=\XeTeXcharclass75
\HanunooClass=\XeTeXcharclass76
\HebrewClass=\XeTeXcharclass77
\HiraganaClass=\XeTeXcharclass78
\IdeographicDescriptionCharactersClass=\XeTeXcharclass79
\IPAExtensionsClass=\XeTeXcharclass80
\KanbunClass=\XeTeXcharclass81
\KangxiRadicalsClass=\XeTeXcharclass82
\KannadaClass=\XeTeXcharclass83
\KatakanaClass=\XeTeXcharclass84
\KatakanaPhoneticExtensionsClass=\XeTeXcharclass85
\KayahLiClass=\XeTeXcharclass86
\KhmerClass=\XeTeXcharclass87
\KhmerSymbolsClass=\XeTeXcharclass88
\LaoClass=\XeTeXcharclass89
\LatinExtendedAdditionalClass=\XeTeXcharclass90
\LatinExtendedAClass=\XeTeXcharclass91
\LatinExtendedBClass=\XeTeXcharclass92
\LatinExtendedCClass=\XeTeXcharclass93
\LatinExtendedDClass=\XeTeXcharclass94
\LatinSupplementClass=\XeTeXcharclass95
\LepchaClass=\XeTeXcharclass96
\LetterlikeSymbolsClass=\XeTeXcharclass97
\LimbuClass=\XeTeXcharclass98
\LinearBIdeogramsClass=\XeTeXcharclass99
\LinearBSyllabaryClass=\XeTeXcharclass100
\MahjongTilesClass=\XeTeXcharclass101
\MalayalamClass=\XeTeXcharclass102
\MathematicalAlphanumericSymbolsClass=\XeTeXcharclass103
\MathematicalOperatorsClass=\XeTeXcharclass104
\MiscellaneousMathematicalSymbolsAClass=\XeTeXcharclass105
\MiscellaneousMathematicalSymbolsBClass=\XeTeXcharclass106
\MiscellaneousSymbolsClass=\XeTeXcharclass107
\MiscellaneousSymbolsAndArrowsClass=\XeTeXcharclass108
\MiscellaneousTechnicalClass=\XeTeXcharclass109
\ModifierToneLettersClass=\XeTeXcharclass110
\MongolianClass=\XeTeXcharclass111
\MusicalSymbolsClass=\XeTeXcharclass112
\MyanmarClass=\XeTeXcharclass113
\NewTaiLueClass=\XeTeXcharclass114
\NKoClass=\XeTeXcharclass115
\NumberFormsClass=\XeTeXcharclass116
\OghamClass=\XeTeXcharclass117
\OlChikiClass=\XeTeXcharclass118
\OldPersianClass=\XeTeXcharclass119
\OpticalCharacterRecognitionClass=\XeTeXcharclass120
\OriyaClass=\XeTeXcharclass121
\OsmanyaClass=\XeTeXcharclass122
\PhagsPaClass=\XeTeXcharclass123
\PhoenicianClass=\XeTeXcharclass124
\PhoneticExtensionsClass=\XeTeXcharclass125
\PhoneticExtensionsSupplementClass=\XeTeXcharclass126
\PrivateUseAreaClass=\XeTeXcharclass127
\RejangClass=\XeTeXcharclass128
\RunicClass=\XeTeXcharclass129
\SaurashtraClass=\XeTeXcharclass130
\ShavianClass=\XeTeXcharclass131
\SinhalaClass=\XeTeXcharclass132
\SmallFormVariantsClass=\XeTeXcharclass133
\SpacingModifierLettersClass=\XeTeXcharclass134
\SundaneseClass=\XeTeXcharclass135
\SuperscriptsAndSubscriptsClass=\XeTeXcharclass136
\SupplementalArrowsAClass=\XeTeXcharclass137
\SupplementalArrowsBClass=\XeTeXcharclass138
\SupplementalMathematicalOperatorsClass=\XeTeXcharclass139
\SupplementalPunctuationClass=\XeTeXcharclass140
\SylotiNagriClass=\XeTeXcharclass141
\SyriacClass=\XeTeXcharclass142
\TagalogClass=\XeTeXcharclass143
\TagbanwaClass=\XeTeXcharclass144
\TagsClass=\XeTeXcharclass145
\TaiLeClass=\XeTeXcharclass146
\TaiXuanJingSymbolsClass=\XeTeXcharclass147
\TamilClass=\XeTeXcharclass148
\TeluguClass=\XeTeXcharclass149
\ThaanaClass=\XeTeXcharclass150
\ThaiClass=\XeTeXcharclass151
\TibetanClass=\XeTeXcharclass152
\TifinaghClass=\XeTeXcharclass153
\UgariticClass=\XeTeXcharclass154
\UnifiedCanadianAboriginalSyllabicsClass=\XeTeXcharclass155
\VaiClass=\XeTeXcharclass156
\VerticalFormsClass=\XeTeXcharclass157
\YiRadicalsClass=\XeTeXcharclass158
\YiSyllablesClass=\XeTeXcharclass159
\YijingHexagramSymbolsClass=\XeTeXcharclass160
\AvestanClass=\XeTeXcharclass161
\BamumClass=\XeTeXcharclass162
\CJKUnifiedIdeographsExtensionCClass=\XeTeXcharclass163
\CommonIndicNumberFormsClass=\XeTeXcharclass164
\DevanagariExtendedClass=\XeTeXcharclass165
\EgyptianHieroglyphsClass=\XeTeXcharclass166
\EnclosedAlphanumericSupplementClass=\XeTeXcharclass167
\EnclosedIdeographicSupplementClass=\XeTeXcharclass168
\HangulJamoExtendedAClass=\XeTeXcharclass169
\HangulJamoExtendedBClass=\XeTeXcharclass170
\ImperialAramaicClass=\XeTeXcharclass171
\InscriptionalPahlaviClass=\XeTeXcharclass172
\InscriptionalParthianClass=\XeTeXcharclass173
\JavaneseClass=\XeTeXcharclass174
\KaithiClass=\XeTeXcharclass175
\LisuClass=\XeTeXcharclass176
\MeeteiMayekClass=\XeTeXcharclass177
\MyanmarExtendedAClass=\XeTeXcharclass178
\RumiNumeralSymbolsClass=\XeTeXcharclass179
\SamaritanClass=\XeTeXcharclass180
\TaiThamClass=\XeTeXcharclass181
\TaiVietClass=\XeTeXcharclass182
\UnifiedCanadianAboriginalSyllabicsExtendedClass=\XeTeXcharclass183
\VedicExtensionsClass=\XeTeXcharclass184
\AlchemicalSymbolsClass=\XeTeXcharclass185
\BamumSupplementClass=\XeTeXcharclass186
\BatakClass=\XeTeXcharclass187
\BrahmiClass=\XeTeXcharclass188
\CJKUnifiedIdeographsExtensionDClass=\XeTeXcharclass189
\EmoticonsClass=\XeTeXcharclass190
\EthiopicExtendedAClass=\XeTeXcharclass191
\KanaSupplementClass=\XeTeXcharclass192
\MandaicClass=\XeTeXcharclass193
\MiscellaneousSymbolsAndPictographsClass=\XeTeXcharclass194
\PlayingCardsClass=\XeTeXcharclass195
\TransportAndMapSymbolsClass=\XeTeXcharclass196
\ArabicExtendedAClass=\XeTeXcharclass197
\ArabicMathematicalAlphabeticSymbolsClass=\XeTeXcharclass198
\ChakmaClass=\XeTeXcharclass199
\MeeteiMayekExtensionsClass=\XeTeXcharclass200
\MeroiticCursiveClass=\XeTeXcharclass201
\MeroiticHieroglyphsClass=\XeTeXcharclass202
\MiaoClass=\XeTeXcharclass203
\SharadaClass=\XeTeXcharclass204
\SoraSompengClass=\XeTeXcharclass205
\SundaneseSupplementClass=\XeTeXcharclass206
\TakriClass=\XeTeXcharclass207
\BassaVahClass=\XeTeXcharclass208
\CaucasianAlbanianClass=\XeTeXcharclass209
\CombiningDiacriticalMarksExtendedClass=\XeTeXcharclass210
\CopticEpactNumbersClass=\XeTeXcharclass211
\ElbasanClass=\XeTeXcharclass212
\GeometricShapesExtendedClass=\XeTeXcharclass213
\GranthaClass=\XeTeXcharclass214
\KhojkiClass=\XeTeXcharclass215
\KhudawadiClass=\XeTeXcharclass216
\LatinExtendedEClass=\XeTeXcharclass217
\LinearAClass=\XeTeXcharclass218
\MahajaniClass=\XeTeXcharclass219
\MendeKikakuiClass=\XeTeXcharclass220
\ModiClass=\XeTeXcharclass221
\MroClass=\XeTeXcharclass222
\MyanmarExtendedBClass=\XeTeXcharclass223
\OrnamentalDingbatsClass=\XeTeXcharclass224
\PahawhHmongClass=\XeTeXcharclass225
\PauCinHauClass=\XeTeXcharclass226
\SiddhamClass=\XeTeXcharclass227
\SinhalaArchaicNumbersClass=\XeTeXcharclass228
\SupplementalArrowsCClass=\XeTeXcharclass229
\TirhutaClass=\XeTeXcharclass230
\WarangCitiClass=\XeTeXcharclass231
\CherokeeSupplementClass=\XeTeXcharclass232
\CJKUnifiedIdeographsExtensionEClass=\XeTeXcharclass233
\SupplementalSymbolsAndPictographsClass=\XeTeXcharclass234
\CyrillicExtendedCClass=\XeTeXcharclass235
\GlagoliticSupplementClass=\XeTeXcharclass236
\IdeographicSymbolsAndPunctuationClass=\XeTeXcharclass237
\MongolianSupplementClass=\XeTeXcharclass238
\CJKUnifiedIdeographsExtensionFClass=\XeTeXcharclass239
\KanaExtendedAClass=\XeTeXcharclass240
\SyriacSupplementClass=\XeTeXcharclass241
\GeorgianExtendedClass=\XeTeXcharclass242
\SmallKanaExtensionClass=\XeTeXcharclass243
\SymbolsAndPictographsExtendedAClass=\XeTeXcharclass244
\CJKUnifiedIdeographsExtensionGClass=\XeTeXcharclass245
\ArabicExtendedBClass=\XeTeXcharclass246
\EthiopicExtendedBClass=\XeTeXcharclass247
\KanaExtendedBClass=\XeTeXcharclass248
\LatinExtendedFClass=\XeTeXcharclass249
\LatinExtendedGClass=\XeTeXcharclass250
\UnifiedCanadianAboriginalSyllabicsExtendedAClass=\XeTeXcharclass251
\ArabicExtendedCClass=\XeTeXcharclass252
\CJKUnifiedIdeographsExtensionHClass=\XeTeXcharclass253
\CyrillicExtendedDClass=\XeTeXcharclass254
\DevanagariExtendedAClass=\XeTeXcharclass255
\CarianClass=\XeTeXcharclass256
\GothicClass=\XeTeXcharclass257
\KharoshthiClass=\XeTeXcharclass258
\LycianClass=\XeTeXcharclass259
\LydianClass=\XeTeXcharclass260
\OldItalicClass=\XeTeXcharclass261
\PhaistosDiscClass=\XeTeXcharclass262
\SupplementaryPrivateUseAreaAClass=\XeTeXcharclass263
\SupplementaryPrivateUseAreaBClass=\XeTeXcharclass264
\OldSouthArabianClass=\XeTeXcharclass265
\OldTurkicClass=\XeTeXcharclass266
\DuployanClass=\XeTeXcharclass267
\ManichaeanClass=\XeTeXcharclass268
\NabataeanClass=\XeTeXcharclass269
\OldNorthArabianClass=\XeTeXcharclass270
\OldPermicClass=\XeTeXcharclass271
\PalmyreneClass=\XeTeXcharclass272
\PsalterPahlaviClass=\XeTeXcharclass273
\ShorthandFormatControlsClass=\XeTeXcharclass274
\AhomClass=\XeTeXcharclass275
\AnatolianHieroglyphsClass=\XeTeXcharclass276
\EarlyDynasticCuneiformClass=\XeTeXcharclass277
\HatranClass=\XeTeXcharclass278
\MultaniClass=\XeTeXcharclass279
\OldHungarianClass=\XeTeXcharclass280
\SuttonSignWritingClass=\XeTeXcharclass281
\AdlamClass=\XeTeXcharclass282
\BhaiksukiClass=\XeTeXcharclass283
\MarchenClass=\XeTeXcharclass284
\NewaClass=\XeTeXcharclass285
\OsageClass=\XeTeXcharclass286
\TangutClass=\XeTeXcharclass287
\TangutComponentsClass=\XeTeXcharclass288
\MasaramGondiClass=\XeTeXcharclass289
\NushuClass=\XeTeXcharclass290
\SoyomboClass=\XeTeXcharclass291
\ZanabazarSquareClass=\XeTeXcharclass292
\ChessSymbolsClass=\XeTeXcharclass293
\DograClass=\XeTeXcharclass294
\GunjalaGondiClass=\XeTeXcharclass295
\HanifiRohingyaClass=\XeTeXcharclass296
\IndicSiyaqNumbersClass=\XeTeXcharclass297
\MakasarClass=\XeTeXcharclass298
\MayanNumeralsClass=\XeTeXcharclass299
\MedefaidrinClass=\XeTeXcharclass300
\OldSogdianClass=\XeTeXcharclass301
\SogdianClass=\XeTeXcharclass302
\EgyptianHieroglyphFormatControlsClass=\XeTeXcharclass303
\ElymaicClass=\XeTeXcharclass304
\NandinagariClass=\XeTeXcharclass305
\NyiakengPuachueHmongClass=\XeTeXcharclass306
\OttomanSiyaqNumbersClass=\XeTeXcharclass307
\TamilSupplementClass=\XeTeXcharclass308
\WanchoClass=\XeTeXcharclass309
\ChorasmianClass=\XeTeXcharclass310
\DivesAkuruClass=\XeTeXcharclass311
\KhitanSmallScriptClass=\XeTeXcharclass312
\LisuSupplementClass=\XeTeXcharclass313
\SymbolsForLegacyComputingClass=\XeTeXcharclass314
\TangutSupplementClass=\XeTeXcharclass315
\YezidiClass=\XeTeXcharclass316
\CyproMinoanClass=\XeTeXcharclass317
\OldUighurClass=\XeTeXcharclass318
\TangsaClass=\XeTeXcharclass319
\TotoClass=\XeTeXcharclass320
\VithkuqiClass=\XeTeXcharclass321
\ZnamennyMusicalNotationClass=\XeTeXcharclass322
\KaktovikNumeralsClass=\XeTeXcharclass323
\KawiClass=\XeTeXcharclass324
\NagMundariClass=\XeTeXcharclass325
)
(/usr/local/texlive/2025basic/texmf-dist/tex/latex/graphics/graphicx.sty
Package: graphicx 2021/09/16 v1.2d Enhanced LaTeX Graphics (DPC,SPQR)

(/usr/local/texlive/2025basic/texmf-dist/tex/latex/graphics/keyval.sty
Package: keyval 2022/05/29 v1.15 key=value parser (DPC)
\KV@toks@=\toks17
)
(/usr/local/texlive/2025basic/texmf-dist/tex/latex/graphics/graphics.sty
Package: graphics 2024/08/06 v1.4g Standard LaTeX Graphics (DPC,SPQR)

(/usr/local/texlive/2025basic/texmf-dist/tex/latex/graphics/trig.sty
Package: trig 2023/12/02 v1.11 sin cos tan (DPC)
)
(/usr/local/texlive/2025basic/texmf-dist/tex/latex/graphics-cfg/graphics.cfg
File: graphics.cfg 2016/06/04 v1.11 sample graphics configuration
)
Package graphics Info: Driver file: xetex.def on input line 106.

(/usr/local/texlive/2025basic/texmf-dist/tex/latex/graphics-def/xetex.def
File: xetex.def 2022/09/22 v5.0n Graphics/color driver for xetex
))
\Gin@req@height=\dimen142
\Gin@req@width=\dimen143
)
(/usr/local/texlive/2025basic/texmf-dist/tex/latex/adjustbox/adjustbox.sty
Package: adjustbox 2025/02/26 v1.3c Adjusting TeX boxes (trim, clip, ...)

(/usr/local/texlive/2025basic/texmf-dist/tex/latex/xkeyval/xkeyval.sty
Package: xkeyval 2022/06/16 v2.9 package option processing (HA)

(/usr/local/texlive/2025basic/texmf-dist/tex/generic/xkeyval/xkeyval.tex
(/usr/local/texlive/2025basic/texmf-dist/tex/generic/xkeyval/xkvutils.tex
\XKV@toks=\toks18
\XKV@tempa@toks=\toks19
)
\XKV@depth=\count267
File: xkeyval.tex 2014/12/03 v2.7a key=value parser (HA)
))
(/usr/local/texlive/2025basic/texmf-dist/tex/latex/adjustbox/adjcalc.sty
Package: adjcalc 2012/05/16 v1.1 Provides advanced setlength with multiple back
-ends (calc, etex, pgfmath)
)
(/usr/local/texlive/2025basic/texmf-dist/tex/latex/adjustbox/trimclip.sty
Package: trimclip 2025/02/21 v1.2a Trim and clip general TeX material

(/usr/local/texlive/2025basic/texmf-dist/tex/latex/collectbox/collectbox.sty
Package: collectbox 2022/10/17 v0.4c Collect macro arguments as boxes
\collectedbox=\box52
)
\tc@llx=\dimen144
\tc@lly=\dimen145
\tc@urx=\dimen146
\tc@ury=\dimen147
Package trimclip Info: Using driver 'tc-xetex.def'.

(/usr/local/texlive/2025basic/texmf-dist/tex/latex/adjustbox/tc-xetex.def
File: tc-xetex.def 2019/01/04 v2.2 Clipping driver for xetex
))
\adjbox@Width=\dimen148
\adjbox@Height=\dimen149
\adjbox@Depth=\dimen150
\adjbox@Totalheight=\dimen151
\adjbox@pwidth=\dimen152
\adjbox@pheight=\dimen153
\adjbox@pdepth=\dimen154
\adjbox@ptotalheight=\dimen155

(/usr/local/texlive/2025basic/texmf-dist/tex/latex/ifoddpage/ifoddpage.sty
Package: ifoddpage 2022/10/18 v1.2 Conditionals for odd/even page detection
\c@checkoddpage=\count268
)
(/usr/local/texlive/2025basic/texmf-dist/tex/latex/varwidth/varwidth.sty
Package: varwidth 2009/03/30 ver 0.92;  Variable-width minipages
\@vwid@box=\box53
\sift@deathcycles=\count269
\@vwid@loff=\dimen156
\@vwid@roff=\dimen157
))
(/usr/local/texlive/2025basic/texmf-dist/tex/latex/hyperref/hyperref.sty
Package: hyperref 2024-11-05 v7.01l Hypertext links for LaTeX

(/usr/local/texlive/2025basic/texmf-dist/tex/latex/kvsetkeys/kvsetkeys.sty
Package: kvsetkeys 2022-10-05 v1.19 Key value parser (HO)
)
(/usr/local/texlive/2025basic/texmf-dist/tex/generic/kvdefinekeys/kvdefinekeys.
sty
Package: kvdefinekeys 2019-12-19 v1.6 Define keys (HO)
)
(/usr/local/texlive/2025basic/texmf-dist/tex/generic/pdfescape/pdfescape.sty
Package: pdfescape 2019/12/09 v1.15 Implements pdfTeX's escape features (HO)

(/usr/local/texlive/2025basic/texmf-dist/tex/generic/ltxcmds/ltxcmds.sty
Package: ltxcmds 2023-12-04 v1.26 LaTeX kernel commands for general use (HO)
)
(/usr/local/texlive/2025basic/texmf-dist/tex/generic/pdftexcmds/pdftexcmds.sty
Package: pdftexcmds 2020-06-27 v0.33 Utility functions of pdfTeX for LuaTeX (HO
)

(/usr/local/texlive/2025basic/texmf-dist/tex/generic/infwarerr/infwarerr.sty
Package: infwarerr 2019/12/03 v1.5 Providing info/warning/error messages (HO)
)
Package pdftexcmds Info: \pdf@primitive is available.
Package pdftexcmds Info: \pdf@ifprimitive is available.
Package pdftexcmds Info: \pdfdraftmode not found.
)) (/usr/local/texlive/2025basic/texmf-dist/tex/latex/hycolor/hycolor.sty
Package: hycolor 2020-01-27 v1.10 Color options for hyperref/bookmark (HO)
)
(/usr/local/texlive/2025basic/texmf-dist/tex/latex/hyperref/nameref.sty
Package: nameref 2023-11-26 v2.56 Cross-referencing by name of section

(/usr/local/texlive/2025basic/texmf-dist/tex/latex/refcount/refcount.sty
Package: refcount 2019/12/15 v3.6 Data extraction from label references (HO)
)
(/usr/local/texlive/2025basic/texmf-dist/tex/generic/gettitlestring/gettitlestr
ing.sty
Package: gettitlestring 2019/12/15 v1.6 Cleanup title references (HO)

(/usr/local/texlive/2025basic/texmf-dist/tex/latex/kvoptions/kvoptions.sty
Package: kvoptions 2022-06-15 v3.15 Key value format for package options (HO)
))
\c@section@level=\count270
)
(/usr/local/texlive/2025basic/texmf-dist/tex/latex/etoolbox/etoolbox.sty
Package: etoolbox 2025/02/11 v2.5l e-TeX tools for LaTeX (JAW)
\etb@tempcnta=\count271
)
(/usr/local/texlive/2025basic/texmf-dist/tex/generic/stringenc/stringenc.sty
Package: stringenc 2019/11/29 v1.12 Convert strings between diff. encodings (HO
)
)
\@linkdim=\dimen158
\Hy@linkcounter=\count272
\Hy@pagecounter=\count273

(/usr/local/texlive/2025basic/texmf-dist/tex/latex/hyperref/pd1enc.def
File: pd1enc.def 2024-11-05 v7.01l Hyperref: PDFDocEncoding definition (HO)
)
(/usr/local/texlive/2025basic/texmf-dist/tex/generic/intcalc/intcalc.sty
Package: intcalc 2019/12/15 v1.3 Expandable calculations with integers (HO)
)
\Hy@SavedSpaceFactor=\count274

(/usr/local/texlive/2025basic/texmf-dist/tex/latex/hyperref/puenc.def
File: puenc.def 2024-11-05 v7.01l Hyperref: PDF Unicode definition (HO)
)
Package hyperref Info: Hyper figures OFF on input line 4157.
Package hyperref Info: Link nesting OFF on input line 4162.
Package hyperref Info: Hyper index ON on input line 4165.
Package hyperref Info: Plain pages OFF on input line 4172.
Package hyperref Info: Backreferencing OFF on input line 4177.
Package hyperref Info: Implicit mode ON; LaTeX internals redefined.
Package hyperref Info: Bookmarks ON on input line 4424.
\c@Hy@tempcnt=\count275

(/usr/local/texlive/2025basic/texmf-dist/tex/latex/url/url.sty
\Urlmuskip=\muskip17
Package: url 2013/09/16  ver 3.4  Verb mode for urls, etc.
)
LaTeX Info: Redefining \url on input line 4763.
\XeTeXLinkMargin=\dimen159

(/usr/local/texlive/2025basic/texmf-dist/tex/generic/bitset/bitset.sty
Package: bitset 2019/12/09 v1.3 Handle bit-vector datatype (HO)

(/usr/local/texlive/2025basic/texmf-dist/tex/generic/bigintcalc/bigintcalc.sty
Package: bigintcalc 2019/12/15 v1.5 Expandable calculations on big integers (HO
)
))
\Fld@menulength=\count276
\Field@Width=\dimen160
\Fld@charsize=\dimen161
Package hyperref Info: Hyper figures OFF on input line 6042.
Package hyperref Info: Link nesting OFF on input line 6047.
Package hyperref Info: Hyper index ON on input line 6050.
Package hyperref Info: backreferencing OFF on input line 6057.
Package hyperref Info: Link coloring OFF on input line 6062.
Package hyperref Info: Link coloring with OCG OFF on input line 6067.
Package hyperref Info: PDF/A mode OFF on input line 6072.
 (/usr/local/texlive/2025basic/texmf-dist/tex/latex/base/atbegshi-ltx.sty
Package: atbegshi-ltx 2021/01/10 v1.0c Emulation of the original atbegshi
package with kernel methods
)
\Hy@abspage=\count277
\c@Item=\count278
\c@Hfootnote=\count279
)
Package hyperref Info: Driver (autodetected): hxetex.

(/usr/local/texlive/2025basic/texmf-dist/tex/latex/hyperref/hxetex.def
File: hxetex.def 2024-11-05 v7.01l Hyperref driver for XeTeX
\pdfm@box=\box54
\c@Hy@AnnotLevel=\count280
\HyField@AnnotCount=\count281
\Fld@listcount=\count282
\c@bookmark@seq@number=\count283

(/usr/local/texlive/2025basic/texmf-dist/tex/latex/rerunfilecheck/rerunfilechec
k.sty
Package: rerunfilecheck 2022-07-10 v1.10 Rerun checks for auxiliary files (HO)
 (/usr/local/texlive/2025basic/texmf-dist/tex/latex/base/atveryend-ltx.sty
Package: atveryend-ltx 2020/08/19 v1.0a Emulation of the original atveryend pac
kage
with kernel methods
)
(/usr/local/texlive/2025basic/texmf-dist/tex/generic/uniquecounter/uniquecounte
r.sty
Package: uniquecounter 2019/12/15 v1.4 Provide unlimited unique counter (HO)
)
Package uniquecounter Info: New unique counter `rerunfilecheck' on input line 2
85.
)
\Hy@SectionHShift=\skip51
)
Package hyperref Info: Option `colorlinks' set `true' on input line 7.
 (/usr/local/texlive/2025basic/texmf-dist/tex/latex/amsmath/amsmath.sty
Package: amsmath 2024/11/05 v2.17t AMS math features
\@mathmargin=\skip52
For additional information on amsmath, use the `?' option.
(/usr/local/texlive/2025basic/texmf-dist/tex/latex/amsmath/amstext.sty
Package: amstext 2021/08/26 v2.01 AMS text

(/usr/local/texlive/2025basic/texmf-dist/tex/latex/amsmath/amsgen.sty
File: amsgen.sty 1999/11/30 v2.0 generic functions
\@emptytoks=\toks20
\ex@=\dimen162
))
(/usr/local/texlive/2025basic/texmf-dist/tex/latex/amsmath/amsbsy.sty
Package: amsbsy 1999/11/29 v1.2d Bold Symbols
\pmbraise@=\dimen163
)
(/usr/local/texlive/2025basic/texmf-dist/tex/latex/amsmath/amsopn.sty
Package: amsopn 2022/04/08 v2.04 operator names
)
\inf@bad=\count284
LaTeX Info: Redefining \frac on input line 233.
\uproot@=\count285
\leftroot@=\count286
LaTeX Info: Redefining \overline on input line 398.
LaTeX Info: Redefining \colon on input line 409.
\classnum@=\count287
\DOTSCASE@=\count288
LaTeX Info: Redefining \ldots on input line 495.
LaTeX Info: Redefining \dots on input line 498.
LaTeX Info: Redefining \cdots on input line 619.
\Mathstrutbox@=\box55
\strutbox@=\box56
LaTeX Info: Redefining \big on input line 721.
LaTeX Info: Redefining \Big on input line 722.
LaTeX Info: Redefining \bigg on input line 723.
LaTeX Info: Redefining \Bigg on input line 724.
\big@size=\dimen164
LaTeX Font Info:    Redeclaring font encoding OML on input line 742.
LaTeX Font Info:    Redeclaring font encoding OMS on input line 743.
\macc@depth=\count289
LaTeX Info: Redefining \bmod on input line 904.
LaTeX Info: Redefining \pmod on input line 909.
LaTeX Info: Redefining \smash on input line 939.
LaTeX Info: Redefining \relbar on input line 969.
LaTeX Info: Redefining \Relbar on input line 970.
\c@MaxMatrixCols=\count290
\dotsspace@=\muskip18
\c@parentequation=\count291
\dspbrk@lvl=\count292
\tag@help=\toks21
\row@=\count293
\column@=\count294
\maxfields@=\count295
\andhelp@=\toks22
\eqnshift@=\dimen165
\alignsep@=\dimen166
\tagshift@=\dimen167
\tagwidth@=\dimen168
\totwidth@=\dimen169
\lineht@=\dimen170
\@envbody=\toks23
\multlinegap=\skip53
\multlinetaggap=\skip54
\mathdisplay@stack=\toks24
LaTeX Info: Redefining \[ on input line 2953.
LaTeX Info: Redefining \] on input line 2954.
)
(/usr/local/texlive/2025basic/texmf-dist/tex/latex/amsfonts/amsfonts.sty
Package: amsfonts 2013/01/14 v3.01 Basic AMSFonts support
\symAMSa=\mathgroup4
\symAMSb=\mathgroup5
LaTeX Font Info:    Redeclaring math symbol \hbar on input line 98.
LaTeX Font Info:    Overwriting math alphabet `\mathfrak' in version `bold'
(Font)                  U/euf/m/n --> U/euf/b/n on input line 106.
)
(/usr/local/texlive/2025basic/texmf-dist/tex/latex/amsfonts/amssymb.sty
Package: amssymb 2013/01/14 v3.01 AMS font symbols
)
(/usr/local/texlive/2025basic/texmf-dist/tex/latex/mhchem/mhchem.sty
Package: mhchem 2024/01/29 v4.10 for typesetting chemical formulae

(/usr/local/texlive/2025basic/texmf-dist/tex/latex/l3kernel/expl3.sty
Package: expl3 2025-01-18 L3 programming layer (loader) 

(/usr/local/texlive/2025basic/texmf-dist/tex/latex/l3backend/l3backend-xetex.de
f
File: l3backend-xetex.def 2024-05-08 L3 backend support: XeTeX
\g__graphics_track_int=\count296
\l__pdf_internal_box=\box57
\g__pdf_backend_annotation_int=\count297
\g__pdf_backend_link_int=\count298
))
(/usr/local/texlive/2025basic/texmf-dist/tex/latex/l3packages/l3keys2e/l3keys2e
.sty
Package: l3keys2e 2024-08-16 LaTeX2e option processing using LaTeX3 keys
) (/usr/local/texlive/2025basic/texmf-dist/tex/latex/tools/calc.sty
Package: calc 2023/07/08 v4.3 Infix arithmetic (KKT,FJ)
\calc@Acount=\count299
\calc@Bcount=\count300
\calc@Adimen=\dimen171
\calc@Bdimen=\dimen172
\calc@Askip=\skip55
\calc@Bskip=\skip56
LaTeX Info: Redefining \setlength on input line 80.
LaTeX Info: Redefining \addtolength on input line 81.
\calc@Ccount=\count301
\calc@Cskip=\skip57
)
(/usr/local/texlive/2025basic/texmf-dist/tex/latex/chemgreek/chemgreek.sty
(/usr/local/texlive/2025basic/texmf-dist/tex/latex/l3packages/xparse/xparse.sty
Package: xparse 2024-08-16 L3 Experimental document command parser
)
Package: chemgreek 2020/01/16 v1.1a interface for upright Greek letters for use
 in chemistry (CN)
\l__chemgreek_tmpa_int=\count302
\g__chemgreek_tmpa_int=\count303
)
\l__mhchem_ce_distanceFromLastComma_int=\count304
\__mhchem_arrow_extPgfLength_skip=\skip58
\mhchem@minispace@tmp=\skip59
\mhchem@minibackspace@tmp=\skip60
\mhchem@bondwidth=\skip61
\mhchem@bondheight=\skip62
\mhchem@smallbondwidth@tmpA=\skip63
\mhchem@smallbondwidth@tmpB=\skip64
\mhchem@smallbondwidth=\skip65
\mhchem@bondtmp@minussidebearingleft=\skip66
\mhchem@bondtmp@minussidebearingright=\skip67
\l__mhchem_option_version_int=\count305
\mhchem@option@minusmathsidebearingleft=\dimen173
\mhchem@option@minusmathsidebearingright=\dimen174
\mhchem@option@minustextsidebearingleft=\dimen175
\mhchem@option@minustextsidebearingright=\dimen176
) (/usr/local/texlive/2025basic/texmf-dist/tex/latex/stmaryrd/stmaryrd.sty
Package: stmaryrd 1994/03/03 St Mary's Road symbol package
\symstmry=\mathgroup6
LaTeX Font Info:    Overwriting symbol font `stmry' in version `bold'
(Font)                  U/stmry/m/n --> U/stmry/b/n on input line 89.
)
(/usr/local/texlive/2025basic/texmf-dist/tex/latex/underscore/underscore.sty
Package: underscore 2006/09/13
LaTeX Info: Redefining \_ on input line 42.
)
(/usr/local/texlive/2025basic/texmf-dist/tex/latex/firstaid/underscore-ltx.sty
Package: underscore-ltx 2023/09/20 LaTeX firstaid to make underscore protected 

) (/usr/local/texlive/2025basic/texmf-dist/tex/latex/fvextra/fvextra.sty
Package: fvextra 2025/05/29 v1.13.2 fvextra - extensions and patches for fancyv
rb

(/usr/local/texlive/2025basic/texmf-dist/tex/latex/fancyvrb/fancyvrb.sty
Package: fancyvrb 2024/01/20 4.5c verbatim text (tvz,hv)
\FV@CodeLineNo=\count306
\FV@InFile=\read2
\FV@TabBox=\box58
\c@FancyVerbLine=\count307
\FV@StepNumber=\count308
\FV@OutFile=\write3
)
(/usr/local/texlive/2025basic/texmf-dist/tex/latex/upquote/upquote.sty
Package: upquote 2012/04/19 v1.3 upright-quote and grave-accent glyphs in verba
tim

(/usr/local/texlive/2025basic/texmf-dist/tex/latex/base/textcomp.sty
Package: textcomp 2024/04/24 v2.1b Standard LaTeX package
))
(/usr/local/texlive/2025basic/texmf-dist/tex/latex/lineno/lineno.sty
Package: lineno 2025/01/29 line numbers on paragraphs v5.4
\linenopenalty=\count309
\output=\toks25
\linenoprevgraf=\count310
\linenumbersep=\dimen177
\linenumberwidth=\dimen178
\c@linenumber=\count311
\c@pagewiselinenumber=\count312
\c@LN@truepage=\count313
\c@internallinenumber=\count314
\c@internallinenumbers=\count315
\quotelinenumbersep=\dimen179
\bframerule=\dimen180
\bframesep=\dimen181
\bframebox=\box59
\@LN@amsmath@ams@eqpen=\count316
LaTeX Info: Redefining \\ on input line 3187.
)
\c@FancyVerbWriteLine=\count317
\c@FancyVerbBufferLine=\count318
\c@FV@TrueTabGroupLevel=\count319
\c@FV@TrueTabCounter=\count320
\FV@TabBox@Group=\box60
\FV@bgcolorstructbox=\box61
\FV@TmpLength=\skip68
\c@FV@HighlightLinesStart=\count321
\c@FV@HighlightLinesStop=\count322
\FV@LoopCount=\count323
\FV@NCharsBox=\box62
\FV@BreakIndent=\dimen182
\FV@BreakIndentNChars=\count324
\FV@BreakSymbolSepLeft=\dimen183
\FV@BreakSymbolSepLeftNChars=\count325
\FV@BreakSymbolSepRight=\dimen184
\FV@BreakSymbolSepRightNChars=\count326
\FV@BreakSymbolIndentLeft=\dimen185
\FV@BreakSymbolIndentLeftNChars=\count327
\FV@BreakSymbolIndentRight=\dimen186
\FV@BreakSymbolIndentRightNChars=\count328
\c@FancyVerbLineBreakLast=\count329
\FV@LineBox=\box63
\FV@LineIndentBox=\box64
\c@FV@BreakBufferDepth=\count330
\FV@LineWidth=\dimen187
)
(/usr/local/texlive/2025basic/texmf-dist/tex/latex/csquotes/csquotes.sty
Package: csquotes 2024-04-04 v5.2o context-sensitive quotations (JAW)
\csq@reset=\count331
\csq@gtype=\count332
\csq@glevel=\count333
\csq@qlevel=\count334
\csq@maxlvl=\count335
\csq@tshold=\count336
\csq@ltx@everypar=\toks26

(/usr/local/texlive/2025basic/texmf-dist/tex/latex/csquotes/csquotes.def
File: csquotes.def 2024-04-04 v5.2o csquotes generic definitions (JAW)
)
Package csquotes Info: Trying to load configuration file 'csquotes.cfg'...
Package csquotes Info: ... configuration file loaded successfully.

(/usr/local/texlive/2025basic/texmf-dist/tex/latex/csquotes/csquotes.cfg
File: csquotes.cfg 
))
(/usr/local/texlive/2025basic/texmf-dist/tex/latex/multirow/multirow.sty
Package: multirow 2024/11/12 v2.9 Span multiple rows of a table
\multirow@colwidth=\skip69
\multirow@cntb=\count337
\multirow@dima=\skip70
\bigstrutjot=\dimen188
)
(/usr/local/texlive/2025basic/texmf-dist/tex/latex/polyglossia/polyglossia.sty
Package: polyglossia 2025/01/31 v2.4 Modern multilingual typesetting with XeLaT
eX and LuaLaTeX

(/usr/local/texlive/2025basic/texmf-dist/tex/latex/fontspec/fontspec.sty
Package: fontspec 2024/05/11 v2.9e Font selection for XeLaTeX and LuaLaTeX

(/usr/local/texlive/2025basic/texmf-dist/tex/latex/fontspec/fontspec-xetex.sty
Package: fontspec-xetex 2024/05/11 v2.9e Font selection for XeLaTeX and LuaLaTe
X
\l__fontspec_script_int=\count338
\l__fontspec_language_int=\count339
\l__fontspec_strnum_int=\count340
\l__fontspec_tmp_int=\count341
\l__fontspec_tmpa_int=\count342
\l__fontspec_tmpb_int=\count343
\l__fontspec_tmpc_int=\count344
\l__fontspec_em_int=\count345
\l__fontspec_emdef_int=\count346
\l__fontspec_strong_int=\count347
\l__fontspec_strongdef_int=\count348
\l__fontspec_tmpa_dim=\dimen189
\l__fontspec_tmpb_dim=\dimen190
\l__fontspec_tmpc_dim=\dimen191

(/usr/local/texlive/2025basic/texmf-dist/tex/latex/base/fontenc.sty
Package: fontenc 2021/04/29 v2.0v Standard LaTeX package
)
(/usr/local/texlive/2025basic/texmf-dist/tex/latex/fontspec/fontspec.cfg)))
\l_xpg_alias_keyvals_int=\count349

(/usr/local/texlive/2025basic/texmf-dist/tex/latex/polyglossia/gloss-latex.ldf
File: gloss-latex.ldf polyglossia: module for default language
)) (/usr/local/texlive/2025basic/texmf-dist/tex/latex/base/makeidx.sty
Package: makeidx 2021/10/04 v1.0m Standard LaTeX package
)
\@indexfile=\write4
\openout4 = `data-science_final.idx'.


Writing index file data-science_final.idx

(/usr/local/texlive/2025basic/texmf-dist/tex/latex/polyglossia/gloss-english.ld
f
File: gloss-english.ldf polyglossia: module for English
)

Package polyglossia Info: Default language is english


(/usr/local/texlive/2025basic/texmf-dist/tex/latex/polyglossia/gloss-bengali.ld
f
File: gloss-bengali.ldf polyglossia: module for Bengali

(/usr/local/texlive/2025basic/texmf-dist/tex/latex/polyglossia/devanagaridigits
.sty
Package: devanagaridigits 2010/04/01 v0.1 Formatting of Devanagari digits
)
(/usr/local/texlive/2025basic/texmf-dist/tex/latex/polyglossia/bengalidigits.st
y
Package: bengalidigits 2015/08/07 v.02Formatting of Bengali digits
)

Package polyglossia Warning: No hyphenation patterns were loaded for `bengali'
(polyglossia)                I will use \language=\l@nohyphenation instead.

\l@bengali = a dialect from \language\l@nohyphenation 
)

Package fontspec Info: 
(fontspec)             Could not resolve font "Kohinoor Bangla/I" (it probably
(fontspec)             doesn't exist).


Package fontspec Info: 
(fontspec)             Font family 'KohinoorBangla(0)' created for font
(fontspec)             'Kohinoor Bangla' with options [].
(fontspec)              
(fontspec)              This font family consists of the following NFSS
(fontspec)             series/shapes:
(fontspec)              
(fontspec)             - 'normal' (m/n) with NFSS spec.: <->"Kohinoor
(fontspec)             Bangla/OT:script=DFLT;language=dflt;"
(fontspec)             - 'bold' (b/n) with NFSS spec.: <->"Kohinoor
(fontspec)             Bangla/B/OT:script=DFLT;language=dflt;"
(fontspec)             - 'bold italic' (b/it) with NFSS spec.: <->"Kohinoor
(fontspec)             Bangla/BI/OT:script=DFLT;language=dflt;"


Package fontspec Info: 
(fontspec)             Font family 'Georgia(0)' created for font 'Georgia'
(fontspec)             with options [].
(fontspec)              
(fontspec)              This font family consists of the following NFSS
(fontspec)             series/shapes:
(fontspec)              
(fontspec)             - 'normal' (m/n) with NFSS spec.:
(fontspec)             <->"Georgia/OT:script=latn;language=dflt;"
(fontspec)             - 'bold' (b/n) with NFSS spec.:
(fontspec)             <->"Georgia/B/OT:script=latn;language=dflt;"
(fontspec)             - 'italic' (m/it) with NFSS spec.:
(fontspec)             <->"Georgia/I/OT:script=latn;language=dflt;"
(fontspec)             - 'bold italic' (b/it) with NFSS spec.:
(fontspec)             <->"Georgia/BI/OT:script=latn;language=dflt;"

Package csquotes Info: Checking for multilingual support...
Package csquotes Info: ... found 'polyglossia' package.
Package csquotes Info: Adjusting default style.
Package csquotes Info: Redefining alias 'default' -> 'american'.
 (./data-science_final.aux)
Runaway argument?
{\contentsline {figure}{\numberline {5.22}{\ignorespace 
./data-science_final.tex:64: File ended while scanning use of \@writefile.
<inserted text> 
                \par 
l.64 \begin{document}
                     \index{asking interesting questions}\index{autocorrelat...
I suspect you have forgotten a `}', causing me
to read past where you wanted me to stop.
I'll try to recover; but if the error is serious,
you'd better type `E' or `X' now and fix your file.

\openout1 = `data-science_final.aux'.

LaTeX Font Info:    Checking defaults for OML/cmm/m/it on input line 64.
LaTeX Font Info:    ... okay on input line 64.
LaTeX Font Info:    Checking defaults for OMS/cmsy/m/n on input line 64.
LaTeX Font Info:    ... okay on input line 64.
LaTeX Font Info:    Checking defaults for OT1/cmr/m/n on input line 64.
LaTeX Font Info:    ... okay on input line 64.
LaTeX Font Info:    Checking defaults for T1/cmr/m/n on input line 64.
LaTeX Font Info:    ... okay on input line 64.
LaTeX Font Info:    Checking defaults for TS1/cmr/m/n on input line 64.
LaTeX Font Info:    ... okay on input line 64.
LaTeX Font Info:    Checking defaults for TU/lmr/m/n on input line 64.
LaTeX Font Info:    ... okay on input line 64.
LaTeX Font Info:    Checking defaults for OMX/cmex/m/n on input line 64.
LaTeX Font Info:    ... okay on input line 64.
LaTeX Font Info:    Checking defaults for U/cmr/m/n on input line 64.
LaTeX Font Info:    ... okay on input line 64.
LaTeX Font Info:    Checking defaults for PD1/pdf/m/n on input line 64.
LaTeX Font Info:    ... okay on input line 64.
LaTeX Font Info:    Checking defaults for PU/pdf/m/n on input line 64.
LaTeX Font Info:    ... okay on input line 64.
(/usr/local/texlive/2025basic/texmf-dist/tex/latex/graphics/color.sty
Package: color 2024/06/23 v1.3e Standard LaTeX Color (DPC)

(/usr/local/texlive/2025basic/texmf-dist/tex/latex/graphics-cfg/color.cfg
File: color.cfg 2016/01/02 v1.6 sample color configuration
)
Package color Info: Driver file: xetex.def on input line 149.

(/usr/local/texlive/2025basic/texmf-dist/tex/latex/graphics/mathcolor.ltx))
Package hyperref Info: Link coloring ON on input line 64.

(./data-science_final.out)
Runaway argument?
{\376\377\000I\000m\000p 
./data-science_final.tex:64: File ended while scanning use of \@@BOOKMARK.
<inserted text> 
                \par 
l.64 \begin{document}
                     \index{asking interesting questions}\index{autocorrelat...
I suspect you have forgotten a `}', causing me
to read past where you wanted me to stop.
I'll try to recover; but if the error is serious,
you'd better type `E' or `X' now and fix your file.

(./data-science_final.out)
Runaway argument?
{\376\377\000I\000m\000p 
./data-science_final.tex:64: File ended while scanning use of \@@BOOKMARK.
<inserted text> 
                \par 
l.64 \begin{document}
                     \index{asking interesting questions}\index{autocorrelat...
I suspect you have forgotten a `}', causing me
to read past where you wanted me to stop.
I'll try to recover; but if the error is serious,
you'd better type `E' or `X' now and fix your file.

\@outlinefile=\write5
\openout5 = `data-science_final.out'.


Package chemgreek Info: Activating mapping `fontspec' on line 64.


Package fontspec Info: 
(fontspec)             Adjusting the maths setup (use [no-math] to avoid
(fontspec)             this).

\symlegacymaths=\mathgroup7
LaTeX Font Info:    Overwriting symbol font `legacymaths' in version `bold'
(Font)                  OT1/cmr/m/n --> OT1/cmr/bx/n on input line 64.
LaTeX Font Info:    Redeclaring math accent \acute on input line 64.
LaTeX Font Info:    Redeclaring math accent \grave on input line 64.
LaTeX Font Info:    Redeclaring math accent \ddot on input line 64.
LaTeX Font Info:    Redeclaring math accent \tilde on input line 64.
LaTeX Font Info:    Redeclaring math accent \bar on input line 64.
LaTeX Font Info:    Redeclaring math accent \breve on input line 64.
LaTeX Font Info:    Redeclaring math accent \check on input line 64.
LaTeX Font Info:    Redeclaring math accent \hat on input line 64.
LaTeX Font Info:    Redeclaring math accent \dot on input line 64.
LaTeX Font Info:    Redeclaring math accent \mathring on input line 64.
LaTeX Font Info:    Redeclaring math symbol \Gamma on input line 64.
LaTeX Font Info:    Redeclaring math symbol \Delta on input line 64.
LaTeX Font Info:    Redeclaring math symbol \Theta on input line 64.
LaTeX Font Info:    Redeclaring math symbol \Lambda on input line 64.
LaTeX Font Info:    Redeclaring math symbol \Xi on input line 64.
LaTeX Font Info:    Redeclaring math symbol \Pi on input line 64.
LaTeX Font Info:    Redeclaring math symbol \Sigma on input line 64.
LaTeX Font Info:    Redeclaring math symbol \Upsilon on input line 64.
LaTeX Font Info:    Redeclaring math symbol \Phi on input line 64.
LaTeX Font Info:    Redeclaring math symbol \Psi on input line 64.
LaTeX Font Info:    Redeclaring math symbol \Omega on input line 64.
LaTeX Font Info:    Redeclaring math symbol \mathdollar on input line 64.
LaTeX Font Info:    Redeclaring symbol font `operators' on input line 64.
LaTeX Font Info:    Encoding `OT1' has changed to `TU' for symbol font
(Font)              `operators' in the math version `normal' on input line 64.
LaTeX Font Info:    Overwriting symbol font `operators' in version `normal'
(Font)                  OT1/cmr/m/n --> TU/lmr/m/n on input line 64.
LaTeX Font Info:    Encoding `OT1' has changed to `TU' for symbol font
(Font)              `operators' in the math version `bold' on input line 64.
LaTeX Font Info:    Overwriting symbol font `operators' in version `bold'
(Font)                  OT1/cmr/bx/n --> TU/lmr/m/n on input line 64.
LaTeX Font Info:    Overwriting symbol font `operators' in version `normal'
(Font)                  TU/lmr/m/n --> TU/lmr/m/n on input line 64.
LaTeX Font Info:    Overwriting math alphabet `\mathit' in version `normal'
(Font)                  OT1/cmr/m/it --> TU/lmr/m/it on input line 64.
LaTeX Font Info:    Overwriting math alphabet `\mathbf' in version `normal'
(Font)                  OT1/cmr/bx/n --> TU/lmr/b/n on input line 64.
LaTeX Font Info:    Overwriting math alphabet `\mathsf' in version `normal'
(Font)                  OT1/cmss/m/n --> TU/lmss/m/n on input line 64.
LaTeX Font Info:    Overwriting math alphabet `\mathtt' in version `normal'
(Font)                  OT1/cmtt/m/n --> TU/lmtt/m/n on input line 64.
LaTeX Font Info:    Overwriting symbol font `operators' in version `bold'
(Font)                  TU/lmr/m/n --> TU/lmr/b/n on input line 64.
LaTeX Font Info:    Overwriting math alphabet `\mathit' in version `bold'
(Font)                  OT1/cmr/bx/it --> TU/lmr/b/it on input line 64.
LaTeX Font Info:    Overwriting math alphabet `\mathsf' in version `bold'
(Font)                  OT1/cmss/bx/n --> TU/lmss/b/n on input line 64.
LaTeX Font Info:    Overwriting math alphabet `\mathtt' in version `bold'
(Font)                  OT1/cmtt/m/n --> TU/lmtt/b/n on input line 64.
LaTeX Font Info:    Font shape `TU/Georgia(0)/bx/n' in size <24.88> not availab
le
(Font)              Font shape `TU/Georgia(0)/b/n' tried instead on input line 
65.
(./data-science_final.toc)
\tf@toc=\write6
\openout6 = `data-science_final.toc'.

LaTeX Font Info:    Font shape `TU/Georgia(0)/bx/n' in size <14.4> not availabl
e
(Font)              Font shape `TU/Georgia(0)/b/n' tried instead on input line 
67.
LaTeX Font Info:    Font shape `TU/Georgia(0)/bx/n' in size <10> not available
(Font)              Font shape `TU/Georgia(0)/b/n' tried instead on input line 
70.
File: ./images/2025_03_17_ca60ec0bfd96dcf8e028g-001.jpg Graphic file (type bmp)

<./images/2025_03_17_ca60ec0bfd96dcf8e028g-001.jpg>

Overfull \hbox (6.75647pt too wide) in paragraph at lines 82--96
\TU/Georgia(0)/m/n/10 This work is subject to copyright. All rights are reserve
d by the Publisher, whether
 []


Underfull \vbox (badness 1533) has occurred while \output is active []



[1


]

LaTeX Font Info:    Font shape `TU/Georgia(0)/m/sl' in size <10> not available
(Font)              Font shape `TU/Georgia(0)/m/it' tried instead on input line
 106.
[2]

LaTeX Warning: Citation `skiena2008algorithm' on page 3 undefined on input line
 112.



[3]

[4]
Overfull \hbox (20.02608pt too wide) in paragraph at lines 138--139
[]\TU/Georgia(0)/m/it/10 Take-Home Lessons\TU/Georgia(0)/m/n/10 : Highlighted "
take-home" lesson boxes scattered through
 []


Overfull \hbox (1.57036pt too wide) in paragraph at lines 139--141
\TU/Georgia(0)/m/n/10 questions, reflecting the questions students might encoun
ter when search-
 []


Underfull \hbox (badness 10000) in paragraph at lines 139--141

 []


./data-science_final.tex:144: LaTeX Error: Lonely \item--perhaps a missing list
 environment.

See the LaTeX manual or LaTeX Companion for explanation.
Type  H <return>  for immediate help.
 ...                                              
                                                  
l.144   \item \textit
                     {Kaggle Challenges}: Kaggle (\href{http://www.kaggle.co...

Try typing  <return>  to proceed.
If that doesn't work, type  X <return>  to quit.


Underfull \hbox (badness 10000) detected at line 144
[][]
 []


./data-science_final.tex:145: LaTeX Error: Lonely \item--perhaps a missing list
 environment.

See the LaTeX manual or LaTeX Companion for explanation.
Type  H <return>  for immediate help.
 ...                                              
                                                  
l.145   \item \textit
                     {Data Science Television}: Data science remains mysteri...

Try typing  <return>  to proceed.
If that doesn't work, type  X <return>  to quit.


Underfull \hbox (badness 10000) detected at line 145
[][]
 []



[5]

./data-science_final.tex:148: LaTeX Error: Lonely \item--perhaps a missing list
 environment.

See the LaTeX manual or LaTeX Companion for explanation.
Type  H <return>  for immediate help.
 ...                                              
                                                  
l.148   \item \textit
                     {Chapter Notes}: Finally, each tutorial chapter conclud...

Try typing  <return>  to proceed.
If that doesn't work, type  X <return>  to quit.


Underfull \hbox (badness 10000) detected at line 148
[][]
 []


Overfull \hbox (1.0873pt too wide) in paragraph at lines 152--153
\TU/Georgia(0)/m/n/10 meaning that they don't always process statistical eviden
ce with as much alacrity
 []



[6]
LaTeX Font Info:    Trying to load font information for U+msa on input line 406
.
 (/usr/local/texlive/2025basic/texmf-dist/tex/latex/amsfonts/umsa.fd
File: umsa.fd 2013/01/14 v3.01 AMS symbols A
)
LaTeX Font Info:    Trying to load font information for U+msb on input line 406
.

(/usr/local/texlive/2025basic/texmf-dist/tex/latex/amsfonts/umsb.fd
File: umsb.fd 2013/01/14 v3.01 AMS symbols B
)
LaTeX Font Info:    Trying to load font information for U+stmry on input line 4
06.

(/usr/local/texlive/2025basic/texmf-dist/tex/latex/stmaryrd/Ustmry.fd)

[7]

[8]

[9]

[10]

[11]

[12]

[13]
Overfull \hbox (1.56245pt too wide) in paragraph at lines 496--497
\TU/Georgia(0)/m/n/10 amounts of social media, logging, and sensor data. After 
you have amassed
 []


LaTeX Warning: Citation `lewis2004moneyball' on page 14 undefined on input line
 498.


LaTeX Warning: Citation `silver2012signal' on page 14 undefined on input line 4
98.



[14]
LaTeX Font Info:    Font shape `TU/Georgia(0)/bx/n' in size <12> not available
(Font)              Font shape `TU/Georgia(0)/b/n' tried instead on input line 
503.

Overfull \hbox (5.49805pt too wide) in paragraph at lines 503--503
[]\TU/Georgia(0)/b/n/12 Computer Science, Data Science, and Real Science 
 []


Overfull \hbox (2.29301pt too wide) in paragraph at lines 513--515
\TU/Georgia(0)/m/n/10 By contrast, bad computer scientists worry about producin
g plausiblelook-
 []


Underfull \hbox (badness 10000) in paragraph at lines 515--516

 []



[15]

./data-science_final.tex:519: LaTeX Error: Lonely \item--perhaps a missing list
 environment.

See the LaTeX manual or LaTeX Companion for explanation.
Type  H <return>  for immediate help.
 ...                                              
                                                  
l.519   \item \textit
                     {Precision}: Nothing is ever completely true or false i...

Try typing  <return>  to proceed.
If that doesn't work, type  X <return>  to quit.


Underfull \hbox (badness 10000) detected at line 519
[][]
 []



[16]
Overfull \hbox (0.49648pt too wide) in paragraph at lines 543--544
\TU/Georgia(0)/m/n/10 Good data scientists develop an inherent curiosity about 
the world around them,
 []

File: ./images/2025_03_17_ca60ec0bfd96dcf8e028g-023.jpg Graphic file (type bmp)

<./images/2025_03_17_ca60ec0bfd96dcf8e028g-023.jpg>


[17]

[18]
Overfull \hbox (1.49472pt too wide) in paragraph at lines 572--573
[]\TU/Georgia(0)/m/n/10 This historical baseball record is available at [][]htt
p://www[][]. baseball-reference
 []


Underfull \hbox (badness 10000) in paragraph at lines 572--573

 []

File: ./images/2025_03_17_ca60ec0bfd96dcf8e028g-024.jpg Graphic file (type bmp)

<./images/2025_03_17_ca60ec0bfd96dcf8e028g-024.jpg>


[19]

LaTeX Warning: Citation `halpern1988do' on page 20 undefined on input line 602.




[20]
File: ./images/2025_03_17_ca60ec0bfd96dcf8e028g-026.jpg Graphic file (type bmp)

<./images/2025_03_17_ca60ec0bfd96dcf8e028g-026.jpg>
File: ./images/2025_03_17_ca60ec0bfd96dcf8e028g-026(1).jpg Graphic file (type b
mp)
<./images/2025_03_17_ca60ec0bfd96dcf8e028g-026(1).jpg>


[21]

[22]

[23]

LaTeX Warning: Citation `bell2007lessons' on page 24 undefined on input line 65
4.

File: ./images/2025_03_17_ca60ec0bfd96dcf8e028g-028.jpg Graphic file (type bmp)

<./images/2025_03_17_ca60ec0bfd96dcf8e028g-028.jpg>


[24]
./data-science_final.tex:667: Missing $ inserted.
<inserted text> 
                $
l.667 ... applied to cultural trend analysis [MAV^
                                                  {+}11]. Figure 1.5 uses th...
I've inserted a begin-math/end-math symbol since I think
you left one out. Proceed, with fingers crossed.

./data-science_final.tex:668: Missing $ inserted.
<inserted text> 
                $
l.668 
      
I've inserted a begin-math/end-math symbol since I think
you left one out. Proceed, with fingers crossed.


Overfull \hbox (1681.39764pt too wide) in paragraph at lines 667--668
\TU/Georgia(0)/m/n/10 years, and has been widely applied to cultural trend anal
ysis [MAV$[]\OT1/cmr/m/n/10 11]\OML/cmm/m/it/10 :Figure\OT1/cmr/m/n/10 1\OML/cm
m/m/it/10 :\OT1/cmr/m/n/10 5\OML/cmm/m/it/10 usesthisdatatoshowhowtheword[]fell
outoffavorwhenthinkingaboutcomputing:[]wasthepopulartermassociatedwiththecomput
ingfieldduringthepunchedcardandspinningmagnetictapeeraofthe\OT1/cmr/m/n/10 1950
\OML/cmm/m/it/10 s:TheNgramsdatashowsthattherapidriseof[]didnoteclipse[]until\O
T1/cmr/m/n/10 1980\OML/cmm/m/it/10 :Eventoday; []remainsalmostinvisibleonthissc
ale:$ 
 []



[25]
./data-science_final.tex:696: Misplaced \noalign.
\hline ->\noalign 
                  {\ifnum 0=`}\fi \hrule \@height \arrayrulewidth \futurelet...
l.696 \hline
            
I expect to see \noalign only after the \cr of
an alignment. Proceed, and I'll ignore this case.

./data-science_final.tex:696: You can't use `\hrule' here except with leaders.
\hline ->\noalign {\ifnum 0=`}\fi \hrule 
                                         \@height \arrayrulewidth \futurelet...
l.696 \hline
            
To put a horizontal rule in an hbox or an alignment,
you should use \leaders or \hrulefill (see The TeXbook).

./data-science_final.tex:696: Missing number, treated as zero.
<to be read again> 
                   \futurelet 
l.696 \hline
            
A number should have been here; I inserted `0'.
(If you can't figure out why I needed to see a number,
look up `weird error' in the index to The TeXbook.)

./data-science_final.tex:696: Illegal unit of measure (pt inserted).
<to be read again> 
                   \futurelet 
l.696 \hline
            
Dimensions can be in units of em, ex, in, pt, pc,
cm, mm, dd, cc, bp, or sp; but yours is a new one!
I'll assume that you meant to say pt, for printer's points.
To recover gracefully from this error, it's best to
delete the erroneous units; e.g., type `2' to delete
two letters. (See Chapter 27 of The TeXbook.)

./data-science_final.tex:697: Extra alignment tab has been changed to \cr.
<recently read> \endtemplate 
                             
l.697 ...3.9998 & 40.74334 & -73.9428 & 40.80662 &
                                                   2 & 0 & 30.8 \\
You have given more \span or & marks than there were
in the preamble to the \halign or \valign now in progress.
So I'll assume that you meant to type \cr instead.


Overfull \hbox (278.53044pt too wide) in paragraph at lines 693--718
 [] 
 []



[26]
File: ./images/2025_03_17_ca60ec0bfd96dcf8e028g-031.jpg Graphic file (type bmp)

<./images/2025_03_17_ca60ec0bfd96dcf8e028g-031.jpg>


[27]
Overfull \hbox (0.2979pt too wide) in paragraph at lines 743--744
[]\TU/Georgia(0)/m/n/10 Which drivers take their unsuspecting out-of-town passe
ngers for a "ride,"
 []


LaTeX Warning: Citation `starov2015gis' on page 28 undefined on input line 747.




[28]

[29]

[30]
Underfull \hbox (badness 10000) in paragraph at lines 804--805

 []


./data-science_final.tex:808: LaTeX Error: Lonely \item--perhaps a missing list
 environment.

See the LaTeX manual or LaTeX Companion for explanation.
Type  H <return>  for immediate help.
 ...                                              
                                                  
l.808   \item \textit
                     {Regression}: Another common task is to forecast a give...

Try typing  <return>  to proceed.
If that doesn't work, type  X <return>  to quit.


Underfull \hbox (badness 10000) detected at line 808
[][]
 []



[31]
Overfull \hbox (2.02252pt too wide) in paragraph at lines 825--826
\TU/Georgia(0)/m/n/10 data sets, building their own evaluation environments, an
d devising their model.
 []


Underfull \hbox (badness 10000) in paragraph at lines 836--837

 []



[32]
File: ./images/2025_03_17_ca60ec0bfd96dcf8e028g-036.jpg Graphic file (type bmp)

<./images/2025_03_17_ca60ec0bfd96dcf8e028g-036.jpg>


[33]

[34]

LaTeX Warning: Citation `skiena2001calculated' on page 35 undefined on input li
ne 873.


LaTeX Warning: Citation `zhang2009improving' on page 35 undefined on input line
 873.


LaTeX Warning: Citation `zhang2010trading' on page 35 undefined on input line 8
73.


LaTeX Warning: Citation `hong2010wisdom' on page 35 undefined on input line 873
.


Overfull \hbox (0.20578pt too wide) in paragraph at lines 873--874
\TU/Georgia(0)/m/n/10 scraping for data collection, statistical analysis, simul
ation/modeling, and
 []


LaTeX Warning: Citation `skiena2013whos' on page 35 undefined on input line 876
.



[35]

[36]

LaTeX Warning: Citation `halpern1991handedness' on page 37 undefined on input l
ine 910.


LaTeX Warning: Citation `mcmanus2004right' on page 37 undefined on input line 9
10.


LaTeX Warning: Citation `james2010new' on page 37 undefined on input line 912.


LaTeX Warning: Citation `godbole2007large' on page 37 undefined on input line 9
16.


LaTeX Warning: Citation `kulkarni2015statistically' on page 37 undefined on inp
ut line 916.



[37]
Underfull \hbox (badness 10000) in paragraph at lines 951--952

 []



[38]

[39]

[40

]
Chapter 1.
LaTeX Font Info:    Font shape `TU/Georgia(0)/bx/n' in size <20.74> not availab
le
(Font)              Font shape `TU/Georgia(0)/b/n' tried instead on input line 
996.


[41]
Overfull \hbox (3.37482pt too wide) detected at line 1024
[][]
 []



[42]

[43]
File: ./images/2025_03_17_ca60ec0bfd96dcf8e028g-047.jpg Graphic file (type bmp)

<./images/2025_03_17_ca60ec0bfd96dcf8e028g-047.jpg>

Overfull \hbox (2.31418pt too wide) in paragraph at lines 1099--1101
[]\TU/Georgia(0)/m/n/10 Figure 2.1: Venn diagrams illustrating set difference (
left), intersection (mid-
 []



[44]

[45]
File: ./images/2025_03_17_ca60ec0bfd96dcf8e028g-049.jpg Graphic file (type bmp)

<./images/2025_03_17_ca60ec0bfd96dcf8e028g-049.jpg>


[46]
File: ./images/2025_03_17_ca60ec0bfd96dcf8e028g-050.jpg Graphic file (type bmp)

<./images/2025_03_17_ca60ec0bfd96dcf8e028g-050.jpg>


[47]

[48]
./data-science_final.tex:1250: Extra }, or forgotten \endgroup.
<recently read> }
                 
l.1250 }
        
I've deleted a group-closing symbol because it seems to be
spurious, as in `$x}$'. But perhaps the } is legitimate and
you forgot something else, as in `\hbox{$x}'. In such cases
the way to recover is to insert both the forgotten and the
deleted material, e.g., by typing `I$}'.

File: ./images/2025_03_17_ca60ec0bfd96dcf8e028g-053.jpg Graphic file (type bmp)

<./images/2025_03_17_ca60ec0bfd96dcf8e028g-053.jpg>


[49]
Overfull \hbox (4.32753pt too wide) in paragraph at lines 1260--1262
\TU/Georgia(0)/m/n/10 is meaningful, but interesting peaks only get revealed th
rough proper buck-
 []


Underfull \vbox (badness 10000) has occurred while \output is active []



[50]
Overfull \hbox (0.41347pt too wide) in paragraph at lines 1279--1280
[]\TU/Georgia(0)/m/n/10 An often confusing matter concerns the denominator in t
he formula for stan-
 []


Overfull \hbox (0.66052pt too wide) in paragraph at lines 1282--1283
\TU/Georgia(0)/m/n/10 observations capture unrepresentative circumstances, like
 measuring rush hour
 []



[51]
File: ./images/2025_03_17_ca60ec0bfd96dcf8e028g-055.jpg Graphic file (type bmp)

<./images/2025_03_17_ca60ec0bfd96dcf8e028g-055.jpg>


[52]
Overfull \hbox (2.94276pt too wide) in paragraph at lines 1328--1329
\TU/Georgia(0)/m/n/10 Distributions do not necessarily have much probability ma
ss exactly at the mean.
 []



[53]
Overfull \hbox (2.90527pt too wide) in paragraph at lines 1332--1333
[]\TU/Georgia(0)/m/n/10 To be precise, regardless of how your data is distribut
ed, at least $\OT1/cmr/m/n/10 (1 \OMS/cmsy/m/n/10 ^^@ \OT1/cmr/m/n/10 (1/\OML/c
mm/m/it/10 k[]\OT1/cmr/m/n/10 ))$\TU/Georgia(0)/m/n/10 th
 []



[54]
Underfull \hbox (badness 10000) in paragraph at lines 1349--1349
[][][]\TU/Georgia(0)/m/n/8 https://research.collegeboard.org/sites/default/file
s/publications/2012/9/researchreport-
 []



[55]
Underfull \hbox (badness 1248) in paragraph at lines 1378--1378
[][][]$[][]$ [][]\TU/Georgia(0)/m/n/8 http://webspace.pugetsound.edu/facultypag
es/cjones/chidev/Paper/Articles/[][] Anderson-
 []

File: ./images/2025_03_17_ca60ec0bfd96dcf8e028g-059.jpg Graphic file (type bmp)

<./images/2025_03_17_ca60ec0bfd96dcf8e028g-059.jpg>

Overfull \hbox (9.97722pt too wide) in paragraph at lines 1386--1386
[]\TU/Georgia(0)/b/n/14.4 The Spearman Rank Correlation Coefficient 
 []


Overfull \hbox (1.14752pt too wide) in paragraph at lines 1394--1395
[]\TU/Georgia(0)/m/n/10 Summing up over all pairs of points and normalizing pro
perly gives us Spear-
 []



[56]

[57]
File: ./images/2025_03_17_ca60ec0bfd96dcf8e028g-060(2).jpg Graphic file (type b
mp)
<./images/2025_03_17_ca60ec0bfd96dcf8e028g-060(2).jpg>
File: ./images/2025_03_17_ca60ec0bfd96dcf8e028g-060.jpg Graphic file (type bmp)

<./images/2025_03_17_ca60ec0bfd96dcf8e028g-060.jpg>
File: ./images/2025_03_17_ca60ec0bfd96dcf8e028g-060(1).jpg Graphic file (type b
mp)
<./images/2025_03_17_ca60ec0bfd96dcf8e028g-060(1).jpg>


LaTeX Warning: Float too large for page by 605.42398pt on input line 1408.

File: ./images/2025_03_17_ca60ec0bfd96dcf8e028g-061(1).jpg Graphic file (type b
mp)
<./images/2025_03_17_ca60ec0bfd96dcf8e028g-061(1).jpg>
File: ./images/2025_03_17_ca60ec0bfd96dcf8e028g-061.jpg Graphic file (type bmp)

<./images/2025_03_17_ca60ec0bfd96dcf8e028g-061.jpg>


[58]

[59]
Overfull \hbox (15.31471pt too wide) in paragraph at lines 1448--1449
\TU/Georgia(0)/m/n/10 ing large numbers of features. Any single feature/correla
tion might explain/predict
 []



[60]
Overfull \hbox (8.10326pt too wide) in paragraph at lines 1460--1461
[]\TU/Georgia(0)/m/n/10 Still, \TU/Georgia(0)/m/it/10 correlation implies causa
tion \TU/Georgia(0)/m/n/10 is a common error in thinking, even among
 []

File: ./images/2025_03_17_ca60ec0bfd96dcf8e028g-063(2).jpg Graphic file (type b
mp)
<./images/2025_03_17_ca60ec0bfd96dcf8e028g-063(2).jpg>

Underfull \hbox (badness 10000) in paragraph at lines 1465--1465
[]\TU/Georgia(0)/m/n/10 Figure 1.9: []Correlation does not imply causation. (So
urce
 []

File: ./images/2025_03_17_ca60ec0bfd96dcf8e028g-063.jpg Graphic file (type bmp)

<./images/2025_03_17_ca60ec0bfd96dcf8e028g-063.jpg>
File: ./images/2025_03_17_ca60ec0bfd96dcf8e028g-063(1).jpg Graphic file (type b
mp)
<./images/2025_03_17_ca60ec0bfd96dcf8e028g-063(1).jpg>


[61]

[62]
Underfull \vbox (badness 10000) has occurred while \output is active []



[63]
Overfull \hbox (8.8045pt too wide) in paragraph at lines 1496--1497
[]\TU/Georgia(0)/m/n/10 Exponential functions grow at a very fast rate: conside
r $\OML/cmm/m/it/10 b \OT1/cmr/m/n/10 = []$\TU/Georgia(0)/m/n/10 .
 []



[64]
File: ./images/2025_03_17_ca60ec0bfd96dcf8e028g-066.jpg Graphic file (type bmp)

<./images/2025_03_17_ca60ec0bfd96dcf8e028g-066.jpg>


[65]
Overfull \hbox (5.47656pt too wide) in paragraph at lines 1543--1543
[]\TU/Georgia(0)/b/n/12 Logarithms and Normalizing Skewed Distributions 
 []

File: ./images/2025_03_17_ca60ec0bfd96dcf8e028g-067.jpg Graphic file (type bmp)

<./images/2025_03_17_ca60ec0bfd96dcf8e028g-067.jpg>


[66]

[67]

[68]

LaTeX Warning: Citation `tijms2012understanding' on page 69 undefined on input 
line 1626.


LaTeX Warning: Citation `bertsekas2008introduction' on page 69 undefined on inp
ut line 1626.


LaTeX Warning: Citation `james2013introduction' on page 69 undefined on input l
ine 1626.


LaTeX Warning: Citation `wheelan2013naked' on page 69 undefined on input line 1
626.


LaTeX Warning: Citation `weaver1982lady' on page 69 undefined on input line 162
6.


LaTeX Warning: Citation `malkiel1999random' on page 69 undefined on input line 
1628.


LaTeX Warning: Citation `bracewell1999fourier' on page 69 undefined on input li
ne 1632.


LaTeX Warning: Citation `brigham1988fast' on page 69 undefined on input line 16
32.


LaTeX Warning: Citation `press2007numerical' on page 69 undefined on input line
 1632.


Overfull \hbox (0.433pt too wide) in paragraph at lines 1634--1635
[]\TU/Georgia(0)/m/n/10 The comic strip in Figure 2.10 comes from Randall Munro
e's webcomic \TU/Georgia(0)/m/it/10 xkcd\TU/Georgia(0)/m/n/10 ,
 []


LaTeX Warning: Citation `skiena2012redesigning' on page 69 undefined on input l
ine 1636.



[69]
Overfull \hbox (7.97423pt too wide) in paragraph at lines 1678--1682
[]\TU/Georgia(0)/m/n/10 2-11. \TU/Georgia(0)/m/it/10 [3] \TU/Georgia(0)/m/n/10 
What would be the correlation coefficient between the annual salaries
 []


Overfull \hbox (0.65164pt too wide) in paragraph at lines 1688--1691
[]\TU/Georgia(0)/m/n/10 2-13. \TU/Georgia(0)/m/it/10 [5] \TU/Georgia(0)/m/n/10 
Use data or literature found in a Google search to estimate/measure
 []



[70]
Overfull \hbox (5.34889pt too wide) in paragraph at lines 1710--1713
\TU/Georgia(0)/m/n/10 interesting correlations. Perhaps start with what is avai
lable at [][]http://www.data-
 []



[71]

[72]
Chapter 2.


[73

]
Overfull \hbox (1.5479pt too wide) in paragraph at lines 1776--1777
[]\TU/Georgia(0)/m/n/10 Perhaps the biggest strike against Python is efficiency
: interpreted languages
 []



[74]
LaTeX Font Info:    Font shape `TU/Georgia(0)/bx/n' in size <8> not available
(Font)              Font shape `TU/Georgia(0)/b/n' tried instead on input line 
1793.


LaTeX Warning: Citation `barron2010apples' on page 75 undefined on input line 1
793.


Overfull \hbox (78.7392pt too wide) in paragraph at lines 1793--1794
\TU/Georgia(0)/m/n/10 of algorithms and pre-digested data sources. Check it out
 at [][]http://www.wolframalpha.com[][].
 []



[75]
File: ./images/2025_03_17_ca60ec0bfd96dcf8e028g-077.jpg Graphic file (type bmp)

<./images/2025_03_17_ca60ec0bfd96dcf8e028g-077.jpg>


[76]

[77]
Overfull \hbox (1.26033pt too wide) in paragraph at lines 1854--1856
[]\TU/Georgia(0)/m/it/10 CSV (comma separated value) files\TU/Georgia(0)/m/n/10
 : These files provide the simplest, most
 []


Overfull \hbox (0.3196pt too wide) in paragraph at lines 1854--1856
\TU/Georgia(0)/m/n/10 spection. But subtleties revolve around special character
s and text strings:
 []



[78]

[79]

[80]

[81]

[82]
Overfull \hbox (3.05643pt too wide) in paragraph at lines 1964--1965
\TU/Georgia(0)/m/n/10 tounderstand formatting languages like HTML and/or JavaSc
ript. Your browser
 []


Overfull \hbox (1.2698pt too wide) in paragraph at lines 1966--1967
\TU/Georgia(0)/m/n/10 grams themselves, and hence highly predictable in their f
ormat. But such scripts
 []



[83]
Overfull \hbox (2.96391pt too wide) in paragraph at lines 1976--1977
[]\TU/Georgia(0)/m/n/10 Please understand that politeness limits how rapidly yo
u should spider/crawl
 []



[84]
File: ./images/2025_03_17_ca60ec0bfd96dcf8e028g-087.jpg Graphic file (type bmp)

<./images/2025_03_17_ca60ec0bfd96dcf8e028g-087.jpg>


[85]
File: ./images/2025_03_17_ca60ec0bfd96dcf8e028g-088.jpg Graphic file (type bmp)

<./images/2025_03_17_ca60ec0bfd96dcf8e028g-088.jpg>


[86]

[87]
Overfull \hbox (2.80605pt too wide) in paragraph at lines 2061--2062
[]\TU/Georgia(0)/m/n/10 These types of data comparability issues arise whenever
 data sets are merged.
 []



[88]
Overfull \hbox (3.70122pt too wide) in paragraph at lines 2083--2084
[]\TU/Georgia(0)/m/n/10 Numerical representation issues can take credit for des
troying another rocket
 []



[89]
Overfull \hbox (0.3871pt too wide) in paragraph at lines 2102--2103
\TU/Georgia(0)/m/n/10 Characters in text strings are assigned numerical represe
ntations, with the map-
 []



[90]

LaTeX Warning: Citation `reingold2001calendrical' on page 91 undefined on input
 line 2115.



[91]

[92]
Overfull \hbox (0.40175pt too wide) in paragraph at lines 2157--2158
\TU/Georgia(0)/m/n/10 enough training data, provided the missing values are abs
ent for non-systematic
 []


Underfull \hbox (badness 10000) in paragraph at lines 2169--2170

 []



[93]

./data-science_final.tex:2173: LaTeX Error: Lonely \item--perhaps a missing lis
t environment.

See the LaTeX manual or LaTeX Companion for explanation.
Type  H <return>  for immediate help.
 ...                                              
                                                  
l.2173   \item \emph
                    {Imputation by nearest neighbor}: What if we identify th...

Try typing  <return>  to proceed.
If that doesn't work, type  X <return>  to quit.


Underfull \hbox (badness 10000) detected at line 2173
[][]
 []


Overfull \hbox (9.2953pt too wide) in paragraph at lines 2176--2177
[]\TU/Georgia(0)/m/n/10 This approach requires a distance function to identify 
the most similar records.
 []


LaTeX Warning: Citation `goldenberg2016biggest' on page 94 undefined on input l
ine 2189.



[94]
Overfull \hbox (4.74258pt too wide) in paragraph at lines 2202--2203
\TU/Georgia(0)/m/n/10 Every time we met, my graduate student Wenbin told me we 
were making money.
 []



[95]
File: ./images/2025_03_17_ca60ec0bfd96dcf8e028g-098.jpg Graphic file (type bmp)

<./images/2025_03_17_ca60ec0bfd96dcf8e028g-098.jpg>


[96]

[97]

LaTeX Warning: Citation `surowiecki2005wisdom' on page 98 undefined on input li
ne 2267.



[98]
Underfull \hbox (badness 10000) in paragraph at lines 2272--2273

 []


Overfull \hbox (7.64545pt too wide) in paragraph at lines 2275--2276
[]\TU/Georgia(0)/m/n/10 Why? Because the question at hand benefits greatly from
 specialized knowl-
 []



[99]
File: ./images/2025_03_17_ca60ec0bfd96dcf8e028g-102.jpg Graphic file (type bmp)

<./images/2025_03_17_ca60ec0bfd96dcf8e028g-102.jpg>


[100]
Overfull \hbox (0.17746pt too wide) in paragraph at lines 2316--2317
\TU/Georgia(0)/m/n/10 interest in crowdsourcing will be to produce human annota
tions that serve
 []



[101]

./data-science_final.tex:2321: LaTeX Error: Lonely \item--perhaps a missing lis
t environment.

See the LaTeX manual or LaTeX Companion for explanation.
Type  H <return>  for immediate help.
 ...                                              
                                                  
l.2321   \item \textit
                      {Putting humans into the machine}: There still exist m...

Try typing  <return>  to proceed.
If that doesn't work, type  X <return>  to quit.


Underfull \hbox (badness 10000) detected at line 2321
[][]
 []


./data-science_final.tex:2324: LaTeX Error: Lonely \item--perhaps a missing lis
t environment.

See the LaTeX manual or LaTeX Companion for explanation.
Type  H <return>  for immediate help.
 ...                                              
                                                  
l.2324   \item \textit
                      {Independent creative efforts}: Crowdsourcing can be u...

Try typing  <return>  to proceed.
If that doesn't work, type  X <return>  to quit.


Underfull \hbox (badness 10000) detected at line 2324
[][]
 []


./data-science_final.tex:2326: LaTeX Error: Lonely \item--perhaps a missing lis
t environment.

See the LaTeX manual or LaTeX Companion for explanation.
Type  H <return>  for immediate help.
 ...                                              
                                                  
l.2326   \item T
                he Sheep Market (\href{http://www.thesheepmarket.com}{http:/...

Try typing  <return>  to proceed.
If that doesn't work, type  X <return>  to quit.


Underfull \hbox (badness 10000) detected at line 2326
[][]
 []


./data-science_final.tex:2327: LaTeX Error: Lonely \item--perhaps a missing lis
t environment.

See the LaTeX manual or LaTeX Companion for explanation.
Type  H <return>  for immediate help.
 ...                                              
                                                  
l.2327   \item E
                moji Dick (\href{http://www.emojidick.com}{http://www.emojid...

Try typing  <return>  to proceed.
If that doesn't work, type  X <return>  to quit.


Underfull \hbox (badness 10000) detected at line 2327
[][]
 []


./data-science_final.tex:2328: LaTeX Error: Lonely \item--perhaps a missing lis
t environment.

See the LaTeX manual or LaTeX Companion for explanation.
Type  H <return>  for immediate help.
 ...                                              
                                                  
l.2328   \item E
                conomic/psychological experiments: Crowdsourcing has proven ...

Try typing  <return>  to proceed.
If that doesn't work, type  X <return>  to quit.


Underfull \hbox (badness 10000) detected at line 2328
[][]
 []



[102]

[103]
Overfull \hbox (4.35388pt too wide) in paragraph at lines 2367--2368
[]\TU/Georgia(0)/m/it/10 CAPTCHAs for optical character recognition (OCR)\TU/Ge
orgia(0)/m/n/10 : CAPTCHAs are those
 []



[104]
Overfull \hbox (3.69472pt too wide) in paragraph at lines 2371--2372
[]\TU/Georgia(0)/m/n/10 By turning these surveys into game apps ("What are \TU/
Georgia(0)/m/it/10 your \TU/Georgia(0)/m/n/10 personality traits?")
 []



[105]

LaTeX Warning: Citation `babbage2011passages' on page 106 undefined on input li
ne 2384.


LaTeX Warning: Citation `padua2015thrilling' on page 106 undefined on input lin
e 2384.


LaTeX Warning: Citation `grus2015data' on page 106 undefined on input line 2386
.


LaTeX Warning: Citation `mckinney2012python' on page 106 undefined on input lin
e 2386.


Overfull \hbox (3.14157pt too wide) in paragraph at lines 2388--2389
\TU/Georgia(0)/m/n/10 ing, is reported in my book \TU/Georgia(0)/m/it/10 Calcul
ated Bets \TU/Georgia(0)/m/n/10 [Ski01]. It is a quick and fun overview
 []


LaTeX Warning: Citation `gleick1996bug' on page 106 undefined on input line 239
0.


Overfull \hbox (5.30054pt too wide) in paragraph at lines 2390--2391
\TU/Georgia(0)/m/n/10 well chronicled in popular media. See Gleick [[]] and Ste
phenson et al. [SMB$[]$99]
 []


LaTeX Warning: Citation `kittur2008crowdsourcing' on page 106 undefined on inpu
t line 2394.


LaTeX Warning: Citation `chen2015vector' on page 106 undefined on input line 23
94.


LaTeX Warning: Citation `deterding2011from' on page 106 undefined on input line
 2394.


LaTeX Warning: Citation `kapp2012gamification' on page 106 undefined on input l
ine 2394.


LaTeX Warning: Citation `kosinski2013private' on page 106 undefined on input li
ne 2394.



[106]

[107]

[108]
Overfull \hbox (49.12352pt too wide) in paragraph at lines 2478--2482
\TU/Georgia(0)/m/n/10 3-20. Partially sunny, with a chance of hashtags. [][]htt
ps://www.kaggle.com/c/crowdflower-
 []


Overfull \hbox (106.43149pt too wide) in paragraph at lines 2478--2482
[][] \TU/Georgia(0)/m/n/10 3-21. Predict end of day stock returns, without bein
g deceived by noise. [][]https://www.kaggle.com/c/the-
 []


Overfull \hbox (153.52652pt too wide) in paragraph at lines 2478--2482
\TU/Georgia(0)/m/n/10 3-22. Data cleaning and the analysis of historical climat
e change. [][]https://www.kaggle.com/berkeleyearth/climate-
 []



[109]

[110

]
Chapter 3.


[111]
Overfull \hbox (0.38708pt too wide) in paragraph at lines 2503--2504
\TU/Georgia(0)/m/n/10 unvalidated approaches, different grading systems general
ly produce sim-
 []


Package hyperref Warning: Difference (2) between bookmark levels is greater 
(hyperref)                than one, level fixed on input line 2510.


Overfull \hbox (2.22258pt too wide) in paragraph at lines 2513--2514
[]\TU/Georgia(0)/m/n/10 The \TU/Georgia(0)/m/it/10 body mass index \TU/Georgia(
0)/m/n/10 (BMI) is a score or statistic designed to capture whether
 []

File: ./images/2025_03_17_ca60ec0bfd96dcf8e028g-113.jpg Graphic file (type bmp)

<./images/2025_03_17_ca60ec0bfd96dcf8e028g-113.jpg>


[112]
Overfull \hbox (3.7346pt too wide) in paragraph at lines 2544--2545
\TU/Georgia(0)/m/n/10 Consider professional athletes in American football (NFL)
 and basketball (NBA): 
 []



[113]
File: ./images/2025_03_17_ca60ec0bfd96dcf8e028g-114(1).jpg Graphic file (type b
mp)
<./images/2025_03_17_ca60ec0bfd96dcf8e028g-114(1).jpg>
File: ./images/2025_03_17_ca60ec0bfd96dcf8e028g-114.jpg Graphic file (type bmp)

<./images/2025_03_17_ca60ec0bfd96dcf8e028g-114.jpg>
File: ./images/2025_03_17_ca60ec0bfd96dcf8e028g-114(2).jpg Graphic file (type b
mp)
<./images/2025_03_17_ca60ec0bfd96dcf8e028g-114(2).jpg>


[114]

[115]
Overfull \hbox (11.90489pt too wide) in paragraph at lines 2597--2598
\TU/Georgia(0)/m/n/10 by sorting the output of some scoring system. Popular exa
mples of rankings/rating
 []



[116]
Underfull \hbox (badness 10000) in paragraph at lines 2603--2604

 []



[117]
Overfull \hbox (6.40164pt too wide) in paragraph at lines 2615--2616
[]\TU/Georgia(0)/m/it/10 What is the underluing distribution of scores? \TU/Geo
rgia(0)/m/n/10 By definition, the top ranked
 []



[118]
Overfull \hbox (5.34184pt too wide) in paragraph at lines 2634--2636
[]\TU/Georgia(0)/m/it/10 Produces generally satisfying results on outliers\TU/G
eorgia(0)/m/n/10 : Ideally you know enough
 []



[119]
Overfull \hbox (10.50299pt too wide) in paragraph at lines 2660--2661
\TU/Georgia(0)/m/n/10 it is critical to normalize all the different variables t
o make their range/distribution
 []



[120]
Overfull \hbox (3.90761pt too wide) in paragraph at lines 2688--2689
[]\TU/Georgia(0)/m/n/10 That said, several powerful techniques have been develo
ped to compute rank-
 []


Overfull \hbox (2.12538pt too wide) in paragraph at lines 2691--2693
\TU/Georgia(0)/m/n/10 Rankings are often formed by analyzing sequences of binar
y comparisons, which
 []



[121]
File: ./images/2025_03_17_ca60ec0bfd96dcf8e028g-122.jpg Graphic file (type bmp)

<./images/2025_03_17_ca60ec0bfd96dcf8e028g-122.jpg>


[122]
File: ./images/2025_03_17_ca60ec0bfd96dcf8e028g-123.jpg Graphic file (type bmp)

<./images/2025_03_17_ca60ec0bfd96dcf8e028g-123.jpg>


LaTeX Warning: `h' float specifier changed to `ht'.



[123]
Underfull \hbox (badness 5008) in paragraph at lines 2774--2774
[]\TU/Georgia(0)/m/n/10 Table 3.1: []Borda's method for constructing the consen
sus ranking of
 []



[124]
File: ./images/2025_03_17_ca60ec0bfd96dcf8e028g-125.jpg Graphic file (type bmp)

<./images/2025_03_17_ca60ec0bfd96dcf8e028g-125.jpg>


[125]
File: ./images/2025_03_17_ca60ec0bfd96dcf8e028g-126.jpg Graphic file (type bmp)

<./images/2025_03_17_ca60ec0bfd96dcf8e028g-126.jpg>


[126]
Overfull \hbox (29.05605pt too wide) in paragraph at lines 2819--2820
\TU/Georgia(0)/m/n/10 distinct orders consistent with the directed edges: $\OMS
/cmsy/m/n/10 f\OML/cmm/m/it/10 A; B; C; D; E\OMS/cmsy/m/n/10 g$ \TU/Georgia(0)/
m/n/10 and $\OMS/cmsy/m/n/10 f\OML/cmm/m/it/10 A; C; B; D; E\OMS/cmsy/m/n/10 g$
\TU/Georgia(0)/m/n/10 .[][][] 
 []



[127]
Overfull \hbox (8.23953pt too wide) in paragraph at lines 2830--2831
[]\TU/Georgia(0)/m/n/10 But dominance isn't really the right interpretation for
 links on the web. PageR-
 []


Overfull \hbox (0.28261pt too wide) in paragraph at lines 2847--2850
\TU/Georgia(0)/m/n/10 teams with better defenses. Similarly, the more points te
am $\OML/cmm/m/it/10 x$ \TU/Georgia(0)/m/n/10 has scored against
 []



[128]
LaTeX Font Info:    Font shape `TU/Georgia(0)/bx/it' in size <14.4> not availab
le
(Font)              Font shape `TU/Georgia(0)/b/it' tried instead on input line
 2855.

Overfull \hbox (6.45222pt too wide) in paragraph at lines 2855--2855
[]\TU/Georgia(0)/b/it/14.4 Even crude mathematical models can have
 []


Overfull \hbox (1.59694pt too wide) in paragraph at lines 2856--2857
\TU/Georgia(0)/m/n/10 As an audacious 16 year-old, I wrote to our local newspap
er, \TU/Georgia(0)/m/it/10 The New Brunswick
 []




Overfull \hbox (66.76996pt too wide) has occurred while \output is active
\TU/Georgia(0)/m/it/10 3.2.  \TU/Georgia(0)/m/n/10 EVEN CRUDE MATHEMATICAL MODE
LS CAN HAVE REAL PREDICTIVE POWER. 129
 []

[129]
LaTeX Font Info:    Font shape `TU/KohinoorBangla(0)/bx/n' in size <14.4> not a
vailable
(Font)              Font shape `TU/KohinoorBangla(0)/b/n' tried instead on inpu
t line 2866.


[130]
Underfull \hbox (badness 10000) in paragraph at lines 2885--2887

 []

File: ./images/2025_03_17_ca60ec0bfd96dcf8e028g-129.jpg Graphic file (type bmp)

<./images/2025_03_17_ca60ec0bfd96dcf8e028g-129.jpg>

LaTeX Warning: Float too large for page by 73.84668pt on input line 2891.


Overfull \hbox (18.81192pt too wide) in paragraph at lines 2897--2904
\TU/Georgia(0)/m/n/10 The Home News is publishing the column in the sports sect
ion to test the younuster's
 []



[131]

[132]

[133]

[134]
Underfull \vbox (badness 10000) has occurred while \output is active []



[135]
Overfull \hbox (1.73868pt too wide) in paragraph at lines 3006--3007
\TU/Georgia(0)/m/n/10 rankings, autograph prices, sports statistics, history te
xtbooks, and Hall of Fame
 []


Underfull \hbox (badness 10000) in paragraph at lines 3013--3014

 []



[136]

./data-science_final.tex:3018: LaTeX Error: Lonely \item--perhaps a missing lis
t environment.

See the LaTeX manual or LaTeX Companion for explanation.
Type  H <return>  for immediate help.
 ...                                              
                                                  
l.3018 \item \textit
                    {Outliers}: Sniff tests are important to evaluating the ...

Try typing  <return>  to proceed.
If that doesn't work, type  X <return>  to quit.


Underfull \hbox (badness 10000) detected at line 3018
[][]
 []


./data-science_final.tex:3020: LaTeX Error: Lonely \item--perhaps a missing lis
t environment.

See the LaTeX manual or LaTeX Companion for explanation.
Type  H <return>  for immediate help.
 ...                                              
                                                  
l.3020 \item \textit
                    {Pigeonhole constraints}: Most reviewers saw only the ra...

Try typing  <return>  to proceed.
If that doesn't work, type  X <return>  to quit.


Underfull \hbox (badness 10000) detected at line 3020
[][]
 []


LaTeX Warning: Citation `langville2012whos' on page 137 undefined on input line
 3027.


LaTeX Warning: Citation `joachims2002optimizing' on page 137 undefined on input
 line 3029.



[137]

LaTeX Warning: Citation `eades1993fast' on page 138 undefined on input line 303
1.


LaTeX Warning: Citation `watkins2016arrows' on page 138 undefined on input line
 3031.



[138]

[139]
File: ./images/2025_03_17_ca60ec0bfd96dcf8e028g-137.jpg Graphic file (type bmp)

<./images/2025_03_17_ca60ec0bfd96dcf8e028g-137.jpg>

Overfull \hbox (1.77382pt too wide) in paragraph at lines 3099--3100
\TU/Georgia(0)/m/n/10 Every variable that we observe defines a particular frequ
ency distribution, which
 []


Overfull \hbox (7.93137pt too wide) in paragraph at lines 3101--3102
[]\TU/Georgia(0)/m/n/10 These classical distributions have two nice properties:
 (1) they describe shapes
 []



[140]
File: ./images/2025_03_17_ca60ec0bfd96dcf8e028g-139(1).jpg Graphic file (type b
mp)
<./images/2025_03_17_ca60ec0bfd96dcf8e028g-139(1).jpg>
File: ./images/2025_03_17_ca60ec0bfd96dcf8e028g-139.jpg Graphic file (type bmp)

<./images/2025_03_17_ca60ec0bfd96dcf8e028g-139.jpg>


[141]

[142]
File: ./images/2025_03_17_ca60ec0bfd96dcf8e028g-140.jpg Graphic file (type bmp)

<./images/2025_03_17_ca60ec0bfd96dcf8e028g-140.jpg>


[143]

[144]
File: ./images/2025_03_17_ca60ec0bfd96dcf8e028g-142.jpg Graphic file (type bmp)

<./images/2025_03_17_ca60ec0bfd96dcf8e028g-142.jpg>


[145]
Overfull \hbox (8.17062pt too wide) in paragraph at lines 3196--3197
\TU/Georgia(0)/m/n/10 The \TU/Georgia(0)/m/it/10 Poisson distribution \TU/Georg
ia(0)/m/n/10 measures the frequency of intervals between rare events.
 []



[146]
File: ./images/2025_03_17_ca60ec0bfd96dcf8e028g-144.jpg Graphic file (type bmp)

<./images/2025_03_17_ca60ec0bfd96dcf8e028g-144.jpg>
File: ./images/2025_03_17_ca60ec0bfd96dcf8e028g-144(1).jpg Graphic file (type b
mp)
<./images/2025_03_17_ca60ec0bfd96dcf8e028g-144(1).jpg>
File: ./images/2025_03_17_ca60ec0bfd96dcf8e028g-145.jpg Graphic file (type bmp)

<./images/2025_03_17_ca60ec0bfd96dcf8e028g-145.jpg>


[147]

[148]

[149]

[150]

[151]

[152]
File: ./images/2025_03_17_ca60ec0bfd96dcf8e028g-149.jpg Graphic file (type bmp)

<./images/2025_03_17_ca60ec0bfd96dcf8e028g-149.jpg>


[153]
Overfull \hbox (1.80019pt too wide) in paragraph at lines 3372--3373
[]\TU/Georgia(0)/m/n/10 If you are working with a popular probability distribut
ion in a well-supported
 []

File: ./images/2025_03_17_ca60ec0bfd96dcf8e028g-150.jpg Graphic file (type bmp)

<./images/2025_03_17_ca60ec0bfd96dcf8e028g-150.jpg>


[154]
File: ./images/2025_03_17_ca60ec0bfd96dcf8e028g-151.jpg Graphic file (type bmp)

<./images/2025_03_17_ca60ec0bfd96dcf8e028g-151.jpg>


LaTeX Warning: Citation `vigen2015spurious' on page 155 undefined on input line
 3395.


LaTeX Warning: Citation `vigen2015spurious' on page 155 undefined on input line
 3395.



[155]
Overfull \hbox (1.27013pt too wide) in paragraph at lines 3403--3404
\TU/Georgia(0)/m/n/10 about whether an observation is meaningful or not. The cl
assical example comes
 []

File: ./images/2025_03_17_ca60ec0bfd96dcf8e028g-152.jpg Graphic file (type bmp)

<./images/2025_03_17_ca60ec0bfd96dcf8e028g-152.jpg>


[156]

LaTeX Warning: Citation `sullivan2012using' on page 157 undefined on input line
 3419.

File: ./images/2025_03_17_ca60ec0bfd96dcf8e028g-153.jpg Graphic file (type bmp)

<./images/2025_03_17_ca60ec0bfd96dcf8e028g-153.jpg>


[157]
Overfull \hbox (4.06906pt too wide) in paragraph at lines 3463--3464
\TU/Georgia(0)/m/n/10 pothesis would require much more evidence if the numbers 
jumped around
 []



[158]

[159]
Overfull \hbox (19.20763pt too wide) in paragraph at lines 3485--3486
\TU/Georgia(0)/m/n/10 according to the distance between their respective means.
 Instead, the \TU/Georgia(0)/m/it/10 Kolmogorov-
 []

File: ./images/2025_03_17_ca60ec0bfd96dcf8e028g-156.jpg Graphic file (type bmp)

<./images/2025_03_17_ca60ec0bfd96dcf8e028g-156.jpg>
File: ./images/2025_03_17_ca60ec0bfd96dcf8e028g-156(1).jpg Graphic file (type b
mp)
<./images/2025_03_17_ca60ec0bfd96dcf8e028g-156(1).jpg>

LaTeX Warning: Float too large for page by 15.04936pt on input line 3494.



[160]

[161]
Overfull \hbox (0.74028pt too wide) in paragraph at lines 3529--3530
\TU/Georgia(0)/m/n/10 Using the cumulative distribution method we described, st
atistically-sound ran-
 []



[162]
Overfull \hbox (13.25037pt too wide) in paragraph at lines 3551--3552
[]\TU/Georgia(0)/m/n/10 The \TU/Georgia(0)/m/it/10 Benjamini-Hochberg \TU/Georg
ia(0)/m/n/10 procedure for minimizing \TU/Georgia(0)/m/it/10 false discovery ra
te \TU/Georgia(0)/m/n/10 (FDR)
 []



[163]
File: ./images/2025_03_17_ca60ec0bfd96dcf8e028g-159.jpg Graphic file (type bmp)

<./images/2025_03_17_ca60ec0bfd96dcf8e028g-159.jpg>


[164]

[165]
File: ./images/2025_03_17_ca60ec0bfd96dcf8e028g-161.jpg Graphic file (type bmp)

<./images/2025_03_17_ca60ec0bfd96dcf8e028g-161.jpg>


Package hyperref Warning: Token not allowed in a PDF string (Unicode):
(hyperref)                removing `math shift' on input line 3606.


Package hyperref Warning: Token not allowed in a PDF string (Unicode):
(hyperref)                removing `math shift' on input line 3606.


Overfull \hbox (0.8936pt too wide) in paragraph at lines 3607--3608
\TU/Georgia(0)/m/n/10 Traditional statistical significance tests prove quite ef
fective at deciding whether
 []



[166]
File: ./images/2025_03_17_ca60ec0bfd96dcf8e028g-162(1).jpg Graphic file (type b
mp)
<./images/2025_03_17_ca60ec0bfd96dcf8e028g-162(1).jpg>
File: ./images/2025_03_17_ca60ec0bfd96dcf8e028g-162.jpg Graphic file (type bmp)

<./images/2025_03_17_ca60ec0bfd96dcf8e028g-162.jpg>

Overfull \hbox (0.11723pt too wide) in paragraph at lines 3609--3616
[]\TU/Georgia(0)/m/it/10 Permutation tests \TU/Georgia(0)/m/n/10 allow a more g
eneral and computationally idiot-proof way
 []



[167]
File: ./images/2025_03_17_ca60ec0bfd96dcf8e028g-164.jpg Graphic file (type bmp)

<./images/2025_03_17_ca60ec0bfd96dcf8e028g-164.jpg>

Overfull \hbox (4.59804pt too wide) in paragraph at lines 3673--3674
\TU/Georgia(0)/m/n/10 One of baseball's most amazing records is Joe DiMaggio's 
56-game hitting streak.
 []



[168]
Overfull \hbox (3.4584pt too wide) in paragraph at lines 3675--3676
[]\TU/Georgia(0)/m/n/10 But back in 1941, Joe DiMaggio succeeded in getting hit
s in 56 straight games,
 []

File: ./images/2025_03_17_ca60ec0bfd96dcf8e028g-165.jpg Graphic file (type bmp)

<./images/2025_03_17_ca60ec0bfd96dcf8e028g-165.jpg>

Overfull \hbox (2.08401pt too wide) in paragraph at lines 3691--3692
\TU/Georgia(0)/m/n/10 ceived four chances to hit, and succeeded with a probabil
ity of $\OML/cmm/m/it/10 p \OT1/cmr/m/n/10 =$ $(2214/6821) =
 []

File: ./images/2025_03_17_ca60ec0bfd96dcf8e028g-166.jpg Graphic file (type bmp)

<./images/2025_03_17_ca60ec0bfd96dcf8e028g-166.jpg>


[169]

LaTeX Warning: Citation `freedman2007statistics' on page 170 undefined on input
 line 3734.


LaTeX Warning: Citation `huff2010how' on page 170 undefined on input line 3734.



LaTeX Warning: Citation `donoho2015fifty' on page 170 undefined on input line 3
736.



[170]

LaTeX Warning: Citation `jennings1999household' on page 171 undefined on input 
line 3740.


Underfull \vbox (badness 6396) has occurred while \output is active []



[171]

[172]

[173]
Overfull \hbox (2.29195pt too wide) in paragraph at lines 3836--3837
\TU/Georgia(0)/m/n/10 hoping to knock her out of the upcoming Olympic games. Fo
rtunately, he missed
 []



[174]
Overfull \hbox (31.61134pt too wide) in paragraph at lines 3854--3855
\TU/Georgia(0)/m/n/10 NHANES, available at [][]https://www.statcrunch.com/app/i
ndex.php?dataid=1406047[][].
 []



[175]
Overfull \hbox (26.44446pt too wide) in paragraph at lines 3895--3907
 [] 
 []


Underfull \hbox (badness 10000) in paragraph at lines 3912--3913

 []



[176]
File: ./images/2025_03_17_ca60ec0bfd96dcf8e028g-175.jpg Graphic file (type bmp)

<./images/2025_03_17_ca60ec0bfd96dcf8e028g-175.jpg>


[177]
Underfull \hbox (badness 10000) in paragraph at lines 3967--3968

 []

File: ./images/2025_03_17_ca60ec0bfd96dcf8e028g-177.jpg Graphic file (type bmp)

<./images/2025_03_17_ca60ec0bfd96dcf8e028g-177.jpg>
File: ./images/2025_03_17_ca60ec0bfd96dcf8e028g-178.jpg Graphic file (type bmp)

<./images/2025_03_17_ca60ec0bfd96dcf8e028g-178.jpg>


[178]

LaTeX Warning: Citation `tufte1983visual' on page 179 undefined on input line 4
001.


LaTeX Warning: Citation `tufte1990envisioning' on page 179 undefined on input l
ine 4001.


LaTeX Warning: Citation `tufte1997visual' on page 179 undefined on input line 4
001.


Underfull \hbox (badness 10000) in paragraph at lines 4007--4008

 []

File: ./images/2025_03_17_ca60ec0bfd96dcf8e028g-179.jpg Graphic file (type bmp)

<./images/2025_03_17_ca60ec0bfd96dcf8e028g-179.jpg>


[179]
Overfull \hbox (14.5911pt too wide) in paragraph at lines 4050--4051
[]\TU/Georgia(0)/m/it/10 Presenting means without variance\TU/Georgia(0)/m/n/10
 : The data values $\OMS/cmsy/m/n/10 f\OT1/cmr/m/n/10 100\OML/cmm/m/it/10 ; \OT
1/cmr/m/n/10 100\OML/cmm/m/it/10 ; \OT1/cmr/m/n/10 100\OML/cmm/m/it/10 ; \OT1/c
mr/m/n/10 100\OML/cmm/m/it/10 ; \OT1/cmr/m/n/10 100\OMS/cmsy/m/n/10 g$
 []



[180]
File: ./images/2025_03_17_ca60ec0bfd96dcf8e028g-181.jpg Graphic file (type bmp)

<./images/2025_03_17_ca60ec0bfd96dcf8e028g-181.jpg>
File: ./images/2025_03_17_ca60ec0bfd96dcf8e028g-182.jpg Graphic file (type bmp)

<./images/2025_03_17_ca60ec0bfd96dcf8e028g-182.jpg>


[181]
Overfull \hbox (2.1767pt too wide) in paragraph at lines 4089--4090
\TU/Georgia(0)/m/n/10 tributes nothing to the interpretation of the graphic. Re
moving it increases
 []


Overfull \hbox (6.6143pt too wide) in paragraph at lines 4090--4091
\TU/Georgia(0)/m/n/10 tribute information, particularly the upper and rightmost
 boundaries which
 []

File: ./images/2025_03_17_ca60ec0bfd96dcf8e028g-183.jpg Graphic file (type bmp)

<./images/2025_03_17_ca60ec0bfd96dcf8e028g-183.jpg>


[182]
File: ./images/2025_03_17_ca60ec0bfd96dcf8e028g-184.jpg Graphic file (type bmp)

<./images/2025_03_17_ca60ec0bfd96dcf8e028g-184.jpg>
File: ./images/2025_03_17_ca60ec0bfd96dcf8e028g-185.jpg Graphic file (type bmp)

<./images/2025_03_17_ca60ec0bfd96dcf8e028g-185.jpg>


[183]
Overfull \hbox (3.3464pt too wide) in paragraph at lines 4152--4153
[]\TU/Georgia(0)/m/it/10 Take-Home Lesson\TU/Georgia(0)/m/n/10 : You have the p
ower and responsibility to produce mean-
 []


LaTeX Warning: Citation `abela2013advanced' on page 184 undefined on input line
 4154.



[184]
Overfull \hbox (4.45108pt too wide) in paragraph at lines 4160--4161
\TU/Georgia(0)/m/n/10 thing about the process of how it was obtained: an averag
e salary of $\OT1/cmr/m/n/10 $79\OML/cmm/m/it/10 ; \OT1/cmr/m/n/10 815$
 []

File: ./images/2025_03_17_ca60ec0bfd96dcf8e028g-187.jpg Graphic file (type bmp)

<./images/2025_03_17_ca60ec0bfd96dcf8e028g-187.jpg>

Overfull \hbox (5.82686pt too wide) in paragraph at lines 4185--4186
[]\TU/Georgia(0)/m/it/10 Multivariate visualization\TU/Georgia(0)/m/n/10 : Geom
etry gets complicated to understand once
 []



[185]
Overfull \hbox (2.251pt too wide) in paragraph at lines 4196--4197
[]\TU/Georgia(0)/m/it/10 Right-justify uniform-precision numbers\TU/Georgia(0)/
m/n/10 : Visually comparing 3.1415 with
 []


Overfull \hbox (60.97765pt too wide) in paragraph at lines 4204--4224
 [] 
 []



[186]
Overfull \hbox (92.29112pt too wide) in paragraph at lines 4229--4249
 [] 
 []

./data-science_final.tex:4251: Misplaced \noalign.
\hline ->\noalign 
                  {\ifnum 0=`}\fi \hrule \@height \arrayrulewidth \futurelet...
l.4251 \hline
             
I expect to see \noalign only after the \cr of
an alignment. Proceed, and I'll ignore this case.

File: ./images/2025_03_17_ca60ec0bfd96dcf8e028g-190.jpg Graphic file (type bmp)

<./images/2025_03_17_ca60ec0bfd96dcf8e028g-190.jpg>


[187]
File: ./images/2025_03_17_ca60ec0bfd96dcf8e028g-192.jpg Graphic file (type bmp)

<./images/2025_03_17_ca60ec0bfd96dcf8e028g-192.jpg>

Underfull \hbox (badness 4291) in paragraph at lines 4286--4286
[]\TU/Georgia(0)/m/n/10 Figure 3.34: []Figure 6.13: Box and whisker plots conci
sely show the
 []



[188]
File: ./images/2025_03_17_ca60ec0bfd96dcf8e028g-193.jpg Graphic file (type bmp)

<./images/2025_03_17_ca60ec0bfd96dcf8e028g-193.jpg>


[189]
File: ./images/2025_03_17_ca60ec0bfd96dcf8e028g-194.jpg Graphic file (type bmp)

<./images/2025_03_17_ca60ec0bfd96dcf8e028g-194.jpg>

Overfull \hbox (2.19568pt too wide) in paragraph at lines 4335--4336
\TU/Georgia(0)/m/n/10 using techniques such as principal component analysis and
 self-organizing 
 []


Underfull \hbox (badness 10000) in paragraph at lines 4335--4336

 []



[190]

./data-science_final.tex:4342: LaTeX Error: Lonely \item--perhaps a missing lis
t environment.

See the LaTeX manual or LaTeX Companion for explanation.
Type  H <return>  for immediate help.
 ...                                              
                                                  
l.4342 \item \textit
                    {Three-dimensional-scatter plots help only when there is...

Try typing  <return>  to proceed.
If that doesn't work, type  X <return>  to quit.


Underfull \hbox (badness 10000) detected at line 4342
[][]
 []


Overfull \hbox (0.55832pt too wide) in paragraph at lines 4342--4344
[]\TU/Georgia(0)/m/it/10 Three-dimensional-scatter plots help only when there i
s real structure to show\TU/Georgia(0)/m/n/10 :
 []


./data-science_final.tex:4345: LaTeX Error: Lonely \item--perhaps a missing lis
t environment.

See the LaTeX manual or LaTeX Companion for explanation.
Type  H <return>  for immediate help.
 ...                                              
                                                  
l.4345 \item \textit
                    {Bubble plots vary color and size to represent additiona...

Try typing  <return>  to proceed.
If that doesn't work, type  X <return>  to quit.


Underfull \hbox (badness 10000) detected at line 4345
[][]
 []

File: ./images/2025_03_17_ca60ec0bfd96dcf8e028g-196.jpg Graphic file (type bmp)

<./images/2025_03_17_ca60ec0bfd96dcf8e028g-196.jpg>

LaTeX Warning: Float too large for page by 0.93704pt on input line 4356.

File: ./images/2025_03_17_ca60ec0bfd96dcf8e028g-197.jpg Graphic file (type bmp)

<./images/2025_03_17_ca60ec0bfd96dcf8e028g-197.jpg>


[191]
File: ./images/2025_03_17_ca60ec0bfd96dcf8e028g-198.jpg Graphic file (type bmp)

<./images/2025_03_17_ca60ec0bfd96dcf8e028g-198.jpg>
File: ./images/2025_03_17_ca60ec0bfd96dcf8e028g-198(1).jpg Graphic file (type b
mp)
<./images/2025_03_17_ca60ec0bfd96dcf8e028g-198(1).jpg>
File: ./images/2025_03_17_ca60ec0bfd96dcf8e028g-199.jpg Graphic file (type bmp)

<./images/2025_03_17_ca60ec0bfd96dcf8e028g-199.jpg>


[192]
File: ./images/2025_03_17_ca60ec0bfd96dcf8e028g-200.jpg Graphic file (type bmp)

<./images/2025_03_17_ca60ec0bfd96dcf8e028g-200.jpg>
File: ./images/2025_03_17_ca60ec0bfd96dcf8e028g-201.jpg Graphic file (type bmp)

<./images/2025_03_17_ca60ec0bfd96dcf8e028g-201.jpg>
File: ./images/2025_03_17_ca60ec0bfd96dcf8e028g-202(1).jpg Graphic file (type b
mp)
<./images/2025_03_17_ca60ec0bfd96dcf8e028g-202(1).jpg>
File: ./images/2025_03_17_ca60ec0bfd96dcf8e028g-202.jpg Graphic file (type bmp)

<./images/2025_03_17_ca60ec0bfd96dcf8e028g-202.jpg>


[193]
Underfull \hbox (badness 10000) in paragraph at lines 4447--4448

 []

File: ./images/2025_03_17_ca60ec0bfd96dcf8e028g-203.jpg Graphic file (type bmp)

<./images/2025_03_17_ca60ec0bfd96dcf8e028g-203.jpg>
File: ./images/2025_03_17_ca60ec0bfd96dcf8e028g-204.jpg Graphic file (type bmp)

<./images/2025_03_17_ca60ec0bfd96dcf8e028g-204.jpg>


[194]
Overfull \hbox (4.93517pt too wide) in paragraph at lines 4486--4489
\TU/Georgia(0)/m/n/10 However, the conventional rendering avoids two problems. 
To do it "right,"
 []



[195]
File: ./images/2025_03_17_ca60ec0bfd96dcf8e028g-206.jpg Graphic file (type bmp)

<./images/2025_03_17_ca60ec0bfd96dcf8e028g-206.jpg>
File: ./images/2025_03_17_ca60ec0bfd96dcf8e028g-207.jpg Graphic file (type bmp)

<./images/2025_03_17_ca60ec0bfd96dcf8e028g-207.jpg>


[196]
File: ./images/2025_03_17_ca60ec0bfd96dcf8e028g-208.jpg Graphic file (type bmp)

<./images/2025_03_17_ca60ec0bfd96dcf8e028g-208.jpg>
File: ./images/2025_03_17_ca60ec0bfd96dcf8e028g-209.jpg Graphic file (type bmp)

<./images/2025_03_17_ca60ec0bfd96dcf8e028g-209.jpg>

Overfull \hbox (4.4903pt too wide) in paragraph at lines 4567--4568
\TU/Georgia(0)/m/n/10 Figure 6.30 portrays the frequency of 10,000 English word
s, sorted by frequency.
 []



[197]
Underfull \hbox (badness 10000) in paragraph at lines 4578--4579

 []

File: ./images/2025_03_17_ca60ec0bfd96dcf8e028g-210.jpg Graphic file (type bmp)

<./images/2025_03_17_ca60ec0bfd96dcf8e028g-210.jpg>
File: ./images/2025_03_17_ca60ec0bfd96dcf8e028g-210(1).jpg Graphic file (type b
mp)
<./images/2025_03_17_ca60ec0bfd96dcf8e028g-210(1).jpg>


[198]
Overfull \hbox (2.55919pt too wide) in paragraph at lines 4607--4608
[]\TU/Georgia(0)/m/n/10 There are also excesses which tend to arise in interact
ive visualization. Knobs
 []


Overfull \hbox (7.43431pt too wide) in paragraph at lines 4609--4610
\TU/Georgia(0)/m/n/10 them, the best interactive presentations show a narrative
, such as moving through
 []

File: ./images/2025_03_17_ca60ec0bfd96dcf8e028g-212.jpg Graphic file (type bmp)

<./images/2025_03_17_ca60ec0bfd96dcf8e028g-212.jpg>

Overfull \hbox (0.62854pt too wide) in paragraph at lines 4624--4625
\TU/Georgia(0)/m/n/10 board, for every entity whose name appeared in news artic
les of the time. Barack
 []



[199]

[200]

LaTeX Warning: Citation `few2009now' on page 201 undefined on input line 4654.


LaTeX Warning: Citation `johnson2007ghost' on page 201 undefined on input line 
4654.


Overfull \hbox (28.36755pt too wide) in paragraph at lines 4654--4655
\TU/Georgia(0)/m/n/10 teresting blogs about data visualization are [][]http://f
lowingdata.com[][] and [][]http://viz.wtf[][].
 []


LaTeX Warning: Citation `anscombe1973graphs' on page 201 undefined on input lin
e 4656.


LaTeX Warning: Citation `lloyd2005lydia' on page 201 undefined on input line 46
56.


LaTeX Warning: Citation `bautin2010access' on page 201 undefined on input line 
4656.



[201]
Overfull \hbox (25.00548pt too wide) in paragraph at lines 4666--4674
[]\TU/Georgia(0)/m/n/10 6-2. \TU/Georgia(0)/m/it/10 [3] \TU/Georgia(0)/m/n/10 F
or one or more of the data sets from [][]http://www.data-manual.com/data[][],
 []


Overfull \hbox (23.63016pt too wide) in paragraph at lines 4676--4685
\TU/Georgia(0)/m/n/10 6-3. \TU/Georgia(0)/m/it/10 [5] \TU/Georgia(0)/m/n/10 Sea
rch your favorite news websites until you find ten interesting charts/plots,
 []



[202]
Overfull \hbox (118.77554pt too wide) in paragraph at lines 4712--4718
[]\TU/Georgia(0)/m/n/10 6-14. Analyze data from San Francisco Bay Area bike sha
ring. [][]https://www.kaggle.com/benhamner/sf-
 []



[203]

[204]

[205]

[206]

[207]

[208]

[209]

[210]

[211]

[212]

[213]

[214]

[215]

[216]

[217]

[218]

[219]

[220]

[221]

[222]

[223]

[224]

[225]

[226

]
Chapter 4.


[227]

[228]
Overfull \hbox (0.33913pt too wide) in paragraph at lines 4777--4779
\TU/Georgia(0)/m/n/10 probabilistic answers. Logistic regression provides a con
fidence along with each
 []



[229]
Overfull \hbox (6.07426pt too wide) in paragraph at lines 4787--4791
\TU/Georgia(0)/m/n/10 Google's Flu Trends forecasting model predicted disease o
utbreaks by mon-
 []



[230]

[231]
Overfull \hbox (9.55397pt too wide) in paragraph at lines 4823--4824
\TU/Georgia(0)/m/n/10 scriptions include higher-order polynomials, logarithms, 
and exponentials. These
 []

File: ./images/2025_03_17_ca60ec0bfd96dcf8e028g-223.jpg Graphic file (type bmp)

<./images/2025_03_17_ca60ec0bfd96dcf8e028g-223.jpg>

LaTeX Warning: Citation `nguyen2015deep' on page 232 undefined on input line 48
39.


LaTeX Warning: Citation `nguyen2015deep' on page 232 undefined on input line 48
39.



[232]

[233]
Overfull \hbox (0.54692pt too wide) in paragraph at lines 4864--4865
[]\TU/Georgia(0)/m/it/10 Stochastic \TU/Georgia(0)/m/n/10 is a fancy word meani
ng "randomly determined." Techniques that
 []



[234]
Overfull \hbox (10.48366pt too wide) in paragraph at lines 4874--4875
[]\TU/Georgia(0)/m/n/10 There are certain advantages of deterministic models, h
owever. First-principle
 []



[235]

[236]
Overfull \hbox (1.84575pt too wide) in paragraph at lines 4924--4925
[]\TU/Georgia(0)/m/it/10 Clairvoyance\TU/Georgia(0)/m/n/10 : There are circumst
ances when even the best possible model
 []



[237]

[238]
File: ./images/2025_03_17_ca60ec0bfd96dcf8e028g-230.jpg Graphic file (type bmp)

<./images/2025_03_17_ca60ec0bfd96dcf8e028g-230.jpg>

Overfull \hbox (0.37277pt too wide) in paragraph at lines 4985--4986
[]\TU/Georgia(0)/m/it/10 True Negatives (TN)\TU/Georgia(0)/m/n/10 : Here the cl
assifier correctly determines that a mem-
 []



[239]

[240]
Overfull \hbox (0.11205pt too wide) in paragraph at lines 5005--5007
[]\TU/Georgia(0)/m/n/10 By multiplying such fractions by 100, we can get a perc
entage accuracy score. 
 []



[241]
Overfull \hbox (26.30386pt too wide) in paragraph at lines 5051--5061
 [] 
 []



[242]
Overfull \hbox (2.54562pt too wide) in paragraph at lines 5085--5086
[]\TU/Georgia(0)/m/n/10 The F-score and related evaluation metrics were develop
ed to evaluate mean-
 []



[243]
File: ./images/2025_03_17_ca60ec0bfd96dcf8e028g-234.jpg Graphic file (type bmp)

<./images/2025_03_17_ca60ec0bfd96dcf8e028g-234.jpg>


[244]
Overfull \hbox (3.59567pt too wide) in paragraph at lines 5121--5122
\TU/Georgia(0)/m/n/10 tives (if this example was in fact a negative). At the ve
ry left, we achieve true/false
 []



[245]
File: ./images/2025_03_17_ca60ec0bfd96dcf8e028g-236.jpg Graphic file (type bmp)

<./images/2025_03_17_ca60ec0bfd96dcf8e028g-236.jpg>


[246]
Underfull \vbox (badness 1400) has occurred while \output is active []



[247]
Underfull \hbox (badness 10000) in paragraph at lines 5183--5184

 []

File: ./images/2025_03_17_ca60ec0bfd96dcf8e028g-238.jpg Graphic file (type bmp)

<./images/2025_03_17_ca60ec0bfd96dcf8e028g-238.jpg>


[248]
File: ./images/2025_03_17_ca60ec0bfd96dcf8e028g-239.jpg Graphic file (type bmp)

<./images/2025_03_17_ca60ec0bfd96dcf8e028g-239.jpg>

Overfull \hbox (1.04303pt too wide) in paragraph at lines 5219--5220
\TU/Georgia(0)/m/n/10 number, in order to compare the performance of different 
value prediction mod-
 []



[249]

[250]

[251]

[252]
Overfull \hbox (1.24084pt too wide) in paragraph at lines 5342--5343
\TU/Georgia(0)/m/n/10 models are each trained on different sets of $\OML/cmm/m/
it/10 n \OMS/cmsy/m/n/10 ^^@ \OT1/cmr/m/n/10 1$ \TU/Georgia(0)/m/n/10 examples,
 to determine whether
 []



[253]
Overfull \hbox (0.48508pt too wide) in paragraph at lines 5352--5353
\TU/Georgia(0)/m/n/10 to avoid overfitting creates new training instances by ad
ding random noise
 []



[254]

[255]
Underfull \vbox (badness 10000) has occurred while \output is active []



[256]
File: ./images/2025_03_17_ca60ec0bfd96dcf8e028g-247.jpg Graphic file (type bmp)

<./images/2025_03_17_ca60ec0bfd96dcf8e028g-247.jpg>


[257]

[258]

[259]

LaTeX Warning: Citation `bender2012introduction' on page 260 undefined on input
 line 5490.


LaTeX Warning: Citation `giordano2013first' on page 260 undefined on input line
 5490.


LaTeX Warning: Citation `lazer2014parable' on page 260 undefined on input line 
5492.


LaTeX Warning: Citation `sazaklis1997geometric' on page 260 undefined on input 
line 5494.


LaTeX Warning: Citation `kulkarni2017dating' on page 260 undefined on input lin
e 5494.



[260]

[261]
Overfull \hbox (7.5082pt too wide) in paragraph at lines 5577--5578
[]\TU/Georgia(0)/m/n/10 Rigorous testing will probably confirm that your models
 are not strong enough
 []



[262]
Overfull \hbox (40.159pt too wide) in paragraph at lines 5600--5601
\TU/Georgia(0)/m/n/10 7-24. Will a particular grant application be funded? [][]
https://www.kaggle.com/c/unimelb[][] 
 []


Overfull \hbox (60.83203pt too wide) in paragraph at lines 5602--5603
[]\TU/Georgia(0)/m/n/10 7-25. Who will win the NCAA basketball tournament? [][]
https://www.kaggle.com/c/march-
 []


Overfull \hbox (67.27pt too wide) in paragraph at lines 5604--5606
[]\TU/Georgia(0)/m/n/10 7-26. Predict the annual sales in a given restaurant. [
][]https://www.kaggle.com/c/restaurant-
 []



[263]
Overfull \hbox (7.83664pt too wide) in paragraph at lines 5635--5636
\TU/Georgia(0)/m/n/10 trix multiplication, and how vertex clusters relate to th
e eigenvalues/vectors
 []



[264]

[265]
File: ./images/2025_03_17_ca60ec0bfd96dcf8e028g-256.jpg Graphic file (type bmp)

<./images/2025_03_17_ca60ec0bfd96dcf8e028g-256.jpg>

Underfull \vbox (badness 1817) has occurred while \output is active []



[266]
File: ./images/2025_03_17_ca60ec0bfd96dcf8e028g-257.jpg Graphic file (type bmp)

<./images/2025_03_17_ca60ec0bfd96dcf8e028g-257.jpg>


[267]
File: ./images/2025_03_17_ca60ec0bfd96dcf8e028g-258.jpg Graphic file (type bmp)

<./images/2025_03_17_ca60ec0bfd96dcf8e028g-258.jpg>


[268]
File: ./images/2025_03_17_ca60ec0bfd96dcf8e028g-259.jpg Graphic file (type bmp)

<./images/2025_03_17_ca60ec0bfd96dcf8e028g-259.jpg>


[269]

[270]
File: ./images/2025_03_17_ca60ec0bfd96dcf8e028g-261.jpg Graphic file (type bmp)

<./images/2025_03_17_ca60ec0bfd96dcf8e028g-261.jpg>

Underfull \vbox (badness 5288) has occurred while \output is active []



[271]

[272]
Underfull \hbox (badness 10000) in paragraph at lines 5918--5920

 []


Overfull \hbox (28.0347pt too wide) detected at line 5926
\OML/cmm/m/it/10 P \OT1/cmr/m/n/10 = []  \OML/cmm/m/it/10 M \OT1/cmr/m/n/10 = [
]  \OML/cmm/m/it/10 PM \OT1/cmr/m/n/10 = []
 []

File: ./images/2025_03_17_ca60ec0bfd96dcf8e028g-263.jpg Graphic file (type bmp)

<./images/2025_03_17_ca60ec0bfd96dcf8e028g-263.jpg>


[273]
Overfull \hbox (7.30116pt too wide) in paragraph at lines 5948--5949
\TU/Georgia(0)/m/n/10 Matrices with this property are called \TU/Georgia(0)/m/i
t/10 permutation matrices\TU/Georgia(0)/m/n/10 , because the nonzero
 []


Overfull \hbox (1.80412pt too wide) in paragraph at lines 5958--5959
[]\TU/Georgia(0)/m/n/10 Observe that the identity matrix corresponds to the per
mutation $\OT1/cmr/m/n/10 (1\OML/cmm/m/it/10 ; \OT1/cmr/m/n/10 2\OML/cmm/m/it/1
0 ; [] ; n\OT1/cmr/m/n/10 )$\TU/Georgia(0)/m/n/10 . 
 []


Overfull \hbox (1.40108pt too wide) in paragraph at lines 5967--5968
[]\TU/Georgia(0)/m/n/10 The \TU/Georgia(0)/m/it/10 rotation matrix $\OML/cmm/m/
it/10 R[]$ \TU/Georgia(0)/m/n/10 performs the transformation of rotating points
 about
 []



[274]
File: ./images/2025_03_17_ca60ec0bfd96dcf8e028g-265.jpg Graphic file (type bmp)

<./images/2025_03_17_ca60ec0bfd96dcf8e028g-265.jpg>


[275]

[276]

[277]

[278]
File: ./images/2025_03_17_ca60ec0bfd96dcf8e028g-269.jpg Graphic file (type bmp)

<./images/2025_03_17_ca60ec0bfd96dcf8e028g-269.jpg>


[279]

[280]
File: ./images/2025_03_17_ca60ec0bfd96dcf8e028g-271.jpg Graphic file (type bmp)

<./images/2025_03_17_ca60ec0bfd96dcf8e028g-271.jpg>


[281]
Overfull \hbox (0.2431pt too wide) in paragraph at lines 6227--6228
[]\TU/Georgia(0)/m/n/10 Each eigenvalue has an associated eigenvector. They alw
ays come in pairs. 
 []



[282]

[283]
File: ./images/2025_03_17_ca60ec0bfd96dcf8e028g-274.jpg Graphic file (type bmp)

<./images/2025_03_17_ca60ec0bfd96dcf8e028g-274.jpg>
File: ./images/2025_03_17_ca60ec0bfd96dcf8e028g-274(1).jpg Graphic file (type b
mp)
<./images/2025_03_17_ca60ec0bfd96dcf8e028g-274(1).jpg>


[284]
File: ./images/2025_03_17_ca60ec0bfd96dcf8e028g-275.jpg Graphic file (type bmp)

<./images/2025_03_17_ca60ec0bfd96dcf8e028g-275.jpg>


[285]
File: ./images/2025_03_17_ca60ec0bfd96dcf8e028g-276.jpg Graphic file (type bmp)

<./images/2025_03_17_ca60ec0bfd96dcf8e028g-276.jpg>


[286]
File: ./images/2025_03_17_ca60ec0bfd96dcf8e028g-277(1).jpg Graphic file (type b
mp)
<./images/2025_03_17_ca60ec0bfd96dcf8e028g-277(1).jpg>
File: ./images/2025_03_17_ca60ec0bfd96dcf8e028g-277.jpg Graphic file (type bmp)

<./images/2025_03_17_ca60ec0bfd96dcf8e028g-277.jpg>


LaTeX Warning: Float too large for page by 64.26575pt on input line 6382.



[287]
Overfull \hbox (1.3629pt too wide) in paragraph at lines 6392--6394
\TU/Georgia(0)/m/n/10 to computing the same thing. They should serve equally we
ll as low-dimensional
 []



[288]

[289]
./data-science_final.tex:6445: Misplaced \noalign.
\hline ->\noalign 
                  {\ifnum 0=`}\fi \hrule \@height \arrayrulewidth \futurelet...
l.6445 \hline
             
I expect to see \noalign only after the \cr of
an alignment. Proceed, and I'll ignore this case.

./data-science_final.tex:6445: You can't use `\hrule' here except with leaders.

\hline ->\noalign {\ifnum 0=`}\fi \hrule 
                                         \@height \arrayrulewidth \futurelet...
l.6445 \hline
             
To put a horizontal rule in an hbox or an alignment,
you should use \leaders or \hrulefill (see The TeXbook).

./data-science_final.tex:6445: Missing number, treated as zero.
<to be read again> 
                   \futurelet 
l.6445 \hline
             
A number should have been here; I inserted `0'.
(If you can't figure out why I needed to see a number,
look up `weird error' in the index to The TeXbook.)

./data-science_final.tex:6445: Illegal unit of measure (pt inserted).
<to be read again> 
                   \futurelet 
l.6445 \hline
             
Dimensions can be in units of em, ex, in, pt, pc,
cm, mm, dd, cc, bp, or sp; but yours is a new one!
I'll assume that you meant to say pt, for printer's points.
To recover gracefully from this error, it's best to
delete the erroneous units; e.g., type `2' to delete
two letters. (See Chapter 27 of The TeXbook.)


Overfull \hbox (114.27649pt too wide) in paragraph at lines 6412--6449
 [][] 
 []


LaTeX Warning: Citation `lay2015linear' on page 290 undefined on input line 645
7.


LaTeX Warning: Citation `strang2011introduction' on page 290 undefined on input
 line 6457.


LaTeX Warning: Citation `tucker1988unified' on page 290 undefined on input line
 6457.


LaTeX Warning: Citation `klein2013coding' on page 290 undefined on input line 6
457.


Underfull \vbox (badness 4024) has occurred while \output is active []



[290]

[291]

[292]
Overfull \hbox (4.03813pt too wide) in paragraph at lines 6547--6548
[]\TU/Georgia(0)/m/n/10 Linear regression is a bread-and-butter modeling techni
que that should serve
 []

File: ./images/2025_03_17_ca60ec0bfd96dcf8e028g-283.jpg Graphic file (type bmp)

<./images/2025_03_17_ca60ec0bfd96dcf8e028g-283.jpg>


[293]
File: ./images/2025_03_17_ca60ec0bfd96dcf8e028g-284.jpg Graphic file (type bmp)

<./images/2025_03_17_ca60ec0bfd96dcf8e028g-284.jpg>


[294]
File: ./images/2025_03_17_ca60ec0bfd96dcf8e028g-285.jpg Graphic file (type bmp)

<./images/2025_03_17_ca60ec0bfd96dcf8e028g-285.jpg>


[295]

[296]
File: ./images/2025_03_17_ca60ec0bfd96dcf8e028g-287.jpg Graphic file (type bmp)

<./images/2025_03_17_ca60ec0bfd96dcf8e028g-287.jpg>


[297]
Overfull \hbox (4.27089pt too wide) in paragraph at lines 6670--6673
[]\TU/Georgia(0)/m/n/10 Figure 9.4 shows the best-fitting regression line with 
(left) and without (right)
 []



[298]
File: ./images/2025_03_17_ca60ec0bfd96dcf8e028g-289.jpg Graphic file (type bmp)

<./images/2025_03_17_ca60ec0bfd96dcf8e028g-289.jpg>


[299]

[300]

./data-science_final.tex:6716: LaTeX Error: Lonely \item--perhaps a missing lis
t environment.

See the LaTeX manual or LaTeX Companion for explanation.
Type  H <return>  for immediate help.
 ...                                              
                                                  
l.6716 \item \textit
                    {Inappropriate formulations}: The model given above to p...

Try typing  <return>  to proceed.
If that doesn't work, type  X <return>  to quit.


Underfull \hbox (badness 10000) detected at line 6716
[][]
 []


Overfull \hbox (1.30592pt too wide) in paragraph at lines 6731--6732
[]\TU/Georgia(0)/m/n/10 Using Z-scores in regression addresses the question of 
interpretability. Since
 []



[301]
Overfull \hbox (5.27155pt too wide) in paragraph at lines 6745--6746
\TU/Georgia(0)/m/n/10 Small-scale variables need small-scale targets, in order 
to be realized using small-
 []



[302]
Overfull \hbox (16.32655pt too wide) in paragraph at lines 6770--6771
[]\TU/Georgia(0)/m/n/10 The solution here is to identify feature pairs which co
rrelate excessively strongly,
 []



[303]

[304]

[305]
File: ./images/2025_03_17_ca60ec0bfd96dcf8e028g-295.jpg Graphic file (type bmp)

<./images/2025_03_17_ca60ec0bfd96dcf8e028g-295.jpg>


[306]
File: ./images/2025_03_17_ca60ec0bfd96dcf8e028g-296.jpg Graphic file (type bmp)

<./images/2025_03_17_ca60ec0bfd96dcf8e028g-296.jpg>

Overfull \hbox (0.78793pt too wide) in paragraph at lines 6864--6865
[]\TU/Georgia(0)/m/n/10 Figure 9.7 shows the surface we get for the full regres
sion problem in $[]$
 []



[307]
File: ./images/2025_03_17_ca60ec0bfd96dcf8e028g-297.jpg Graphic file (type bmp)

<./images/2025_03_17_ca60ec0bfd96dcf8e028g-297.jpg>


[308]
Overfull \hbox (13.2163pt too wide) in paragraph at lines 6889--6889
[]\TU/Georgia(0)/b/n/14.4 Gradient descent search in two dimensions 
 []



[309]
File: ./images/2025_03_17_ca60ec0bfd96dcf8e028g-299(1).jpg Graphic file (type b
mp)
<./images/2025_03_17_ca60ec0bfd96dcf8e028g-299(1).jpg>
File: ./images/2025_03_17_ca60ec0bfd96dcf8e028g-299.jpg Graphic file (type bmp)

<./images/2025_03_17_ca60ec0bfd96dcf8e028g-299.jpg>
File: ./images/2025_03_17_ca60ec0bfd96dcf8e028g-300.jpg Graphic file (type bmp)

<./images/2025_03_17_ca60ec0bfd96dcf8e028g-300.jpg>


[310]

[311]

[312]

[313]
Overfull \hbox (8.99635pt too wide) in paragraph at lines 6997--6998
\TU/Georgia(0)/m/n/10 Ridge regression optimizes to select small coefficients. 
Because of sum-of-squares
 []



[314]

[315]

[316]
File: ./images/2025_03_17_ca60ec0bfd96dcf8e028g-305.jpg Graphic file (type bmp)

<./images/2025_03_17_ca60ec0bfd96dcf8e028g-305.jpg>


[317]
File: ./images/2025_03_17_ca60ec0bfd96dcf8e028g-306.jpg Graphic file (type bmp)

<./images/2025_03_17_ca60ec0bfd96dcf8e028g-306.jpg>


[318]
File: ./images/2025_03_17_ca60ec0bfd96dcf8e028g-307(1).jpg Graphic file (type b
mp)
<./images/2025_03_17_ca60ec0bfd96dcf8e028g-307(1).jpg>
File: ./images/2025_03_17_ca60ec0bfd96dcf8e028g-307.jpg Graphic file (type bmp)

<./images/2025_03_17_ca60ec0bfd96dcf8e028g-307.jpg>

Underfull \vbox (badness 3872) has occurred while \output is active []



[319]

[320]
File: ./images/2025_03_17_ca60ec0bfd96dcf8e028g-309.jpg Graphic file (type bmp)

<./images/2025_03_17_ca60ec0bfd96dcf8e028g-309.jpg>


[321]

[322]
File: ./images/2025_03_17_ca60ec0bfd96dcf8e028g-310.jpg Graphic file (type bmp)

<./images/2025_03_17_ca60ec0bfd96dcf8e028g-310.jpg>


[323]

[324]
Underfull \hbox (badness 10000) in paragraph at lines 7204--7205

 []

File: ./images/2025_03_17_ca60ec0bfd96dcf8e028g-312.jpg Graphic file (type bmp)

<./images/2025_03_17_ca60ec0bfd96dcf8e028g-312.jpg>

Underfull \vbox (badness 1466) has occurred while \output is active []



[325]
Overfull \hbox (3.92474pt too wide) in paragraph at lines 7224--7225
[]\TU/Georgia(0)/m/n/10 Consider the hair-color numbering above. Should \TU/Geo
rgia(0)/m/it/10 red \TU/Georgia(0)/m/n/10 hair lie between \TU/Georgia(0)/m/it/
10 brown
 []

File: ./images/2025_03_17_ca60ec0bfd96dcf8e028g-313.jpg Graphic file (type bmp)

<./images/2025_03_17_ca60ec0bfd96dcf8e028g-313.jpg>


[326]

[327]
Overfull \hbox (4.94336pt too wide) in paragraph at lines 7261--7261
[]\TU/Georgia(0)/b/n/12 Partition Functions and Multinomial Regression 
 []



[328]

LaTeX Warning: Citation `weisberg2005applied' on page 329 undefined on input li
ne 7282.


Overfull \hbox (15.09499pt too wide) in paragraph at lines 7282--7283
\TU/Georgia(0)/m/n/10 tion. Textbooks on linear/logistic regression and its app
lications include (JWHT13,
 []


LaTeX Warning: Citation `leinweber2007stupid' on page 329 undefined on input li
ne 7286.



[329]

[330]
Overfull \hbox (17.10938pt too wide) in paragraph at lines 7326--7329
[][]\TU/Georgia(0)/m/n/10 http://www.nytimes.com/2015/03/22/opinion/sunday/maki
ng-march-madness-
 []



[331]

[332

]
Chapter 5.

./data-science_final.tex:7344: LaTeX Error: Environment abstract undefined.

See the LaTeX manual or LaTeX Companion for explanation.
Type  H <return>  for immediate help.
 ...                                              
                                                  
l.7344 \begin{abstract}
                       
Your command was ignored.
Type  I <command> <return>  to replace it with another command,
or  <return>  to continue without it.


./data-science_final.tex:7346: LaTeX Error: \begin{document} ended by \end{abst
ract}.

See the LaTeX manual or LaTeX Companion for explanation.
Type  H <return>  for immediate help.
 ...                                              
                                                  
l.7346 \end{abstract}
                     
Your command was ignored.
Type  I <command> <return>  to replace it with another command,
or  <return>  to continue without it.



[333]
File: ./images/2025_03_17_ca60ec0bfd96dcf8e028g-320.jpg Graphic file (type bmp)

<./images/2025_03_17_ca60ec0bfd96dcf8e028g-320.jpg>


Package hyperref Warning: Token not allowed in a PDF string (Unicode):
(hyperref)                removing `math shift' on input line 7397.


Package hyperref Warning: Token not allowed in a PDF string (Unicode):
(hyperref)                removing `math shift' on input line 7397.



[334]

[335]
Underfull \hbox (badness 10000) in paragraph at lines 7410--7411

 []

File: ./images/2025_03_17_ca60ec0bfd96dcf8e028g-321(1).jpg Graphic file (type b
mp)
<./images/2025_03_17_ca60ec0bfd96dcf8e028g-321(1).jpg>
File: ./images/2025_03_17_ca60ec0bfd96dcf8e028g-321.jpg Graphic file (type bmp)

<./images/2025_03_17_ca60ec0bfd96dcf8e028g-321.jpg>
File: ./images/2025_03_17_ca60ec0bfd96dcf8e028g-321(3).jpg Graphic file (type b
mp)
<./images/2025_03_17_ca60ec0bfd96dcf8e028g-321(3).jpg>
File: ./images/2025_03_17_ca60ec0bfd96dcf8e028g-321(2).jpg Graphic file (type b
mp)
<./images/2025_03_17_ca60ec0bfd96dcf8e028g-321(2).jpg>

LaTeX Warning: Float too large for page by 982.0034pt on input line 7420.



[336]

[337]
Overfull \hbox (12.76039pt too wide) in paragraph at lines 7451--7452
\TU/Georgia(0)/m/n/10 thing where $\OML/cmm/m/it/10 d > \OT1/cmr/m/n/10 3$\TU/G
eorgia(0)/m/n/10 . Usually, the best we can do is to think about higher-dimensi
onal
 []



[338]
Overfull \hbox (3.61008pt too wide) in paragraph at lines 7457--7458
[]\TU/Georgia(0)/m/n/10 This makes the choice of distance metric most important
 in high-dimensional
 []



[339]

[340]
Overfull \hbox (14.5328pt too wide) in paragraph at lines 7515--7516
[]\TU/Georgia(0)/m/n/10 Suppose that $\OML/cmm/m/it/10 R$ \TU/Georgia(0)/m/n/10
 can take on any of exactly $\OML/cmm/m/it/10 d$ \TU/Georgia(0)/m/n/10 possible
 values, say $\OML/cmm/m/it/10 R \OT1/cmr/m/n/10 = \OMS/cmsy/m/n/10 f\OML/cmm/m
/it/10 r[]; [] ; r[]\OMS/cmsy/m/n/10 g$\TU/Georgia(0)/m/n/10 .
 []



[341]

[342]
File: ./images/2025_03_17_ca60ec0bfd96dcf8e028g-327.jpg Graphic file (type bmp)

<./images/2025_03_17_ca60ec0bfd96dcf8e028g-327.jpg>

Overfull \hbox (7.81416pt too wide) in paragraph at lines 7568--7569
[]\TU/Georgia(0)/m/it/10 Non-linearity\TU/Georgia(0)/m/n/10 : Nearest neighbor 
classifiers have decision boundaries which
 []



[343]

[344]

Package hyperref Warning: Token not allowed in a PDF string (Unicode):
(hyperref)                removing `math shift' on input line 7588.


Package hyperref Warning: Token not allowed in a PDF string (Unicode):
(hyperref)                removing `math shift' on input line 7588.

File: ./images/2025_03_17_ca60ec0bfd96dcf8e028g-329.jpg Graphic file (type bmp)

<./images/2025_03_17_ca60ec0bfd96dcf8e028g-329.jpg>


[345]
File: ./images/2025_03_17_ca60ec0bfd96dcf8e028g-330.jpg Graphic file (type bmp)

<./images/2025_03_17_ca60ec0bfd96dcf8e028g-330.jpg>

Overfull \hbox (1.14426pt too wide) in paragraph at lines 7620--7621
\TU/Georgia(0)/m/n/10 Perhaps the biggest limitation of nearest neighbor classi
fication methods is their
 []



[346]
File: ./images/2025_03_17_ca60ec0bfd96dcf8e028g-331.jpg Graphic file (type bmp)

<./images/2025_03_17_ca60ec0bfd96dcf8e028g-331.jpg>


[347]

[348]
Overfull \hbox (2.48215pt too wide) in paragraph at lines 7646--7647
[]\TU/Georgia(0)/m/n/10 Although these techniques can indeed speed nearest neig
hbor search in mod-
 []



[349]
File: ./images/2025_03_17_ca60ec0bfd96dcf8e028g-333.jpg Graphic file (type bmp)

<./images/2025_03_17_ca60ec0bfd96dcf8e028g-333.jpg>


[350]

[351]
Overfull \hbox (6.34987pt too wide) in paragraph at lines 7680--7681
\TU/Georgia(0)/m/n/10 nearest neighbor search. Perhaps the most important is co
nstructing compressed
 []


Overfull \hbox (3.46033pt too wide) in paragraph at lines 7690--7691
[]\TU/Georgia(0)/m/it/10 Genetic networks\TU/Georgia(0)/m/n/10 : Here the verti
ces represent the different genes/proteins
 []

File: ./images/2025_03_17_ca60ec0bfd96dcf8e028g-335.jpg Graphic file (type bmp)

<./images/2025_03_17_ca60ec0bfd96dcf8e028g-335.jpg>


[352]

[353]
Overfull \hbox (31.65532pt too wide) in paragraph at lines 7718--7719
[]\TU/Georgia(0)/m/it/10 Take-Home Lesson\TU/Georgia(0)/m/n/10 : Point sets can
 be meaningfully represented by graphs/distance
 []

File: ./images/2025_03_17_ca60ec0bfd96dcf8e028g-337.jpg Graphic file (type bmp)

<./images/2025_03_17_ca60ec0bfd96dcf8e028g-337.jpg>


[354]
Overfull \hbox (2.21837pt too wide) in paragraph at lines 7742--7744
\TU/Georgia(0)/m/n/10 drive-time, or speed limit, depending upon the applicatio
n. In \TU/Georgia(0)/m/it/10 unweighted
 []



[355]

[356]

[357]

LaTeX Warning: Citation `brin1998anatomy' on page 358 undefined on input line 7
780.



[358]
File: ./images/2025_03_17_ca60ec0bfd96dcf8e028g-342.jpg Graphic file (type bmp)

<./images/2025_03_17_ca60ec0bfd96dcf8e028g-342.jpg>


[359]
File: ./images/2025_03_17_ca60ec0bfd96dcf8e028g-343.jpg Graphic file (type bmp)

<./images/2025_03_17_ca60ec0bfd96dcf8e028g-343.jpg>

Underfull \vbox (badness 10000) has occurred while \output is active []



[360]

[361]
Underfull \hbox (badness 10000) in paragraph at lines 7885--7886

 []


./data-science_final.tex:7889: LaTeX Error: Lonely \item--perhaps a missing lis
t environment.

See the LaTeX manual or LaTeX Companion for explanation.
Type  H <return>  for immediate help.
 ...                                              
                                                  
l.7889   \item \textit
                      {Data reduction}: Dealing with millions or billions of...

Try typing  <return>  to proceed.
If that doesn't work, type  X <return>  to quit.


Underfull \hbox (badness 10000) detected at line 7889
[][]
 []


./data-science_final.tex:7890: LaTeX Error: Lonely \item--perhaps a missing lis
t environment.

See the LaTeX manual or LaTeX Companion for explanation.
Type  H <return>  for immediate help.
 ...                                              
                                                  
l.7890   \item \textit
                      {Outlier detection}: Certain items resulting from any ...

Try typing  <return>  to proceed.
If that doesn't work, type  X <return>  to quit.


Underfull \hbox (badness 10000) detected at line 7890
[][]
 []



[362]
File: ./images/2025_03_17_ca60ec0bfd96dcf8e028g-345.jpg Graphic file (type bmp)

<./images/2025_03_17_ca60ec0bfd96dcf8e028g-345.jpg>


[363]

Package hyperref Warning: Token not allowed in a PDF string (Unicode):
(hyperref)                removing `math shift' on input line 7908.


Package hyperref Warning: Token not allowed in a PDF string (Unicode):
(hyperref)                removing `math shift' on input line 7908.


Package hyperref Warning: Token not allowed in a PDF string (Unicode):
(hyperref)                removing `math shift' on input line 7915.


Package hyperref Warning: Token not allowed in a PDF string (Unicode):
(hyperref)                removing `math shift' on input line 7915.



[364]
File: ./images/2025_03_17_ca60ec0bfd96dcf8e028g-347.jpg Graphic file (type bmp)

<./images/2025_03_17_ca60ec0bfd96dcf8e028g-347.jpg>


LaTeX Font Info:    Font shape `TU/Georgia(0)/b/sl' in size <10> not available
(Font)              Font shape `TU/Georgia(0)/b/it' tried instead on input line
 7944.
[365]

[366]
File: ./images/2025_03_17_ca60ec0bfd96dcf8e028g-349(1).jpg Graphic file (type b
mp)
<./images/2025_03_17_ca60ec0bfd96dcf8e028g-349(1).jpg>
File: ./images/2025_03_17_ca60ec0bfd96dcf8e028g-349.jpg Graphic file (type bmp)

<./images/2025_03_17_ca60ec0bfd96dcf8e028g-349.jpg>


[367]

[368]
File: ./images/2025_03_17_ca60ec0bfd96dcf8e028g-351.jpg Graphic file (type bmp)

<./images/2025_03_17_ca60ec0bfd96dcf8e028g-351.jpg>

Underfull \vbox (badness 10000) has occurred while \output is active []



[369]

[370]

[371]
File: ./images/2025_03_17_ca60ec0bfd96dcf8e028g-353.jpg Graphic file (type bmp)

<./images/2025_03_17_ca60ec0bfd96dcf8e028g-353.jpg>
File: ./images/2025_03_17_ca60ec0bfd96dcf8e028g-354.jpg Graphic file (type bmp)

<./images/2025_03_17_ca60ec0bfd96dcf8e028g-354.jpg>


[372]
File: ./images/2025_03_17_ca60ec0bfd96dcf8e028g-354(1).jpg Graphic file (type b
mp)
<./images/2025_03_17_ca60ec0bfd96dcf8e028g-354(1).jpg>


[373]

[374]

[375]
File: ./images/2025_03_17_ca60ec0bfd96dcf8e028g-357.jpg Graphic file (type bmp)

<./images/2025_03_17_ca60ec0bfd96dcf8e028g-357.jpg>

Underfull \vbox (badness 1859) has occurred while \output is active []



[376]
File: ./images/2025_03_17_ca60ec0bfd96dcf8e028g-358.jpg Graphic file (type bmp)

<./images/2025_03_17_ca60ec0bfd96dcf8e028g-358.jpg>


[377]

[378]

[379]
Overfull \hbox (2.48485pt too wide) in paragraph at lines 8190--8192
\TU/Georgia(0)/m/n/10 and computer science. Representative treatments include E
veritt et al. [ELLS11]
 []



[380]
Overfull \hbox (12.35849pt too wide) in paragraph at lines 8244--8248
[]\TU/Georgia(0)/m/n/10 10-17. \TU/Georgia(0)/m/it/10 [5] \TU/Georgia(0)/m/n/10
 For a data set with points at positions $\OT1/cmr/m/n/10 (4\OML/cmm/m/it/10 ; 
\OT1/cmr/m/n/10 10)\OML/cmm/m/it/10 ; \OT1/cmr/m/n/10 (7\OML/cmm/m/it/10 ; \OT1
/cmr/m/n/10 10)(4\OML/cmm/m/it/10 ; \OT1/cmr/m/n/10 8)\OML/cmm/m/it/10 ; \OT1/c
mr/m/n/10 (6\OML/cmm/m/it/10 ; \OT1/cmr/m/n/10 8)\OML/cmm/m/it/10 ; \OT1/cmr/m/
n/10 (3\OML/cmm/m/it/10 ; \OT1/cmr/m/n/10 4)$\TU/Georgia(0)/m/n/10 ,
 []


Overfull \hbox (39.60129pt too wide) in paragraph at lines 8249--8258
\TU/Georgia(0)/m/n/10 propose available data that might make it feasible to emp
loy nearest-neighbor/analogical
 []



[381]

[382]
Overfull \hbox (9.99512pt too wide) in paragraph at lines 8308--8315
[][]\TU/Georgia(0)/m/n/10 https://www.kaggle.com/c/predict-who-is-more-influent
ial-in-a-social-network[][]
 []


./data-science_final.tex:8318: LaTeX Error: Environment abstract undefined.

See the LaTeX manual or LaTeX Companion for explanation.
Type  H <return>  for immediate help.
 ...                                              
                                                  
l.8318 \begin{abstract}
                       
Your command was ignored.
Type  I <command> <return>  to replace it with another command,
or  <return>  to continue without it.


./data-science_final.tex:8322: LaTeX Error: \begin{document} ended by \end{abst
ract}.

See the LaTeX manual or LaTeX Companion for explanation.
Type  H <return>  for immediate help.
 ...                                              
                                                  
l.8322 \end{abstract}
                     
Your command was ignored.
Type  I <command> <return>  to replace it with another command,
or  <return>  to continue without it.


Overfull \hbox (0.28976pt too wide) in paragraph at lines 8326--8327
\TU/Georgia(0)/m/n/10 and computing power available crossed a magic threshold w
here machine learn-
 []


Overfull \hbox (4.13416pt too wide) in paragraph at lines 8333--8334
\TU/Georgia(0)/m/n/10 separation boundaries with enough pieces to approximate a
rbitrary curves.
 []



[383]
Overfull \hbox (2.61072pt too wide) in paragraph at lines 8334--8335
[]\TU/Georgia(0)/m/it/10 Interpretability: \TU/Georgia(0)/m/n/10 Powerful metho
ds like deep learning often produce mod-
 []

./data-science_final.tex:8360: Misplaced \noalign.
\hline ->\noalign 
                  {\ifnum 0=`}\fi \hrule \@height \arrayrulewidth \futurelet...
l.8360 \hline
             
I expect to see \noalign only after the \cr of
an alignment. Proceed, and I'll ignore this case.

./data-science_final.tex:8360: You can't use `\hrule' here except with leaders.

\hline ->\noalign {\ifnum 0=`}\fi \hrule 
                                         \@height \arrayrulewidth \futurelet...
l.8360 \hline
             
To put a horizontal rule in an hbox or an alignment,
you should use \leaders or \hrulefill (see The TeXbook).

./data-science_final.tex:8360: Missing number, treated as zero.
<to be read again> 
                   \futurelet 
l.8360 \hline
             
A number should have been here; I inserted `0'.
(If you can't figure out why I needed to see a number,
look up `weird error' in the index to The TeXbook.)

./data-science_final.tex:8360: Illegal unit of measure (pt inserted).
<to be read again> 
                   \futurelet 
l.8360 \hline
             
Dimensions can be in units of em, ex, in, pt, pc,
cm, mm, dd, cc, bp, or sp; but yours is a new one!
I'll assume that you meant to say pt, for printer's points.
To recover gracefully from this error, it's best to
delete the erroneous units; e.g., type `2' to delete
two letters. (See Chapter 27 of The TeXbook.)


Overfull \hbox (127.09294pt too wide) in paragraph at lines 8343--8370
 [] 
 []



[384]
./data-science_final.tex:8372: Misplaced \noalign.
\hline ->\noalign 
                  {\ifnum 0=`}\fi \hrule \@height \arrayrulewidth \futurelet...
l.8372 \hline
             
I expect to see \noalign only after the \cr of
an alignment. Proceed, and I'll ignore this case.



[385]

./data-science_final.tex:8416: LaTeX Error: Not allowed in LR mode.

See the LaTeX manual or LaTeX Companion for explanation.
Type  H <return>  for immediate help.
 ...                                              
                                                  
l.8416 \begin{center}
                     
You've lost some text.  Try typing  <return>  to proceed.
If that doesn't work, type  X <return>  to quit.

./data-science_final.tex:8416: Improper \prevdepth.
\addpenalty ...ance \@tempskipb \ifdim \prevdepth 
                                                  >\maxdepth \maxdepth \else...
l.8416 \begin{center}
                     
You can refer to \spacefactor only in horizontal mode;
you can refer to \prevdepth only in vertical mode; and
neither of these is meaningful inside \write. So
I'm forgetting what you said and using zero instead.

./data-science_final.tex:8416: Improper \prevdepth.
\addpenalty ... \maxdepth \else \ifdim \prevdepth 
                                                  = -\@m \p@ \z@ \else \prev...
l.8416 \begin{center}
                     
You can refer to \spacefactor only in horizontal mode;
you can refer to \prevdepth only in vertical mode; and
neither of these is meaningful inside \write. So
I'm forgetting what you said and using zero instead.

./data-science_final.tex:8416: Improper \prevdepth.
<recently read> \prevdepth 
                           
l.8416 \begin{center}
                     
You can refer to \spacefactor only in horizontal mode;
you can refer to \prevdepth only in vertical mode; and
neither of these is meaningful inside \write. So
I'm forgetting what you said and using zero instead.

./data-science_final.tex:8416: Missing \endgroup inserted.
<inserted text> 
                \endgroup 
l.8416 \begin{center}
                     
I've inserted something that you may have forgotten.
(See the <inserted text> above.)
With luck, this will get me unwedged. But if you
really didn't forget anything, try typing `2' now; then
my insertion and my current dilemma will both disappear.

./data-science_final.tex:8416: Missing \endgroup inserted.
<inserted text> 
                \endgroup 
l.8416 \begin{center}
                     
I've inserted something that you may have forgotten.
(See the <inserted text> above.)
With luck, this will get me unwedged. But if you
really didn't forget anything, try typing `2' now; then
my insertion and my current dilemma will both disappear.

./data-science_final.tex:8416: Missing } inserted.
<inserted text> 
                }
l.8416 \begin{center}
                     
I've inserted something that you may have forgotten.
(See the <inserted text> above.)
With luck, this will get me unwedged. But if you
really didn't forget anything, try typing `2' now; then
my insertion and my current dilemma will both disappear.

./data-science_final.tex:8416: Missing } inserted.
<inserted text> 
                }
l.8416 \begin{center}
                     
I've inserted something that you may have forgotten.
(See the <inserted text> above.)
With luck, this will get me unwedged. But if you
really didn't forget anything, try typing `2' now; then
my insertion and my current dilemma will both disappear.

./data-science_final.tex:8416: Missing \cr inserted.
<inserted text> 
                \cr 
l.8416 \begin{center}
                     
I'm guessing that you meant to end an alignment here.

./data-science_final.tex:8416: Missing { inserted.
<inserted text> 
                {
l.8416 \begin{center}
                     
I've put in what seems to be necessary to fix
the current column of the current alignment.
Try to go on, since this might almost work.

./data-science_final.tex:8416: Missing } inserted.
<inserted text> 
                }
l.8416 \begin{center}
                     
I've inserted something that you may have forgotten.
(See the <inserted text> above.)
With luck, this will get me unwedged. But if you
really didn't forget anything, try typing `2' now; then
my insertion and my current dilemma will both disappear.

./data-science_final.tex:8416: Missing $ inserted.
<inserted text> 
                $
l.8416 \begin{center}
                     
I've inserted something that you may have forgotten.
(See the <inserted text> above.)
With luck, this will get me unwedged. But if you
really didn't forget anything, try typing `2' now; then
my insertion and my current dilemma will both disappear.

./data-science_final.tex:8416: Missing } inserted.
<inserted text> 
                }
l.8416 \begin{center}
                     
I've inserted something that you may have forgotten.
(See the <inserted text> above.)
With luck, this will get me unwedged. But if you
really didn't forget anything, try typing `2' now; then
my insertion and my current dilemma will both disappear.


./data-science_final.tex:8416: LaTeX Error: Something's wrong--perhaps a missin
g \item.

See the LaTeX manual or LaTeX Companion for explanation.
Type  H <return>  for immediate help.
 ...                                            