This is XeTeX, Version 3.141592653-2.6-0.999997 (TeX Live 2025) (preloaded format=xelatex 2025.9.28)  6 OCT 2025 13:09
entering extended mode
 restricted \write18 enabled.
 %&-line parsing enabled.
**../../files/cybersec/outputs/cybersec_final.tex
(../../files/cybersec/outputs/cybersec_final.tex
LaTeX2e <2025-06-01> patch level 1
L3 programming layer <2025-09-02>
(/usr/local/texlive/2025/texmf-dist/tex/latex/base/book.cls
Document Class: book 2025/01/22 v1.4n Standard LaTeX document class
(/usr/local/texlive/2025/texmf-dist/tex/latex/base/bk10.clo
File: bk10.clo 2025/01/22 v1.4n Standard LaTeX file (size option)
)
\c@part=\count271
\c@chapter=\count272
\c@section=\count273
\c@subsection=\count274
\c@subsubsection=\count275
\c@paragraph=\count276
\c@subparagraph=\count277
\c@figure=\count278
\c@table=\count279
\abovecaptionskip=\skip49
\belowcaptionskip=\skip50
\bibindent=\dimen148
)
(/usr/local/texlive/2025/texmf-dist/tex/latex/fontspec/fontspec.sty
(/usr/local/texlive/2025/texmf-dist/tex/latex/l3packages/xparse/xparse.sty
(/usr/local/texlive/2025/texmf-dist/tex/latex/l3kernel/expl3.sty
Package: expl3 2025-09-02 L3 programming layer (loader) 

(/usr/local/texlive/2025/texmf-dist/tex/latex/l3backend/l3backend-xetex.def
File: l3backend-xetex.def 2025-06-09 L3 backend support: XeTeX
\g__graphics_track_int=\count280
\g__pdfannot_backend_int=\count281
\g__pdfannot_backend_link_int=\count282
))
Package: xparse 2024-08-16 L3 Experimental document command parser
)
Package: fontspec 2024/05/11 v2.9e Font selection for XeLaTeX and LuaLaTeX

(/usr/local/texlive/2025/texmf-dist/tex/latex/fontspec/fontspec-xetex.sty
Package: fontspec-xetex 2024/05/11 v2.9e Font selection for XeLaTeX and LuaLaTe
X
\l__fontspec_script_int=\count283
\l__fontspec_language_int=\count284
\l__fontspec_strnum_int=\count285
\l__fontspec_tmp_int=\count286
\l__fontspec_tmpa_int=\count287
\l__fontspec_tmpb_int=\count288
\l__fontspec_tmpc_int=\count289
\l__fontspec_em_int=\count290
\l__fontspec_emdef_int=\count291
\l__fontspec_strong_int=\count292
\l__fontspec_strongdef_int=\count293
\l__fontspec_tmpa_dim=\dimen149
\l__fontspec_tmpb_dim=\dimen150
\l__fontspec_tmpc_dim=\dimen151

(/usr/local/texlive/2025/texmf-dist/tex/latex/base/fontenc.sty
Package: fontenc 2024/12/21 v2.1c Standard LaTeX package
)
(/usr/local/texlive/2025/texmf-dist/tex/latex/fontspec/fontspec.cfg)))
(/usr/local/texlive/2025/texmf-dist/tex/latex/polyglossia/polyglossia.sty
Package: polyglossia 2025/09/22 v2.8 Modern multilingual typesetting with XeLaT
eX and LuaLaTeX

(/usr/local/texlive/2025/texmf-dist/tex/latex/etoolbox/etoolbox.sty
Package: etoolbox 2025/02/11 v2.5l e-TeX tools for LaTeX (JAW)
\etb@tempcnta=\count294
)
(/usr/local/texlive/2025/texmf-dist/tex/generic/iftex/iftex.sty
Package: iftex 2024/12/12 v1.0g TeX engine tests
)
\l_xpg_alias_keyvals_int=\count295

(/usr/local/texlive/2025/texmf-dist/tex/latex/polyglossia/gloss-latex.ldf
File: gloss-latex.ldf polyglossia: module for default language
))
(/usr/local/texlive/2025/texmf-dist/tex/latex/polyglossia/gloss-english.ldf
File: gloss-english.ldf polyglossia: module for English
)

Package polyglossia Info: Default language is english


(/usr/local/texlive/2025/texmf-dist/tex/latex/hyperref/hyperref.sty
Package: hyperref 2025-07-12 v7.01o Hypertext links for LaTeX

(/usr/local/texlive/2025/texmf-dist/tex/latex/graphics/keyval.sty
Package: keyval 2022/05/29 v1.15 key=value parser (DPC)
\KV@toks@=\toks17
)
(/usr/local/texlive/2025/texmf-dist/tex/latex/kvsetkeys/kvsetkeys.sty
Package: kvsetkeys 2022-10-05 v1.19 Key value parser (HO)
)
(/usr/local/texlive/2025/texmf-dist/tex/generic/kvdefinekeys/kvdefinekeys.sty
Package: kvdefinekeys 2019-12-19 v1.6 Define keys (HO)
)
(/usr/local/texlive/2025/texmf-dist/tex/generic/pdfescape/pdfescape.sty
Package: pdfescape 2019/12/09 v1.15 Implements pdfTeX's escape features (HO)

(/usr/local/texlive/2025/texmf-dist/tex/generic/ltxcmds/ltxcmds.sty
Package: ltxcmds 2023-12-04 v1.26 LaTeX kernel commands for general use (HO)
)
(/usr/local/texlive/2025/texmf-dist/tex/generic/pdftexcmds/pdftexcmds.sty
Package: pdftexcmds 2020-06-27 v0.33 Utility functions of pdfTeX for LuaTeX (HO
)

(/usr/local/texlive/2025/texmf-dist/tex/generic/infwarerr/infwarerr.sty
Package: infwarerr 2019/12/03 v1.5 Providing info/warning/error messages (HO)
)
Package pdftexcmds Info: \pdf@primitive is available.
Package pdftexcmds Info: \pdf@ifprimitive is available.
Package pdftexcmds Info: \pdfdraftmode not found.
))
(/usr/local/texlive/2025/texmf-dist/tex/latex/hycolor/hycolor.sty
Package: hycolor 2020-01-27 v1.10 Color options for hyperref/bookmark (HO)
)
(/usr/local/texlive/2025/texmf-dist/tex/latex/hyperref/nameref.sty
Package: nameref 2025-06-21 v2.57 Cross-referencing by name of section

(/usr/local/texlive/2025/texmf-dist/tex/latex/refcount/refcount.sty
Package: refcount 2019/12/15 v3.6 Data extraction from label references (HO)
)
(/usr/local/texlive/2025/texmf-dist/tex/generic/gettitlestring/gettitlestring.s
ty
Package: gettitlestring 2019/12/15 v1.6 Cleanup title references (HO)
 (/usr/local/texlive/2025/texmf-dist/tex/latex/kvoptions/kvoptions.sty
Package: kvoptions 2022-06-15 v3.15 Key value format for package options (HO)
))
\c@section@level=\count296
)
(/usr/local/texlive/2025/texmf-dist/tex/generic/stringenc/stringenc.sty
Package: stringenc 2019/11/29 v1.12 Convert strings between diff. encodings (HO
)
)
\@linkdim=\dimen152
\Hy@linkcounter=\count297
\Hy@pagecounter=\count298

(/usr/local/texlive/2025/texmf-dist/tex/latex/hyperref/pd1enc.def
File: pd1enc.def 2025-07-12 v7.01o Hyperref: PDFDocEncoding definition (HO)
)
(/usr/local/texlive/2025/texmf-dist/tex/generic/intcalc/intcalc.sty
Package: intcalc 2019/12/15 v1.3 Expandable calculations with integers (HO)
)
\Hy@SavedSpaceFactor=\count299

(/usr/local/texlive/2025/texmf-dist/tex/latex/hyperref/puenc.def
File: puenc.def 2025-07-12 v7.01o Hyperref: PDF Unicode definition (HO)
)
Package hyperref Info: Hyper figures OFF on input line 4195.
Package hyperref Info: Link nesting OFF on input line 4200.
Package hyperref Info: Hyper index ON on input line 4203.
Package hyperref Info: Plain pages OFF on input line 4210.
Package hyperref Info: Backreferencing OFF on input line 4215.
Package hyperref Info: Implicit mode ON; LaTeX internals redefined.
Package hyperref Info: Bookmarks ON on input line 4462.
\c@Hy@tempcnt=\count300

(/usr/local/texlive/2025/texmf-dist/tex/latex/url/url.sty
\Urlmuskip=\muskip17
Package: url 2013/09/16  ver 3.4  Verb mode for urls, etc.
)
LaTeX Info: Redefining \url on input line 4801.
\XeTeXLinkMargin=\dimen153

(/usr/local/texlive/2025/texmf-dist/tex/generic/bitset/bitset.sty
Package: bitset 2019/12/09 v1.3 Handle bit-vector datatype (HO)

(/usr/local/texlive/2025/texmf-dist/tex/generic/bigintcalc/bigintcalc.sty
Package: bigintcalc 2019/12/15 v1.5 Expandable calculations on big integers (HO
)
))
\Fld@menulength=\count301
\Field@Width=\dimen154
\Fld@charsize=\dimen155
Package hyperref Info: Hyper figures OFF on input line 6078.
Package hyperref Info: Link nesting OFF on input line 6083.
Package hyperref Info: Hyper index ON on input line 6086.
Package hyperref Info: backreferencing OFF on input line 6093.
Package hyperref Info: Link coloring OFF on input line 6098.
Package hyperref Info: Link coloring with OCG OFF on input line 6103.
Package hyperref Info: PDF/A mode OFF on input line 6108.
\Hy@abspage=\count302
\c@Item=\count303
\c@Hfootnote=\count304
)
Package hyperref Info: Driver (autodetected): hxetex.

(/usr/local/texlive/2025/texmf-dist/tex/latex/hyperref/hxetex.def
File: hxetex.def 2025-07-12 v7.01o Hyperref driver for XeTeX
\pdfm@box=\box53
\c@Hy@AnnotLevel=\count305
\HyField@AnnotCount=\count306
\Fld@listcount=\count307
\c@bookmark@seq@number=\count308

(/usr/local/texlive/2025/texmf-dist/tex/latex/rerunfilecheck/rerunfilecheck.sty
Package: rerunfilecheck 2025-06-21 v1.11 Rerun checks for auxiliary files (HO)

(/usr/local/texlive/2025/texmf-dist/tex/generic/uniquecounter/uniquecounter.sty
Package: uniquecounter 2019/12/15 v1.4 Provide unlimited unique counter (HO)
)
Package uniquecounter Info: New unique counter `rerunfilecheck' on input line 2
84.
)
\Hy@SectionHShift=\skip51
)
Package hyperref Info: Option `colorlinks' set `true' on input line 6.
 (/usr/local/texlive/2025/texmf-dist/tex/latex/graphics/graphicx.sty
Package: graphicx 2024/12/31 v1.2e Enhanced LaTeX Graphics (DPC,SPQR)

(/usr/local/texlive/2025/texmf-dist/tex/latex/graphics/graphics.sty
Package: graphics 2024/08/06 v1.4g Standard LaTeX Graphics (DPC,SPQR)

(/usr/local/texlive/2025/texmf-dist/tex/latex/graphics/trig.sty
Package: trig 2023/12/02 v1.11 sin cos tan (DPC)
)
(/usr/local/texlive/2025/texmf-dist/tex/latex/graphics-cfg/graphics.cfg
File: graphics.cfg 2016/06/04 v1.11 sample graphics configuration
)
Package graphics Info: Driver file: xetex.def on input line 106.

(/usr/local/texlive/2025/texmf-dist/tex/latex/graphics-def/xetex.def
File: xetex.def 2022/09/22 v5.0n Graphics/color driver for xetex
))
\Gin@req@height=\dimen156
\Gin@req@width=\dimen157
)
(/usr/local/texlive/2025/texmf-dist/tex/latex/adjustbox/adjustbox.sty
Package: adjustbox 2025/02/26 v1.3c Adjusting TeX boxes (trim, clip, ...)

(/usr/local/texlive/2025/texmf-dist/tex/latex/xkeyval/xkeyval.sty
Package: xkeyval 2022/06/16 v2.9 package option processing (HA)

(/usr/local/texlive/2025/texmf-dist/tex/generic/xkeyval/xkeyval.tex
(/usr/local/texlive/2025/texmf-dist/tex/generic/xkeyval/xkvutils.tex
\XKV@toks=\toks18
\XKV@tempa@toks=\toks19
)
\XKV@depth=\count309
File: xkeyval.tex 2014/12/03 v2.7a key=value parser (HA)
))
(/usr/local/texlive/2025/texmf-dist/tex/latex/adjustbox/adjcalc.sty
Package: adjcalc 2012/05/16 v1.1 Provides advanced setlength with multiple back
-ends (calc, etex, pgfmath)
)
(/usr/local/texlive/2025/texmf-dist/tex/latex/adjustbox/trimclip.sty
Package: trimclip 2025/02/21 v1.2a Trim and clip general TeX material

(/usr/local/texlive/2025/texmf-dist/tex/latex/collectbox/collectbox.sty
Package: collectbox 2022/10/17 v0.4c Collect macro arguments as boxes
\collectedbox=\box54
)
\tc@llx=\dimen158
\tc@lly=\dimen159
\tc@urx=\dimen160
\tc@ury=\dimen161
Package trimclip Info: Using driver 'tc-xetex.def'.

(/usr/local/texlive/2025/texmf-dist/tex/latex/adjustbox/tc-xetex.def
File: tc-xetex.def 2019/01/04 v2.2 Clipping driver for xetex
))
\adjbox@Width=\dimen162
\adjbox@Height=\dimen163
\adjbox@Depth=\dimen164
\adjbox@Totalheight=\dimen165
\adjbox@pwidth=\dimen166
\adjbox@pheight=\dimen167
\adjbox@pdepth=\dimen168
\adjbox@ptotalheight=\dimen169

(/usr/local/texlive/2025/texmf-dist/tex/latex/ifoddpage/ifoddpage.sty
Package: ifoddpage 2022/10/18 v1.2 Conditionals for odd/even page detection
\c@checkoddpage=\count310
)
(/usr/local/texlive/2025/texmf-dist/tex/latex/varwidth/varwidth.sty
Package: varwidth 2009/03/30 ver 0.92;  Variable-width minipages
\@vwid@box=\box55
\sift@deathcycles=\count311
\@vwid@loff=\dimen170
\@vwid@roff=\dimen171
)
==> First Aid for varwidth.sty applied!
) (/usr/local/texlive/2025/texmf-dist/tex/latex/amsmath/amsmath.sty
Package: amsmath 2025/06/16 v2.17y AMS math features
\@mathmargin=\skip52

For additional information on amsmath, use the `?' option.
(/usr/local/texlive/2025/texmf-dist/tex/latex/amsmath/amstext.sty
Package: amstext 2024/11/17 v2.01 AMS text

(/usr/local/texlive/2025/texmf-dist/tex/latex/amsmath/amsgen.sty
File: amsgen.sty 1999/11/30 v2.0 generic functions
\@emptytoks=\toks20
\ex@=\dimen172
))
(/usr/local/texlive/2025/texmf-dist/tex/latex/amsmath/amsbsy.sty
Package: amsbsy 1999/11/29 v1.2d Bold Symbols
\pmbraise@=\dimen173
)
(/usr/local/texlive/2025/texmf-dist/tex/latex/amsmath/amsopn.sty
Package: amsopn 2022/04/08 v2.04 operator names
)
\inf@bad=\count312
LaTeX Info: Redefining \frac on input line 233.
\uproot@=\count313
\leftroot@=\count314
LaTeX Info: Redefining \overline on input line 398.
LaTeX Info: Redefining \colon on input line 409.
\classnum@=\count315
\DOTSCASE@=\count316
LaTeX Info: Redefining \ldots on input line 495.
LaTeX Info: Redefining \dots on input line 498.
LaTeX Info: Redefining \cdots on input line 619.
\Mathstrutbox@=\box56
\strutbox@=\box57
LaTeX Info: Redefining \big on input line 721.
LaTeX Info: Redefining \Big on input line 722.
LaTeX Info: Redefining \bigg on input line 723.
LaTeX Info: Redefining \Bigg on input line 724.
\big@size=\dimen174
LaTeX Font Info:    Redeclaring font encoding OML on input line 742.
LaTeX Font Info:    Redeclaring font encoding OMS on input line 743.
\macc@depth=\count317
LaTeX Info: Redefining \bmod on input line 904.
LaTeX Info: Redefining \pmod on input line 909.
LaTeX Info: Redefining \smash on input line 939.
LaTeX Info: Redefining \relbar on input line 969.
LaTeX Info: Redefining \Relbar on input line 970.
\c@MaxMatrixCols=\count318
\dotsspace@=\muskip18
\c@parentequation=\count319
\dspbrk@lvl=\count320
\tag@help=\toks21
\row@=\count321
\column@=\count322
\maxfields@=\count323
\andhelp@=\toks22
\eqnshift@=\dimen175
\alignsep@=\dimen176
\tagshift@=\dimen177
\tagwidth@=\dimen178
\totwidth@=\dimen179
\lineht@=\dimen180
\@envbody=\toks23
\multlinegap=\skip53
\multlinetaggap=\skip54
\mathdisplay@stack=\toks24
LaTeX Info: Redefining \[ on input line 2949.
LaTeX Info: Redefining \] on input line 2950.
)
(/usr/local/texlive/2025/texmf-dist/tex/latex/amsfonts/amsfonts.sty
Package: amsfonts 2013/01/14 v3.01 Basic AMSFonts support
\symAMSa=\mathgroup4
\symAMSb=\mathgroup5
LaTeX Font Info:    Redeclaring math symbol \hbar on input line 98.
LaTeX Font Info:    Overwriting math alphabet `\mathfrak' in version `bold'
(Font)                  U/euf/m/n --> U/euf/b/n on input line 106.
)
(/usr/local/texlive/2025/texmf-dist/tex/latex/amsfonts/amssymb.sty
Package: amssymb 2013/01/14 v3.01 AMS font symbols
)
(/usr/local/texlive/2025/texmf-dist/tex/latex/base/makeidx.sty
Package: makeidx 2021/10/04 v1.0m Standard LaTeX package
)
\@indexfile=\write3
\openout3 = `cybersec_final.idx'.


Writing index file cybersec_final.idx

(/Users/aliasgar/Desktop/Ali Asgar/Stony Brook/Advanced Project/local/files/cyb
ersec/outputs/cybersec_final.aux)
\openout1 = `cybersec_final.aux'.

LaTeX Font Info:    Checking defaults for OML/cmm/m/it on input line 21.
LaTeX Font Info:    ... okay on input line 21.
LaTeX Font Info:    Checking defaults for OMS/cmsy/m/n on input line 21.
LaTeX Font Info:    ... okay on input line 21.
LaTeX Font Info:    Checking defaults for OT1/cmr/m/n on input line 21.
LaTeX Font Info:    ... okay on input line 21.
LaTeX Font Info:    Checking defaults for T1/cmr/m/n on input line 21.
LaTeX Font Info:    ... okay on input line 21.
LaTeX Font Info:    Checking defaults for TS1/cmr/m/n on input line 21.
LaTeX Font Info:    ... okay on input line 21.
LaTeX Font Info:    Checking defaults for TU/lmr/m/n on input line 21.
LaTeX Font Info:    ... okay on input line 21.
LaTeX Font Info:    Checking defaults for OMX/cmex/m/n on input line 21.
LaTeX Font Info:    ... okay on input line 21.
LaTeX Font Info:    Checking defaults for U/cmr/m/n on input line 21.
LaTeX Font Info:    ... okay on input line 21.
LaTeX Font Info:    Checking defaults for PD1/pdf/m/n on input line 21.
LaTeX Font Info:    ... okay on input line 21.
LaTeX Font Info:    Checking defaults for PU/pdf/m/n on input line 21.
LaTeX Font Info:    ... okay on input line 21.

Package fontspec Info: 
(fontspec)             Adjusting the maths setup (use [no-math] to avoid
(fontspec)             this).

\symlegacymaths=\mathgroup6
LaTeX Font Info:    Overwriting symbol font `legacymaths' in version `bold'
(Font)                  OT1/cmr/m/n --> OT1/cmr/bx/n on input line 21.
LaTeX Font Info:    Redeclaring math accent \acute on input line 21.
LaTeX Font Info:    Redeclaring math accent \grave on input line 21.
LaTeX Font Info:    Redeclaring math accent \ddot on input line 21.
LaTeX Font Info:    Redeclaring math accent \tilde on input line 21.
LaTeX Font Info:    Redeclaring math accent \bar on input line 21.
LaTeX Font Info:    Redeclaring math accent \breve on input line 21.
LaTeX Font Info:    Redeclaring math accent \check on input line 21.
LaTeX Font Info:    Redeclaring math accent \hat on input line 21.
LaTeX Font Info:    Redeclaring math accent \dot on input line 21.
LaTeX Font Info:    Redeclaring math accent \mathring on input line 21.
LaTeX Font Info:    Redeclaring math symbol \Gamma on input line 21.
LaTeX Font Info:    Redeclaring math symbol \Delta on input line 21.
LaTeX Font Info:    Redeclaring math symbol \Theta on input line 21.
LaTeX Font Info:    Redeclaring math symbol \Lambda on input line 21.
LaTeX Font Info:    Redeclaring math symbol \Xi on input line 21.
LaTeX Font Info:    Redeclaring math symbol \Pi on input line 21.
LaTeX Font Info:    Redeclaring math symbol \Sigma on input line 21.
LaTeX Font Info:    Redeclaring math symbol \Upsilon on input line 21.
LaTeX Font Info:    Redeclaring math symbol \Phi on input line 21.
LaTeX Font Info:    Redeclaring math symbol \Psi on input line 21.
LaTeX Font Info:    Redeclaring math symbol \Omega on input line 21.
LaTeX Font Info:    Redeclaring math symbol \mathdollar on input line 21.
LaTeX Font Info:    Redeclaring symbol font `operators' on input line 21.
LaTeX Font Info:    Encoding `OT1' has changed to `TU' for symbol font
(Font)              `operators' in the math version `normal' on input line 21.
LaTeX Font Info:    Overwriting symbol font `operators' in version `normal'
(Font)                  OT1/cmr/m/n --> TU/lmr/m/n on input line 21.
LaTeX Font Info:    Encoding `OT1' has changed to `TU' for symbol font
(Font)              `operators' in the math version `bold' on input line 21.
LaTeX Font Info:    Overwriting symbol font `operators' in version `bold'
(Font)                  OT1/cmr/bx/n --> TU/lmr/m/n on input line 21.
LaTeX Font Info:    Overwriting symbol font `operators' in version `normal'
(Font)                  TU/lmr/m/n --> TU/lmr/m/n on input line 21.
LaTeX Font Info:    Overwriting math alphabet `\mathit' in version `normal'
(Font)                  OT1/cmr/m/it --> TU/lmr/m/it on input line 21.
LaTeX Font Info:    Overwriting math alphabet `\mathbf' in version `normal'
(Font)                  OT1/cmr/bx/n --> TU/lmr/b/n on input line 21.
LaTeX Font Info:    Overwriting math alphabet `\mathsf' in version `normal'
(Font)                  OT1/cmss/m/n --> TU/lmss/m/n on input line 21.
LaTeX Font Info:    Overwriting math alphabet `\mathtt' in version `normal'
(Font)                  OT1/cmtt/m/n --> TU/lmtt/m/n on input line 21.
LaTeX Font Info:    Overwriting symbol font `operators' in version `bold'
(Font)                  TU/lmr/m/n --> TU/lmr/b/n on input line 21.
LaTeX Font Info:    Overwriting math alphabet `\mathit' in version `bold'
(Font)                  OT1/cmr/bx/it --> TU/lmr/b/it on input line 21.
LaTeX Font Info:    Overwriting math alphabet `\mathsf' in version `bold'
(Font)                  OT1/cmss/bx/n --> TU/lmss/b/n on input line 21.
LaTeX Font Info:    Overwriting math alphabet `\mathtt' in version `bold'
(Font)                  OT1/cmtt/m/n --> TU/lmtt/b/n on input line 21.

(/usr/local/texlive/2025/texmf-dist/tex/latex/graphics/color.sty
Package: color 2025/01/14 v1.3e Standard LaTeX Color (DPC)

(/usr/local/texlive/2025/texmf-dist/tex/latex/graphics-cfg/color.cfg
File: color.cfg 2016/01/02 v1.6 sample color configuration
)
Package color Info: Driver file: xetex.def on input line 149.

(/usr/local/texlive/2025/texmf-dist/tex/latex/graphics/mathcolor.ltx))
Package hyperref Info: Link coloring ON on input line 21.

(/Users/aliasgar/Desktop/Ali Asgar/Stony Brook/Advanced Project/local/files/cyb
ersec/outputs/cybersec_final.out)
(/Users/aliasgar/Desktop/Ali Asgar/Stony Brook/Advanced Project/local/files/cyb
ersec/outputs/cybersec_final.out)
\@outlinefile=\write4
\openout4 = `cybersec_final.out'.

LaTeX Font Info:    Trying to load font information for U+msa on input line 23.


(/usr/local/texlive/2025/texmf-dist/tex/latex/amsfonts/umsa.fd
File: umsa.fd 2013/01/14 v3.01 AMS symbols A
)
LaTeX Font Info:    Trying to load font information for U+msb on input line 23.


(/usr/local/texlive/2025/texmf-dist/tex/latex/amsfonts/umsb.fd
File: umsb.fd 2013/01/14 v3.01 AMS symbols B
)

[1


]

[2

]
(/Users/aliasgar/Desktop/Ali Asgar/Stony Brook/Advanced Project/local/files/cyb
ersec/outputs/cybersec_final.toc)
\tf@toc=\write5
\openout5 = `cybersec_final.toc'.



[3]

! LaTeX Error: File `2025_05_12_ac3bc46a6f93dd973caag-006' not found.

See the LaTeX manual or LaTeX Companion for explanation.
Type  H <return>  for immediate help.
 ...                                              
                                                  
l.54 ...dth]{2025_05_12_ac3bc46a6f93dd973caag-006}
                                                  
I could not locate the file with any of these extensions:
.pdf,.PDF,.ai,.AI,.png,.PNG,.jpg,.JPG,.jpeg,.JPEG,.jp2,.JP2,.jpf,.JPF,.bmp,.BMP
,.ps,.PS,.eps,.EPS,.mps,.MPS
Try typing  <return>  to proceed.
If that doesn't work, type  X <return>  to quit.



[4]

LaTeX Warning: Citation `falliere2011stuxnet' on page 5 undefined on input line
 71.


LaTeX Warning: Citation `ayers2014mobileforensics' on page 5 undefined on input
 line 82.


Underfull \hbox (badness 10000) in paragraph at lines 82--83

 []


Underfull \vbox (badness 10000) has occurred while \output is active []



[5]

LaTeX Warning: Citation `boozallan2009tools' on page 6 undefined on input line 
86.


LaTeX Warning: Citation `itut1972g711' on page 6 undefined on input line 86.


Overfull \hbox (8.15341pt too wide) in paragraph at lines 86--89
\TU/lmr/m/n/10 NISHED ON AN ”AS-IS” BASIS. CARNEGIE MELLON UNIVERSITY MAKES
 []


LaTeX Warning: Citation `wp29_2017_dpia' on page 6 undefined on input line 92.


LaTeX Warning: Citation `caralli2007allegro' on page 6 undefined on input line 
92.


Underfull \hbox (badness 10000) in paragraph at lines 97--99

 []



[6]

LaTeX Warning: Citation `comer2007internetbook' on page 7 undefined on input li
ne 109.


LaTeX Warning: Citation `comer2014computernetworks' on page 7 undefined on inpu
t line 110.


LaTeX Warning: Citation `commoncriteria2012part1' on page 7 undefined on input 
line 111.


LaTeX Warning: Citation `coso2013internalcontrol' on page 7 undefined on input 
line 112.


LaTeX Warning: Citation `coe2001cybercrime' on page 7 undefined on input line 1
13.


LaTeX Warning: Citation `coe2005terrorism' on page 7 undefined on input line 11
5.


LaTeX Warning: Citation `cc30' on page 7 undefined on input line 117.


LaTeX Warning: Citation `crocker2013rfc6376' on page 7 undefined on input line 
118.


LaTeX Warning: Citation `dhamija2006why' on page 7 undefined on input line 119.



LaTeX Warning: Citation `dworkin2001sp80038a' on page 7 undefined on input line
 120.


LaTeX Warning: Citation `edpb2020video' on page 7 undefined on input line 121.


LaTeX Warning: Citation `eu1999signatures' on page 7 undefined on input line 12
2.


LaTeX Warning: Citation `eu2014eidas' on page 7 undefined on input line 123.


LaTeX Warning: Citation `fireeye2020redline' on page 7 undefined on input line 
125.


LaTeX Warning: Citation `freed1996rfc2046' on page 7 undefined on input line 12
7.


LaTeX Warning: Citation `halderman2008coldboot' on page 7 undefined on input li
ne 129.


LaTeX Warning: Citation `housley2009rfc5652' on page 7 undefined on input line 
130.


LaTeX Warning: Citation `hovemeyer2007nullpointer' on page 7 undefined on input
 line 131.


LaTeX Warning: Citation `iso1993mpeg' on page 7 undefined on input line 133.


LaTeX Warning: Citation `jones2006fair' on page 7 undefined on input line 134.


LaTeX Warning: Citation `kahneman2012thinking' on page 7 undefined on input lin
e 135.


LaTeX Warning: Citation `kent2006sp80086' on page 7 undefined on input line 136
.


LaTeX Warning: Citation `kitterman2014rfc7208' on page 7 undefined on input lin
e 138.


LaTeX Warning: Citation `kosinski2013private' on page 7 undefined on input line
 139.


LaTeX Warning: Citation `kurose2016topdown' on page 7 undefined on input line 1
40.


LaTeX Warning: Citation `lewand2000cryptological' on page 7 undefined on input 
line 142.


LaTeX Warning: Citation `mcafee2014netlosses' on page 7 undefined on input line
 143.


LaTeX Warning: Citation `mitnick2003deception' on page 7 undefined on input lin
e 145.


LaTeX Warning: Citation `moriarty2014rfc7292' on page 7 undefined on input line
 146.


LaTeX Warning: Citation `morris1979password' on page 7 undefined on input line 
147.


LaTeX Warning: Citation `nist2018framework' on page 7 undefined on input line 1
48.


LaTeX Warning: Citation `ramsdell2010rfc5751' on page 7 undefined on input line
 150.


LaTeX Warning: Citation `reschke2015rfc7617' on page 7 undefined on input line 
151.


LaTeX Warning: Citation `sciberras2006rfc4519' on page 7 undefined on input lin
e 152.


LaTeX Warning: Citation `seltzer2008ethical' on page 7 undefined on input line 
153.


LaTeX Warning: Citation `singh1999codebook' on page 7 undefined on input line 1
55.


LaTeX Warning: Citation `tor_overview' on page 7 undefined on input line 156.


LaTeX Warning: Citation `deltorto2001rfc3156' on page 7 undefined on input line
 157.


LaTeX Warning: Citation `whatwg2022html' on page 7 undefined on input line 158.



LaTeX Warning: Citation `wheeler2001flawfinder' on page 7 undefined on input li
ne 160.


LaTeX Warning: Citation `williams2012acpo' on page 7 undefined on input line 16
1.


Underfull \hbox (badness 10000) in paragraph at lines 100--386

 []



[7]

[8]

[9]

[10]

[11]

[12]

[13]
Overfull \hbox (9.96503pt too wide) in paragraph at lines 402--403
[]\TU/lmr/bx/n/10 Malware: \TU/lmr/m/n/10 Evil-minded persons began to develop 
so-called malware-software
 []



[14]

! LaTeX Error: File `2025_05_12_ac3bc46a6f93dd973caag-018' not found.

See the LaTeX manual or LaTeX Companion for explanation.
Type  H <return>  for immediate help.
 ...                                              
                                                  
l.414 ...th]{2025_05_12_ac3bc46a6f93dd973caag-018}
                                                  
I could not locate the file with any of these extensions:
.pdf,.PDF,.ai,.AI,.png,.PNG,.jpg,.JPG,.jpeg,.JPEG,.jp2,.JP2,.jpf,.JPF,.bmp,.BMP
,.ps,.PS,.eps,.EPS,.mps,.MPS
Try typing  <return>  to proceed.
If that doesn't work, type  X <return>  to quit.



[15]

! LaTeX Error: File `2025_05_12_ac3bc46a6f93dd973caag-019' not found.

See the LaTeX manual or LaTeX Companion for explanation.
Type  H <return>  for immediate help.
 ...                                              
                                                  
l.443 ...th]{2025_05_12_ac3bc46a6f93dd973caag-019}
                                                  
I could not locate the file with any of these extensions:
.pdf,.PDF,.ai,.AI,.png,.PNG,.jpg,.JPG,.jpeg,.JPEG,.jp2,.JP2,.jpf,.JPF,.bmp,.BMP
,.ps,.PS,.eps,.EPS,.mps,.MPS
Try typing  <return>  to proceed.
If that doesn't work, type  X <return>  to quit.



[16]

LaTeX Warning: Citation `cc25' on page 17 undefined on input line 455.


LaTeX Warning: Citation `mandiant2013apt1' on page 17 undefined on input line 4
57.


! LaTeX Error: Lonely \item--perhaps a missing list environment.

See the LaTeX manual or LaTeX Companion for explanation.
Type  H <return>  for immediate help.
 ...                                              
                                                  
l.461   \item \textbf
                     {Stuxnet:} A number of attacks on industrial systems wh...

Try typing  <return>  to proceed.
If that doesn't work, type  X <return>  to quit.


Underfull \hbox (badness 10000) detected at line 461
[][]
 []


! LaTeX Error: Lonely \item--perhaps a missing list environment.

See the LaTeX manual or LaTeX Companion for explanation.
Type  H <return>  for immediate help.
 ...                                              
                                                  
l.462   \item \textbf
                     {Semalt:} Semalt is a service which offers a special ty...

Try typing  <return>  to proceed.
If that doesn't work, type  X <return>  to quit.


Underfull \hbox (badness 10000) detected at line 462
[][]
 []



[17]

! LaTeX Error: Lonely \item--perhaps a missing list environment.

See the LaTeX manual or LaTeX Companion for explanation.
Type  H <return>  for immediate help.
 ...                                              
                                                  
l.463   \item \textbf
                     {CryptoLocker:} In 2013-14, a large number of users wer...

Try typing  <return>  to proceed.
If that doesn't work, type  X <return>  to quit.


Underfull \hbox (badness 10000) detected at line 463
[][]
 []


! LaTeX Error: Lonely \item--perhaps a missing list environment.

See the LaTeX manual or LaTeX Companion for explanation.
Type  H <return>  for immediate help.
 ...                                              
                                                  
l.464   \item \textbf
                     {NotPetya:} In June 2017, a large number of computers i...

Try typing  <return>  to proceed.
If that doesn't work, type  X <return>  to quit.


Underfull \hbox (badness 10000) detected at line 464
[][]
 []


! LaTeX Error: Lonely \item--perhaps a missing list environment.

See the LaTeX manual or LaTeX Companion for explanation.
Type  H <return>  for immediate help.
 ...                                              
                                                  
l.468   \item \textbf
                     {Orion:} In 2020, an extensive attack on networks used ...

Try typing  <return>  to proceed.
If that doesn't work, type  X <return>  to quit.


Underfull \hbox (badness 10000) detected at line 468
[][]
 []



[18]

! LaTeX Error: Lonely \item--perhaps a missing list environment.

See the LaTeX manual or LaTeX Companion for explanation.
Type  H <return>  for immediate help.
 ...                                              
                                                  
l.470   \item \textbf
                     {Microsoft Exchange Server:} Starting in January 2021, ...

Try typing  <return>  to proceed.
If that doesn't work, type  X <return>  to quit.


Underfull \hbox (badness 10000) detected at line 470
[][]
 []


! LaTeX Error: Lonely \item--perhaps a missing list environment.

See the LaTeX manual or LaTeX Companion for explanation.
Type  H <return>  for immediate help.
 ...                                              
                                                  
l.472   \item \textbf
                     {Colonial Pipeline:} In May 2021, the oil pipeline comp...

Try typing  <return>  to proceed.
If that doesn't work, type  X <return>  to quit.


Underfull \hbox (badness 10000) detected at line 472
[][]
 []


! LaTeX Error: File `2025_05_12_ac3bc46a6f93dd973caag-023' not found.

See the LaTeX manual or LaTeX Companion for explanation.
Type  H <return>  for immediate help.
 ...                                              
                                                  
l.477 ...er]{2025_05_12_ac3bc46a6f93dd973caag-023}
                                                  
I could not locate the file with any of these extensions:
.pdf,.PDF,.ai,.AI,.png,.PNG,.jpg,.JPG,.jpeg,.JPEG,.jp2,.JP2,.jpf,.JPF,.bmp,.BMP
,.ps,.PS,.eps,.EPS,.mps,.MPS
Try typing  <return>  to proceed.
If that doesn't work, type  X <return>  to quit.


! LaTeX Error: \begin{document} ended by \end{itemize}.

See the LaTeX manual or LaTeX Companion for explanation.
Type  H <return>  for immediate help.
 ...                                              
                                                  
l.479 \end{itemize}
                   
Your command was ignored.
Type  I <command> <return>  to replace it with another command,
or  <return>  to continue without it.

! Extra \endgroup.
\end  ...end#1\endcsname \@checkend {#1}\endgroup 
                                                  \UseHook {env/#1/after}\if...
l.479 \end{itemize}
                   
Things are pretty mixed up, but I think the worst is over.



[19]

[20]

[21]

[22]

[23]

[24]

[25]
Overfull \hbox (2.60152pt too wide) in paragraph at lines 618--618
[]\TU/lmr/bx/n/14.4 Useful concepts which you should now know
 []



[26]

LaTeX Warning: Citation `verizon2021dbir' on page 27 undefined on input line 64
5.



[27]

LaTeX Warning: Citation `wikipedia2023oslist' on page 28 undefined on input lin
e 657.



[28]

! LaTeX Error: File `2025_05_12_ac3bc46a6f93dd973caag-033' not found.

See the LaTeX manual or LaTeX Companion for explanation.
Type  H <return>  for immediate help.
 ...                                              
                                                  
l.682 ...th]{2025_05_12_ac3bc46a6f93dd973caag-033}
                                                  
I could not locate the file with any of these extensions:
.pdf,.PDF,.ai,.AI,.png,.PNG,.jpg,.JPG,.jpeg,.JPEG,.jp2,.JP2,.jpf,.JPF,.bmp,.BMP
,.ps,.PS,.eps,.EPS,.mps,.MPS
Try typing  <return>  to proceed.
If that doesn't work, type  X <return>  to quit.



[29]

! LaTeX Error: Environment displayquote undefined.

See the LaTeX manual or LaTeX Companion for explanation.
Type  H <return>  for immediate help.
 ...                                              
                                                  
l.713 \begin{displayquote}
                          
Your command was ignored.
Type  I <command> <return>  to replace it with another command,
or  <return>  to continue without it.


! LaTeX Error: Environment displayquote undefined.

See the LaTeX manual or LaTeX Companion for explanation.
Type  H <return>  for immediate help.
 ...                                              
                                                  
l.714   \begin{displayquote}
                            
Your command was ignored.
Type  I <command> <return>  to replace it with another command,
or  <return>  to continue without it.


! LaTeX Error: \begin{document} ended by \end{displayquote}.

See the LaTeX manual or LaTeX Companion for explanation.
Type  H <return>  for immediate help.
 ...                                              
                                                  
l.719   \end{displayquote}
                          
Your command was ignored.
Type  I <command> <return>  to replace it with another command,
or  <return>  to continue without it.


! LaTeX Error: Environment displayquote undefined.

See the LaTeX manual or LaTeX Companion for explanation.
Type  H <return>  for immediate help.
 ...                                              
                                                  
l.720   \begin{displayquote}
                            
Your command was ignored.
Type  I <command> <return>  to replace it with another command,
or  <return>  to continue without it.


! LaTeX Error: \begin{document} ended by \end{displayquote}.

See the LaTeX manual or LaTeX Companion for explanation.
Type  H <return>  for immediate help.
 ...                                              
                                                  
l.724   \end{displayquote}
                          
Your command was ignored.
Type  I <command> <return>  to replace it with another command,
or  <return>  to continue without it.


! LaTeX Error: Environment displayquote undefined.

See the LaTeX manual or LaTeX Companion for explanation.
Type  H <return>  for immediate help.
 ...                                              
                                                  
l.725   \begin{displayquote}
                            
Your command was ignored.
Type  I <command> <return>  to replace it with another command,
or  <return>  to continue without it.


! LaTeX Error: \begin{document} ended by \end{displayquote}.

See the LaTeX manual or LaTeX Companion for explanation.
Type  H <return>  for immediate help.
 ...                                              
                                                  
l.727   \end{displayquote}
                          
Your command was ignored.
Type  I <command> <return>  to replace it with another command,
or  <return>  to continue without it.


! LaTeX Error: \begin{document} ended by \end{displayquote}.

See the LaTeX manual or LaTeX Companion for explanation.
Type  H <return>  for immediate help.
 ...                                              
                                                  
l.728 \end{displayquote}
                        
Your command was ignored.
Type  I <command> <return>  to replace it with another command,
or  <return>  to continue without it.



[30]

[31]

! LaTeX Error: File `2025_05_12_ac3bc46a6f93dd973caag-036' not found.

See the LaTeX manual or LaTeX Companion for explanation.
Type  H <return>  for immediate help.
 ...                                              
                                                  
l.749 ...th]{2025_05_12_ac3bc46a6f93dd973caag-036}
                                                  
I could not locate the file with any of these extensions:
.pdf,.PDF,.ai,.AI,.png,.PNG,.jpg,.JPG,.jpeg,.JPEG,.jp2,.JP2,.jpf,.JPF,.bmp,.BMP
,.ps,.PS,.eps,.EPS,.mps,.MPS
Try typing  <return>  to proceed.
If that doesn't work, type  X <return>  to quit.



[32]
Underfull \hbox (badness 10000) in paragraph at lines 787--791

 []



[33]

LaTeX Warning: Citation `kahneman1982judgment' on page 34 undefined on input li
ne 804.



[34]

[35]

[36]

[37]

[38]

! LaTeX Error: File `2025_05_12_ac3bc46a6f93dd973caag-042' not found.

See the LaTeX manual or LaTeX Companion for explanation.
Type  H <return>  for immediate help.
 ...                                              
                                                  
l.929 ...er]{2025_05_12_ac3bc46a6f93dd973caag-042}
                                                  \\
I could not locate the file with any of these extensions:
.pdf,.PDF,.ai,.AI,.png,.PNG,.jpg,.JPG,.jpeg,.JPEG,.jp2,.JP2,.jpf,.JPF,.bmp,.BMP
,.ps,.PS,.eps,.EPS,.mps,.MPS
Try typing  <return>  to proceed.
If that doesn't work, type  X <return>  to quit.


! LaTeX Error: File `2025_05_12_ac3bc46a6f93dd973caag-042(1)' not found.

See the LaTeX manual or LaTeX Companion for explanation.
Type  H <return>  for immediate help.
 ...                                              
                                                  
l.931 ...{2025_05_12_ac3bc46a6f93dd973caag-042(1)}
                                                  
I could not locate the file with any of these extensions:
.pdf,.PDF,.ai,.AI,.png,.PNG,.jpg,.JPG,.jpeg,.JPEG,.jp2,.JP2,.jpf,.JPF,.bmp,.BMP
,.ps,.PS,.eps,.EPS,.mps,.MPS
Try typing  <return>  to proceed.
If that doesn't work, type  X <return>  to quit.



[39]

! LaTeX Error: File `2025\_05\_12\_ac3bc46a6f93dd973caag-043' not found.

See the LaTeX manual or LaTeX Companion for explanation.
Type  H <return>  for immediate help.
 ...                                              
                                                  
l.951 ...{2025\_05\_12\_ac3bc46a6f93dd973caag-043}
                                                  
I could not locate the file with any of these extensions:
.pdf,.PDF,.ai,.AI,.png,.PNG,.jpg,.JPG,.jpeg,.JPEG,.jp2,.JP2,.jpf,.JPF,.bmp,.BMP
,.ps,.PS,.eps,.EPS,.mps,.MPS
Try typing  <return>  to proceed.
If that doesn't work, type  X <return>  to quit.



[40]

LaTeX Warning: Citation `williamson1997safetyclimate' on page 41 undefined on i
nput line 978.



[41]

LaTeX Warning: Citation `rogers1983pmt' on page 42 undefined on input line 992.



Underfull \hbox (badness 10000) in paragraph at lines 998--999

 []


! LaTeX Error: \begin{document} ended by \end{enumerate}.

See the LaTeX manual or LaTeX Companion for explanation.
Type  H <return>  for immediate help.
 ...                                              
                                                  
l.1002 \end{enumerate}
                      
Your command was ignored.
Type  I <command> <return>  to replace it with another command,
or  <return>  to continue without it.

! Extra \endgroup.
\end  ...end#1\endcsname \@checkend {#1}\endgroup 
                                                  \UseHook {env/#1/after}\if...
l.1002 \end{enumerate}
                      
Things are pretty mixed up, but I think the worst is over.


LaTeX Warning: Citation `weirich2001pgp' on page 42 undefined on input line 100
4.



[42]

! LaTeX Error: File `2025\_05\_12\_ac3bc46a6f93dd973caag-047' not found.

See the LaTeX manual or LaTeX Companion for explanation.
Type  H <return>  for immediate help.
 ...                                              
                                                  
l.1017 ...2025\_05\_12\_ac3bc46a6f93dd973caag-047}
                                                  
I could not locate the file with any of these extensions:
.pdf,.PDF,.ai,.AI,.png,.PNG,.jpg,.JPG,.jpeg,.JPEG,.jp2,.JP2,.jpf,.JPF,.bmp,.BMP
,.ps,.PS,.eps,.EPS,.mps,.MPS
Try typing  <return>  to proceed.
If that doesn't work, type  X <return>  to quit.



[43]

! LaTeX Error: File `2025\_05\_12\_ac3bc46a6f93dd973caag-048' not found.

See the LaTeX manual or LaTeX Companion for explanation.
Type  H <return>  for immediate help.
 ...                                              
                                                  
l.1029 ...2025\_05\_12\_ac3bc46a6f93dd973caag-048}
                                                  
I could not locate the file with any of these extensions:
.pdf,.PDF,.ai,.AI,.png,.PNG,.jpg,.JPG,.jpeg,.JPEG,.jp2,.JP2,.jpf,.JPF,.bmp,.BMP
,.ps,.PS,.eps,.EPS,.mps,.MPS
Try typing  <return>  to proceed.
If that doesn't work, type  X <return>  to quit.


Overfull \hbox (2.60152pt too wide) in paragraph at lines 1033--1033
[]\TU/lmr/bx/n/14.4 Useful concepts which you should now know
 []



[44]

[45]

! LaTeX Error: File `2025\_05\_12\_ac3bc46a6f93dd973caag-050' not found.

See the LaTeX manual or LaTeX Companion for explanation.
Type  H <return>  for immediate help.
 ...                                              
                                                  
l.1080 ...2025\_05\_12\_ac3bc46a6f93dd973caag-050}
                                                  
I could not locate the file with any of these extensions:
.pdf,.PDF,.ai,.AI,.png,.PNG,.jpg,.JPG,.jpeg,.JPEG,.jp2,.JP2,.jpf,.JPF,.bmp,.BMP
,.ps,.PS,.eps,.EPS,.mps,.MPS
Try typing  <return>  to proceed.
If that doesn't work, type  X <return>  to quit.



[46]

[47]

[48

]
Chapter 1.

LaTeX Warning: Citation `royalsociety1992risk' on page 49 undefined on input li
ne 1123.


! LaTeX Error: File `2025_05_12_ac3bc46a6f93dd973caag-053' not found.

See the LaTeX manual or LaTeX Companion for explanation.
Type  H <return>  for immediate help.
 ...                                              
                                                  
l.1129 ...h]{2025_05_12_ac3bc46a6f93dd973caag-053}
                                                  
I could not locate the file with any of these extensions:
.pdf,.PDF,.ai,.AI,.png,.PNG,.jpg,.JPG,.jpeg,.JPEG,.jp2,.JP2,.jpf,.JPF,.bmp,.BMP
,.ps,.PS,.eps,.EPS,.mps,.MPS
Try typing  <return>  to proceed.
If that doesn't work, type  X <return>  to quit.



[49]

! LaTeX Error: File `2025_05_12_ac3bc46a6f93dd973caag-053(1)' not found.

See the LaTeX manual or LaTeX Companion for explanation.
Type  H <return>  for immediate help.
 ...                                              
                                                  
l.1145 ...2025_05_12_ac3bc46a6f93dd973caag-053(1)}
                                                  
I could not locate the file with any of these extensions:
.pdf,.PDF,.ai,.AI,.png,.PNG,.jpg,.JPG,.jpeg,.JPEG,.jp2,.JP2,.jpf,.JPF,.bmp,.BMP
,.ps,.PS,.eps,.EPS,.mps,.MPS
Try typing  <return>  to proceed.
If that doesn't work, type  X <return>  to quit.


! LaTeX Error: File `2025_05_12_ac3bc46a6f93dd973caag-054' not found.

See the LaTeX manual or LaTeX Companion for explanation.
Type  H <return>  for immediate help.
 ...                                              
                                                  
l.1159 ...h]{2025_05_12_ac3bc46a6f93dd973caag-054}
                                                  
I could not locate the file with any of these extensions:
.pdf,.PDF,.ai,.AI,.png,.PNG,.jpg,.JPG,.jpeg,.JPEG,.jp2,.JP2,.jpf,.JPF,.bmp,.BMP
,.ps,.PS,.eps,.EPS,.mps,.MPS
Try typing  <return>  to proceed.
If that doesn't work, type  X <return>  to quit.



[50]

! LaTeX Error: File `2025_05_12_ac3bc46a6f93dd973caag-055' not found.

See the LaTeX manual or LaTeX Companion for explanation.
Type  H <return>  for immediate help.
 ...                                              
                                                  
l.1186 ...h]{2025_05_12_ac3bc46a6f93dd973caag-055}
                                                  
I could not locate the file with any of these extensions:
.pdf,.PDF,.ai,.AI,.png,.PNG,.jpg,.JPG,.jpeg,.JPEG,.jp2,.JP2,.jpf,.JPF,.bmp,.BMP
,.ps,.PS,.eps,.EPS,.mps,.MPS
Try typing  <return>  to proceed.
If that doesn't work, type  X <return>  to quit.



[51]

[52]

[53]

[54]
Overfull \hbox (268.04007pt too wide) in paragraph at lines 1296--1368
 [] 
 []


Underfull \vbox (badness 10000) has occurred while \output is active []



[55]

[56]

! LaTeX Error: File `2025_05_12_ac3bc46a6f93dd973caag-061' not found.

See the LaTeX manual or LaTeX Companion for explanation.
Type  H <return>  for immediate help.
 ...                                              
                                                  
l.1413 ...h]{2025_05_12_ac3bc46a6f93dd973caag-061}
                                                  
I could not locate the file with any of these extensions:
.pdf,.PDF,.ai,.AI,.png,.PNG,.jpg,.JPG,.jpeg,.JPEG,.jp2,.JP2,.jpf,.JPF,.bmp,.BMP
,.ps,.PS,.eps,.EPS,.mps,.MPS
Try typing  <return>  to proceed.
If that doesn't work, type  X <return>  to quit.



[57]

[58]

[59]

[60]

! LaTeX Error: File `2025\_05\_12\_ac3bc46a6f93dd973caag-064' not found.

See the LaTeX manual or LaTeX Companion for explanation.
Type  H <return>  for immediate help.
 ...                                              
                                                  
l.1504 ...2025\_05\_12\_ac3bc46a6f93dd973caag-064}
                                                  
I could not locate the file with any of these extensions:
.pdf,.PDF,.ai,.AI,.png,.PNG,.jpg,.JPG,.jpeg,.JPEG,.jp2,.JP2,.jpf,.JPF,.bmp,.BMP
,.ps,.PS,.eps,.EPS,.mps,.MPS
Try typing  <return>  to proceed.
If that doesn't work, type  X <return>  to quit.


! LaTeX Error: File `2025\_05\_12\_ac3bc46a6f93dd973caag-065' not found.

See the LaTeX manual or LaTeX Companion for explanation.
Type  H <return>  for immediate help.
 ...                                              
                                                  
l.1526 ...2025\_05\_12\_ac3bc46a6f93dd973caag-065}
                                                  
I could not locate the file with any of these extensions:
.pdf,.PDF,.ai,.AI,.png,.PNG,.jpg,.JPG,.jpeg,.JPEG,.jp2,.JP2,.jpf,.JPF,.bmp,.BMP
,.ps,.PS,.eps,.EPS,.mps,.MPS
Try typing  <return>  to proceed.
If that doesn't work, type  X <return>  to quit.



[61]

! LaTeX Error: File `2025_05_12_ac3bc46a6f93dd973caag-066' not found.

See the LaTeX manual or LaTeX Companion for explanation.
Type  H <return>  for immediate help.
 ...                                              
                                                  
l.1545 ...r]{2025_05_12_ac3bc46a6f93dd973caag-066}
                                                  
I could not locate the file with any of these extensions:
.pdf,.PDF,.ai,.AI,.png,.PNG,.jpg,.JPG,.jpeg,.JPEG,.jp2,.JP2,.jpf,.JPF,.bmp,.BMP
,.ps,.PS,.eps,.EPS,.mps,.MPS
Try typing  <return>  to proceed.
If that doesn't work, type  X <return>  to quit.



[62]

! LaTeX Error: File `2025_05_12_ac3bc46a6f93dd973caag-067' not found.

See the LaTeX manual or LaTeX Companion for explanation.
Type  H <return>  for immediate help.
 ...                                              
                                                  
l.1568 ...r]{2025_05_12_ac3bc46a6f93dd973caag-067}
                                                  
I could not locate the file with any of these extensions:
.pdf,.PDF,.ai,.AI,.png,.PNG,.jpg,.JPG,.jpeg,.JPEG,.jp2,.JP2,.jpf,.JPF,.bmp,.BMP
,.ps,.PS,.eps,.EPS,.mps,.MPS
Try typing  <return>  to proceed.
If that doesn't work, type  X <return>  to quit.


! LaTeX Error: File `2025_05_12_ac3bc46a6f93dd973caag-068' not found.

See the LaTeX manual or LaTeX Companion for explanation.
Type  H <return>  for immediate help.
 ...                                              
                                                  
l.1588 ...r]{2025_05_12_ac3bc46a6f93dd973caag-068}
                                                  
I could not locate the file with any of these extensions:
.pdf,.PDF,.ai,.AI,.png,.PNG,.jpg,.JPG,.jpeg,.JPEG,.jp2,.JP2,.jpf,.JPF,.bmp,.BMP
,.ps,.PS,.eps,.EPS,.mps,.MPS
Try typing  <return>  to proceed.
If that doesn't work, type  X <return>  to quit.



[63]
Overfull \hbox (0.32503pt too wide) in paragraph at lines 1599--1600
[]\TU/lmr/bx/n/10 D\TU/lmr/m/n/10 o: Countermeasures or other forms of risk man
agement are implemented. 
 []


! LaTeX Error: File `2025_05_12_ac3bc46a6f93dd973caag-069' not found.

See the LaTeX manual or LaTeX Companion for explanation.
Type  H <return>  for immediate help.
 ...                                              
                                                  
l.1608 ...r]{2025_05_12_ac3bc46a6f93dd973caag-069}
                                                  
I could not locate the file with any of these extensions:
.pdf,.PDF,.ai,.AI,.png,.PNG,.jpg,.JPG,.jpeg,.JPEG,.jp2,.JP2,.jpf,.JPF,.bmp,.BMP
,.ps,.PS,.eps,.EPS,.mps,.MPS
Try typing  <return>  to proceed.
If that doesn't work, type  X <return>  to quit.


Overfull \hbox (2.60152pt too wide) in paragraph at lines 1612--1612
[]\TU/lmr/bx/n/14.4 Useful concepts which you should now know
 []



[64]

LaTeX Warning: Citation `iso2011_27005' on page 65 undefined on input line 1633
.



[65]

[66]

[67]

[68

]
Chapter 2.


[69]

! LaTeX Error: File `2025_05_12_ac3bc46a6f93dd973caag-073' not found.

See the LaTeX manual or LaTeX Companion for explanation.
Type  H <return>  for immediate help.
 ...                                              
                                                  
l.1700 ...r]{2025_05_12_ac3bc46a6f93dd973caag-073}
                                                  
I could not locate the file with any of these extensions:
.pdf,.PDF,.ai,.AI,.png,.PNG,.jpg,.JPG,.jpeg,.JPEG,.jp2,.JP2,.jpf,.JPF,.bmp,.BMP
,.ps,.PS,.eps,.EPS,.mps,.MPS
Try typing  <return>  to proceed.
If that doesn't work, type  X <return>  to quit.



[70]

[71]

[72]

! LaTeX Error: File `2025_05_12_ac3bc46a6f93dd973caag-076(1)' not found.

See the LaTeX manual or LaTeX Companion for explanation.
Type  H <return>  for immediate help.
 ...                                              
                                                  
l.1771 ...2025_05_12_ac3bc46a6f93dd973caag-076(1)}
                                                  
I could not locate the file with any of these extensions:
.pdf,.PDF,.ai,.AI,.png,.PNG,.jpg,.JPG,.jpeg,.JPEG,.jp2,.JP2,.jpf,.JPF,.bmp,.BMP
,.ps,.PS,.eps,.EPS,.mps,.MPS
Try typing  <return>  to proceed.
If that doesn't work, type  X <return>  to quit.


! LaTeX Error: File `2025_05_12_ac3bc46a6f93dd973caag-076' not found.

See the LaTeX manual or LaTeX Companion for explanation.
Type  H <return>  for immediate help.
 ...                                              
                                                  
l.1782 ...h]{2025_05_12_ac3bc46a6f93dd973caag-076}
                                                  
I could not locate the file with any of these extensions:
.pdf,.PDF,.ai,.AI,.png,.PNG,.jpg,.JPG,.jpeg,.JPEG,.jp2,.JP2,.jpf,.JPF,.bmp,.BMP
,.ps,.PS,.eps,.EPS,.mps,.MPS
Try typing  <return>  to proceed.
If that doesn't work, type  X <return>  to quit.


! LaTeX Error: File `2025_05_12_ac3bc46a6f93dd973caag-077' not found.

See the LaTeX manual or LaTeX Companion for explanation.
Type  H <return>  for immediate help.
 ...                                              
                                                  
l.1793 ...h]{2025_05_12_ac3bc46a6f93dd973caag-077}
                                                  
I could not locate the file with any of these extensions:
.pdf,.PDF,.ai,.AI,.png,.PNG,.jpg,.JPG,.jpeg,.JPEG,.jp2,.JP2,.jpf,.JPF,.bmp,.BMP
,.ps,.PS,.eps,.EPS,.mps,.MPS
Try typing  <return>  to proceed.
If that doesn't work, type  X <return>  to quit.


! LaTeX Error: File `2025_05_12_ac3bc46a6f93dd973caag-077(1)' not found.

See the LaTeX manual or LaTeX Companion for explanation.
Type  H <return>  for immediate help.
 ...                                              
                                                  
l.1799 ...2025_05_12_ac3bc46a6f93dd973caag-077(1)}
                                                  
I could not locate the file with any of these extensions:
.pdf,.PDF,.ai,.AI,.png,.PNG,.jpg,.JPG,.jpeg,.JPEG,.jp2,.JP2,.jpf,.JPF,.bmp,.BMP
,.ps,.PS,.eps,.EPS,.mps,.MPS
Try typing  <return>  to proceed.
If that doesn't work, type  X <return>  to quit.



[73]

! LaTeX Error: File `2025_05_12_ac3bc46a6f93dd973caag-078' not found.

See the LaTeX manual or LaTeX Companion for explanation.
Type  H <return>  for immediate help.
 ...                                              
                                                  
l.1809 ...h]{2025_05_12_ac3bc46a6f93dd973caag-078}
                                                  
I could not locate the file with any of these extensions:
.pdf,.PDF,.ai,.AI,.png,.PNG,.jpg,.JPG,.jpeg,.JPEG,.jp2,.JP2,.jpf,.JPF,.bmp,.BMP
,.ps,.PS,.eps,.EPS,.mps,.MPS
Try typing  <return>  to proceed.
If that doesn't work, type  X <return>  to quit.


Overfull \hbox (101.00006pt too wide) in paragraph at lines 1820--1845
 [][] 
 []


Overfull \hbox (1.89pt too wide) in paragraph at lines 1864--1865
\TU/lmr/m/n/10 The idea of using two encoding alphabets alternately can be exte
nded to \TU/lmr/m/it/10 Vigènere
 []



[74]
Overfull \hbox (3.33008pt too wide) in paragraph at lines 1869--1881
 [] 
 []


Overfull \hbox (307.44038pt too wide) in paragraph at lines 1895--1954
 [][] 
 []


LaTeX Warning: `h' float specifier changed to `ht'.



[75]

[76]
Overfull \hbox (3.3101pt too wide) in paragraph at lines 2007--2013
 [] 
 []



[77]
Overfull \hbox (25.9801pt too wide) in paragraph at lines 2045--2060
 [][] 
 []



[78]

! LaTeX Error: File `2025_05_12_ac3bc46a6f93dd973caag-084' not found.

See the LaTeX manual or LaTeX Companion for explanation.
Type  H <return>  for immediate help.
 ...                                              
                                                  
l.2076 ...r]{2025_05_12_ac3bc46a6f93dd973caag-084}
                                                  
I could not locate the file with any of these extensions:
.pdf,.PDF,.ai,.AI,.png,.PNG,.jpg,.JPG,.jpeg,.JPEG,.jp2,.JP2,.jpf,.JPF,.bmp,.BMP
,.ps,.PS,.eps,.EPS,.mps,.MPS
Try typing  <return>  to proceed.
If that doesn't work, type  X <return>  to quit.



[79]

! LaTeX Error: File `2025_05_12_ac3bc46a6f93dd973caag-085' not found.

See the LaTeX manual or LaTeX Companion for explanation.
Type  H <return>  for immediate help.
 ...                                              
                                                  
l.2090 ...r]{2025_05_12_ac3bc46a6f93dd973caag-085}
                                                  
I could not locate the file with any of these extensions:
.pdf,.PDF,.ai,.AI,.png,.PNG,.jpg,.JPG,.jpeg,.JPEG,.jp2,.JP2,.jpf,.JPF,.bmp,.BMP
,.ps,.PS,.eps,.EPS,.mps,.MPS
Try typing  <return>  to proceed.
If that doesn't work, type  X <return>  to quit.



[80]

! LaTeX Error: File `2025_05_12_ac3bc46a6f93dd973caag-086(1)' not found.

See the LaTeX manual or LaTeX Companion for explanation.
Type  H <return>  for immediate help.
 ...                                              
                                                  
l.2117 ...2025_05_12_ac3bc46a6f93dd973caag-086(1)}
                                                  
I could not locate the file with any of these extensions:
.pdf,.PDF,.ai,.AI,.png,.PNG,.jpg,.JPG,.jpeg,.JPEG,.jp2,.JP2,.jpf,.JPF,.bmp,.BMP
,.ps,.PS,.eps,.EPS,.mps,.MPS
Try typing  <return>  to proceed.
If that doesn't work, type  X <return>  to quit.


! LaTeX Error: File `2025_05_12_ac3bc46a6f93dd973caag-086' not found.

See the LaTeX manual or LaTeX Companion for explanation.
Type  H <return>  for immediate help.
 ...                                              
                                                  
l.2123 ...r]{2025_05_12_ac3bc46a6f93dd973caag-086}
                                                  
I could not locate the file with any of these extensions:
.pdf,.PDF,.ai,.AI,.png,.PNG,.jpg,.JPG,.jpeg,.JPEG,.jp2,.JP2,.jpf,.JPF,.bmp,.BMP
,.ps,.PS,.eps,.EPS,.mps,.MPS
Try typing  <return>  to proceed.
If that doesn't work, type  X <return>  to quit.


! LaTeX Error: File `2025_05_12_ac3bc46a6f93dd973caag-087' not found.

See the LaTeX manual or LaTeX Companion for explanation.
Type  H <return>  for immediate help.
 ...                                              
                                                  
l.2129 ...r]{2025_05_12_ac3bc46a6f93dd973caag-087}
                                                  
I could not locate the file with any of these extensions:
.pdf,.PDF,.ai,.AI,.png,.PNG,.jpg,.JPG,.jpeg,.JPEG,.jp2,.JP2,.jpf,.JPF,.bmp,.BMP
,.ps,.PS,.eps,.EPS,.mps,.MPS
Try typing  <return>  to proceed.
If that doesn't work, type  X <return>  to quit.



[81]

[82]

! LaTeX Error: File `2025_05_12_ac3bc46a6f93dd973caag-088' not found.

See the LaTeX manual or LaTeX Companion for explanation.
Type  H <return>  for immediate help.
 ...                                              
                                                  
l.2177 ...r]{2025_05_12_ac3bc46a6f93dd973caag-088}
                                                  
I could not locate the file with any of these extensions:
.pdf,.PDF,.ai,.AI,.png,.PNG,.jpg,.JPG,.jpeg,.JPEG,.jp2,.JP2,.jpf,.JPF,.bmp,.BMP
,.ps,.PS,.eps,.EPS,.mps,.MPS
Try typing  <return>  to proceed.
If that doesn't work, type  X <return>  to quit.



[83]

! LaTeX Error: File `2025_05_12_ac3bc46a6f93dd973caag-089' not found.

See the LaTeX manual or LaTeX Companion for explanation.
Type  H <return>  for immediate help.
 ...                                              
                                                  
l.2191 ...h]{2025_05_12_ac3bc46a6f93dd973caag-089}
                                                  
I could not locate the file with any of these extensions:
.pdf,.PDF,.ai,.AI,.png,.PNG,.jpg,.JPG,.jpeg,.JPEG,.jp2,.JP2,.jpf,.JPF,.bmp,.BMP
,.ps,.PS,.eps,.EPS,.mps,.MPS
Try typing  <return>  to proceed.
If that doesn't work, type  X <return>  to quit.



[84]

! LaTeX Error: File `2025_05_12_ac3bc46a6f93dd973caag-091' not found.

See the LaTeX manual or LaTeX Companion for explanation.
Type  H <return>  for immediate help.
 ...                                              
                                                  
l.2245 ...h]{2025_05_12_ac3bc46a6f93dd973caag-091}
                                                  
I could not locate the file with any of these extensions:
.pdf,.PDF,.ai,.AI,.png,.PNG,.jpg,.JPG,.jpeg,.JPEG,.jp2,.JP2,.jpf,.JPF,.bmp,.BMP
,.ps,.PS,.eps,.EPS,.mps,.MPS
Try typing  <return>  to proceed.
If that doesn't work, type  X <return>  to quit.



[85]

[86]

[87]

[88]

! LaTeX Error: File `2025_05_12_ac3bc46a6f93dd973caag-094' not found.

See the LaTeX manual or LaTeX Companion for explanation.
Type  H <return>  for immediate help.
 ...                                              
                                                  
l.2338 ...h]{2025_05_12_ac3bc46a6f93dd973caag-094}
                                                  
I could not locate the file with any of these extensions:
.pdf,.PDF,.ai,.AI,.png,.PNG,.jpg,.JPG,.jpeg,.JPEG,.jp2,.JP2,.jpf,.JPF,.bmp,.BMP
,.ps,.PS,.eps,.EPS,.mps,.MPS
Try typing  <return>  to proceed.
If that doesn't work, type  X <return>  to quit.



[89]

[90]

[91]

! LaTeX Error: \begin{document} ended by \end{itemize}.

See the LaTeX manual or LaTeX Companion for explanation.
Type  H <return>  for immediate help.
 ...                                              
                                                  
l.2471 \end{itemize}
                    
Your command was ignored.
Type  I <command> <return>  to replace it with another command,
or  <return>  to continue without it.

! Extra \endgroup.
\end  ...end#1\endcsname \@checkend {#1}\endgroup 
                                                  \UseHook {env/#1/after}\if...
l.2471 \end{itemize}
                    
Things are pretty mixed up, but I think the worst is over.



[92]

[93]

[94]

[95]
Overfull \hbox (2.32008pt too wide) in paragraph at lines 2606--2637
 [] 
 []



[96]

[97]
Underfull \hbox (badness 10000) in paragraph at lines 2690--2691

 []


! LaTeX Error: Lonely \item--perhaps a missing list environment.

See the LaTeX manual or LaTeX Companion for explanation.
Type  H <return>  for immediate help.
 ...                                              
                                                  
l.2694   \item M
                ethods for even faster factorisation of large integers may b...

Try typing  <return>  to proceed.
If that doesn't work, type  X <return>  to quit.


Underfull \hbox (badness 10000) detected at line 2694
[][]
 []



[98]

! LaTeX Error: \begin{document} ended by \end{enumerate}.

See the LaTeX manual or LaTeX Companion for explanation.
Type  H <return>  for immediate help.
 ...                                              
                                                  
l.2695 \end{enumerate}
                      
Your command was ignored.
Type  I <command> <return>  to replace it with another command,
or  <return>  to continue without it.

! Extra \endgroup.
\end  ...end#1\endcsname \@checkend {#1}\endgroup 
                                                  \UseHook {env/#1/after}\if...
l.2695 \end{enumerate}
                      
Things are pretty mixed up, but I think the worst is over.

! Undefined control sequence.
<recently read> \multirow 
                          
l.2710 \multirow
                [b]{2}{*}{Key size} & \textbf{AES/CBC} & \textbf{RSA} & \tex...
The control sequence at the end of the top line
of your error message was never \def'ed. If you have
misspelled it (e.g., `\hobx'), type `I' and the correct
spelling (e.g., `I\hbox'). Otherwise just continue,
and I'll forget about whatever was undefined.


Overfull \hbox (7.05019pt too wide) in paragraph at lines 2708--2729
 [] 
 []



[99]

[100]

[101]

[102]

[103]

[104]

[105]

[106

]
Chapter 3.


[107]

! LaTeX Error: File `2025_05_12_ac3bc46a6f93dd973caag-111' not found.

See the LaTeX manual or LaTeX Companion for explanation.
Type  H <return>  for immediate help.
 ...                                              
                                                  
l.2951 ...r]{2025_05_12_ac3bc46a6f93dd973caag-111}
                                                  
I could not locate the file with any of these extensions:
.pdf,.PDF,.ai,.AI,.png,.PNG,.jpg,.JPG,.jpeg,.JPEG,.jp2,.JP2,.jpf,.JPF,.bmp,.BMP
,.ps,.PS,.eps,.EPS,.mps,.MPS
Try typing  <return>  to proceed.
If that doesn't work, type  X <return>  to quit.



[108]

! LaTeX Error: File `2025_05_12_ac3bc46a6f93dd973caag-112' not found.

See the LaTeX manual or LaTeX Companion for explanation.
Type  H <return>  for immediate help.
 ...                                              
                                                  
l.2965 ...h]{2025_05_12_ac3bc46a6f93dd973caag-112}
                                                  
I could not locate the file with any of these extensions:
.pdf,.PDF,.ai,.AI,.png,.PNG,.jpg,.JPG,.jpeg,.JPEG,.jp2,.JP2,.jpf,.JPF,.bmp,.BMP
,.ps,.PS,.eps,.EPS,.mps,.MPS
Try typing  <return>  to proceed.
If that doesn't work, type  X <return>  to quit.



[109]
Overfull \hbox (7.57326pt too wide) detected at line 2978
[][]
 []


! LaTeX Error: File `2025_05_12_ac3bc46a6f93dd973caag-113' not found.

See the LaTeX manual or LaTeX Companion for explanation.
Type  H <return>  for immediate help.
 ...                                              
                                                  
l.2990 ...r]{2025_05_12_ac3bc46a6f93dd973caag-113}
                                                  
I could not locate the file with any of these extensions:
.pdf,.PDF,.ai,.AI,.png,.PNG,.jpg,.JPG,.jpeg,.JPEG,.jp2,.JP2,.jpf,.JPF,.bmp,.BMP
,.ps,.PS,.eps,.EPS,.mps,.MPS
Try typing  <return>  to proceed.
If that doesn't work, type  X <return>  to quit.



[110]
! Undefined control sequence.
<recently read> \multirow 
                          
l.3005 \multirow
                {2}{*}{} & \multirow[t]{2}{*}{MD5} & \multirow[t]{2}{*}{SHA-...
The control sequence at the end of the top line
of your error message was never \def'ed. If you have
misspelled it (e.g., `\hobx'), type `I' and the correct
spelling (e.g., `I\hbox'). Otherwise just continue,
and I'll forget about whatever was undefined.

! Undefined control sequence.
l.3005 \multirow{2}{*}{} & \multirow
                                    [t]{2}{*}{MD5} & \multirow[t]{2}{*}{SHA-...
The control sequence at the end of the top line
of your error message was never \def'ed. If you have
misspelled it (e.g., `\hobx'), type `I' and the correct
spelling (e.g., `I\hbox'). Otherwise just continue,
and I'll forget about whatever was undefined.

! Undefined control sequence.
l.3005 ...{} & \multirow[t]{2}{*}{MD5} & \multirow
                                                  [t]{2}{*}{SHA-1} & \multic...
The control sequence at the end of the top line
of your error message was never \def'ed. If you have
misspelled it (e.g., `\hobx'), type `I' and the correct
spelling (e.g., `I\hbox'). Otherwise just continue,
and I'll forget about whatever was undefined.


Overfull \hbox (136.11009pt too wide) in paragraph at lines 3003--3021
 [] 
 []



[111]

! LaTeX Error: File `2025_05_12_ac3bc46a6f93dd973caag-115' not found.

See the LaTeX manual or LaTeX Companion for explanation.
Type  H <return>  for immediate help.
 ...                                              
                                                  
l.3045 ...r]{2025_05_12_ac3bc46a6f93dd973caag-115}
                                                  
I could not locate the file with any of these extensions:
.pdf,.PDF,.ai,.AI,.png,.PNG,.jpg,.JPG,.jpeg,.JPEG,.jp2,.JP2,.jpf,.JPF,.bmp,.BMP
,.ps,.PS,.eps,.EPS,.mps,.MPS
Try typing  <return>  to proceed.
If that doesn't work, type  X <return>  to quit.



[112]


Overfull \hbox (8.62453pt too wide) has occurred while \output is active
\TU/lmr/m/sl/10 3.3.  REQUIREMENTS (PROPERTIES OF A ELECTRONIC SIGNATURE) \TU/l
mr/m/n/10 113
 []

[113]
Underfull \hbox (badness 10000) in paragraph at lines 3119--3120

 []



[114]

! LaTeX Error: File `2025_05_12_ac3bc46a6f93dd973caag-118' not found.

See the LaTeX manual or LaTeX Companion for explanation.
Type  H <return>  for immediate help.
 ...                                              
                                                  
l.3131 ...r]{2025_05_12_ac3bc46a6f93dd973caag-118}
                                                  
I could not locate the file with any of these extensions:
.pdf,.PDF,.ai,.AI,.png,.PNG,.jpg,.JPG,.jpeg,.JPEG,.jp2,.JP2,.jpf,.JPF,.bmp,.BMP
,.ps,.PS,.eps,.EPS,.mps,.MPS
Try typing  <return>  to proceed.
If that doesn't work, type  X <return>  to quit.




Overfull \hbox (8.62453pt too wide) has occurred while \output is active
\TU/lmr/m/sl/10 3.3.  REQUIREMENTS (PROPERTIES OF A ELECTRONIC SIGNATURE) \TU/l
mr/m/n/10 115
 []

[115]

[116]

[117]

[118]
Overfull \hbox (153.75pt too wide) in paragraph at lines 3236--3236
[]    \TU/lmtt/m/n/10 Message $2 \quad B \rightarrow A: \mathcal{E}\left(\left(
N_{A}, A\right), S K_{A B}\right)$[] 
 []


Overfull \hbox (190.5pt too wide) in paragraph at lines 3236--3236
[]    \TU/lmtt/m/n/10 Message $2 \quad B \rightarrow A: \mathcal{E}\left(\left(
N_{B}, N_{A}, A\right), S K_{A B}\right)$[] 
 []


Overfull \hbox (174.75pt too wide) in paragraph at lines 3236--3236
[]    \TU/lmtt/m/n/10 Message $3 \quad A \rightarrow B: \mathcal{E}\left(\left(
N_{A}, N_{B}\right), S K_{A B}\right)$[] 
 []



[119]

! LaTeX Error: File `2025_05_12_ac3bc46a6f93dd973caag-122' not found.

See the LaTeX manual or LaTeX Companion for explanation.
Type  H <return>  for immediate help.
 ...                                              
                                                  
l.3251 ...r]{2025_05_12_ac3bc46a6f93dd973caag-122}
                                                  
I could not locate the file with any of these extensions:
.pdf,.PDF,.ai,.AI,.png,.PNG,.jpg,.JPG,.jpeg,.JPEG,.jp2,.JP2,.jpf,.JPF,.bmp,.BMP
,.ps,.PS,.eps,.EPS,.mps,.MPS
Try typing  <return>  to proceed.
If that doesn't work, type  X <return>  to quit.



[120]
Overfull \hbox (51.02669pt too wide) in paragraph at lines 3296--3299
\TU/lmr/m/n/10 crypted with Sam’s private key, $\OML/cmm/m/it/10 SK[]$\TU/lmr/m
/n/10 , is known as Alice’s \TU/lmr/m/it/10 certificate\TU/lmr/m/n/10 , and $\O
MS/cmsy/m/n/10 E []$
 []



[121]

! LaTeX Error: File `2025_05_12_ac3bc46a6f93dd973caag-124' not found.

See the LaTeX manual or LaTeX Companion for explanation.
Type  H <return>  for immediate help.
 ...                                              
                                                  
l.3306 ...r]{2025_05_12_ac3bc46a6f93dd973caag-124}
                                                  
I could not locate the file with any of these extensions:
.pdf,.PDF,.ai,.AI,.png,.PNG,.jpg,.JPG,.jpeg,.JPEG,.jp2,.JP2,.jpf,.JPF,.bmp,.BMP
,.ps,.PS,.eps,.EPS,.mps,.MPS
Try typing  <return>  to proceed.
If that doesn't work, type  X <return>  to quit.


! LaTeX Error: File `2025_05_12_ac3bc46a6f93dd973caag-126' not found.

See the LaTeX manual or LaTeX Companion for explanation.
Type  H <return>  for immediate help.
 ...                                              
                                                  
l.3330 ...h]{2025_05_12_ac3bc46a6f93dd973caag-126}
                                                  
I could not locate the file with any of these extensions:
.pdf,.PDF,.ai,.AI,.png,.PNG,.jpg,.JPG,.jpeg,.JPEG,.jp2,.JP2,.jpf,.JPF,.bmp,.BMP
,.ps,.PS,.eps,.EPS,.mps,.MPS
Try typing  <return>  to proceed.
If that doesn't work, type  X <return>  to quit.



[122]

[123]
Underfull \vbox (badness 10000) has occurred while \output is active []



[124]
Underfull \hbox (badness 10000) in paragraph at lines 3397--3399

 []



[125]

[126]

[127]

! LaTeX Error: File `2025_05_12_ac3bc46a6f93dd973caag-131' not found.

See the LaTeX manual or LaTeX Companion for explanation.
Type  H <return>  for immediate help.
 ...                                              
                                                  
l.3469 ...r]{2025_05_12_ac3bc46a6f93dd973caag-131}
                                                  
I could not locate the file with any of these extensions:
.pdf,.PDF,.ai,.AI,.png,.PNG,.jpg,.JPG,.jpeg,.JPEG,.jp2,.JP2,.jpf,.JPF,.bmp,.BMP
,.ps,.PS,.eps,.EPS,.mps,.MPS
Try typing  <return>  to proceed.
If that doesn't work, type  X <return>  to quit.



[128]

! LaTeX Error: File `2025_05_12_ac3bc46a6f93dd973caag-132' not found.

See the LaTeX manual or LaTeX Companion for explanation.
Type  H <return>  for immediate help.
 ...                                              
                                                  
l.3482 ...h]{2025_05_12_ac3bc46a6f93dd973caag-132}
                                                  
I could not locate the file with any of these extensions:
.pdf,.PDF,.ai,.AI,.png,.PNG,.jpg,.JPG,.jpeg,.JPEG,.jp2,.JP2,.jpf,.JPF,.bmp,.BMP
,.ps,.PS,.eps,.EPS,.mps,.MPS
Try typing  <return>  to proceed.
If that doesn't work, type  X <return>  to quit.



[129]

[130]

[131]

[132]

[133]

[134]

! LaTeX Error: Environment abstract undefined.

See the LaTeX manual or LaTeX Companion for explanation.
Type  H <return>  for immediate help.
 ...                                              
                                                  
l.3623 \begin{abstract}
                       
Your command was ignored.
Type  I <command> <return>  to replace it with another command,
or  <return>  to continue without it.

Missing character: There is no 三 (U+4E09) in font [lmroman10-regular]:mapping=t
ex-text;!

! LaTeX Error: \begin{document} ended by \end{abstract}.

See the LaTeX manual or LaTeX Companion for explanation.
Type  H <return>  for immediate help.
 ...                                              
                                                  
l.3625 \end{abstract}
                     
Your command was ignored.
Type  I <command> <return>  to replace it with another command,
or  <return>  to continue without it.


Overfull \hbox (29.74092pt too wide) in paragraph at lines 3628--3629
\TU/lmr/m/n/10 service, which is avalable at URI [][]https://www.securedsigning
.com/products/signature-
 []



[135]

[136]
Chapter 4.


[137

]

! LaTeX Error: File `2025_05_12_ac3bc46a6f93dd973caag-140' not found.

See the LaTeX manual or LaTeX Companion for explanation.
Type  H <return>  for immediate help.
 ...                                              
                                                  
l.3655 ...h]{2025_05_12_ac3bc46a6f93dd973caag-140}
                                                  
I could not locate the file with any of these extensions:
.pdf,.PDF,.ai,.AI,.png,.PNG,.jpg,.JPG,.jpeg,.JPEG,.jp2,.JP2,.jpf,.JPF,.bmp,.BMP
,.ps,.PS,.eps,.EPS,.mps,.MPS
Try typing  <return>  to proceed.
If that doesn't work, type  X <return>  to quit.


! LaTeX Error: File `2025_05_12_ac3bc46a6f93dd973caag-141' not found.

See the LaTeX manual or LaTeX Companion for explanation.
Type  H <return>  for immediate help.
 ...                                              
                                                  
l.3678 ...h]{2025_05_12_ac3bc46a6f93dd973caag-141}
                                                  
I could not locate the file with any of these extensions:
.pdf,.PDF,.ai,.AI,.png,.PNG,.jpg,.JPG,.jpeg,.JPEG,.jp2,.JP2,.jpf,.JPF,.bmp,.BMP
,.ps,.PS,.eps,.EPS,.mps,.MPS
Try typing  <return>  to proceed.
If that doesn't work, type  X <return>  to quit.


! LaTeX Error: \begin{document} ended by \end{itemize}.

See the LaTeX manual or LaTeX Companion for explanation.
Type  H <return>  for immediate help.
 ...                                              
                                                  
l.3681 \end{itemize}
                    
Your command was ignored.
Type  I <command> <return>  to replace it with another command,
or  <return>  to continue without it.

! Extra \endgroup.
\end  ...end#1\endcsname \@checkend {#1}\endgroup 
                                                  \UseHook {env/#1/after}\if...
l.3681 \end{itemize}
                    
Things are pretty mixed up, but I think the worst is over.



[138]

[139]

[140]

! LaTeX Error: File `2025_05_12_ac3bc46a6f93dd973caag-144(1)' not found.

See the LaTeX manual or LaTeX Companion for explanation.
Type  H <return>  for immediate help.
 ...                                              
                                                  
l.3761 ...2025_05_12_ac3bc46a6f93dd973caag-144(1)}
                                                  
I could not locate the file with any of these extensions:
.pdf,.PDF,.ai,.AI,.png,.PNG,.jpg,.JPG,.jpeg,.JPEG,.jp2,.JP2,.jpf,.JPF,.bmp,.BMP
,.ps,.PS,.eps,.EPS,.mps,.MPS
Try typing  <return>  to proceed.
If that doesn't work, type  X <return>  to quit.



[141]

! LaTeX Error: File `2025_05_12_ac3bc46a6f93dd973caag-144' not found.

See the LaTeX manual or LaTeX Companion for explanation.
Type  H <return>  for immediate help.
 ...                                              
                                                  
l.3776 ...r]{2025_05_12_ac3bc46a6f93dd973caag-144}
                                                  
I could not locate the file with any of these extensions:
.pdf,.PDF,.ai,.AI,.png,.PNG,.jpg,.JPG,.jpeg,.JPEG,.jp2,.JP2,.jpf,.JPF,.bmp,.BMP
,.ps,.PS,.eps,.EPS,.mps,.MPS
Try typing  <return>  to proceed.
If that doesn't work, type  X <return>  to quit.


! LaTeX Error: File `2025_05_12_ac3bc46a6f93dd973caag-145' not found.

See the LaTeX manual or LaTeX Companion for explanation.
Type  H <return>  for immediate help.
 ...                                              
                                                  
l.3782 ...r]{2025_05_12_ac3bc46a6f93dd973caag-145}
                                                  
I could not locate the file with any of these extensions:
.pdf,.PDF,.ai,.AI,.png,.PNG,.jpg,.JPG,.jpeg,.JPEG,.jp2,.JP2,.jpf,.JPF,.bmp,.BMP
,.ps,.PS,.eps,.EPS,.mps,.MPS
Try typing  <return>  to proceed.
If that doesn't work, type  X <return>  to quit.



[142]

! LaTeX Error: File `2025_05_12_ac3bc46a6f93dd973caag-146' not found.

See the LaTeX manual or LaTeX Companion for explanation.
Type  H <return>  for immediate help.
 ...                                              
                                                  
l.3797 ...h]{2025_05_12_ac3bc46a6f93dd973caag-146}
                                                  
I could not locate the file with any of these extensions:
.pdf,.PDF,.ai,.AI,.png,.PNG,.jpg,.JPG,.jpeg,.JPEG,.jp2,.JP2,.jpf,.JPF,.bmp,.BMP
,.ps,.PS,.eps,.EPS,.mps,.MPS
Try typing  <return>  to proceed.
If that doesn't work, type  X <return>  to quit.



[143]

! LaTeX Error: File `2025_05_12_ac3bc46a6f93dd973caag-147' not found.

See the LaTeX manual or LaTeX Companion for explanation.
Type  H <return>  for immediate help.
 ...                                              
                                                  
l.3822 ...r]{2025_05_12_ac3bc46a6f93dd973caag-147}
                                                  
I could not locate the file with any of these extensions:
.pdf,.PDF,.ai,.AI,.png,.PNG,.jpg,.JPG,.jpeg,.JPEG,.jp2,.JP2,.jpf,.JPF,.bmp,.BMP
,.ps,.PS,.eps,.EPS,.mps,.MPS
Try typing  <return>  to proceed.
If that doesn't work, type  X <return>  to quit.



[144]

! LaTeX Error: \begin{document} ended by \end{itemize}.

See the LaTeX manual or LaTeX Companion for explanation.
Type  H <return>  for immediate help.
 ...                                              
                                                  
l.3856 \end{itemize}
                    
Your command was ignored.
Type  I <command> <return>  to replace it with another command,
or  <return>  to continue without it.

! Extra \endgroup.
\end  ...end#1\endcsname \@checkend {#1}\endgroup 
                                                  \UseHook {env/#1/after}\if...
l.3856 \end{itemize}
                    
Things are pretty mixed up, but I think the worst is over.



[145]

! LaTeX Error: File `2025_05_12_ac3bc46a6f93dd973caag-150' not found.

See the LaTeX manual or LaTeX Companion for explanation.
Type  H <return>  for immediate help.
 ...                                              
                                                  
l.3881 ...r]{2025_05_12_ac3bc46a6f93dd973caag-150}
                                                  
I could not locate the file with any of these extensions:
.pdf,.PDF,.ai,.AI,.png,.PNG,.jpg,.JPG,.jpeg,.JPEG,.jp2,.JP2,.jpf,.JPF,.bmp,.BMP
,.ps,.PS,.eps,.EPS,.mps,.MPS
Try typing  <return>  to proceed.
If that doesn't work, type  X <return>  to quit.



[146]

! LaTeX Error: File `2025_05_12_ac3bc46a6f93dd973caag-151' not found.

See the LaTeX manual or LaTeX Companion for explanation.
Type  H <return>  for immediate help.
 ...                                              
                                                  
l.3903 ...h]{2025_05_12_ac3bc46a6f93dd973caag-151}
                                                  
I could not locate the file with any of these extensions:
.pdf,.PDF,.ai,.AI,.png,.PNG,.jpg,.JPG,.jpeg,.JPEG,.jp2,.JP2,.jpf,.JPF,.bmp,.BMP
,.ps,.PS,.eps,.EPS,.mps,.MPS
Try typing  <return>  to proceed.
If that doesn't work, type  X <return>  to quit.


! LaTeX Error: File `2025_05_12_ac3bc46a6f93dd973caag-152' not found.

See the LaTeX manual or LaTeX Companion for explanation.
Type  H <return>  for immediate help.
 ...                                              
                                                  
l.3935 ...h]{2025_05_12_ac3bc46a6f93dd973caag-152}
                                                  
I could not locate the file with any of these extensions:
.pdf,.PDF,.ai,.AI,.png,.PNG,.jpg,.JPG,.jpeg,.JPEG,.jp2,.JP2,.jpf,.JPF,.bmp,.BMP
,.ps,.PS,.eps,.EPS,.mps,.MPS
Try typing  <return>  to proceed.
If that doesn't work, type  X <return>  to quit.



[147]

[148]
Overfull \hbox (401.6901pt too wide) in paragraph at lines 3984--3999
 [] 
 []



[149]

[150]
Overfull \hbox (0.47pt too wide) in paragraph at lines 4025--4026
\TU/lmr/m/n/10 The network’s communication nodes are basically responsible for 
receiving PDUs
 []


! LaTeX Error: File `2025_05_12_ac3bc46a6f93dd973caag-155' not found.

See the LaTeX manual or LaTeX Companion for explanation.
Type  H <return>  for immediate help.
 ...                                              
                                                  
l.4029 ...r]{2025_05_12_ac3bc46a6f93dd973caag-155}
                                                  
I could not locate the file with any of these extensions:
.pdf,.PDF,.ai,.AI,.png,.PNG,.jpg,.JPG,.jpeg,.JPEG,.jp2,.JP2,.jpf,.JPF,.bmp,.BMP
,.ps,.PS,.eps,.EPS,.mps,.MPS
Try typing  <return>  to proceed.
If that doesn't work, type  X <return>  to quit.



[151]

! LaTeX Error: File `2025_05_12_ac3bc46a6f93dd973caag-156' not found.

See the LaTeX manual or LaTeX Companion for explanation.
Type  H <return>  for immediate help.
 ...                                              
                                                  
l.4059 ...r]{2025_05_12_ac3bc46a6f93dd973caag-156}
                                                  
I could not locate the file with any of these extensions:
.pdf,.PDF,.ai,.AI,.png,.PNG,.jpg,.JPG,.jpeg,.JPEG,.jp2,.JP2,.jpf,.JPF,.bmp,.BMP
,.ps,.PS,.eps,.EPS,.mps,.MPS
Try typing  <return>  to proceed.
If that doesn't work, type  X <return>  to quit.


! LaTeX Error: File `2025_05_12_ac3bc46a6f93dd973caag-157(1)' not found.

See the LaTeX manual or LaTeX Companion for explanation.
Type  H <return>  for immediate help.
 ...                                              
                                                  
l.4067 ...2025_05_12_ac3bc46a6f93dd973caag-157(1)}
                                                  
I could not locate the file with any of these extensions:
.pdf,.PDF,.ai,.AI,.png,.PNG,.jpg,.JPG,.jpeg,.JPEG,.jp2,.JP2,.jpf,.JPF,.bmp,.BMP
,.ps,.PS,.eps,.EPS,.mps,.MPS
Try typing  <return>  to proceed.
If that doesn't work, type  X <return>  to quit.



[152]

! LaTeX Error: File `2025_05_12_ac3bc46a6f93dd973caag-157' not found.

See the LaTeX manual or LaTeX Companion for explanation.
Type  H <return>  for immediate help.
 ...                                              
                                                  
l.4080 ...h]{2025_05_12_ac3bc46a6f93dd973caag-157}
                                                  
I could not locate the file with any of these extensions:
.pdf,.PDF,.ai,.AI,.png,.PNG,.jpg,.JPG,.jpeg,.JPEG,.jp2,.JP2,.jpf,.JPF,.bmp,.BMP
,.ps,.PS,.eps,.EPS,.mps,.MPS
Try typing  <return>  to proceed.
If that doesn't work, type  X <return>  to quit.


! LaTeX Error: File `2025_05_12_ac3bc46a6f93dd973caag-157(2)' not found.

See the LaTeX manual or LaTeX Companion for explanation.
Type  H <return>  for immediate help.
 ...                                              
                                                  
l.4086 ...2025_05_12_ac3bc46a6f93dd973caag-157(2)}
                                                  
I could not locate the file with any of these extensions:
.pdf,.PDF,.ai,.AI,.png,.PNG,.jpg,.JPG,.jpeg,.JPEG,.jp2,.JP2,.jpf,.JPF,.bmp,.BMP
,.ps,.PS,.eps,.EPS,.mps,.MPS
Try typing  <return>  to proceed.
If that doesn't work, type  X <return>  to quit.



[153]
Overfull \hbox (178.56908pt too wide) in paragraph at lines 4114--4135
 [] 
 []



[154]

! LaTeX Error: File `2025_05_12_ac3bc46a6f93dd973caag-160(1)' not found.

See the LaTeX manual or LaTeX Companion for explanation.
Type  H <return>  for immediate help.
 ...                                              
                                                  
l.4156 ...2025_05_12_ac3bc46a6f93dd973caag-160(1)}
                                                  
I could not locate the file with any of these extensions:
.pdf,.PDF,.ai,.AI,.png,.PNG,.jpg,.JPG,.jpeg,.JPEG,.jp2,.JP2,.jpf,.JPF,.bmp,.BMP
,.ps,.PS,.eps,.EPS,.mps,.MPS
Try typing  <return>  to proceed.
If that doesn't work, type  X <return>  to quit.


! LaTeX Error: File `2025_05_12_ac3bc46a6f93dd973caag-160' not found.

See the LaTeX manual or LaTeX Companion for explanation.
Type  H <return>  for immediate help.
 ...                                              
                                                  
l.4162 ...r]{2025_05_12_ac3bc46a6f93dd973caag-160}
                                                  
I could not locate the file with any of these extensions:
.pdf,.PDF,.ai,.AI,.png,.PNG,.jpg,.JPG,.jpeg,.JPEG,.jp2,.JP2,.jpf,.JPF,.bmp,.BMP
,.ps,.PS,.eps,.EPS,.mps,.MPS
Try typing  <return>  to proceed.
If that doesn't work, type  X <return>  to quit.



[155]

! LaTeX Error: File `2025_05_12_ac3bc46a6f93dd973caag-161' not found.

See the LaTeX manual or LaTeX Companion for explanation.
Type  H <return>  for immediate help.
 ...                                              
                                                  
l.4179 ...r]{2025_05_12_ac3bc46a6f93dd973caag-161}
                                                  
I could not locate the file with any of these extensions:
.pdf,.PDF,.ai,.AI,.png,.PNG,.jpg,.JPG,.jpeg,.JPEG,.jp2,.JP2,.jpf,.JPF,.bmp,.BMP
,.ps,.PS,.eps,.EPS,.mps,.MPS
Try typing  <return>  to proceed.
If that doesn't work, type  X <return>  to quit.



[156]

! LaTeX Error: File `2025_05_12_ac3bc46a6f93dd973caag-162' not found.

See the LaTeX manual or LaTeX Companion for explanation.
Type  H <return>  for immediate help.
 ...                                              
                                                  
l.4193 ...h]{2025_05_12_ac3bc46a6f93dd973caag-162}
                                                  
I could not locate the file with any of these extensions:
.pdf,.PDF,.ai,.AI,.png,.PNG,.jpg,.JPG,.jpeg,.JPEG,.jp2,.JP2,.jpf,.JPF,.bmp,.BMP
,.ps,.PS,.eps,.EPS,.mps,.MPS
Try typing  <return>  to proceed.
If that doesn't work, type  X <return>  to quit.




Overfull \hbox (0.19232pt too wide) has occurred while \output is active
\TU/lmr/m/sl/10 4.2.  USEFUL CONCEPTS WHICH YOU SHOULD NOW KNOW ABOUT \TU/lmr/m
/n/10 157
 []

[157]

[158]

[159]

[160]
Chapter 5.

! LaTeX Error: File `2025_05_12_ac3bc46a6f93dd973caag-168' not found.

See the LaTeX manual or LaTeX Companion for explanation.
Type  H <return>  for immediate help.
 ...                                              
                                                  
l.4305 ...r]{2025_05_12_ac3bc46a6f93dd973caag-168}
                                                  
I could not locate the file with any of these extensions:
.pdf,.PDF,.ai,.AI,.png,.PNG,.jpg,.JPG,.jpeg,.JPEG,.jp2,.JP2,.jpf,.JPF,.bmp,.BMP
,.ps,.PS,.eps,.EPS,.mps,.MPS
Try typing  <return>  to proceed.
If that doesn't work, type  X <return>  to quit.


LaTeX Warning: `h' float specifier changed to `ht'.


LaTeX Warning: `h' float specifier changed to `ht'.



[161

]
Overfull \hbox (5.61002pt too wide) in paragraph at lines 4339--4340
\TU/lmr/m/n/10 the client’s system ([][]gogo.molester.dk[][]) as parameter to t
he ELHO-command.
 []



[162]

[163]

! LaTeX Error: File `2025_05_12_ac3bc46a6f93dd973caag-170' not found.

See the LaTeX manual or LaTeX Companion for explanation.
Type  H <return>  for immediate help.
 ...                                              
                                                  
l.4356 ...h]{2025_05_12_ac3bc46a6f93dd973caag-170}
                                                  
I could not locate the file with any of these extensions:
.pdf,.PDF,.ai,.AI,.png,.PNG,.jpg,.JPG,.jpeg,.JPEG,.jp2,.JP2,.jpf,.JPF,.bmp,.BMP
,.ps,.PS,.eps,.EPS,.mps,.MPS
Try typing  <return>  to proceed.
If that doesn't work, type  X <return>  to quit.



[164]

[165]

[166]
LaTeX Font Info:    Trying to load font information for U+euf on input line 443
3.
 (/usr/local/texlive/2025/texmf-dist/tex/latex/amsfonts/ueuf.fd
File: ueuf.fd 2013/01/14 v3.01 Euler Fraktur
)
Missing character: There is no æ ("E6) in font eufm10!

Overfull \hbox (181.36006pt too wide) in paragraph at lines 4450--4471
 [] 
 []



[167]

[168]

[169]

! LaTeX Error: File `2025_05_12_ac3bc46a6f93dd973caag-176' not found.

See the LaTeX manual or LaTeX Companion for explanation.
Type  H <return>  for immediate help.
 ...                                              
                                                  
l.4534 ...r]{2025_05_12_ac3bc46a6f93dd973caag-176}
                                                  
I could not locate the file with any of these extensions:
.pdf,.PDF,.ai,.AI,.png,.PNG,.jpg,.JPG,.jpeg,.JPEG,.jp2,.JP2,.jpf,.JPF,.bmp,.BMP
,.ps,.PS,.eps,.EPS,.mps,.MPS
Try typing  <return>  to proceed.
If that doesn't work, type  X <return>  to quit.


Overfull \hbox (16.5pt too wide) in paragraph at lines 4547--4577
| \TU/lmtt/m/it/10 <A href="https://danopskrifter.dk/frikadeller.html">Recipe</
A></P> 
 []


Overfull \hbox (0.75pt too wide) in paragraph at lines 4547--4577
| \TU/lmtt/m/it/10 <A href="https://moneygrab.eu/takeitandrun.html">Recipe</A><
/P> 
 []


Overfull \hbox (34.75pt too wide) in paragraph at lines 4547--4577
\TU/lmtt/m/it/10 <LI><P> Fl&aelig;skesteg med sv&aelig;r (eng: Roast pork with 
crackling) 
 []


Overfull \hbox (21.75pt too wide) in paragraph at lines 4547--4577
| \TU/lmtt/m/it/10 <A href="https://danopskrifter.dk/flaeskesteg.html">Recipe</
A> </P> 
 []


Overfull \hbox (21.75pt too wide) in paragraph at lines 4547--4577
| \TU/lmtt/m/it/10 <A href="https://danopskrifter.dk/smoerbroed.html">Recipes</
A> </P> 
 []


Underfull \hbox (badness 10000) in paragraph at lines 4547--4577

 []



[170]

! LaTeX Error: File `2025_05_12_ac3bc46a6f93dd973caag-178' not found.

See the LaTeX manual or LaTeX Companion for explanation.
Type  H <return>  for immediate help.
 ...                                              
                                                  
l.4592 ...r]{2025_05_12_ac3bc46a6f93dd973caag-178}
                                                  
I could not locate the file with any of these extensions:
.pdf,.PDF,.ai,.AI,.png,.PNG,.jpg,.JPG,.jpeg,.JPEG,.jp2,.JP2,.jpf,.JPF,.bmp,.BMP
,.ps,.PS,.eps,.EPS,.mps,.MPS
Try typing  <return>  to proceed.
If that doesn't work, type  X <return>  to quit.



[171]
Missing character: There is no æ ("E6) in font cmmi10!


[172]

[173]
Overfull \hbox (218.55005pt too wide) in paragraph at lines 4703--4722
 [] 
 []

! Misplaced \noalign.
\hline ->\noalign 
                  {\ifnum 0=`}\fi \hrule \@height \arrayrulewidth \futurelet...
l.4724 \hline
             
I expect to see \noalign only after the \cr of
an alignment. Proceed, and I'll ignore this case.

! Misplaced \crcr.
\endtabular ->\crcr 
                    \egroup \egroup $\egroup 
l.4725 \end{tabular}
                    
I can't figure out why you would want to use a tab mark
or \cr or \span just now. If something like a right brace
up above has ended a previous alignment prematurely,
you're probably due for more error messages, and you
might try typing `S' now just to see what is salvageable.

! Too many }'s.
\endtabular ->\crcr \egroup 
                            \egroup $\egroup 
l.4725 \end{tabular}
                    
You've closed more groups than you opened.
Such booboos are generally harmless, so keep going.

! Too many }'s.
\endtabular ->\crcr \egroup \egroup 
                                    $\egroup 
l.4725 \end{tabular}
                    
You've closed more groups than you opened.
Such booboos are generally harmless, so keep going.

! Extra }, or forgotten $.
<recently read> \egroup 
                        
l.4725 \end{tabular}
                    
I've deleted a group-closing symbol because it seems to be
spurious, as in `$x}$'. But perhaps the } is legitimate and
you forgot something else, as in `\hbox{$x}'. In such cases
the way to recover is to insert both the forgotten and the
deleted material, e.g., by typing `I$}'.


! LaTeX Error: \begin{document} ended by \end{tabular}.

See the LaTeX manual or LaTeX Companion for explanation.
Type  H <return>  for immediate help.
 ...                                              
                                                  
l.4725 \end{tabular}
                    
Your command was ignored.
Type  I <command> <return>  to replace it with another command,
or  <return>  to continue without it.

! Missing $ inserted.
<inserted text> 
                $
l.4725 \end{tabular}
                    
I've inserted something that you may have forgotten.
(See the <inserted text> above.)
With luck, this will get me unwedged. But if you
really didn't forget anything, try typing `2' now; then
my insertion and my current dilemma will both disappear.

! Extra \endgroup.
<recently read> \endgroup 
                          
l.4725 \end{tabular}
                    
Things are pretty mixed up, but I think the worst is over.


! LaTeX Error: \begin{document} ended by \end{center}.

See the LaTeX manual or LaTeX Companion for explanation.
Type  H <return>  for immediate help.
 ...                                              
                                                  
l.4726 \end{center}
                   
Your command was ignored.
Type  I <command> <return>  to replace it with another command,
or  <return>  to continue without it.

! Extra \endgroup.
\end  ...end#1\endcsname \@checkend {#1}\endgroup 
                                                  \UseHook {env/#1/after}\if...
l.4726 \end{center}
                   
Things are pretty mixed up, but I think the worst is over.


Overfull \hbox (41.22891pt too wide) in paragraph at lines 4738--4739
\TU/lmr/m/n/10 specifies that the content of the resource with URI [][]http://w
ww.w3.org/pub/www/xy.html[][]
 []



[174]

[175]

[176]

[177]
Overfull \hbox (47.74pt too wide) in paragraph at lines 4846--4847
\TU/lmr/m/n/10 The user manual can be found on Wireshark’s home page [][]https:
//www.wireshark.org/docs/[][]
 []


Overfull \hbox (13.5pt too wide) in paragraph at lines 4846--4847
\TU/lmr/m/n/10 wsug_html_chunked/ and there is a very useful wiki at [][]https:
//wiki.wireshark.org/[][]
 []



[178]

! LaTeX Error: File `2025_05_12_ac3bc46a6f93dd973caag-186' not found.

See the LaTeX manual or LaTeX Companion for explanation.
Type  H <return>  for immediate help.
 ...                                              
                                                  
l.4869 ...r]{2025_05_12_ac3bc46a6f93dd973caag-186}
                                                  
I could not locate the file with any of these extensions:
.pdf,.PDF,.ai,.AI,.png,.PNG,.jpg,.JPG,.jpeg,.JPEG,.jp2,.JP2,.jpf,.JPF,.bmp,.BMP
,.ps,.PS,.eps,.EPS,.mps,.MPS
Try typing  <return>  to proceed.
If that doesn't work, type  X <return>  to quit.



[179]

! LaTeX Error: File `2025_05_12_ac3bc46a6f93dd973caag-186(1)' not found.

See the LaTeX manual or LaTeX Companion for explanation.
Type  H <return>  for immediate help.
 ...                                              
                                                  
l.4879 ...2025_05_12_ac3bc46a6f93dd973caag-186(1)}
                                                  
I could not locate the file with any of these extensions:
.pdf,.PDF,.ai,.AI,.png,.PNG,.jpg,.JPG,.jpeg,.JPEG,.jp2,.JP2,.jpf,.JPF,.bmp,.BMP
,.ps,.PS,.eps,.EPS,.mps,.MPS
Try typing  <return>  to proceed.
If that doesn't work, type  X <return>  to quit.


! LaTeX Error: File `2025_05_12_ac3bc46a6f93dd973caag-187' not found.

See the LaTeX manual or LaTeX Companion for explanation.
Type  H <return>  for immediate help.
 ...                                              
                                                  
l.4899 ...h]{2025_05_12_ac3bc46a6f93dd973caag-187}
                                                  
I could not locate the file with any of these extensions:
.pdf,.PDF,.ai,.AI,.png,.PNG,.jpg,.JPG,.jpeg,.JPEG,.jp2,.JP2,.jpf,.JPF,.bmp,.BMP
,.ps,.PS,.eps,.EPS,.mps,.MPS
Try typing  <return>  to proceed.
If that doesn't work, type  X <return>  to quit.



[180]

! LaTeX Error: File `2025_05_12_ac3bc46a6f93dd973caag-188' not found.

See the LaTeX manual or LaTeX Companion for explanation.
Type  H <return>  for immediate help.
 ...                                              
                                                  
l.4918 ...r]{2025_05_12_ac3bc46a6f93dd973caag-188}
                                                  
I could not locate the file with any of these extensions:
.pdf,.PDF,.ai,.AI,.png,.PNG,.jpg,.JPG,.jpeg,.JPEG,.jp2,.JP2,.jpf,.JPF,.bmp,.BMP
,.ps,.PS,.eps,.EPS,.mps,.MPS
Try typing  <return>  to proceed.
If that doesn't work, type  X <return>  to quit.


! LaTeX Error: \begin{document} ended by \end{itemize}.

See the LaTeX manual or LaTeX Companion for explanation.
Type  H <return>  for immediate help.
 ...                                              
                                                  
l.4920 \end{itemize}
                    
Your command was ignored.
Type  I <command> <return>  to replace it with another command,
or  <return>  to continue without it.

! Extra \endgroup.
\end  ...end#1\endcsname \@checkend {#1}\endgroup 
                                                  \UseHook {env/#1/after}\if...
l.4920 \end{itemize}
                    
Things are pretty mixed up, but I think the worst is over.


! LaTeX Error: File `2025_05_12_ac3bc46a6f93dd973caag-188(1)' not found.

See the LaTeX manual or LaTeX Companion for explanation.
Type  H <return>  for immediate help.
 ...                                              
                                                  
l.4937 ...2025_05_12_ac3bc46a6f93dd973caag-188(1)}
                                                  
I could not locate the file with any of these extensions:
.pdf,.PDF,.ai,.AI,.png,.PNG,.jpg,.JPG,.jpeg,.JPEG,.jp2,.JP2,.jpf,.JPF,.bmp,.BMP
,.ps,.PS,.eps,.EPS,.mps,.MPS
Try typing  <return>  to proceed.
If that doesn't work, type  X <return>  to quit.



[181]

! LaTeX Error: File `2025_05_12_ac3bc46a6f93dd973caag-189' not found.

See the LaTeX manual or LaTeX Companion for explanation.
Type  H <return>  for immediate help.
 ...                                              
                                                  
l.4957 ...h]{2025_05_12_ac3bc46a6f93dd973caag-189}
                                                  
I could not locate the file with any of these extensions:
.pdf,.PDF,.ai,.AI,.png,.PNG,.jpg,.JPG,.jpeg,.JPEG,.jp2,.JP2,.jpf,.JPF,.bmp,.BMP
,.ps,.PS,.eps,.EPS,.mps,.MPS
Try typing  <return>  to proceed.
If that doesn't work, type  X <return>  to quit.


! LaTeX Error: File `2025_05_12_ac3bc46a6f93dd973caag-190' not found.

See the LaTeX manual or LaTeX Companion for explanation.
Type  H <return>  for immediate help.
 ...                                              
                                                  
l.4979 ...h]{2025_05_12_ac3bc46a6f93dd973caag-190}
                                                  
I could not locate the file with any of these extensions:
.pdf,.PDF,.ai,.AI,.png,.PNG,.jpg,.JPG,.jpeg,.JPEG,.jp2,.JP2,.jpf,.JPF,.bmp,.BMP
,.ps,.PS,.eps,.EPS,.mps,.MPS
Try typing  <return>  to proceed.
If that doesn't work, type  X <return>  to quit.



[182]
! Undefined control sequence.
<recently read> \multirow 
                          
l.4992 \multirow
                [t]{3}{*}{application} & pkcs7-mime & A signed or encrypted ...
The control sequence at the end of the top line
of your error message was never \def'ed. If you have
misspelled it (e.g., `\hobx'), type `I' and the correct
spelling (e.g., `I\hbox'). Otherwise just continue,
and I'll forget about whatever was undefined.


Overfull \hbox (178.84006pt too wide) in paragraph at lines 4986--4999
 [][] 
 []


Overfull \hbox (4.87pt too wide) in paragraph at lines 5013--5026
\TU/lmtt/m/it/10 rfvbnj756tbBghyHhHUujhJhjH77n8HHGT9HG4VQpfyF467GhIGfHfYT6 
 []


Overfull \hbox (4.53pt too wide) in paragraph at lines 5013--5026
\TU/lmtt/m/it/10 f8HHGTrfvhJhjH776tbB9HG4VQbnj7567/f+kkT6ghy57sYsPag7oiMAk 
 []


Underfull \hbox (badness 10000) in paragraph at lines 5013--5026

 []



[183]
Overfull \hbox (4.87pt too wide) in paragraph at lines 5033--5054
\TU/lmtt/m/it/10 rfvbnj756tbBghyHhHUujhJhjH77n8HHGT9HG4VQpfyF467GhIGfHfYT6 
 []


Overfull \hbox (4.53pt too wide) in paragraph at lines 5033--5054
\TU/lmtt/m/it/10 f8HHGTrfvhJhjH776tbB9HG4VQbnj7567/f+kkT6ghy57sYsPag7oiMAk 
 []


Underfull \hbox (badness 10000) in paragraph at lines 5033--5054

 []

! Undefined control sequence.
<recently read> \multirow 
                          
l.5065 \multirow
                [t]{2}{*}{multipart} & signed & A signed plaintext message w...
The control sequence at the end of the top line
of your error message was never \def'ed. If you have
misspelled it (e.g., `\hobx'), type `I' and the correct
spelling (e.g., `I\hbox'). Otherwise just continue,
and I'll forget about whatever was undefined.

! Undefined control sequence.
<recently read> \multirow 
                          
l.5069 \multirow
                [t]{4}{*}{application} & pgp-encrypted & The control part fr...
The control sequence at the end of the top line
of your error message was never \def'ed. If you have
misspelled it (e.g., `\hobx'), type `I' and the correct
spelling (e.g., `I\hbox'). Otherwise just continue,
and I'll forget about whatever was undefined.


Overfull \hbox (223.89005pt too wide) in paragraph at lines 5061--5078
 [] 
 []



[184]

! LaTeX Error: File `2025\_05\_12\_ac3bc46a6f93dd973caag-193' not found.

See the LaTeX manual or LaTeX Companion for explanation.
Type  H <return>  for immediate help.
 ...                                              
                                                  
l.5104 ...2025\_05\_12\_ac3bc46a6f93dd973caag-193}
                                                  
I could not locate the file with any of these extensions:
.pdf,.PDF,.ai,.AI,.png,.PNG,.jpg,.JPG,.jpeg,.JPEG,.jp2,.JP2,.jpf,.JPF,.bmp,.BMP
,.ps,.PS,.eps,.EPS,.mps,.MPS
Try typing  <return>  to proceed.
If that doesn't work, type  X <return>  to quit.



[185]

! LaTeX Error: File `2025_05_12_ac3bc46a6f93dd973caag-194(1)' not found.

See the LaTeX manual or LaTeX Companion for explanation.
Type  H <return>  for immediate help.
 ...                                              
                                                  
l.5121 ...2025_05_12_ac3bc46a6f93dd973caag-194(1)}
                                                  
I could not locate the file with any of these extensions:
.pdf,.PDF,.ai,.AI,.png,.PNG,.jpg,.JPG,.jpeg,.JPEG,.jp2,.JP2,.jpf,.JPF,.bmp,.BMP
,.ps,.PS,.eps,.EPS,.mps,.MPS
Try typing  <return>  to proceed.
If that doesn't work, type  X <return>  to quit.


! LaTeX Error: File `2025_05_12_ac3bc46a6f93dd973caag-194' not found.

See the LaTeX manual or LaTeX Companion for explanation.
Type  H <return>  for immediate help.
 ...                                              
                                                  
l.5127 ...r]{2025_05_12_ac3bc46a6f93dd973caag-194}
                                                  
I could not locate the file with any of these extensions:
.pdf,.PDF,.ai,.AI,.png,.PNG,.jpg,.JPG,.jpeg,.JPEG,.jp2,.JP2,.jpf,.JPF,.bmp,.BMP
,.ps,.PS,.eps,.EPS,.mps,.MPS
Try typing  <return>  to proceed.
If that doesn't work, type  X <return>  to quit.



[186]
Underfull \hbox (badness 10000) in paragraph at lines 5150--5151

 []


! LaTeX Error: File `2025_05_12_ac3bc46a6f93dd973caag-195' not found.

See the LaTeX manual or LaTeX Companion for explanation.
Type  H <return>  for immediate help.
 ...                                              
                                                  
l.5154 ...r]{2025_05_12_ac3bc46a6f93dd973caag-195}
                                                  
I could not locate the file with any of these extensions:
.pdf,.PDF,.ai,.AI,.png,.PNG,.jpg,.JPG,.jpeg,.JPEG,.jp2,.JP2,.jpf,.JPF,.bmp,.BMP
,.ps,.PS,.eps,.EPS,.mps,.MPS
Try typing  <return>  to proceed.
If that doesn't work, type  X <return>  to quit.



[187]

[188]

! LaTeX Error: File `2025_05_12_ac3bc46a6f93dd973caag-197' not found.

See the LaTeX manual or LaTeX Companion for explanation.
Type  H <return>  for immediate help.
 ...                                              
                                                  
l.5220 ...h]{2025_05_12_ac3bc46a6f93dd973caag-197}
                                                  
I could not locate the file with any of these extensions:
.pdf,.PDF,.ai,.AI,.png,.PNG,.jpg,.JPG,.jpeg,.JPEG,.jp2,.JP2,.jpf,.JPF,.bmp,.BMP
,.ps,.PS,.eps,.EPS,.mps,.MPS
Try typing  <return>  to proceed.
If that doesn't work, type  X <return>  to quit.



[189]
Overfull \hbox (81.46391pt too wide) in paragraph at lines 5244--5245
\TU/lmr/m/it/10 must \TU/lmr/m/n/10 implement in TLS v1.2 is described by the s
tring: TLS_RSA_WITH_AES_128_CBC_SHA
 []



[190]
! Misplaced \noalign.
\hline ->\noalign 
                  {\ifnum 0=`}\fi \hrule \@height \arrayrulewidth \futurelet...
l.5308 \hline
             
I expect to see \noalign only after the \cr of
an alignment. Proceed, and I'll ignore this case.

! Misplaced \crcr.
\endtabular ->\crcr 
                    \egroup \egroup $\egroup 
l.5309 \end{tabular}
                    
I can't figure out why you would want to use a tab mark
or \cr or \span just now. If something like a right brace
up above has ended a previous alignment prematurely,
you're probably due for more error messages, and you
might try typing `S' now just to see what is salvageable.

! Too many }'s.
\endtabular ->\crcr \egroup 
                            \egroup $\egroup 
l.5309 \end{tabular}
                    
You've closed more groups than you opened.
Such booboos are generally harmless, so keep going.

! Too many }'s.
\endtabular ->\crcr \egroup \egroup 
                                    $\egroup 
l.5309 \end{tabular}
                    
You've closed more groups than you opened.
Such booboos are generally harmless, so keep going.

! Extra }, or forgotten $.
<recently read> \egroup 
                        
l.5309 \end{tabular}
                    
I've deleted a group-closing symbol because it seems to be
spurious, as in `$x}$'. But perhaps the } is legitimate and
you forgot something else, as in `\hbox{$x}'. In such cases
the way to recover is to insert both the forgotten and the
deleted material, e.g., by typing `I$}'.


! LaTeX Error: \begin{document} ended by \end{tabular}.

See the LaTeX manual or LaTeX Companion for explanation.
Type  H <return>  for immediate help.
 ...                                              
                                                  
l.5309 \end{tabular}
                    
Your command was ignored.
Type  I <command> <return>  to replace it with another command,
or  <return>  to continue without it.

! Missing $ inserted.
<inserted text> 
                $
l.5309 \end{tabular}
                    
I've inserted something that you may have forgotten.
(See the <inserted text> above.)
With luck, this will get me unwedged. But if you
really didn't forget anything, try typing `2' now; then
my insertion and my current dilemma will both disappear.

! Extra \endgroup.
<recently read> \endgroup 
                          
l.5309 \end{tabular}
                    
Things are pretty mixed up, but I think the worst is over.


! LaTeX Error: \begin{document} ended by \end{center}.

See the LaTeX manual or LaTeX Companion for explanation.
Type  H <return>  for immediate help.
 ...                                              
                                                  
l.5310 \end{center}
                   
Your command was ignored.
Type  I <command> <return>  to replace it with another command,
or  <return>  to continue without it.

! Extra \endgroup.
\end  ...end#1\endcsname \@checkend {#1}\endgroup 
                                                  \UseHook {env/#1/after}\if...
l.5310 \end{center}
                   
Things are pretty mixed up, but I think the worst is over.



[191]

[192]

[193]

[194]
Underfull \hbox (badness 10000) in paragraph at lines 5391--5394

 []


! LaTeX Error: File `2025_05_12_ac3bc46a6f93dd973caag-204' not found.

See the LaTeX manual or LaTeX Companion for explanation.
Type  H <return>  for immediate help.
 ...                                              
                                                  
l.5398 ...h]{2025_05_12_ac3bc46a6f93dd973caag-204}
                                                  
I could not locate the file with any of these extensions:
.pdf,.PDF,.ai,.AI,.png,.PNG,.jpg,.JPG,.jpeg,.JPEG,.jp2,.JP2,.jpf,.JPF,.bmp,.BMP
,.ps,.PS,.eps,.EPS,.mps,.MPS
Try typing  <return>  to proceed.
If that doesn't work, type  X <return>  to quit.


! LaTeX Error: \begin{document} ended by \end{enumerate}.

See the LaTeX manual or LaTeX Companion for explanation.
Type  H <return>  for immediate help.
 ...                                              
                                                  
l.5400 \end{enumerate}
                      
Your command was ignored.
Type  I <command> <return>  to replace it with another command,
or  <return>  to continue without it.

! Extra \endgroup.
\end  ...end#1\endcsname \@checkend {#1}\endgroup 
                                                  \UseHook {env/#1/after}\if...
l.5400 \end{enumerate}
                      
Things are pretty mixed up, but I think the worst is over.


! LaTeX Error: File `2025_05_12_ac3bc46a6f93dd973caag-205' not found.

See the LaTeX manual or LaTeX Companion for explanation.
Type  H <return>  for immediate help.
 ...                                              
                                                  
l.5413 ...h]{2025_05_12_ac3bc46a6f93dd973caag-205}
                                                  
I could not locate the file with any of these extensions:
.pdf,.PDF,.ai,.AI,.png,.PNG,.jpg,.JPG,.jpeg,.JPEG,.jp2,.JP2,.jpf,.JPF,.bmp,.BMP
,.ps,.PS,.eps,.EPS,.mps,.MPS
Try typing  <return>  to proceed.
If that doesn't work, type  X <return>  to quit.



[195]

! LaTeX Error: File `2025_05_12_ac3bc46a6f93dd973caag-205(1)' not found.

See the LaTeX manual or LaTeX Companion for explanation.
Type  H <return>  for immediate help.
 ...                                              
                                                  
l.5422 ...2025_05_12_ac3bc46a6f93dd973caag-205(1)}
                                                  
I could not locate the file with any of these extensions:
.pdf,.PDF,.ai,.AI,.png,.PNG,.jpg,.JPG,.jpeg,.JPEG,.jp2,.JP2,.jpf,.JPF,.bmp,.BMP
,.ps,.PS,.eps,.EPS,.mps,.MPS
Try typing  <return>  to proceed.
If that doesn't work, type  X <return>  to quit.


! LaTeX Error: File `2025_05_12_ac3bc46a6f93dd973caag-206' not found.

See the LaTeX manual or LaTeX Companion for explanation.
Type  H <return>  for immediate help.
 ...                                              
                                                  
l.5434 ...h]{2025_05_12_ac3bc46a6f93dd973caag-206}
                                                  
I could not locate the file with any of these extensions:
.pdf,.PDF,.ai,.AI,.png,.PNG,.jpg,.JPG,.jpeg,.JPEG,.jp2,.JP2,.jpf,.JPF,.bmp,.BMP
,.ps,.PS,.eps,.EPS,.mps,.MPS
Try typing  <return>  to proceed.
If that doesn't work, type  X <return>  to quit.



[196]
Underfull \hbox (badness 10000) in paragraph at lines 5447--5448

 []


! LaTeX Error: File `2025_05_12_ac3bc46a6f93dd973caag-207' not found.

See the LaTeX manual or LaTeX Companion for explanation.
Type  H <return>  for immediate help.
 ...                                              
                                                  
l.5453 ...h]{2025_05_12_ac3bc46a6f93dd973caag-207}
                                                  
I could not locate the file with any of these extensions:
.pdf,.PDF,.ai,.AI,.png,.PNG,.jpg,.JPG,.jpeg,.JPEG,.jp2,.JP2,.jpf,.JPF,.bmp,.BMP
,.ps,.PS,.eps,.EPS,.mps,.MPS
Try typing  <return>  to proceed.
If that doesn't work, type  X <return>  to quit.


! LaTeX Error: \begin{document} ended by \end{itemize}.

See the LaTeX manual or LaTeX Companion for explanation.
Type  H <return>  for immediate help.
 ...                                              
                                                  
l.5456 \end{itemize}
                    
Your command was ignored.
Type  I <command> <return>  to replace it with another command,
or  <return>  to continue without it.

! Extra \endgroup.
\end  ...end#1\endcsname \@checkend {#1}\endgroup 
                                                  \UseHook {env/#1/after}\if...
l.5456 \end{itemize}
                    
Things are pretty mixed up, but I think the worst is over.


Underfull \hbox (badness 10000) in paragraph at lines 5458--5460

 []


! LaTeX Error: File `2025_05_12_ac3bc46a6f93dd973caag-207(1)' not found.

See the LaTeX manual or LaTeX Companion for explanation.
Type  H <return>  for immediate help.
 ...                                              
                                                  
l.5463 ...2025_05_12_ac3bc46a6f93dd973caag-207(1)}
                                                  
I could not locate the file with any of these extensions:
.pdf,.PDF,.ai,.AI,.png,.PNG,.jpg,.JPG,.jpeg,.JPEG,.jp2,.JP2,.jpf,.JPF,.bmp,.BMP
,.ps,.PS,.eps,.EPS,.mps,.MPS
Try typing  <return>  to proceed.
If that doesn't work, type  X <return>  to quit.


Underfull \hbox (badness 10000) in paragraph at lines 5467--5469

 []



[197]

! LaTeX Error: File `2025_05_12_ac3bc46a6f93dd973caag-208' not found.

See the LaTeX manual or LaTeX Companion for explanation.
Type  H <return>  for immediate help.
 ...                                              
                                                  
l.5472 ...h]{2025_05_12_ac3bc46a6f93dd973caag-208}
                                                  
I could not locate the file with any of these extensions:
.pdf,.PDF,.ai,.AI,.png,.PNG,.jpg,.JPG,.jpeg,.JPEG,.jp2,.JP2,.jpf,.JPF,.bmp,.BMP
,.ps,.PS,.eps,.EPS,.mps,.MPS
Try typing  <return>  to proceed.
If that doesn't work, type  X <return>  to quit.



[198]

[199]

! LaTeX Error: File `2025_05_12_ac3bc46a6f93dd973caag-211' not found.

See the LaTeX manual or LaTeX Companion for explanation.
Type  H <return>  for immediate help.
 ...                                              
                                                  
l.5530 ...h]{2025_05_12_ac3bc46a6f93dd973caag-211}
                                                  
I could not locate the file with any of these extensions:
.pdf,.PDF,.ai,.AI,.png,.PNG,.jpg,.JPG,.jpeg,.JPEG,.jp2,.JP2,.jpf,.JPF,.bmp,.BMP
,.ps,.PS,.eps,.EPS,.mps,.MPS
Try typing  <return>  to proceed.
If that doesn't work, type  X <return>  to quit.



[200]

[201]
Underfull \vbox (badness 2547) has occurred while \output is active []



[202]

[203]

[204]
Overfull \hbox (2.36891pt too wide) in paragraph at lines 5620--5621
[]\TU/lmr/m/n/10 Only Robust Security Network (RSN) connections are allowed. Th
ese
 []


! LaTeX Error: File `2025_05_12_ac3bc46a6f93dd973caag-216' not found.

See the LaTeX manual or LaTeX Companion for explanation.
Type  H <return>  for immediate help.
 ...                                              
                                                  
l.5635 ...h]{2025_05_12_ac3bc46a6f93dd973caag-216}
                                                  
I could not locate the file with any of these extensions:
.pdf,.PDF,.ai,.AI,.png,.PNG,.jpg,.JPG,.jpeg,.JPEG,.jp2,.JP2,.jpf,.JPF,.bmp,.BMP
,.ps,.PS,.eps,.EPS,.mps,.MPS
Try typing  <return>  to proceed.
If that doesn't work, type  X <return>  to quit.



[205]

[206]

! LaTeX Error: \begin{document} ended by \end{enumerate}.

See the LaTeX manual or LaTeX Companion for explanation.
Type  H <return>  for immediate help.
 ...                                              
                                                  
l.5652 \end{enumerate}
                      
Your command was ignored.
Type  I <command> <return>  to replace it with another command,
or  <return>  to continue without it.

! Extra \endgroup.
\end  ...end#1\endcsname \@checkend {#1}\endgroup 
                                                  \UseHook {env/#1/after}\if...
l.5652 \end{enumerate}
                      
Things are pretty mixed up, but I think the worst is over.



[207]

! LaTeX Error: File `2025_05_12_ac3bc46a6f93dd973caag-219' not found.

See the LaTeX manual or LaTeX Companion for explanation.
Type  H <return>  for immediate help.
 ...                                              
                                                  
l.5683 ...r]{2025_05_12_ac3bc46a6f93dd973caag-219}
                                                  
I could not locate the file with any of these extensions:
.pdf,.PDF,.ai,.AI,.png,.PNG,.jpg,.JPG,.jpeg,.JPEG,.jp2,.JP2,.jpf,.JPF,.bmp,.BMP
,.ps,.PS,.eps,.EPS,.mps,.MPS
Try typing  <return>  to proceed.
If that doesn't work, type  X <return>  to quit.



[208]

[209]

! LaTeX Error: File `2025_05_12_ac3bc46a6f93dd973caag-221' not found.

See the LaTeX manual or LaTeX Companion for explanation.
Type  H <return>  for immediate help.
 ...                                              
                                                  
l.5724 ...r]{2025_05_12_ac3bc46a6f93dd973caag-221}
                                                  
I could not locate the file with any of these extensions:
.pdf,.PDF,.ai,.AI,.png,.PNG,.jpg,.JPG,.jpeg,.JPEG,.jp2,.JP2,.jpf,.JPF,.bmp,.BMP
,.ps,.PS,.eps,.EPS,.mps,.MPS
Try typing  <return>  to proceed.
If that doesn't work, type  X <return>  to quit.



[210]

[211]

! LaTeX Error: File `2025_05_12_ac3bc46a6f93dd973caag-223' not found.

See the LaTeX manual or LaTeX Companion for explanation.
Type  H <return>  for immediate help.
 ...                                              
                                                  
l.5748 ...r]{2025_05_12_ac3bc46a6f93dd973caag-223}
                                                  
I could not locate the file with any of these extensions:
.pdf,.PDF,.ai,.AI,.png,.PNG,.jpg,.JPG,.jpeg,.JPEG,.jp2,.JP2,.jpf,.JPF,.bmp,.BMP
,.ps,.PS,.eps,.EPS,.mps,.MPS
Try typing  <return>  to proceed.
If that doesn't work, type  X <return>  to quit.



[212]

[213]

[214]
Overfull \hbox (1.5pt too wide) in paragraph at lines 5826--5826
[]\TU/lmtt/m/n/10 quis. Phasellus luctus pellentesque enim, non dictum nisl ult
rices[] 
 []


Overfull \hbox (1.5pt too wide) in paragraph at lines 5826--5826
[]\TU/lmtt/m/n/10 massa. Vestibulum ex dolor, lobortis eu finibus nec, lobortis
 quis[] 
 []



[215]

! LaTeX Error: File `2025_05_12_ac3bc46a6f93dd973caag-228' not found.

See the LaTeX manual or LaTeX Companion for explanation.
Type  H <return>  for immediate help.
 ...                                              
                                                  
l.5851 ...h]{2025_05_12_ac3bc46a6f93dd973caag-228}
                                                  
I could not locate the file with any of these extensions:
.pdf,.PDF,.ai,.AI,.png,.PNG,.jpg,.JPG,.jpeg,.JPEG,.jp2,.JP2,.jpf,.JPF,.bmp,.BMP
,.ps,.PS,.eps,.EPS,.mps,.MPS
Try typing  <return>  to proceed.
If that doesn't work, type  X <return>  to quit.



[216]

! LaTeX Error: File `2025_05_12_ac3bc46a6f93dd973caag-229' not found.

See the LaTeX manual or LaTeX Companion for explanation.
Type  H <return>  for immediate help.
 ...                                              
                                                  
l.5871 ...r]{2025_05_12_ac3bc46a6f93dd973caag-229}
                                                  
I could not locate the file with any of these extensions:
.pdf,.PDF,.ai,.AI,.png,.PNG,.jpg,.JPG,.jpeg,.JPEG,.jp2,.JP2,.jpf,.JPF,.bmp,.BMP
,.ps,.PS,.eps,.EPS,.mps,.MPS
Try typing  <return>  to proceed.
If that doesn't work, type  X <return>  to quit.



[217]

! LaTeX Error: File `2025_05_12_ac3bc46a6f93dd973caag-230' not found.

See the LaTeX manual or LaTeX Companion for explanation.
Type  H <return>  for immediate help.
 ...                                              
                                                  
l.5889 ...r]{2025_05_12_ac3bc46a6f93dd973caag-230}
                                                  
I could not locate the file with any of these extensions:
.pdf,.PDF,.ai,.AI,.png,.PNG,.jpg,.JPG,.jpeg,.JPEG,.jp2,.JP2,.jpf,.JPF,.bmp,.BMP
,.ps,.PS,.eps,.EPS,.mps,.MPS
Try typing  <return>  to proceed.
If that doesn't work, type  X <return>  to quit.


Underfull \vbox (badness 2293) has occurred while \output is active []



[218]

[219]

[220]

[221]
Overfull \hbox (596.03006pt too wide) in paragraph at lines 5965--5982
 [][] 
 []



[222]

[223]
Overfull \hbox (437.9701pt too wide) in paragraph at lines 6033--6056
 [] 
 []



[224]
Overfull \hbox (1.5pt too wide) in paragraph at lines 6077--6077
[]\TU/lmtt/m/n/10 Received-SPF: pass (design.fake.com: domain of bonesen@molest
er.dk[] 
 []



[225]

[226]

[227]
Underfull \hbox (badness 10000) in paragraph at lines 6151--6152

 []


! LaTeX Error: Lonely \item--perhaps a missing list environment.

See the LaTeX manual or LaTeX Companion for explanation.
Type  H <return>  for immediate help.
 ...                                              
                                                  
l.6155   \item \textbf
                      {Independent of the Internet:} In order not to be dist...

Try typing  <return>  to proceed.
If that doesn't work, type  X <return>  to quit.


Underfull \hbox (badness 10000) detected at line 6155
[][]
 []



[228]

! LaTeX Error: \begin{document} ended by \end{enumerate}.

See the LaTeX manual or LaTeX Companion for explanation.
Type  H <return>  for immediate help.
 ...                                              
                                                  
l.6156 \end{enumerate}
                      
Your command was ignored.
Type  I <command> <return>  to replace it with another command,
or  <return>  to continue without it.

! Extra \endgroup.
\end  ...end#1\endcsname \@checkend {#1}\endgroup 
                                                  \UseHook {env/#1/after}\if...
l.6156 \end{enumerate}
                      
Things are pretty mixed up, but I think the worst is over.


! LaTeX Error: File `2025_05_12_ac3bc46a6f93dd973caag-241' not found.

See the LaTeX manual or LaTeX Companion for explanation.
Type  H <return>  for immediate help.
 ...                                              
                                                  
l.6164 ...r]{2025_05_12_ac3bc46a6f93dd973caag-241}
                                                  
I could not locate the file with any of these extensions:
.pdf,.PDF,.ai,.AI,.png,.PNG,.jpg,.JPG,.jpeg,.JPEG,.jp2,.JP2,.jpf,.JPF,.bmp,.BMP
,.ps,.PS,.eps,.EPS,.mps,.MPS
Try typing  <return>  to proceed.
If that doesn't work, type  X <return>  to quit.



[229]

! LaTeX Error: File `2025_05_12_ac3bc46a6f93dd973caag-242' not found.

See the LaTeX manual or LaTeX Companion for explanation.
Type  H <return>  for immediate help.
 ...                                              
                                                  
l.6174 ...h]{2025_05_12_ac3bc46a6f93dd973caag-242}
                                                  
I could not locate the file with any of these extensions:
.pdf,.PDF,.ai,.AI,.png,.PNG,.jpg,.JPG,.jpeg,.JPEG,.jp2,.JP2,.jpf,.JPF,.bmp,.BMP
,.ps,.PS,.eps,.EPS,.mps,.MPS
Try typing  <return>  to proceed.
If that doesn't work, type  X <return>  to quit.



[230]

! LaTeX Error: File `2025_05_12_ac3bc46a6f93dd973caag-243' not found.

See the LaTeX manual or LaTeX Companion for explanation.
Type  H <return>  for immediate help.
 ...                                              
                                                  
l.6202 ...h]{2025_05_12_ac3bc46a6f93dd973caag-243}
                                                  
I could not locate the file with any of these extensions:
.pdf,.PDF,.ai,.AI,.png,.PNG,.jpg,.JPG,.jpeg,.JPEG,.jp2,.JP2,.jpf,.JPF,.bmp,.BMP
,.ps,.PS,.eps,.EPS,.mps,.MPS
Try typing  <return>  to proceed.
If that doesn't work, type  X <return>  to quit.



[231]

[232]

[233]

[234]

[235]

[236

]
Chapter 6.

! LaTeX Error: File `2025_05_12_ac3bc46a6f93dd973caag-248' not found.

See the LaTeX manual or LaTeX Companion for explanation.
Type  H <return>  for immediate help.
 ...                                              
                                                  
l.6315 ...h]{2025_05_12_ac3bc46a6f93dd973caag-248}
                                                  
I could not locate the file with any of these extensions:
.pdf,.PDF,.ai,.AI,.png,.PNG,.jpg,.JPG,.jpeg,.JPEG,.jp2,.JP2,.jpf,.JPF,.bmp,.BMP
,.ps,.PS,.eps,.EPS,.mps,.MPS
Try typing  <return>  to proceed.
If that doesn't work, type  X <return>  to quit.



[237]
Overfull \hbox (8.74004pt too wide) in paragraph at lines 6340--6341
\TU/lmr/m/n/10 Authentication is a process whose aim is to check whether someth
ing is authentic—
 []



[238]

! LaTeX Error: File `2025_05_12_ac3bc46a6f93dd973caag-251' not found.

See the LaTeX manual or LaTeX Companion for explanation.
Type  H <return>  for immediate help.
 ...                                              
                                                  
l.6368 ...h]{2025_05_12_ac3bc46a6f93dd973caag-251}
                                                  
I could not locate the file with any of these extensions:
.pdf,.PDF,.ai,.AI,.png,.PNG,.jpg,.JPG,.jpeg,.JPEG,.jp2,.JP2,.jpf,.JPF,.bmp,.BMP
,.ps,.PS,.eps,.EPS,.mps,.MPS
Try typing  <return>  to proceed.
If that doesn't work, type  X <return>  to quit.



[239]

! LaTeX Error: File `2025_05_12_ac3bc46a6f93dd973caag-251(1)' not found.

See the LaTeX manual or LaTeX Companion for explanation.
Type  H <return>  for immediate help.
 ...                                              
                                                  
l.6379 ...2025_05_12_ac3bc46a6f93dd973caag-251(1)}
                                                  
I could not locate the file with any of these extensions:
.pdf,.PDF,.ai,.AI,.png,.PNG,.jpg,.JPG,.jpeg,.JPEG,.jp2,.JP2,.jpf,.JPF,.bmp,.BMP
,.ps,.PS,.eps,.EPS,.mps,.MPS
Try typing  <return>  to proceed.
If that doesn't work, type  X <return>  to quit.


! LaTeX Error: File `2025_05_12_ac3bc46a6f93dd973caag-252(1)' not found.

See the LaTeX manual or LaTeX Companion for explanation.
Type  H <return>  for immediate help.
 ...                                              
                                                  
l.6398 ...2025_05_12_ac3bc46a6f93dd973caag-252(1)}
                                                  
I could not locate the file with any of these extensions:
.pdf,.PDF,.ai,.AI,.png,.PNG,.jpg,.JPG,.jpeg,.JPEG,.jp2,.JP2,.jpf,.JPF,.bmp,.BMP
,.ps,.PS,.eps,.EPS,.mps,.MPS
Try typing  <return>  to proceed.
If that doesn't work, type  X <return>  to quit.


! LaTeX Error: File `2025_05_12_ac3bc46a6f93dd973caag-252' not found.

See the LaTeX manual or LaTeX Companion for explanation.
Type  H <return>  for immediate help.
 ...                                              
                                                  
l.6412 ...r]{2025_05_12_ac3bc46a6f93dd973caag-252}
                                                  
I could not locate the file with any of these extensions:
.pdf,.PDF,.ai,.AI,.png,.PNG,.jpg,.JPG,.jpeg,.JPEG,.jp2,.JP2,.jpf,.JPF,.bmp,.BMP
,.ps,.PS,.eps,.EPS,.mps,.MPS
Try typing  <return>  to proceed.
If that doesn't work, type  X <return>  to quit.



[240]

! LaTeX Error: File `2025_05_12_ac3bc46a6f93dd973caag-253' not found.

See the LaTeX manual or LaTeX Companion for explanation.
Type  H <return>  for immediate help.
 ...                                              
                                                  
l.6425 ...r]{2025_05_12_ac3bc46a6f93dd973caag-253}
                                                  
I could not locate the file with any of these extensions:
.pdf,.PDF,.ai,.AI,.png,.PNG,.jpg,.JPG,.jpeg,.JPEG,.jp2,.JP2,.jpf,.JPF,.bmp,.BMP
,.ps,.PS,.eps,.EPS,.mps,.MPS
Try typing  <return>  to proceed.
If that doesn't work, type  X <return>  to quit.



[241]
! Undefined control sequence.
<recently read> \multirow 
                          
l.6450 \multirow
                [t]{6}{*}{A-Z} & 26 & 5 & 11881376 \\
The control sequence at the end of the top line
of your error message was never \def'ed. If you have
misspelled it (e.g., `\hobx'), type `I' and the correct
spelling (e.g., `I\hbox'). Otherwise just continue,
and I'll forget about whatever was undefined.

! Undefined control sequence.
<recently read> \multirow 
                          
l.6462 \multirow
                [t]{6}{*}{ISO-latin-1 printable} & 218 & 5 & 492359665568 \\
The control sequence at the end of the top line
of your error message was never \def'ed. If you have
misspelled it (e.g., `\hobx'), type `I' and the correct
spelling (e.g., `I\hbox'). Otherwise just continue,
and I'll forget about whatever was undefined.


! LaTeX Error: Not in outer par mode.

See the LaTeX manual or LaTeX Companion for explanation.
Type  H <return>  for immediate help.
 ...                                              
                                                  
l.6464 \begin{table}[h]
                       
You've lost some text.  Try typing  <return>  to proceed.
If that doesn't work, type  X <return>  to quit.

! Undefined control sequence.
\@xfloat ...@fltovf \fi \global \setbox \@currbox 
                                                  \color@vbox \normalcolor \...
l.6464 \begin{table}[h]
                       
The control sequence at the end of the top line
of your error message was never \def'ed. If you have
misspelled it (e.g., `\hobx'), type `I' and the correct
spelling (e.g., `I\hbox'). Otherwise just continue,
and I'll forget about whatever was undefined.

! Missing number, treated as zero.
<to be read again> 
                   \vbox 
l.6464 \begin{table}[h]
                       
A number should have been here; I inserted `0'.
(If you can't figure out why I needed to see a number,
look up `weird error' in the index to The TeXbook.)


! LaTeX Error: Not in outer par mode.

See the LaTeX manual or LaTeX Companion for explanation.
Type  H <return>  for immediate help.
 ...                                              
                                                  
l.6483 \begin{figure}[h]
                        
You've lost some text.  Try typing  <return>  to proceed.
If that doesn't work, type  X <return>  to quit.

! Undefined control sequence.
\@xfloat ...@fltovf \fi \global \setbox \@currbox 
                                                  \color@vbox \normalcolor \...
l.6483 \begin{figure}[h]
                        
The control sequence at the end of the top line
of your error message was never \def'ed. If you have
misspelled it (e.g., `\hobx'), type `I' and the correct
spelling (e.g., `I\hbox'). Otherwise just continue,
and I'll forget about whatever was undefined.

! Missing number, treated as zero.
<to be read again> 
                   \vbox 
l.6483 \begin{figure}[h]
                        
A number should have been here; I inserted `0'.
(If you can't figure out why I needed to see a number,
look up `weird error' in the index to The TeXbook.)


! LaTeX Error: File `2025_05_12_ac3bc46a6f93dd973caag-255' not found.

See the LaTeX manual or LaTeX Companion for explanation.
Type  H <return>  for immediate help.
 ...                                              
                                                  
l.6485 ...h]{2025_05_12_ac3bc46a6f93dd973caag-255}
                                                  
I could not locate the file with any of these extensions:
.pdf,.PDF,.ai,.AI,.png,.PNG,.jpg,.JPG,.jpeg,.JPEG,.jp2,.JP2,.jpf,.JPF,.bmp,.BMP
,.ps,.PS,.eps,.EPS,.mps,.MPS
Try typing  <return>  to proceed.
If that doesn't work, type  X <return>  to quit.


! LaTeX Error: Not allowed in LR mode.

See the LaTeX manual or LaTeX Companion for explanation.
Type  H <return>  for immediate help.
 ...                                              
                                                  
l.6491 \subsection
                  {Protection of Passwords}
You've lost some text.  Try typing  <return>  to proceed.
If that doesn't work, type  X <return>  to quit.

! Improper \prevdepth.
\addpenalty ...ance \@tempskipb \ifdim \prevdepth 
                                                  >\maxdepth \maxdepth \else...
l.6491 \subsection
                  {Protection of Passwords}
You can refer to \spacefactor only in horizontal mode;
you can refer to \prevdepth only in vertical mode; and
neither of these is meaningful inside \write. So
I'm forgetting what you said and using zero instead.

! Improper \prevdepth.
\addpenalty ... \maxdepth \else \ifdim \prevdepth 
                                                  = -\@m \p@ \z@ \else \prev...
l.6491 \subsection
                  {Protection of Passwords}
You can refer to \spacefactor only in horizontal mode;
you can refer to \prevdepth only in vertical mode; and
neither of these is meaningful inside \write. So
I'm forgetting what you said and using zero instead.

! Improper \prevdepth.
<recently read> \prevdepth 
                           
l.6491 \subsection
                  {Protection of Passwords}
You can refer to \spacefactor only in horizontal mode;
you can refer to \prevdepth only in vertical mode; and
neither of these is meaningful inside \write. So
I'm forgetting what you said and using zero instead.

! Missing \endgroup inserted.
<inserted text> 
                \endgroup 
l.6491 \subsection
                  {Protection of Passwords}
I've inserted something that you may have forgotten.
(See the <inserted text> above.)
With luck, this will get me unwedged. But if you
really didn't forget anything, try typing `2' now; then
my insertion and my current dilemma will both disappear.

! Missing } inserted.
<inserted text> 
                }
l.6491 \subsection
                  {Protection of Passwords}
I've inserted something that you may have forgotten.
(See the <inserted text> above.)
With luck, this will get me unwedged. But if you
really didn't forget anything, try typing `2' now; then
my insertion and my current dilemma will both disappear.

! Missing } inserted.
<inserted text> 
                }
l.6491 \subsection
                  {Protection of Passwords}
I've inserted something that you may have forgotten.
(See the <inserted text> above.)
With luck, this will get me unwedged. But if you
really didn't forget anything, try typing `2' now; then
my insertion and my current dilemma will both disappear.

! Missing \cr inserted.
<inserted text> 
                \cr 
l.6491 \subsection
                  {Protection of Passwords}
I'm guessing that you meant to end an alignment here.

! Missing { inserted.
<inserted text> 
                {
l.6491 \subsection
                  {Protection of Passwords}
I've put in what seems to be necessary to fix
the current column of the current alignment.
Try to go on, since this might almost work.

! Missing } inserted.
<inserted text> 
                }
l.6491 \subsection
                  {Protection of Passwords}
I've inserted something that you may have forgotten.
(See the <inserted text> above.)
With luck, this will get me unwedged. But if you
really didn't forget anything, try typing `2' now; then
my insertion and my current dilemma will both disappear.

! Missing $ inserted.
<inserted text> 
                $
l.6491 \subsection
                  {Protection of Passwords}
I've inserted something that you may have forgotten.
(See the <inserted text> above.)
With luck, this will get me unwedged. But if you
really didn't forget anything, try typing `2' now; then
my insertion and my current dilemma will both disappear.

! Missing } inserted.
<inserted text> 
                }
l.6491 \subsection
                  {Protection of Passwords}
I've inserted something that you may have forgotten.
(See the <inserted text> above.)
With luck, this will get me unwedged. But if you
really didn't forget anything, try typing `2' now; then
my insertion and my current dilemma will both disappear.


Overfull \hbox (2019.88077pt too wide) in paragraph at lines 6446--6491
 [] 
 []



[242]

[243]

[244]

[245]

! LaTeX Error: File `2025\_05\_12\_ac3bc46a6f93dd973caag-258' not found.

See the LaTeX manual or LaTeX Companion for explanation.
Type  H <return>  for immediate help.
 ...                                              
                                                  
l.6560 ...2025\_05\_12\_ac3bc46a6f93dd973caag-258}
                                                  
I could not locate the file with any of these extensions:
.pdf,.PDF,.ai,.AI,.png,.PNG,.jpg,.JPG,.jpeg,.JPEG,.jp2,.JP2,.jpf,.JPF,.bmp,.BMP
,.ps,.PS,.eps,.EPS,.mps,.MPS
Try typing  <return>  to proceed.
If that doesn't work, type  X <return>  to quit.


! LaTeX Error: File `2025_05_12_ac3bc46a6f93dd973caag-259' not found.

See the LaTeX manual or LaTeX Companion for explanation.
Type  H <return>  for immediate help.
 ...                                              
                                                  
l.6573 ...r]{2025_05_12_ac3bc46a6f93dd973caag-259}
                                                  
I could not locate the file with any of these extensions:
.pdf,.PDF,.ai,.AI,.png,.PNG,.jpg,.JPG,.jpeg,.JPEG,.jp2,.JP2,.jpf,.JPF,.bmp,.BMP
,.ps,.PS,.eps,.EPS,.mps,.MPS
Try typing  <return>  to proceed.
If that doesn't work, type  X <return>  to quit.



[246]
Overfull \hbox (3.83203pt too wide) in paragraph at lines 6598--6599
[]\TU/lmr/m/n/10 Send authentication information through a protected—that is to
 say, encrypted—
 []



[247]

! LaTeX Error: File `2025_05_12_ac3bc46a6f93dd973caag-261' not found.

See the LaTeX manual or LaTeX Companion for explanation.
Type  H <return>  for immediate help.
 ...                                              
                                                  
l.6603 ...r]{2025_05_12_ac3bc46a6f93dd973caag-261}
                                                  
I could not locate the file with any of these extensions:
.pdf,.PDF,.ai,.AI,.png,.PNG,.jpg,.JPG,.jpeg,.JPEG,.jp2,.JP2,.jpf,.JPF,.bmp,.BMP
,.ps,.PS,.eps,.EPS,.mps,.MPS
Try typing  <return>  to proceed.
If that doesn't work, type  X <return>  to quit.



[248]

[249]

[250]

[251]
Overfull \hbox (14.09015pt too wide) in paragraph at lines 6707--6724
 [] 
 []


! LaTeX Error: File `2025_05_12_ac3bc46a6f93dd973caag-266' not found.

See the LaTeX manual or LaTeX Companion for explanation.
Type  H <return>  for immediate help.
 ...                                              
                                                  
l.6745 ...h]{2025_05_12_ac3bc46a6f93dd973caag-266}
                                                   & User A & ORW \\
I could not locate the file with any of these extensions:
.pdf,.PDF,.ai,.AI,.png,.PNG,.jpg,.JPG,.jpeg,.JPEG,.jp2,.JP2,.jpf,.JPF,.bmp,.BMP
,.ps,.PS,.eps,.EPS,.mps,.MPS
Try typing  <return>  to proceed.
If that doesn't work, type  X <return>  to quit.



[252]

! LaTeX Error: File `2025_05_12_ac3bc46a6f93dd973caag-266(1)' not found.

See the LaTeX manual or LaTeX Companion for explanation.
Type  H <return>  for immediate help.
 ...                                              
                                                  
l.6765 ...2025_05_12_ac3bc46a6f93dd973caag-266(1)}
                                                  
I could not locate the file with any of these extensions:
.pdf,.PDF,.ai,.AI,.png,.PNG,.jpg,.JPG,.jpeg,.JPEG,.jp2,.JP2,.jpf,.JPF,.bmp,.BMP
,.ps,.PS,.eps,.EPS,.mps,.MPS
Try typing  <return>  to proceed.
If that doesn't work, type  X <return>  to quit.


! LaTeX Error: File `2025_05_12_ac3bc46a6f93dd973caag-267' not found.

See the LaTeX manual or LaTeX Companion for explanation.
Type  H <return>  for immediate help.
 ...                                              
                                                  
l.6781 ...r]{2025_05_12_ac3bc46a6f93dd973caag-267}
                                                  
I could not locate the file with any of these extensions:
.pdf,.PDF,.ai,.AI,.png,.PNG,.jpg,.JPG,.jpeg,.JPEG,.jp2,.JP2,.jpf,.JPF,.bmp,.BMP
,.ps,.PS,.eps,.EPS,.mps,.MPS
Try typing  <return>  to proceed.
If that doesn't work, type  X <return>  to quit.



[253]

[254]

! LaTeX Error: File `2025_05_12_ac3bc46a6f93dd973caag-269' not found.

See the LaTeX manual or LaTeX Companion for explanation.
Type  H <return>  for immediate help.
 ...                                              
                                                  
l.6834 ...h]{2025_05_12_ac3bc46a6f93dd973caag-269}
                                                  
I could not locate the file with any of these extensions:
.pdf,.PDF,.ai,.AI,.png,.PNG,.jpg,.JPG,.jpeg,.JPEG,.jp2,.JP2,.jpf,.JPF,.bmp,.BMP
,.ps,.PS,.eps,.EPS,.mps,.MPS
Try typing  <return>  to proceed.
If that doesn't work, type  X <return>  to quit.



[255]

[256]

[257]

! LaTeX Error: File `2025_05_12_ac3bc46a6f93dd973caag-272' not found.

See the LaTeX manual or LaTeX Companion for explanation.
Type  H <return>  for immediate help.
 ...                                              
                                                  
l.6953 ...r]{2025_05_12_ac3bc46a6f93dd973caag-272}
                                                  
I could not locate the file with any of these extensions:
.pdf,.PDF,.ai,.AI,.png,.PNG,.jpg,.JPG,.jpeg,.JPEG,.jp2,.JP2,.jpf,.JPF,.bmp,.BMP
,.ps,.PS,.eps,.EPS,.mps,.MPS
Try typing  <return>  to proceed.
If that doesn't work, type  X <return>  to quit.



[258]

! LaTeX Error: File `2025_05_12_ac3bc46a6f93dd973caag-273' not found.

See the LaTeX manual or LaTeX Companion for explanation.
Type  H <return>  for immediate help.
 ...                                              
                                                  
l.6969 ...h]{2025_05_12_ac3bc46a6f93dd973caag-273}
                                                  
I could not locate the file with any of these extensions:
.pdf,.PDF,.ai,.AI,.png,.PNG,.jpg,.JPG,.jpeg,.JPEG,.jp2,.JP2,.jpf,.JPF,.bmp,.BMP
,.ps,.PS,.eps,.EPS,.mps,.MPS
Try typing  <return>  to proceed.
If that doesn't work, type  X <return>  to quit.



[259]

! LaTeX Error: File `2025_05_12_ac3bc46a6f93dd973caag-274' not found.

See the LaTeX manual or LaTeX Companion for explanation.
Type  H <return>  for immediate help.
 ...                                              
                                                  
l.7018 ...h]{2025_05_12_ac3bc46a6f93dd973caag-274}
                                                  
I could not locate the file with any of these extensions:
.pdf,.PDF,.ai,.AI,.png,.PNG,.jpg,.JPG,.jpeg,.JPEG,.jp2,.JP2,.jpf,.JPF,.bmp,.BMP
,.ps,.PS,.eps,.EPS,.mps,.MPS
Try typing  <return>  to proceed.
If that doesn't work, type  X <return>  to quit.



[260]

! LaTeX Error: File `2025_05_12_ac3bc46a6f93dd973caag-275' not found.

See the LaTeX manual or LaTeX Companion for explanation.
Type  H <return>  for immediate help.
 ...                                              
                                                  
l.7029 ...r]{2025_05_12_ac3bc46a6f93dd973caag-275}
                                                  
I could not locate the file with any of these extensions:
.pdf,.PDF,.ai,.AI,.png,.PNG,.jpg,.JPG,.jpeg,.JPEG,.jp2,.JP2,.jpf,.JPF,.bmp,.BMP
,.ps,.PS,.eps,.EPS,.mps,.MPS
Try typing  <return>  to proceed.
If that doesn't work, type  X <return>  to quit.



[261]

! LaTeX Error: \begin{center} on input line 6445 ended by \end{itemize}.

See the LaTeX manual or LaTeX Companion for explanation.
Type  H <return>  for immediate help.
 ...                                              
                                                  
l.7055 \end{itemize}
                    
Your command was ignored.
Type  I <command> <return>  to replace it with another command,
or  <return>  to continue without it.


! LaTeX Error: File `2025_05_12_ac3bc46a6f93dd973caag-277' not found.

See the LaTeX manual or LaTeX Companion for explanation.
Type  H <return>  for immediate help.
 ...                                              
                                                  
l.7059 ...r]{2025_05_12_ac3bc46a6f93dd973caag-277}
                                                  
I could not locate the file with any of these extensions:
.pdf,.PDF,.ai,.AI,.png,.PNG,.jpg,.JPG,.jpeg,.JPEG,.jp2,.JP2,.jpf,.JPF,.bmp,.BMP
,.ps,.PS,.eps,.EPS,.mps,.MPS
Try typing  <return>  to proceed.
If that doesn't work, type  X <return>  to quit.



[262]

[263]

! LaTeX Error: File `2025_05_12_ac3bc46a6f93dd973caag-279' not found.

See the LaTeX manual or LaTeX Companion for explanation.
Type  H <return>  for immediate help.
 ...                                              
                                                  
l.7094 ...h]{2025_05_12_ac3bc46a6f93dd973caag-279}
                                                  
I could not locate the file with any of these extensions:
.pdf,.PDF,.ai,.AI,.png,.PNG,.jpg,.JPG,.jpeg,.JPEG,.jp2,.JP2,.jpf,.JPF,.bmp,.BMP
,.ps,.PS,.eps,.EPS,.mps,.MPS
Try typing  <return>  to proceed.
If that doesn't work, type  X <return>  to quit.



[264]
Underfull \vbox (badness 10000) has occurred while \output is active []



[265]

[266]

[267]

[268]

! LaTeX Error: File `2025_05_12_ac3bc46a6f93dd973caag-284' not found.

See the LaTeX manual or LaTeX Companion for explanation.
Type  H <return>  for immediate help.
 ...                                              
                                                  
l.7187 ...h]{2025_05_12_ac3bc46a6f93dd973caag-284}
                                                  
I could not locate the file with any of these extensions:
.pdf,.PDF,.ai,.AI,.png,.PNG,.jpg,.JPG,.jpeg,.JPEG,.jp2,.JP2,.jpf,.JPF,.bmp,.BMP
,.ps,.PS,.eps,.EPS,.mps,.MPS
Try typing  <return>  to proceed.
If that doesn't work, type  X <return>  to quit.


! LaTeX Error: \begin{document} ended by \end{itemize}.

See the LaTeX manual or LaTeX Companion for explanation.
Type  H <return>  for immediate help.
 ...                                              
                                                  
l.7190 \end{itemize}
                    
Your command was ignored.
Type  I <command> <return>  to replace it with another command,
or  <return>  to continue without it.

! Extra \endgroup.
\end  ...end#1\endcsname \@checkend {#1}\endgroup 
                                                  \UseHook {env/#1/after}\if...
l.7190 \end{itemize}
                    
Things are pretty mixed up, but I think the worst is over.



[269]

[270]

! LaTeX Error: File `2025_05_12_ac3bc46a6f93dd973caag-286' not found.

See the LaTeX manual or LaTeX Companion for explanation.
Type  H <return>  for immediate help.
 ...                                              
                                                  
l.7229 ...h]{2025_05_12_ac3bc46a6f93dd973caag-286}
                                                  
I could not locate the file with any of these extensions:
.pdf,.PDF,.ai,.AI,.png,.PNG,.jpg,.JPG,.jpeg,.JPEG,.jp2,.JP2,.jpf,.JPF,.bmp,.BMP
,.ps,.PS,.eps,.EPS,.mps,.MPS
Try typing  <return>  to proceed.
If that doesn't work, type  X <return>  to quit.


Underfull \vbox (badness 10000) has occurred while \output is active []



[271]

[272]


Overfull \hbox (0.19232pt too wide) has occurred while \output is active
\TU/lmr/m/sl/10 6.4.  USEFUL CONCEPTS WHICH YOU SHOULD NOW KNOW ABOUT \TU/lmr/m
/n/10 273
 []

[273]

[274]

[275]

[276]

[277]

[278]
Chapter 7.


[279

]

! LaTeX Error: File `2025_05_12_ac3bc46a6f93dd973caag-294' not found.

See the LaTeX manual or LaTeX Companion for explanation.
Type  H <return>  for immediate help.
 ...                                              
                                                  
l.7415 ...h]{2025_05_12_ac3bc46a6f93dd973caag-294}
                                                  
I could not locate the file with any of these extensions:
.pdf,.PDF,.ai,.AI,.png,.PNG,.jpg,.JPG,.jpeg,.JPEG,.jp2,.JP2,.jpf,.JPF,.bmp,.BMP
,.ps,.PS,.eps,.EPS,.mps,.MPS
Try typing  <return>  to proceed.
If that doesn't work, type  X <return>  to quit.



[280]

[281]
Underfull \hbox (badness 10000) in paragraph at lines 7502--7503

 []


! LaTeX Error: File `2025_05_12_ac3bc46a6f93dd973caag-296' not found.

See the LaTeX manual or LaTeX Companion for explanation.
Type  H <return>  for immediate help.
 ...                                              
                                                  
l.7505 ...r]{2025_05_12_ac3bc46a6f93dd973caag-296}
                                                  
I could not locate the file with any of these extensions:
.pdf,.PDF,.ai,.AI,.png,.PNG,.jpg,.JPG,.jpeg,.JPEG,.jp2,.JP2,.jpf,.JPF,.bmp,.BMP
,.ps,.PS,.eps,.EPS,.mps,.MPS
Try typing  <return>  to proceed.
If that doesn't work, type  X <return>  to quit.



[282]

[283]

[284]
Overfull \hbox (5.13002pt too wide) in paragraph at lines 7563--7564
[]\TU/lmr/m/it/10 American Fuzzy Lop (AFL)\TU/lmr/m/n/10 , an open source tool 
available at [][]http://lcamtuf[][].
 []



[285]

[286]

[287]

! LaTeX Error: File `2025\_05\_12\_ac3bc46a6f93dd973caag-302' not found.

See the LaTeX manual or LaTeX Companion for explanation.
Type  H <return>  for immediate help.
 ...                                              
                                                  
l.7620 ...2025\_05\_12\_ac3bc46a6f93dd973caag-302}
                                                  
I could not locate the file with any of these extensions:
.pdf,.PDF,.ai,.AI,.png,.PNG,.jpg,.JPG,.jpeg,.JPEG,.jp2,.JP2,.jpf,.JPF,.bmp,.BMP
,.ps,.PS,.eps,.EPS,.mps,.MPS
Try typing  <return>  to proceed.
If that doesn't work, type  X <return>  to quit.



[288]

! LaTeX Error: File `2025_05_12_ac3bc46a6f93dd973caag-303' not found.

See the LaTeX manual or LaTeX Companion for explanation.
Type  H <return>  for immediate help.
 ...                                              
                                                  
l.7642 ...r]{2025_05_12_ac3bc46a6f93dd973caag-303}
                                                  \\
I could not locate the file with any of these extensions:
.pdf,.PDF,.ai,.AI,.png,.PNG,.jpg,.JPG,.jpeg,.JPEG,.jp2,.JP2,.jpf,.JPF,.bmp,.BMP
,.ps,.PS,.eps,.EPS,.mps,.MPS
Try typing  <return>  to proceed.
If that doesn't work, type  X <return>  to quit.


! LaTeX Error: File `2025_05_12_ac3bc46a6f93dd973caag-303(2)' not found.

See the LaTeX manual or LaTeX Companion for explanation.
Type  H <return>  for immediate help.
 ...                                              
                                                  
l.7644 ...2025_05_12_ac3bc46a6f93dd973caag-303(2)}
                                                  \\
I could not locate the file with any of these extensions:
.pdf,.PDF,.ai,.AI,.png,.PNG,.jpg,.JPG,.jpeg,.JPEG,.jp2,.JP2,.jpf,.JPF,.bmp,.BMP
,.ps,.PS,.eps,.EPS,.mps,.MPS
Try typing  <return>  to proceed.
If that doesn't work, type  X <return>  to quit.


! LaTeX Error: File `2025_05_12_ac3bc46a6f93dd973caag-303(1)' not found.

See the LaTeX manual or LaTeX Companion for explanation.
Type  H <return>  for immediate help.
 ...                                              
                                                  
l.7646 ...2025_05_12_ac3bc46a6f93dd973caag-303(1)}
                                                  
I could not locate the file with any of these extensions:
.pdf,.PDF,.ai,.AI,.png,.PNG,.jpg,.JPG,.jpeg,.JPEG,.jp2,.JP2,.jpf,.JPF,.bmp,.BMP
,.ps,.PS,.eps,.EPS,.mps,.MPS
Try typing  <return>  to proceed.
If that doesn't work, type  X <return>  to quit.



[289]
Underfull \hbox (badness 10000) in paragraph at lines 7659--7662

 []


! LaTeX Error: File `2025_05_12_ac3bc46a6f93dd973caag-305' not found.

See the LaTeX manual or LaTeX Companion for explanation.
Type  H <return>  for immediate help.
 ...                                              
                                                  
l.7673 ...h]{2025_05_12_ac3bc46a6f93dd973caag-305}
                                                  
I could not locate the file with any of these extensions:
.pdf,.PDF,.ai,.AI,.png,.PNG,.jpg,.JPG,.jpeg,.JPEG,.jp2,.JP2,.jpf,.JPF,.bmp,.BMP
,.ps,.PS,.eps,.EPS,.mps,.MPS
Try typing  <return>  to proceed.
If that doesn't work, type  X <return>  to quit.



[290]

! LaTeX Error: File `2025_05_12_ac3bc46a6f93dd973caag-305(1)' not found.

See the LaTeX manual or LaTeX Companion for explanation.
Type  H <return>  for immediate help.
 ...                                              
                                                  
l.7686 ...2025_05_12_ac3bc46a6f93dd973caag-305(1)}
                                                  
I could not locate the file with any of these extensions:
.pdf,.PDF,.ai,.AI,.png,.PNG,.jpg,.JPG,.jpeg,.JPEG,.jp2,.JP2,.jpf,.JPF,.bmp,.BMP
,.ps,.PS,.eps,.EPS,.mps,.MPS
Try typing  <return>  to proceed.
If that doesn't work, type  X <return>  to quit.



[291]

! LaTeX Error: File `2025_05_12_ac3bc46a6f93dd973caag-306' not found.

See the LaTeX manual or LaTeX Companion for explanation.
Type  H <return>  for immediate help.
 ...                                              
                                                  
l.7700 ...h]{2025_05_12_ac3bc46a6f93dd973caag-306}
                                                  
I could not locate the file with any of these extensions:
.pdf,.PDF,.ai,.AI,.png,.PNG,.jpg,.JPG,.jpeg,.JPEG,.jp2,.JP2,.jpf,.JPF,.bmp,.BMP
,.ps,.PS,.eps,.EPS,.mps,.MPS
Try typing  <return>  to proceed.
If that doesn't work, type  X <return>  to quit.



[292]

[293]
! Misplaced alignment tab character &.
l.7761 $\ldots$ &
                  $\ldots$ & $\ldots$ & $\ldots$ \\
I can't figure out why you would want to use a tab mark
here. If you just want an ampersand, the remedy is
simple: Just type `I\&' now. But if some right brace
up above has ended a previous alignment prematurely,
you're probably due for more error messages, and you
might try typing `S' now just to see what is salvageable.

! Misplaced alignment tab character &.
l.7761 $\ldots$ & $\ldots$ &
                             $\ldots$ & $\ldots$ \\
I can't figure out why you would want to use a tab mark
here. If you just want an ampersand, the remedy is
simple: Just type `I\&' now. But if some right brace
up above has ended a previous alignment prematurely,
you're probably due for more error messages, and you
might try typing `S' now just to see what is salvageable.

! Misplaced alignment tab character &.
l.7761 $\ldots$ & $\ldots$ & $\ldots$ &
                                        $\ldots$ \\
I can't figure out why you would want to use a tab mark
here. If you just want an ampersand, the remedy is
simple: Just type `I\&' now. But if some right brace
up above has ended a previous alignment prematurely,
you're probably due for more error messages, and you
might try typing `S' now just to see what is salvageable.

! Misplaced \noalign.
\hline ->\noalign 
                  {\ifnum 0=`}\fi \hrule \@height \arrayrulewidth \futurelet...
l.7762 \hline
             
I expect to see \noalign only after the \cr of
an alignment. Proceed, and I'll ignore this case.


Underfull \hbox (badness 10000) in paragraph at lines 7761--7762

 []

! Misplaced \crcr.
\endtabular ->\crcr 
                    \egroup \egroup $\egroup 
l.7763 \end{tabular}
                    
I can't figure out why you would want to use a tab mark
or \cr or \span just now. If something like a right brace
up above has ended a previous alignment prematurely,
you're probably due for more error messages, and you
might try typing `S' now just to see what is salvageable.

! Too many }'s.
\endtabular ->\crcr \egroup 
                            \egroup $\egroup 
l.7763 \end{tabular}
                    
You've closed more groups than you opened.
Such booboos are generally harmless, so keep going.

! Too many }'s.
\endtabular ->\crcr \egroup \egroup 
                                    $\egroup 
l.7763 \end{tabular}
                    
You've closed more groups than you opened.
Such booboos are generally harmless, so keep going.

! Extra }, or forgotten $.
<recently read> \egroup 
                        
l.7763 \end{tabular}
                    
I've deleted a group-closing symbol because it seems to be
spurious, as in `$x}$'. But perhaps the } is legitimate and
you forgot something else, as in `\hbox{$x}'. In such cases
the way to recover is to insert both the forgotten and the
deleted material, e.g., by typing `I$}'.


! LaTeX Error: \begin{document} ended by \end{tabular}.

See the LaTeX manual or LaTeX Companion for explanation.
Type  H <return>  for immediate help.
 ...                                              
                                                  
l.7763 \end{tabular}
                    
Your command was ignored.
Type  I <command> <return>  to replace it with another command,
or  <return>  to continue without it.

! Missing $ inserted.
<inserted text> 
                $
l.7763 \end{tabular}
                    
I've inserted something that you may have forgotten.
(See the <inserted text> above.)
With luck, this will get me unwedged. But if you
really didn't forget anything, try typing `2' now; then
my insertion and my current dilemma will both disappear.

! Extra \endgroup.
<recently read> \endgroup 
                          
l.7763 \end{tabular}
                    
Things are pretty mixed up, but I think the worst is over.


! LaTeX Error: \begin{document} ended by \end{center}.

See the LaTeX manual or LaTeX Companion for explanation.
Type  H <return>  for immediate help.
 ...                                              
                                                  
l.7764 \end{center}
                   
Your command was ignored.
Type  I <command> <return>  to replace it with another command,
or  <return>  to continue without it.

! Extra \endgroup.
\end  ...end#1\endcsname \@checkend {#1}\endgroup 
                                                  \UseHook {env/#1/after}\if...
l.7764 \end{center}
                   
Things are pretty mixed up, but I think the worst is over.



[294]

[295]
Underfull \hbox (badness 10000) in paragraph at lines 7831--7838

 []



[296]

! LaTeX Error: File `2025\_05\_12\_ac3bc46a6f93dd973caag-312' not found.

See the LaTeX manual or LaTeX Companion for explanation.
Type  H <return>  for immediate help.
 ...                                              
                                                  
l.7856 ...2025\_05\_12\_ac3bc46a6f93dd973caag-312}
                                                  
I could not locate the file with any of these extensions:
.pdf,.PDF,.ai,.AI,.png,.PNG,.jpg,.JPG,.jpeg,.JPEG,.jp2,.JP2,.jpf,.JPF,.bmp,.BMP
,.ps,.PS,.eps,.EPS,.mps,.MPS
Try typing  <return>  to proceed.
If that doesn't work, type  X <return>  to quit.



[297]
Overfull \hbox (75.56006pt too wide) in paragraph at lines 7865--7893
 [][] 
 []

! Misplaced \noalign.
\hline ->\noalign 
                  {\ifnum 0=`}\fi \hrule \@height \arrayrulewidth \futurelet...
l.7895 \hline
             
I expect to see \noalign only after the \cr of
an alignment. Proceed, and I'll ignore this case.

! Misplaced \crcr.
\endtabular ->\crcr 
                    \egroup \egroup $\egroup 
l.7896 \end{tabular}
                    
I can't figure out why you would want to use a tab mark
or \cr or \span just now. If something like a right brace
up above has ended a previous alignment prematurely,
you're probably due for more error messages, and you
might try typing `S' now just to see what is salvageable.

! Too many }'s.
\endtabular ->\crcr \egroup 
                            \egroup $\egroup 
l.7896 \end{tabular}
                    
You've closed more groups than you opened.
Such booboos are generally harmless, so keep going.

! Too many }'s.
\endtabular ->\crcr \egroup \egroup 
                                    $\egroup 
l.7896 \end{tabular}
                    
You've closed more groups than you opened.
Such booboos are generally harmless, so keep going.

! Extra }, or forgotten $.
<recently read> \egroup 
                        
l.7896 \end{tabular}
                    
I've deleted a group-closing symbol because it seems to be
spurious, as in `$x}$'. But perhaps the } is legitimate and
you forgot something else, as in `\hbox{$x}'. In such cases
the way to recover is to insert both the forgotten and the
deleted material, e.g., by typing `I$}'.


! LaTeX Error: \begin{document} ended by \end{tabular}.

See the LaTeX manual or LaTeX Companion for explanation.
Type  H <return>  for immediate help.
 ...                                              
                                                  
l.7896 \end{tabular}
                    
Your command was ignored.
Type  I <command> <return>  to replace it with another command,
or  <return>  to continue without it.

! Missing $ inserted.
<inserted text> 
                $
l.7896 \end{tabular}
                    
I've inserted something that you may have forgotten.
(See the <inserted text> above.)
With luck, this will get me unwedged. But if you
really didn't forget anything, try typing `2' now; then
my insertion and my current dilemma will both disappear.

! Extra \endgroup.
<recently read> \endgroup 
                          
l.7896 \end{tabular}
                    
Things are pretty mixed up, but I think the worst is over.


! LaTeX Error: \begin{document} ended by \end{center}.

See the LaTeX manual or LaTeX Companion for explanation.
Type  H <return>  for immediate help.
 ...                                              
                                                  
l.7897 \end{center}
                   
Your command was ignored.
Type  I <command> <return>  to replace it with another command,
or  <return>  to continue without it.

! Extra \endgroup.
\end  ...end#1\endcsname \@checkend {#1}\endgroup 
                                                  \UseHook {env/#1/after}\if...
l.7897 \end{center}
                   
Things are pretty mixed up, but I think the worst is over.


Overfull \hbox (634.87009pt too wide) in paragraph at lines 7902--7957
 [] 
 []


Underfull \vbox (badness 10000) has occurred while \output is active []



[298]

! LaTeX Error: File `2025_05_12_ac3bc46a6f93dd973caag-314' not found.

See the LaTeX manual or LaTeX Companion for explanation.
Type  H <return>  for immediate help.
 ...                                              
                                                  
l.7963 ...r]{2025_05_12_ac3bc46a6f93dd973caag-314}
                                                  
I could not locate the file with any of these extensions:
.pdf,.PDF,.ai,.AI,.png,.PNG,.jpg,.JPG,.jpeg,.JPEG,.jp2,.JP2,.jpf,.JPF,.bmp,.BMP
,.ps,.PS,.eps,.EPS,.mps,.MPS
Try typing  <return>  to proceed.
If that doesn't work, type  X <return>  to quit.



[299]

[300]

[301]

[302]
! Undefined control sequence.
<recently read> \multirow 
                          
l.8121 \multirow
                [t]{2}{*}{1.} & \multirow[t]{2}{*}{request} & PUT /groggy/ne...
The control sequence at the end of the top line
of your error message was never \def'ed. If you have
misspelled it (e.g., `\hobx'), type `I' and the correct
spelling (e.g., `I\hbox'). Otherwise just continue,
and I'll forget about whatever was undefined.

! Undefined control sequence.
l.8121 \multirow[t]{2}{*}{1.} & \multirow
                                         [t]{2}{*}{request} & PUT /groggy/ne...
The control sequence at the end of the top line
of your error message was never \def'ed. If you have
misspelled it (e.g., `\hobx'), type `I' and the correct
spelling (e.g., `I\hbox'). Otherwise just continue,
and I'll forget about whatever was undefined.

! Undefined control sequence.
<recently read> \multirow 
                          
l.8125 \multirow
                [t]{2}{*}{2.} & \multirow[t]{2}{*}{response} & HTTP/1.1 401 ...
The control sequence at the end of the top line
of your error message was never \def'ed. If you have
misspelled it (e.g., `\hobx'), type `I' and the correct
spelling (e.g., `I\hbox'). Otherwise just continue,
and I'll forget about whatever was undefined.

! Undefined control sequence.
l.8125 \multirow[t]{2}{*}{2.} & \multirow
                                         [t]{2}{*}{response} & HTTP/1.1 401 ...
The control sequence at the end of the top line
of your error message was never \def'ed. If you have
misspelled it (e.g., `\hobx'), type `I' and the correct
spelling (e.g., `I\hbox'). Otherwise just continue,
and I'll forget about whatever was undefined.

! Undefined control sequence.
<recently read> \multirow 
                          
l.8129 \multirow
                [t]{4}{*}{3.} & \multirow[t]{4}{*}{request} & PUT /groggy/ne...
The control sequence at the end of the top line
of your error message was never \def'ed. If you have
misspelled it (e.g., `\hobx'), type `I' and the correct
spelling (e.g., `I\hbox'). Otherwise just continue,
and I'll forget about whatever was undefined.

! Undefined control sequence.
l.8129 \multirow[t]{4}{*}{3.} & \multirow
                                         [t]{4}{*}{request} & PUT /groggy/ne...
The control sequence at the end of the top line
of your error message was never \def'ed. If you have
misspelled it (e.g., `\hobx'), type `I' and the correct
spelling (e.g., `I\hbox'). Otherwise just continue,
and I'll forget about whatever was undefined.

! Undefined control sequence.
<recently read> \multirow 
                          
l.8137 \multirow
                [t]{2}{*}{4.} & \multirow[t]{2}{*}{response} & HTTP/1.1 200 ...
The control sequence at the end of the top line
of your error message was never \def'ed. If you have
misspelled it (e.g., `\hobx'), type `I' and the correct
spelling (e.g., `I\hbox'). Otherwise just continue,
and I'll forget about whatever was undefined.

! Undefined control sequence.
l.8137 \multirow[t]{2}{*}{4.} & \multirow
                                         [t]{2}{*}{response} & HTTP/1.1 200 ...
The control sequence at the end of the top line
of your error message was never \def'ed. If you have
misspelled it (e.g., `\hobx'), type `I' and the correct
spelling (e.g., `I\hbox'). Otherwise just continue,
and I'll forget about whatever was undefined.


Overfull \hbox (19.92006pt too wide) in paragraph at lines 8117--8142
 [] 
 []



[303]
Overfull \hbox (194.84021pt too wide) in paragraph at lines 8169--8206
 [][] 
 []


! LaTeX Error: File `2025_05_12_ac3bc46a6f93dd973caag-319' not found.

See the LaTeX manual or LaTeX Companion for explanation.
Type  H <return>  for immediate help.
 ...                                              
                                                  
l.8216 ...h]{2025_05_12_ac3bc46a6f93dd973caag-319}
                                                  
I could not locate the file with any of these extensions:
.pdf,.PDF,.ai,.AI,.png,.PNG,.jpg,.JPG,.jpeg,.JPEG,.jp2,.JP2,.jpf,.JPF,.bmp,.BMP
,.ps,.PS,.eps,.EPS,.mps,.MPS
Try typing  <return>  to proceed.
If that doesn't work, type  X <return>  to quit.


Overfull \hbox (105.12pt too wide) in paragraph at lines 8215--8217
\TU/lmr/m/n/10 |0|1|0|0|1|1|10|1|0|0|1|1|0|0|0|0|0|1|0|1|1|1|0|0|1|0|0|1|1|0|1|
0|0|0|1|0|1|1|10|0|0|0|0|1|0|0|0|0|0|0|0|0|0| 
 []


Underfull \hbox (badness 10000) in paragraph at lines 8215--8217

 []



[304]

[305]
Overfull \hbox (340.85008pt too wide) in paragraph at lines 8247--8278
 [][] 
 []


LaTeX Warning: `h' float specifier changed to `ht'.



[306]

[307]

! LaTeX Error: File `2025_05_12_ac3bc46a6f93dd973caag-322' not found.

See the LaTeX manual or LaTeX Companion for explanation.
Type  H <return>  for immediate help.
 ...                                              
                                                  
l.8315 ...r]{2025_05_12_ac3bc46a6f93dd973caag-322}
                                                  
I could not locate the file with any of these extensions:
.pdf,.PDF,.ai,.AI,.png,.PNG,.jpg,.JPG,.jpeg,.JPEG,.jp2,.JP2,.jpf,.JPF,.bmp,.BMP
,.ps,.PS,.eps,.EPS,.mps,.MPS
Try typing  <return>  to proceed.
If that doesn't work, type  X <return>  to quit.


Underfull \hbox (badness 10000) in paragraph at lines 8346--8347
[]\TU/lmr/m/n/10 Set-Cookie: Client=”Eddie-Crack-507”;
 []



[308]

[309]

[310]

[311]

! LaTeX Error: File `2025_05_12_ac3bc46a6f93dd973caag-326' not found.

See the LaTeX manual or LaTeX Companion for explanation.
Type  H <return>  for immediate help.
 ...                                              
                                                  
l.8452 ...r]{2025_05_12_ac3bc46a6f93dd973caag-326}
                                                  
I could not locate the file with any of these extensions:
.pdf,.PDF,.ai,.AI,.png,.PNG,.jpg,.JPG,.jpeg,.JPEG,.jp2,.JP2,.jpf,.JPF,.bmp,.BMP
,.ps,.PS,.eps,.EPS,.mps,.MPS
Try typing  <return>  to proceed.
If that doesn't work, type  X <return>  to quit.



[312]

! LaTeX Error: There's no line here to end.

See the LaTeX manual or LaTeX Companion for explanation.
Type  H <return>  for immediate help.
 ...                                              
                                                  
l.8512 w
        here the text typed in is Alfred, then the pair firstname=Alfred is ...

Your command was ignored.
Type  I <command> <return>  to replace it with another command,
or  <return>  to continue without it.



[313]

[314]

[315]
Overfull \hbox (1.9789pt too wide) in paragraph at lines 8589--8590
[]\TU/lmr/m/n/10 The URI [][]http://www.vic.dk/images/../../../../etc/passwd[][
] would then give
 []



[316]

[317]
Underfull \vbox (badness 7576) has occurred while \output is active []



[318]


Overfull \hbox (0.19232pt too wide) has occurred while \output is active
\TU/lmr/m/sl/10 7.3.  USEFUL CONCEPTS WHICH YOU SHOULD NOW KNOW ABOUT \TU/lmr/m
/n/10 319
 []

[319]

[320]

[321]

[322]

[323]

[324]

[325]
Overfull \hbox (1.45001pt too wide) in paragraph at lines 8809--8810
[]\TU/lmr/m/n/10 Unauthorised activities in the network or in individual system
s (e.g. caused
 []



[326]

[327]
Underfull \hbox (badness 10000) in paragraph at lines 8854--8855

 []


! LaTeX Error: Lonely \item--perhaps a missing list environment.

See the LaTeX manual or LaTeX Companion for explanation.
Type  H <return>  for immediate help.
 ...                                              
                                                  
l.8858   \item T
                ake a copy of the contents of the computer's disk (or disks)...

Try typing  <return>  to proceed.
If that doesn't work, type  X <return>  to quit.


Underfull \hbox (badness 10000) detected at line 8858
[][]
 []


! LaTeX Error: \begin{document} ended by \end{enumerate}.

See the LaTeX manual or LaTeX Companion for explanation.
Type  H <return>  for immediate help.
 ...                                              
                                                  
l.8859 \end{enumerate}
                      
Your command was ignored.
Type  I <command> <return>  to replace it with another command,
or  <return>  to continue without it.

! Extra \endgroup.
\end  ...end#1\endcsname \@checkend {#1}\endgroup 
                                                  \UseHook {env/#1/after}\if...
l.8859 \end{enumerate}
                      
Things are pretty mixed up, but I think the worst is over.



[328]

[329]

[330]

[331]

! LaTeX Error: File `2025_05_12_ac3bc46a6f93dd973caag-344' not found.

See the LaTeX manual or LaTeX Companion for explanation.
Type  H <return>  for immediate help.
 ...                                              
                                                  
l.8917 ...r]{2025_05_12_ac3bc46a6f93dd973caag-344}
                                                  
I could not locate the file with any of these extensions:
.pdf,.PDF,.ai,.AI,.png,.PNG,.jpg,.JPG,.jpeg,.JPEG,.jp2,.JP2,.jpf,.JPF,.bmp,.BMP
,.ps,.PS,.eps,.EPS,.mps,.MPS
Try typing  <return>  to proceed.
If that doesn't work, type  X <return>  to quit.


! LaTeX Error: File `2025_05_12_ac3bc46a6f93dd973caag-345' not found.

See the LaTeX manual or LaTeX Companion for explanation.
Type  H <return>  for immediate help.
 ...                                              
                                                  
l.8933 ...r]{2025_05_12_ac3bc46a6f93dd973caag-345}
                                                  
I could not locate the file with any of these extensions:
.pdf,.PDF,.ai,.AI,.png,.PNG,.jpg,.JPG,.jpeg,.JPEG,.jp2,.JP2,.jpf,.JPF,.bmp,.BMP
,.ps,.PS,.eps,.EPS,.mps,.MPS
Try typing  <return>  to proceed.
If that doesn't work, type  X <return>  to quit.



[332]
Overfull \hbox (2.5654pt too wide) in paragraph at lines 8954--8955
[]\TU/lmr/bx/n/10 Recovery Time Objective, RTO: \TU/lmr/m/n/10 The acceptable t
ime for restora-
 []



[333]

[334]

! LaTeX Error: File `2025_05_12_ac3bc46a6f93dd973caag-348' not found.

See the LaTeX manual or LaTeX Companion for explanation.
Type  H <return>  for immediate help.
 ...                                              
                                                  
l.8993 ...r]{2025_05_12_ac3bc46a6f93dd973caag-348}
                                                  
I could not locate the file with any of these extensions:
.pdf,.PDF,.ai,.AI,.png,.PNG,.jpg,.JPG,.jpeg,.JPEG,.jp2,.JP2,.jpf,.JPF,.bmp,.BMP
,.ps,.PS,.eps,.EPS,.mps,.MPS
Try typing  <return>  to proceed.
If that doesn't work, type  X <return>  to quit.



[335]

[336]

! LaTeX Error: File `2025_05_12_ac3bc46a6f93dd973caag-350' not found.

See the LaTeX manual or LaTeX Companion for explanation.
Type  H <return>  for immediate help.
 ...                                              
                                                  
l.9029 ...h]{2025_05_12_ac3bc46a6f93dd973caag-350}
                                                  
I could not locate the file with any of these extensions:
.pdf,.PDF,.ai,.AI,.png,.PNG,.jpg,.JPG,.jpeg,.JPEG,.jp2,.JP2,.jpf,.JPF,.bmp,.BMP
,.ps,.PS,.eps,.EPS,.mps,.MPS
Try typing  <return>  to proceed.
If that doesn't work, type  X <return>  to quit.



[337]

! LaTeX Error: File `2025_05_12_ac3bc46a6f93dd973caag-351' not found.

See the LaTeX manual or LaTeX Companion for explanation.
Type  H <return>  for immediate help.
 ...                                              
                                                  
l.9059 ...r]{2025_05_12_ac3bc46a6f93dd973caag-351}
                                                  
I could not locate the file with any of these extensions:
.pdf,.PDF,.ai,.AI,.png,.PNG,.jpg,.JPG,.jpeg,.JPEG,.jp2,.JP2,.jpf,.JPF,.bmp,.BMP
,.ps,.PS,.eps,.EPS,.mps,.MPS
Try typing  <return>  to proceed.
If that doesn't work, type  X <return>  to quit.



[338]

! LaTeX Error: \begin{document} ended by \end{itemize}.

See the LaTeX manual or LaTeX Companion for explanation.
Type  H <return>  for immediate help.
 ...                                              
                                                  
l.9102 \end{itemize}
                    
Your command was ignored.
Type  I <command> <return>  to replace it with another command,
or  <return>  to continue without it.

! Extra \endgroup.
\end  ...end#1\endcsname \@checkend {#1}\endgroup 
                                                  \UseHook {env/#1/after}\if...
l.9102 \end{itemize}
                    
Things are pretty mixed up, but I think the worst is over.



[339]

[340]

[341]

! LaTeX Error: File `2025_05_12_ac3bc46a6f93dd973caag-355' not found.

See the LaTeX manual or LaTeX Companion for explanation.
Type  H <return>  for immediate help.
 ...                                              
                                                  
l.9153 ...h]{2025_05_12_ac3bc46a6f93dd973caag-355}
                                                  
I could not locate the file with any of these extensions:
.pdf,.PDF,.ai,.AI,.png,.PNG,.jpg,.JPG,.jpeg,.JPEG,.jp2,.JP2,.jpf,.JPF,.bmp,.BMP
,.ps,.PS,.eps,.EPS,.mps,.MPS
Try typing  <return>  to proceed.
If that doesn't work, type  X <return>  to quit.



[342]


Overfull \hbox (51.17389pt too wide) has occurred while \output is active
\TU/lmr/m/sl/10 7.10.  \TU/lmr/m/it/10 LOOK AFTER YOUR PRIVATE DATA! DATA THIEV
ES ARE AFTER THEM. \TU/lmr/m/n/10 343
 []

[343]

[344]


Overfull \hbox (51.17389pt too wide) has occurred while \output is active
\TU/lmr/m/sl/10 7.10.  \TU/lmr/m/it/10 LOOK AFTER YOUR PRIVATE DATA! DATA THIEV
ES ARE AFTER THEM. \TU/lmr/m/n/10 345
 []

[345]

[346

]
Chapter 8.


[347]

! LaTeX Error: File `2025\_05\_12\_ac3bc46a6f93dd973caag-360' not found.

See the LaTeX manual or LaTeX Companion for explanation.
Type  H <return>  for immediate help.
 ...                                              
                                                  
l.9263 ...2025\_05\_12\_ac3bc46a6f93dd973caag-360}
                                                  
I could not locate the file with any of these extensions:
.pdf,.PDF,.ai,.AI,.png,.PNG,.jpg,.JPG,.jpeg,.JPEG,.jp2,.JP2,.jpf,.JPF,.bmp,.BMP
,.ps,.PS,.eps,.EPS,.mps,.MPS
Try typing  <return>  to proceed.
If that doesn't work, type  X <return>  to quit.


Overfull \hbox (1.912pt too wide) in paragraph at lines 9285--9286
[]\TU/lmr/m/n/10 After an introductory chapter, the convention contains two lar
ge parts (Chap-
 []



[348]

[349]

[350]

[351]

[352]

[353]

[354]

[355]
Overfull \hbox (2.08002pt too wide) in paragraph at lines 9434--9445
\TU/lmr/m/n/10 h) Processing is necessary for the purposes of preventive or occ
upational medicine
 []



[356]
Underfull \vbox (badness 10000) has occurred while \output is active []



[357]
Overfull \hbox (19.88867pt too wide) in paragraph at lines 9464--9464
[]\TU/lmr/bx/n/14.4 Definition (Data subject’s rights (Source: [32])) 
 []



[358]

! LaTeX Error: File `2025\_05\_12\_ac3bc46a6f93dd973caag-372' not found.

See the LaTeX manual or LaTeX Companion for explanation.
Type  H <return>  for immediate help.
 ...                                              
                                                  
l.9501 ...2025\_05\_12\_ac3bc46a6f93dd973caag-372}
                                                  
I could not locate the file with any of these extensions:
.pdf,.PDF,.ai,.AI,.png,.PNG,.jpg,.JPG,.jpeg,.JPEG,.jp2,.JP2,.jpf,.JPF,.bmp,.BMP
,.ps,.PS,.eps,.EPS,.mps,.MPS
Try typing  <return>  to proceed.
If that doesn't work, type  X <return>  to quit.



[359]

[360]

[361]

[362]

[363]

[364]

[365]
Underfull \hbox (badness 10000) in paragraph at lines 9629--9630

 []



[366]

! LaTeX Error: \begin{document} ended by \end{itemize}.

See the LaTeX manual or LaTeX Companion for explanation.
Type  H <return>  for immediate help.
 ...                                              
                                                  
l.9633 \end{itemize}
                    
Your command was ignored.
Type  I <command> <return>  to replace it with another command,
or  <return>  to continue without it.

! Extra \endgroup.
\end  ...end#1\endcsname \@checkend {#1}\endgroup 
                                                  \UseHook {env/#1/after}\if...
l.9633 \end{itemize}
                    
Things are pretty mixed up, but I think the worst is over.



[367]

[368]


Overfull \hbox (0.19232pt too wide) has occurred while \output is active
\TU/lmr/m/sl/10 8.5.  USEFUL CONCEPTS WHICH YOU SHOULD NOW KNOW ABOUT \TU/lmr/m
/n/10 369
 []

[369]

[370]

[371]

[372]

[373]

[374]

! LaTeX Error: File `2025_05_12_ac3bc46a6f93dd973caag-387(1)' not found.

See the LaTeX manual or LaTeX Companion for explanation.
Type  H <return>  for immediate help.
 ...                                              
                                                  
l.9810 ...2025_05_12_ac3bc46a6f93dd973caag-387(1)}
                                                  
I could not locate the file with any of these extensions:
.pdf,.PDF,.ai,.AI,.png,.PNG,.jpg,.JPG,.jpeg,.JPEG,.jp2,.JP2,.jpf,.JPF,.bmp,.BMP
,.ps,.PS,.eps,.EPS,.mps,.MPS
Try typing  <return>  to proceed.
If that doesn't work, type  X <return>  to quit.



[375]

! LaTeX Error: File `2025_05_12_ac3bc46a6f93dd973caag-387' not found.

See the LaTeX manual or LaTeX Companion for explanation.
Type  H <return>  for immediate help.
 ...                                              
                                                  
l.9822 ...h]{2025_05_12_ac3bc46a6f93dd973caag-387}
                                                  
I could not locate the file with any of these extensions:
.pdf,.PDF,.ai,.AI,.png,.PNG,.jpg,.JPG,.jpeg,.JPEG,.jp2,.JP2,.jpf,.JPF,.bmp,.BMP
,.ps,.PS,.eps,.EPS,.mps,.MPS
Try typing  <return>  to proceed.
If that doesn't work, type  X <return>  to quit.



[376]

[377]

[378]

[379]

! LaTeX Error: File `2025_05_12_ac3bc46a6f93dd973caag-392' not found.

See the LaTeX manual or LaTeX Companion for explanation.
Type  H <return>  for immediate help.
 ...                                              
                                                  
l.9871 ...h]{2025_05_12_ac3bc46a6f93dd973caag-392}
                                                  
I could not locate the file with any of these extensions:
.pdf,.PDF,.ai,.AI,.png,.PNG,.jpg,.JPG,.jpeg,.JPEG,.jp2,.JP2,.jpf,.JPF,.bmp,.BMP
,.ps,.PS,.eps,.EPS,.mps,.MPS
Try typing  <return>  to proceed.
If that doesn't work, type  X <return>  to quit.


Underfull \vbox (badness 10000) has occurred while \output is active []



[380]

! LaTeX Error: File `2025_05_12_ac3bc46a6f93dd973caag-394(1)' not found.

See the LaTeX manual or LaTeX Companion for explanation.
Type  H <return>  for immediate help.
 ...                                              
                                                  
l.9883 ...2025_05_12_ac3bc46a6f93dd973caag-394(1)}
                                                  
I could not locate the file with any of these extensions:
.pdf,.PDF,.ai,.AI,.png,.PNG,.jpg,.JPG,.jpeg,.JPEG,.jp2,.JP2,.jpf,.JPF,.bmp,.BMP
,.ps,.PS,.eps,.EPS,.mps,.MPS
Try typing  <return>  to proceed.
If that doesn't work, type  X <return>  to quit.



[381]

! LaTeX Error: File `2025_05_12_ac3bc46a6f93dd973caag-394' not found.

See the LaTeX manual or LaTeX Companion for explanation.
Type  H <return>  for immediate help.
 ...                                              
                                                  
l.9893 ...h]{2025_05_12_ac3bc46a6f93dd973caag-394}
                                                  
I could not locate the file with any of these extensions:
.pdf,.PDF,.ai,.AI,.png,.PNG,.jpg,.JPG,.jpeg,.JPEG,.jp2,.JP2,.jpf,.JPF,.bmp,.BMP
,.ps,.PS,.eps,.EPS,.mps,.MPS
Try typing  <return>  to proceed.
If that doesn't work, type  X <return>  to quit.


Overfull \hbox (273.68018pt too wide) in paragraph at lines 9910--9937
 [] 
 []



[382]
Overfull \hbox (89.49016pt too wide) in paragraph at lines 9957--9962
 [][] 
 []



[383]

! LaTeX Error: File `2025_05_12_ac3bc46a6f93dd973caag-396' not found.

See the LaTeX manual or LaTeX Companion for explanation.
Type  H <return>  for immediate help.
 ...                                              
                                                  
l.9973 ...h]{2025_05_12_ac3bc46a6f93dd973caag-396}
                                                  
I could not locate the file with any of these extensions:
.pdf,.PDF,.ai,.AI,.png,.PNG,.jpg,.JPG,.jpeg,.JPEG,.jp2,.JP2,.jpf,.JPF,.bmp,.BMP
,.ps,.PS,.eps,.EPS,.mps,.MPS
Try typing  <return>  to proceed.
If that doesn't work, type  X <return>  to quit.



[384]

! LaTeX Error: File `2025_05_12_ac3bc46a6f93dd973caag-398(1)' not found.

See the LaTeX manual or LaTeX Companion for explanation.
Type  H <return>  for immediate help.
 ...                                              
                                                  
l.9991 ...2025_05_12_ac3bc46a6f93dd973caag-398(1)}
                                                  
I could not locate the file with any of these extensions:
.pdf,.PDF,.ai,.AI,.png,.PNG,.jpg,.JPG,.jpeg,.JPEG,.jp2,.JP2,.jpf,.JPF,.bmp,.BMP
,.ps,.PS,.eps,.EPS,.mps,.MPS
Try typing  <return>  to proceed.
If that doesn't work, type  X <return>  to quit.


! LaTeX Error: File `2025_05_12_ac3bc46a6f93dd973caag-398' not found.

See the LaTeX manual or LaTeX Companion for explanation.
Type  H <return>  for immediate help.
 ...                                              
                                                  
l.10008 ...]{2025_05_12_ac3bc46a6f93dd973caag-398}
                                                  
I could not locate the file with any of these extensions:
.pdf,.PDF,.ai,.AI,.png,.PNG,.jpg,.JPG,.jpeg,.JPEG,.jp2,.JP2,.jpf,.JPF,.bmp,.BMP
,.ps,.PS,.eps,.EPS,.mps,.MPS
Try typing  <return>  to proceed.
If that doesn't work, type  X <return>  to quit.



[385]

[386]

! LaTeX Error: File `2025_05_12_ac3bc46a6f93dd973caag-401' not found.

See the LaTeX manual or LaTeX Companion for explanation.
Type  H <return>  for immediate help.
 ...                                              
                                                  
l.10041 ...]{2025_05_12_ac3bc46a6f93dd973caag-401}
                                                  
I could not locate the file with any of these extensions:
.pdf,.PDF,.ai,.AI,.png,.PNG,.jpg,.JPG,.jpeg,.JPEG,.jp2,.JP2,.jpf,.JPF,.bmp,.BMP
,.ps,.PS,.eps,.EPS,.mps,.MPS
Try typing  <return>  to proceed.
If that doesn't work, type  X <return>  to quit.



[387]

[388]

[389]

[390]
Underfull \vbox (badness 1394) has occurred while \output is active []



[391]

[392]

[393]

[394]

[395]

[396]

! LaTeX Error: File `2025_05_12_ac3bc46a6f93dd973caag-410' not found.

See the LaTeX manual or LaTeX Companion for explanation.
Type  H <return>  for immediate help.
 ...                                              
                                                  
l.10304 ...]{2025_05_12_ac3bc46a6f93dd973caag-410}
                                                  
I could not locate the file with any of these extensions:
.pdf,.PDF,.ai,.AI,.png,.PNG,.jpg,.JPG,.jpeg,.JPEG,.jp2,.JP2,.jpf,.JPF,.bmp,.BMP
,.ps,.PS,.eps,.EPS,.mps,.MPS
Try typing  <return>  to proceed.
If that doesn't work, type  X <return>  to quit.



[397]

[398]
Overfull \hbox (22.86382pt too wide) in paragraph at lines 10388--10394
[]$[][]$ 
 []



[399]

[400]

[401]

[402]

Package hyperref Warning: Token not allowed in a PDF string (Unicode):
(hyperref)                removing `math shift' on input line 10555.


Package hyperref Warning: Token not allowed in a PDF string (Unicode):
(hyperref)                removing `math shift' on input line 10555.



[403]
Overfull \hbox (6.40881pt too wide) in paragraph at lines 10617--10618
[]\TU/lmr/m/n/10 then we can reason as follows: All numbers which are congruent
 to $\OML/cmm/m/it/10 a[] []$
 []



[404]

[405]

[406]
Overfull \hbox (7.96857pt too wide) in paragraph at lines 10752--10753
[]\TU/lmr/m/n/10 The first condition is that $\OML/cmm/m/it/10 p[]$ \TU/lmr/m/n
/10 and $\OML/cmm/m/it/10 p[]$ \TU/lmr/m/n/10 have no common factors, so $[]  [
] \OT1/cmr/m/n/10 =
 []



[407]
Overfull \hbox (1175.52014pt too wide) in paragraph at lines 10814--10841
 [] 
 []


Underfull \vbox (badness 1009) has occurred while \output is active []



[408]
Overfull \hbox (1246.3201pt too wide) in paragraph at lines 10846--10885
 [] 
 []

! Misplaced \noalign.
\hline ->\noalign 
                  {\ifnum 0=`}\fi \hrule \@height \arrayrulewidth \futurelet...
l.10887 \hline
              
I expect to see \noalign only after the \cr of
an alignment. Proceed, and I'll ignore this case.

! Misplaced \crcr.
\endtabular ->\crcr 
                    \egroup \egroup $\egroup 
l.10888 \end{tabular}
                     
I can't figure out why you would want to use a tab mark
or \cr or \span just now. If something like a right brace
up above has ended a previous alignment prematurely,
you're probably due for more error messages, and you
might try typing `S' now just to see what is salvageable.

! Too many }'s.
\endtabular ->\crcr \egroup 
                            \egroup $\egroup 
l.10888 \end{tabular}
                     
You've closed more groups than you opened.
Such booboos are generally harmless, so keep going.

! Too many }'s.
\endtabular ->\crcr \egroup \egroup 
                                    $\egroup 
l.10888 \end{tabular}
                     
You've closed more groups than you opened.
Such booboos are generally harmless, so keep going.

! Extra }, or forgotten $.
<recently read> \egroup 
                        
l.10888 \end{tabular}
                     
I've deleted a group-closing symbol because it seems to be
spurious, as in `$x}$'. But perhaps the } is legitimate and
you forgot something else, as in `\hbox{$x}'. In such cases
the way to recover is to insert both the forgotten and the
deleted material, e.g., by typing `I$}'.


! LaTeX Error: \begin{document} ended by \end{tabular}.

See the LaTeX manual or LaTeX Companion for explanation.
Type  H <return>  for immediate help.
 ...                                              
                                                  
l.10888 \end{tabular}
                     
Your command was ignored.
Type  I <command> <return>  to replace it with another command,
or  <return>  to continue without it.

! Missing $ inserted.
<inserted text> 
                $
l.10888 \end{tabular}
                     
I've inserted something that you may have forgotten.
(See the <inserted text> above.)
With luck, this will get me unwedged. But if you
really didn't forget anything, try typing `2' now; then
my insertion and my current dilemma will both disappear.

! Extra \endgroup.
<recently read> \endgroup 
                          
l.10888 \end{tabular}
                     
Things are pretty mixed up, but I think the worst is over.


! LaTeX Error: \begin{document} ended by \end{center}.

See the LaTeX manual or LaTeX Companion for explanation.
Type  H <return>  for immediate help.
 ...                                              
                                                  
l.10889 \end{center}
                    
Your command was ignored.
Type  I <command> <return>  to replace it with another command,
or  <return>  to continue without it.

! Extra \endgroup.
\end  ...end#1\endcsname \@checkend {#1}\endgroup 
                                                  \UseHook {env/#1/after}\if...
l.10889 \end{center}
                    
Things are pretty mixed up, but I think the worst is over.


Overfull \hbox (1385.93016pt too wide) in paragraph at lines 10892--10930
 [] 
 []


Underfull \vbox (badness 10000) has occurred while \output is active []



[409]
Overfull \hbox (1003.1101pt too wide) in paragraph at lines 10933--10975
 [] 
 []


Overfull \hbox (1152.48013pt too wide) in paragraph at lines 10978--11020
 [] 
 []


Underfull \vbox (badness 10000) has occurred while \output is active []



[410]
Overfull \hbox (1060.01013pt too wide) in paragraph at lines 11023--11065
 [] 
 []


Overfull \hbox (1436.10014pt too wide) in paragraph at lines 11068--11113
 [] 
 []


Underfull \vbox (badness 10000) has occurred while \output is active []



[411]
Overfull \hbox (6.74895pt too wide) in paragraph at lines 11116--11157
 [] 
 []


Underfull \vbox (badness 10000) has occurred while \output is active []



[412]
Overfull \vbox (232.99988pt too high) has occurred while \output is active []



[413]
! Misplaced \noalign.
\hline ->\noalign 
                  {\ifnum 0=`}\fi \hrule \@height \arrayrulewidth \futurelet...
l.11159 \hline
              
I expect to see \noalign only after the \cr of
an alignment. Proceed, and I'll ignore this case.

! Misplaced \crcr.
\endtabular ->\crcr 
                    \egroup \egroup $\egroup 
l.11160 \end{tabular}
                     
I can't figure out why you would want to use a tab mark
or \cr or \span just now. If something like a right brace
up above has ended a previous alignment prematurely,
you're probably due for more error messages, and you
might try typing `S' now just to see what is salvageable.

! Too many }'s.
\endtabular ->\crcr \egroup 
                            \egroup $\egroup 
l.11160 \end{tabular}
                     
You've closed more groups than you opened.
Such booboos are generally harmless, so keep going.

! Too many }'s.
\endtabular ->\crcr \egroup \egroup 
                                    $\egroup 
l.11160 \end{tabular}
                     
You've closed more groups than you opened.
Such booboos are generally harmless, so keep going.

! Extra }, or forgotten $.
<recently read> \egroup 
                        
l.11160 \end{tabular}
                     
I've deleted a group-closing symbol because it seems to be
spurious, as in `$x}$'. But perhaps the } is legitimate and
you forgot something else, as in `\hbox{$x}'. In such cases
the way to recover is to insert both the forgotten and the
deleted material, e.g., by typing `I$}'.


! LaTeX Error: \begin{document} ended by \end{tabular}.

See the LaTeX manual or LaTeX Companion for explanation.
Type  H <return>  for immediate help.
 ...                                              
                                                  
l.11160 \end{tabular}
                     
Your command was ignored.
Type  I <command> <return>  to replace it with another command,
or  <return>  to continue without it.

! Missing $ inserted.
<inserted text> 
                $
l.11160 \end{tabular}
                     
I've inserted something that you may have forgotten.
(See the <inserted text> above.)
With luck, this will get me unwedged. But if you
really didn't forget anything, try typing `2' now; then
my insertion and my current dilemma will both disappear.

! Extra \endgroup.
<recently read> \endgroup 
                          
l.11160 \end{tabular}
                     
Things are pretty mixed up, but I think the worst is over.


! LaTeX Error: \begin{document} ended by \end{center}.

See the LaTeX manual or LaTeX Companion for explanation.
Type  H <return>  for immediate help.
 ...                                              
                                                  
l.11161 \end{center}
                    
Your command was ignored.
Type  I <command> <return>  to replace it with another command,
or  <return>  to continue without it.

! Extra \endgroup.
\end  ...end#1\endcsname \@checkend {#1}\endgroup 
                                                  \UseHook {env/#1/after}\if...
l.11161 \end{center}
                    
Things are pretty mixed up, but I think the worst is over.


Overfull \hbox (1339.38014pt too wide) in paragraph at lines 11164--11206
 [] 
 []


Overfull \hbox (1319.35173pt too wide) in paragraph at lines 11209--11243
 [] 
 []


Overfull \hbox (2.195pt too wide) in paragraph at lines 11247--11248
\TU/lmr/m/n/10 publication: [][]https://www.accenture.com/_acnmedia/PDF-62/Acce
nture-
 []


Overfull \hbox (287.587pt too wide) in paragraph at lines 11248--11249
\TU/lmr/m/n/10 tute, Carnegie Mellon University (2001). Web publication: [][]ht
tps://resources.sei.cmu.edu/asset_files/UsersGuide/2001_012_001_51564.pdf[][]
 []



[414]
Overfull \hbox (224.005pt too wide) in paragraph at lines 11249--11250
\TU/lmr/m/n/10 Mellon University (2003). Web publication: [][]https://resources
.sei.cmu.edu/asset_files/UsersGuide/2003_012_001_51556.pdf[][]
 []


Overfull \hbox (49.0348pt too wide) in paragraph at lines 11258--11259
\TU/lmr/m/n/10 rep., US NAVSEA (2009). Web publication: [][]https://samate.nist
.gov/docs/NAVSEA-
 []


Overfull \hbox (286.21501pt too wide) in paragraph at lines 11259--11260
\TU/lmr/m/n/10 Carnegie Mellon University (2007). Web publication: [][]https://
resources.sei.cmu.edu/asset_files/TechnicalReport/2007_005_001_14885.pdf[][]
 []



[415]
Overfull \hbox (204.38501pt too wide) in paragraph at lines 11263--11264
\TU/lmr/m/n/10 CCMB-2012-09-001 (2012). Web publication: [][]https://www.common
criteriaportal.org/files/ccfiles/CCPART1V3.1R4.pdf[][]
 []


Overfull \hbox (195.68004pt too wide) in paragraph at lines 11267--11268
[]\TU/lmr/m/n/10 Creative Commons: Attribution 2.5 Generic. Web publication: []
[]https://creativecommons.org/licenses/by/2.5/legalcode[][]
 []


Overfull \hbox (203.96004pt too wide) in paragraph at lines 11268--11269
[]\TU/lmr/m/n/10 Creative Commons: Attribution 3.0 Unported. Web publication: [
][]https://creativecommons.org/licenses/by/3.0/legalcode[][]
 []



[416]
Overfull \hbox (18.69502pt too wide) in paragraph at lines 11274--11275
\TU/lmr/m/n/10 countries. Web publication: [][]https://commission.europa.eu/sys
tem/files/2021-
 []


Overfull \hbox (4.77pt too wide) in paragraph at lines 11274--11275
\TU/lmr/m/n/10 06/1_en_annexe_acte_autonome_cp_part1_v5_0.pdf[][] (2021). [Acce
ssed
 []


Overfull \hbox (311.88704pt too wide) in paragraph at lines 11275--11276
\TU/lmr/m/n/10 mission, Brussels (2020). Web publication: [][]https://edpb.euro
pa.eu/sites/default/files/files/file1/edpb_guidelines_201903_video_devices_en.p
df[][]
 []


Overfull \hbox (70.91702pt too wide) in paragraph at lines 11280--11281
\TU/lmr/m/n/10 Corporation, 1.4 edn. (2011). Web publication: [][]https://docs.
broadcom.com/doc/security-
 []


Overfull \hbox (8.16002pt too wide) in paragraph at lines 11283--11284
[][]\TU/lmr/m/n/10 https://fireeye.market/assets/apps/211364/documents/877936_e
n.pdf[][] [Ac-
 []



[417]
Overfull \hbox (14.945pt too wide) in paragraph at lines 11290--11291
\TU/lmr/m/n/10 tion: [][]https://www.iana.org/assignments/uri-schemes/uri-schem
es.xhtml[][] [Ac-
 []


Overfull \hbox (195.04503pt too wide) in paragraph at lines 11298--11299
\TU/lmr/m/n/10 World Telecommunication Day 1999 (1999). Web publication: [][]ht
tps://www.itu.int/newsarchive/wtd/1999/report.html[][]
 []


Overfull \hbox (23.65pt too wide) in paragraph at lines 11299--11300
[][]\TU/lmr/m/n/10 https://www.riskmanagementinsight.com/media/docs/FAIR_introd
uction.pdf[][]
 []



[418]
Overfull \hbox (157.435pt too wide) in paragraph at lines 11309--11310
\TU/lmr/m/n/10 archive at: [][]https://web.archive.org/web/20211008023335/https
://www.mandiant.com/media/9941/download[][]
 []



[419]
Overfull \hbox (0.20502pt too wide) in paragraph at lines 11314--11315
\TU/lmr/m/n/10 (2018). Web publication: [][]https://csrc.nist.gov/publications/
detail/white-
 []


Overfull \hbox (7.78502pt too wide) in paragraph at lines 11316--11317
\TU/lmr/m/n/10 cation Security Project (2021). Web publication: [][]https://owa
sp.org/Top10/[][]
 []



[420]
Overfull \hbox (131.21503pt too wide) in paragraph at lines 11334--11335
[]\TU/lmr/m/n/10 The Tor Project: Tor: Overview. Web publication: [][]https://w
ww.torproject.org/about/overview.html.en[][]
 []


Overfull \hbox (0.24171pt too wide) in paragraph at lines 11337--11338
[]\TU/lmr/m/n/10 US National Security Agency: NSA ANT catalog. Web publication 
(2013).
 []


Overfull \hbox (103.365pt too wide) in paragraph at lines 11338--11339
\TU/lmr/m/n/10 Web publication: [][]https://www.verizon.com/business/resources/
reports/DBIR_2016_Report.pdf[][]
 []


Overfull \hbox (23.545pt too wide) in paragraph at lines 11339--11340
\TU/lmr/m/n/10 Web publication: [][]https://enterprise.verizon.com/resources/re
ports/2021/2021-
 []



[421]
Overfull \hbox (100.26393pt too wide) in paragraph at lines 11341--11342
[]\TU/lmr/m/n/10 WHATWG: HTML - Living Standard. Web publication: [][]https://h
tml.spec.whatwg.org/print.pdf[][]
 []


Overfull \hbox (75.06203pt too wide) in paragraph at lines 11342--11343
[]\TU/lmr/m/n/10 Wheeler, D.A.: Flawfinder (2001). Web publication: [][]https:/
/www.dwheeler.com/flawfinder[][]
 []


Overfull \hbox (11.945pt too wide) in paragraph at lines 11343--11344
\TU/lmr/m/n/10 publication: [][]https://www.dwheeler.com/secure-programs/Secure
-Programs-
 []


Overfull \hbox (77.24702pt too wide) in paragraph at lines 11344--11345
\TU/lmr/m/n/10 tion, originally issued 2014. Web publication: [][]https://dwhee
ler.com/essays/heartbleed.html[][]
 []


Overfull \hbox (139.34pt too wide) in paragraph at lines 11345--11346
\TU/lmr/m/n/10 cyclopedia. [][]https://en.wikipedia.org/w/index.php?title=List_
of_operating_systems&oldid=1160973695[][]
 []


Overfull \hbox (113.76703pt too wide) in paragraph at lines 11346--11347
\TU/lmr/m/n/10 rep., Association of Chief Police Officers (2012). Web publicati
on: [][]https://athenaforensics.co.uk/wp-
 []


Overfull \hbox (31.47pt too wide) in paragraph at lines 11346--11347
\TU/lmr/m/n/10 content/uploads/2019/01/National-Police-Chiefs-Council-ACPO-Good
-Practice-
 []



[422]
Overfull \hbox (1.34505pt too wide) in paragraph at lines 11370--11371
[]\TU/lmr/m/n/10 45. International Standards Organisation: International Standa
rd ISO11172-
 []


Overfull \hbox (1.34505pt too wide) in paragraph at lines 11372--11373
[]\TU/lmr/m/n/10 46. International Standards Organisation: International Standa
rd ISO10918-
 []


Overfull \hbox (170.04503pt too wide) in paragraph at lines 11384--11385
\TU/lmr/m/n/10 World Telecommunication Day 1999 (1999). Web publication: https:
//www.itu.int/newsarchive/wtd/1999/report.html
 []


Overfull \hbox (293.97592pt too wide) in paragraph at lines 11386--11387
\TU/lmr/m/n/10 Tech. rep., Risk Management Insight LLC (2006). Web publication:
 https://www.riskmanagementinsight.com/media/docs/FAIR_introduction.pdf
 []



[423]
Overfull \hbox (132.435pt too wide) in paragraph at lines 11406--11407
\TU/lmr/m/n/10 archive at: https://web.archive.org/web/20211008023335/https://w
ww.mandiant.com/media/9941/download
 []


Overfull \hbox (86.55501pt too wide) in paragraph at lines 11416--11417
\TU/lmr/m/n/10 Web publication: https://csrc.nist.gov/publications/detail/white
-paper/2018/04/16/cybersecurity-
 []



[424]
Overfull \hbox (4.03091pt too wide) in paragraph at lines 11438--11439
[]\TU/lmr/m/n/10 79. Sciberras, A.: RFC 4519: Lightweight Directory Access Prot
ocol (LDAP):
 []


Overfull \hbox (138.06503pt too wide) in paragraph at lines 11456--11457
[]\TU/lmr/m/n/10 88. The Tor Project: Tor: Overview. Web publication: https://w
ww.torproject.org/about/overview.html.en
 []


Overfull \hbox (3.9239pt too wide) in paragraph at lines 11462--11463
\TU/lmr/m/n/10 mons: https://commons.wikimedia.org/wiki/Category:NSA_ANT [Acces
sed 22-
 []


Overfull \hbox (78.365pt too wide) in paragraph at lines 11464--11465
\TU/lmr/m/n/10 Web publication: https://www.verizon.com/business/resources/repo
rts/DBIR_2016_Report.pdf
 []



[425]
Overfull \hbox (108.78394pt too wide) in paragraph at lines 11470--11471
[]\TU/lmr/m/n/10 95. WHATWG: HTML – Living Standard. Web publication: https://h
tml.spec.whatwg.org/print.pdf
 []


Overfull \hbox (81.91203pt too wide) in paragraph at lines 11472--11473
[]\TU/lmr/m/n/10 96. Wheeler, D.A.: Flawfinder (2001). Web publication: https:/
/www.dwheeler.com/flawfinder
 []


Overfull \hbox (44.46503pt too wide) in paragraph at lines 11474--11475
\TU/lmr/m/n/10 publication: https://www.dwheeler.com/secure-programs/Secure-Pro
grams-HOWTO.pdf
 []


Overfull \hbox (52.24702pt too wide) in paragraph at lines 11476--11477
\TU/lmr/m/n/10 tion, originally issued 2014. Web publication: https://dwheeler.
com/essays/heartbleed.html
 []


Overfull \hbox (124.34pt too wide) in paragraph at lines 11478--11479
\TU/lmr/m/n/10 encyclopedia. https://en.wikipedia.org/w/index.php?title=List_of
_operating_systems&oldid=1160973695
 []


Overfull \hbox (88.76703pt too wide) in paragraph at lines 11480--11481
\TU/lmr/m/n/10 rep., Association of Chief Police Officers (2012). Web publicati
on: https://athenaforensics.co.uk/wp-
 []


Overfull \hbox (6.47pt too wide) in paragraph at lines 11480--11481
\TU/lmr/m/n/10 content/uploads/2019/01/National-Police-Chiefs-Council-ACPO-Good
-Practice-
 []


Underfull \hbox (badness 10000) in paragraph at lines 11486--11627

 []



[426]

[427]

[428]

[429]

[430]

[431]

[432]

[433]
Underfull \hbox (badness 10000) in paragraph at lines 11837--11913

 []



[434]

[435]
Underfull \hbox (badness 10000) in paragraph at lines 11915--11985

 []



[436]
Underfull \hbox (badness 10000) in paragraph at lines 11987--12033

 []



[437]
Underfull \hbox (badness 10000) in paragraph at lines 12034--12063

 []



[438]
Underfull \hbox (badness 10000) in paragraph at lines 12065--12110

 []



[439]
Underfull \hbox (badness 10000) in paragraph at lines 12112--12188

 []



[440]

[441]
Underfull \hbox (badness 10000) in paragraph at lines 12190--12262

 []



[442]
Underfull \hbox (badness 10000) in paragraph at lines 12264--12269

 []


Underfull \vbox (badness 10000) has occurred while \output is active []



[443]
Underfull \hbox (badness 10000) in paragraph at lines 12271--12291

 []



[444]
Underfull \hbox (badness 10000) in paragraph at lines 12337--12450

 []



[445]

[446]

[447]
Underfull \hbox (badness 10000) in paragraph at lines 12452--12473

 []



[448]

[449]

[450]

[451]

[452]

[453]

[454]

[455]

[456]

[457]

[458]

[459]

[460]
Underfull \hbox (badness 10000) in paragraph at lines 13041--13101

 []



[461]
Underfull \hbox (badness 10000) in paragraph at lines 13103--13109

 []

)
! Emergency stop.
<*> ..../files/cybersec/outputs/cybersec_final.tex
                                                  
*** (job aborted, no legal \end found)

 
Here is how much of TeX's memory you used:
 20808 strings out of 468389
 597538 string characters out of 5440620
 886530 words of memory out of 5000000
 49109 multiletter control sequences out of 15000+600000
 637594 words of font info for 105 fonts, out of 8000000 for 9000
 1348 hyphenation exceptions out of 8191
 73i,15n,79p,1690b,526s stack positions out of 10000i,1000n,20000p,200000b,200000s
Output written on /Users/aliasgar/Desktop/Ali Asgar/Stony Brook/Advanced Projec
t/local/files/cybersec/outputs/cybersec_final.pdf (461 pages).
